Date,VNINDEX,VN30,VN100,VNMIDCAP,VNSMALLCAP,VNX50,VNFINLEAD,VNFINSELECT,VNDIAMOND,HNXINDEX,UPCOMINDEX,E1VFVN30,FUEVFVND,FUEDCMID,FUEIP100,FUESSV30,FUESSVFL,FUESSV50,FUEVN100,FUEMAV30,FUEMAVND,FUEKIV30,FUEKIVFS
2014-10-06,,,,,,,,,,,,10.4,,,,,,,,,,,
2014-10-07,,,,,,,,,,,,10.3,,,,,,,,,,,
2014-10-08,,,,,,,,,,,,10.3,,,,,,,,,,,
2014-10-09,,,,,,,,,,,,10.2,,,,,,,,,,,
2014-10-10,,,,,,,,,,,,9.9,,,,,,,,,,,
2014-10-13,,,,,,,,,,,,9.9,,,,,,,,,,,
2014-10-14,,,,,,,,,,,,9.9,,,,,,,,,,,
2014-10-15,,,,,,,,,,,,9.9,,,,,,,,,,,
2014-10-16,,,,,,,,,,,,9.6,,,,,,,,,,,
2014-10-17,,,,,,,,,,,,9.7,,,,,,,,,,,
2014-10-20,,,,,,,,,,,,9.8,,,,,,,,,,,
2014-10-21,,,,,,,,,,,,9.9,,,,,,,,,,,
2014-10-22,,,,,,,,,,,,9.8,,,,,,,,,,,
2014-10-23,,,,,,,,,,,,9.8,,,,,,,,,,,
2014-10-24,,,,,,,,,,,,9.7,,,,,,,,,,,
2014-10-27,,,,,,,,,,,,9.6,,,,,,,,,,,
2014-10-28,,,,,,,,,,,,9.5,,,,,,,,,,,
2014-10-29,,,,,,,,,,,,9.8,,,,,,,,,,,
2014-10-30,,,,,,,,,,,,9.7,,,,,,,,,,,
2014-10-31,,,,,,,,,,,,9.9,,,,,,,,,,,
2014-11-03,,,,,,,,,,,,10.1,,,,,,,,,,,
2014-11-04,,,,,,,,,,,,10.1,,,,,,,,,,,
2014-11-05,,,,,,,,,,,,10.0,,,,,,,,,,,
2014-11-06,,,,,,,,,,,,10.0,,,,,,,,,,,
2014-11-07,,,,,,,,,,,,9.8,,,,,,,,,,,
2014-11-10,,,,,,,,,,,,9.9,,,,,,,,,,,
2014-11-11,,,,,,,,,,,,10.0,,,,,,,,,,,
2014-11-12,,,,,,,,,,,,9.9,,,,,,,,,,,
2014-11-13,,,,,,,,,,,,10.0,,,,,,,,,,,
2014-11-14,,,,,,,,,,,,9.9,,,,,,,,,,,
2014-11-17,,,,,,,,,,,,9.9,,,,,,,,,,,
2014-11-18,,,,,,,,,,,,9.9,,,,,,,,,,,
2014-11-19,,,,,,,,,,,,9.8,,,,,,,,,,,
2014-11-20,,,,,,,,,,,,9.9,,,,,,,,,,,
2014-11-21,,,,,,,,,,,,9.6,,,,,,,,,,,
2014-11-24,,,,,,,,,,,,9.5,,,,,,,,,,,
2014-11-25,,,,,,,,,,,,9.7,,,,,,,,,,,
2014-11-26,,,,,,,,,,,,9.5,,,,,,,,,,,
2014-11-27,,,,,,,,,,,,9.5,,,,,,,,,,,
2014-11-28,,,,,,,,,,,,9.5,,,,,,,,,,,
2014-12-01,,,,,,,,,,,,9.7,,,,,,,,,,,
2014-12-02,,,,,,,,,,,,9.5,,,,,,,,,,,
2014-12-03,,,,,,,,,,,,9.6,,,,,,,,,,,
2014-12-04,,,,,,,,,,,,9.7,,,,,,,,,,,
2014-12-05,,,,,,,,,,,,9.7,,,,,,,,,,,
2014-12-08,,,,,,,,,,,,9.6,,,,,,,,,,,
2014-12-09,,,,,,,,,,,,9.4,,,,,,,,,,,
2014-12-10,,,,,,,,,,,,9.5,,,,,,,,,,,
2014-12-11,,,,,,,,,,,,9.5,,,,,,,,,,,
2014-12-12,,,,,,,,,,,,9.5,,,,,,,,,,,
2014-12-15,,,,,,,,,,,,9.5,,,,,,,,,,,
2014-12-16,,,,,,,,,,,,9.3,,,,,,,,,,,
2014-12-17,,,,,,,,,,,,8.9,,,,,,,,,,,
2014-12-18,,,,,,,,,,,,9.0,,,,,,,,,,,
2014-12-19,,,,,,,,,,,,9.0,,,,,,,,,,,
2014-12-22,,,,,,,,,,,,9.2,,,,,,,,,,,
2014-12-23,,,,,,,,,,,,9.1,,,,,,,,,,,
2014-12-24,,,,,,,,,,,,9.1,,,,,,,,,,,
2014-12-25,,,,,,,,,,,,9.1,,,,,,,,,,,
2014-12-26,,,,,,,,,,,,9.2,,,,,,,,,,,
2014-12-29,,,,,,,,,,,,9.2,,,,,,,,,,,
2014-12-30,,,,,,,,,,,,9.3,,,,,,,,,,,
2014-12-31,,,,,,,,,,,,9.4,,,,,,,,,,,
2015-01-05,,,,,,,,,,,,9.4,,,,,,,,,,,
2015-01-06,,,,,,,,,,,,9.4,,,,,,,,,,,
2015-01-07,,,,,,,,,,,,9.4,,,,,,,,,,,
2015-01-08,,,,,,,,,,,,9.3,,,,,,,,,,,
2015-01-09,,,,,,,,,,,,9.5,,,,,,,,,,,
2015-01-12,,,,,,,,,,,,9.6,,,,,,,,,,,
2015-01-13,,,,,,,,,,,,9.6,,,,,,,,,,,
2015-01-14,,,,,,,,,,,,9.6,,,,,,,,,,,
2015-01-15,,,,,,,,,,,,9.5,,,,,,,,,,,
2015-01-16,,,,,,,,,,,,9.5,,,,,,,,,,,
2015-01-19,,,,,,,,,,,,9.5,,,,,,,,,,,
2015-01-20,,,,,,,,,,,,9.4,,,,,,,,,,,
2015-01-21,,,,,,,,,,,,9.4,,,,,,,,,,,
2015-01-22,,,,,,,,,,,,9.4,,,,,,,,,,,
2015-01-23,,,,,,,,,,,,9.5,,,,,,,,,,,
2015-01-26,,,,,,,,,,,,9.5,,,,,,,,,,,
2015-01-27,,,,,,,,,,,,9.5,,,,,,,,,,,
2015-01-28,,,,,,,,,,,,9.5,,,,,,,,,,,
2015-01-29,,,,,,,,,,,,9.5,,,,,,,,,,,
2015-01-30,,,,,,,,,,,,9.5,,,,,,,,,,,
2015-02-02,,,,,,,,,,,,9.3,,,,,,,,,,,
2015-02-03,,,,,,,,,,,,9.3,,,,,,,,,,,
2015-02-04,,,,,,,,,,,,9.3,,,,,,,,,,,
2015-02-05,,,,,,,,,,,,9.2,,,,,,,,,,,
2015-02-06,,,,,,,,,,,,9.2,,,,,,,,,,,
2015-02-09,,,,,,,,,,,,9.3,,,,,,,,,,,
2015-02-10,,,,,,,,,,,,9.2,,,,,,,,,,,
2015-02-11,,,,,,,,,,,,9.3,,,,,,,,,,,
2015-02-12,,,,,,,,,,,,9.4,,,,,,,,,,,
2015-02-13,,,,,,,,,,,,9.5,,,,,,,,,,,
2015-02-24,,,,,,,,,,,,9.5,,,,,,,,,,,
2015-02-25,,,,,,,,,,,,9.6,,,,,,,,,,,
2015-02-26,,,,,,,,,,,,9.5,,,,,,,,,,,
2015-02-27,,,,,,,,,,,,9.5,,,,,,,,,,,
2015-03-02,,,,,,,,,,,,9.5,,,,,,,,,,,
2015-03-03,,,,,,,,,,,,9.6,,,,,,,,,,,
2015-03-04,,,,,,,,,,,,9.6,,,,,,,,,,,
2015-03-05,,,,,,,,,,,,9.6,,,,,,,,,,,
2015-03-06,,,,,,,,,,,,9.7,,,,,,,,,,,
2015-03-09,,,,,,,,,,,,9.6,,,,,,,,,,,
2015-03-10,,,,,,,,,,,,9.6,,,,,,,,,,,
2015-03-11,,,,,,,,,,,,9.5,,,,,,,,,,,
2015-03-12,,,,,,,,,,,,9.5,,,,,,,,,,,
2015-03-13,,,,,,,,,,,,9.5,,,,,,,,,,,
2015-03-16,,,,,,,,,,,,9.4,,,,,,,,,,,
2015-03-17,,,,,,,,,,,,9.4,,,,,,,,,,,
2015-03-18,,,,,,,,,,,,9.4,,,,,,,,,,,
2015-03-19,,,,,,,,,,,,9.3,,,,,,,,,,,
2015-03-20,,,,,,,,,,,,9.3,,,,,,,,,,,
2015-03-23,,,,,,,,,,,,9.4,,,,,,,,,,,
2015-03-24,,,,,,,,,,,,9.3,,,,,,,,,,,
2015-03-25,,,,,,,,,,,,9.2,,,,,,,,,,,
2015-03-26,,,,,,,,,,,,9.2,,,,,,,,,,,
2015-03-27,,,,,,,,,,,,9.3,,,,,,,,,,,
2015-03-30,,,,,,,,,,,,9.0,,,,,,,,,,,
2015-03-31,,,,,,,,,,,,9.2,,,,,,,,,,,
2015-04-01,,,,,,,,,,,,8.9,,,,,,,,,,,
2015-04-02,,,,,,,,,,,,9.0,,,,,,,,,,,
2015-04-03,,,,,,,,,,,,9.0,,,,,,,,,,,
2015-04-06,,,,,,,,,,,,8.9,,,,,,,,,,,
2015-04-07,,,,,,,,,,,,9.0,,,,,,,,,,,
2015-04-08,,,,,,,,,,,,8.9,,,,,,,,,,,
2015-04-09,,,,,,,,,,,,9.0,,,,,,,,,,,
2015-04-10,,,,,,,,,,,,9.1,,,,,,,,,,,
2015-04-13,,,,,,,,,,,,9.0,,,,,,,,,,,
2015-04-14,,,,,,,,,,,,9.0,,,,,,,,,,,
2015-04-15,,,,,,,,,,,,9.1,,,,,,,,,,,
2015-04-16,,,,,,,,,,,,9.2,,,,,,,,,,,
2015-04-17,,,,,,,,,,,,9.3,,,,,,,,,,,
2015-04-20,,,,,,,,,,,,9.2,,,,,,,,,,,
2015-04-21,,,,,,,,,,,,9.1,,,,,,,,,,,
2015-04-22,,,,,,,,,,,,9.1,,,,,,,,,,,
2015-04-23,,,,,,,,,,,,9.1,,,,,,,,,,,
2015-04-24,,,,,,,,,,,,9.1,,,,,,,,,,,
2015-04-27,,,,,,,,,,,,9.1,,,,,,,,,,,
2015-05-04,,,,,,,,,,,,9.0,,,,,,,,,,,
2015-05-05,,,,,,,,,,,,8.9,,,,,,,,,,,
2015-05-06,,,,,,,,,,,,8.9,,,,,,,,,,,
2015-05-07,,,,,,,,,,,,9.0,,,,,,,,,,,
2015-05-08,,,,,,,,,,,,8.9,,,,,,,,,,,
2015-05-11,,,,,,,,,,,,9.0,,,,,,,,,,,
2015-05-12,,,,,,,,,,,,8.8,,,,,,,,,,,
2015-05-13,,,,,,,,,,,,8.8,,,,,,,,,,,
2015-05-14,,,,,,,,,,,,8.9,,,,,,,,,,,
2015-05-15,,,,,,,,,,,,8.7,,,,,,,,,,,
2015-05-18,,,,,,,,,,,,8.7,,,,,,,,,,,
2015-05-19,,,,,,,,,,,,8.7,,,,,,,,,,,
2015-05-20,,,,,,,,,,,,8.8,,,,,,,,,,,
2015-05-21,,,,,,,,,,,,8.8,,,,,,,,,,,
2015-05-22,,,,,,,,,,,,9.1,,,,,,,,,,,
2015-05-25,,,,,,,,,,,,9.0,,,,,,,,,,,
2015-05-26,,,,,,,,,,,,9.1,,,,,,,,,,,
2015-05-27,,,,,,,,,,,,9.1,,,,,,,,,,,
2015-05-28,,,,,,,,,,,,9.1,,,,,,,,,,,
2015-05-29,,,,,,,,,,,,9.1,,,,,,,,,,,
2015-06-01,,,,,,,,,,,,9.1,,,,,,,,,,,
2015-06-02,,,,,,,,,,,,9.1,,,,,,,,,,,
2015-06-03,,,,,,,,,,,,9.0,,,,,,,,,,,
2015-06-04,,,,,,,,,,,,9.0,,,,,,,,,,,
2015-06-05,,,,,,,,,,,,9.1,,,,,,,,,,,
2015-06-08,,,,,,,,,,,,9.1,,,,,,,,,,,
2015-06-09,,,,,,,,,,,,9.1,,,,,,,,,,,
2015-06-10,,,,,,,,,,,,9.0,,,,,,,,,,,
2015-06-11,,,,,,,,,,,,9.2,,,,,,,,,,,
2015-06-12,,,,,,,,,,,,9.2,,,,,,,,,,,
2015-06-15,,,,,,,,,,,,9.3,,,,,,,,,,,
2015-06-16,,,,,,,,,,,,9.3,,,,,,,,,,,
2015-06-17,,,,,,,,,,,,9.2,,,,,,,,,,,
2015-06-18,,,,,,,,,,,,9.2,,,,,,,,,,,
2015-06-19,,,,,,,,,,,,9.3,,,,,,,,,,,
2015-06-22,,,,,,,,,,,,9.4,,,,,,,,,,,
2015-06-23,,,,,,,,,,,,9.4,,,,,,,,,,,
2015-06-24,,,,,,,,,,,,9.4,,,,,,,,,,,
2015-06-25,,,,,,,,,,,,9.4,,,,,,,,,,,
2015-06-26,,,,,,,,,,,,9.5,,,,,,,,,,,
2015-06-29,,,,,,,,,,,,9.6,,,,,,,,,,,
2015-06-30,,,,,,,,,,,,9.7,,,,,,,,,,,
2015-07-01,,,,,,,,,,,,9.6,,,,,,,,,,,
2015-07-02,,,,,,,,,,,,9.7,,,,,,,,,,,
2015-07-03,,,,,,,,,,,,9.8,,,,,,,,,,,
2015-07-06,,,,,,,,,,,,10.1,,,,,,,,,,,
2015-07-07,,,,,,,,,,,,10.0,,,,,,,,,,,
2015-07-08,,,,,,,,,,,,10.0,,,,,,,,,,,
2015-07-09,,,,,,,,,,,,10.0,,,,,,,,,,,
2015-07-10,,,,,,,,,,,,10.1,,,,,,,,,,,
2015-07-13,,,,,,,,,,,,10.0,,,,,,,,,,,
2015-07-14,,,,,,,,,,,,10.1,,,,,,,,,,,
2015-07-15,,,,,,,,,,,,10.1,,,,,,,,,,,
2015-07-16,,,,,,,,,,,,10.1,,,,,,,,,,,
2015-07-17,,,,,,,,,,,,10.1,,,,,,,,,,,
2015-07-20,,,,,,,,,,,,10.0,,,,,,,,,,,
2015-07-21,,,,,,,,,,,,10.0,,,,,,,,,,,
2015-07-22,,,,,,,,,,,,10.1,,,,,,,,,,,
2015-07-23,,,,,,,,,,,,10.1,,,,,,,,,,,
2015-07-24,,,,,,,,,,,,10.1,,,,,,,,,,,
2015-07-27,,,,,,,,,,,,10.2,,,,,,,,,,,
2015-07-28,,,,,,,,,,,,10.3,,,,,,,,,,,
2015-07-29,,,,,,,,,,,,10.3,,,,,,,,,,,
2015-07-30,,,,,,,,,,,,10.3,,,,,,,,,,,
2015-07-31,,,,,,,,,,,,10.3,,,,,,,,,,,
2015-08-03,,,,,,,,,,,,10.1,,,,,,,,,,,
2015-08-04,,,,,,,,,,,,10.0,,,,,,,,,,,
2015-08-05,,,,,,,,,,,,10.0,,,,,,,,,,,
2015-08-06,,,,,,,,,,,,10.0,,,,,,,,,,,
2015-08-07,,,,,,,,,,,,10.0,,,,,,,,,,,
2015-08-10,,,,,,,,,,,,10.2,,,,,,,,,,,
2015-08-11,,,,,,,,,,,,10.1,,,,,,,,,,,
2015-08-12,,,,,,,,,,,,10.1,,,,,,,,,,,
2015-08-13,,,,,,,,,,,,9.9,,,,,,,,,,,
2015-08-14,,,,,,,,,,,,9.9,,,,,,,,,,,
2015-08-17,,,,,,,,,,,,9.7,,,,,,,,,,,
2015-08-18,,,,,,,,,,,,9.6,,,,,,,,,,,
2015-08-19,,,,,,,,,,,,9.5,,,,,,,,,,,
2015-08-20,,,,,,,,,,,,9.5,,,,,,,,,,,
2015-08-21,,,,,,,,,,,,9.3,,,,,,,,,,,
2015-08-24,,,,,,,,,,,,8.9,,,,,,,,,,,
2015-08-25,,,,,,,,,,,,8.9,,,,,,,,,,,
2015-08-26,,,,,,,,,,,,9.1,,,,,,,,,,,
2015-08-27,,,,,,,,,,,,9.3,,,,,,,,,,,
2015-08-28,,,,,,,,,,,,9.9,,,,,,,,,,,
2015-08-31,,,,,,,,,,,,9.4,,,,,,,,,,,
2015-09-01,,,,,,,,,,,,9.3,,,,,,,,,,,
2015-09-03,,,,,,,,,,,,9.1,,,,,,,,,,,
2015-09-04,,,,,,,,,,,,9.1,,,,,,,,,,,
2015-09-07,,,,,,,,,,,,9.1,,,,,,,,,,,
2015-09-08,,,,,,,,,,,,9.3,,,,,,,,,,,
2015-09-09,,,,,,,,,,,,9.3,,,,,,,,,,,
2015-09-10,,,,,,,,,,,,9.3,,,,,,,,,,,
2015-09-11,,,,,,,,,,,,9.2,,,,,,,,,,,
2015-09-14,,,,,,,,,,,,9.3,,,,,,,,,,,
2015-09-15,,,,,,,,,,,,9.1,,,,,,,,,,,
2015-09-16,,,,,,,,,,,,9.1,,,,,,,,,,,
2015-09-17,,,,,,,,,,,,9.2,,,,,,,,,,,
2015-09-18,,,,,,,,,,,,9.3,,,,,,,,,,,
2015-09-21,,,,,,,,,,,,9.4,,,,,,,,,,,
2015-09-22,,,,,,,,,,,,9.4,,,,,,,,,,,
2015-09-23,,,,,,,,,,,,9.4,,,,,,,,,,,
2015-09-24,,,,,,,,,,,,9.3,,,,,,,,,,,
2015-09-25,,,,,,,,,,,,9.3,,,,,,,,,,,
2015-09-28,,,,,,,,,,,,9.3,,,,,,,,,,,
2015-09-29,,,,,,,,,,,,9.2,,,,,,,,,,,
2015-09-30,,,,,,,,,,,,9.5,,,,,,,,,,,
2015-10-01,,,,,,,,,,,,9.3,,,,,,,,,,,
2015-10-02,,,,,,,,,,,,9.3,,,,,,,,,,,
2015-10-05,,,,,,,,,,,,9.3,,,,,,,,,,,
2015-10-06,,,,,,,,,,,,9.4,,,,,,,,,,,
2015-10-07,,,,,,,,,,,,9.4,,,,,,,,,,,
2015-10-08,,,,,,,,,,,,9.6,,,,,,,,,,,
2015-10-09,,,,,,,,,,,,9.6,,,,,,,,,,,
2015-10-12,,,,,,,,,,,,9.7,,,,,,,,,,,
2015-10-13,,,,,,,,,,,,9.6,,,,,,,,,,,
2015-10-14,,,,,,,,,,,,9.5,,,,,,,,,,,
2015-10-15,,,,,,,,,,,,9.5,,,,,,,,,,,
2015-10-16,,,,,,,,,,,,9.6,,,,,,,,,,,
2015-10-19,,,,,,,,,,,,9.7,,,,,,,,,,,
2015-10-20,,,,,,,,,,,,9.6,,,,,,,,,,,
2015-10-21,,,,,,,,,,,,9.7,,,,,,,,,,,
2015-10-22,,,,,,,,,,,,9.7,,,,,,,,,,,
2015-10-23,,,,,,,,,,,,9.8,,,,,,,,,,,
2015-10-26,,,,,,,,,,,,9.8,,,,,,,,,,,
2015-10-27,,,,,,,,,,,,9.7,,,,,,,,,,,
2015-10-28,,,,,,,,,,,,9.7,,,,,,,,,,,
2015-10-29,,,,,,,,,,,,9.8,,,,,,,,,,,
2015-10-30,,,,,,,,,,,,9.8,,,,,,,,,,,
2015-11-02,,,,,,,,,,,,9.7,,,,,,,,,,,
2015-11-03,,,,,,,,,,,,9.9,,,,,,,,,,,
2015-11-04,,,,,,,,,,,,9.9,,,,,,,,,,,
2015-11-05,,,,,,,,,,,,9.9,,,,,,,,,,,
2015-11-06,,,,,,,,,,,,9.9,,,,,,,,,,,
2015-11-09,,,,,,,,,,,,9.9,,,,,,,,,,,
2015-11-10,,,,,,,,,,,,9.9,,,,,,,,,,,
2015-11-11,,,,,,,,,,,,9.8,,,,,,,,,,,
2015-11-12,,,,,,,,,,,,9.7,,,,,,,,,,,
2015-11-13,,,,,,,,,,,,9.8,,,,,,,,,,,
2015-11-16,,,,,,,,,,,,9.9,,,,,,,,,,,
2015-11-17,,,,,,,,,,,,9.8,,,,,,,,,,,
2015-11-18,,,,,,,,,,,,9.8,,,,,,,,,,,
2015-11-19,,,,,,,,,,,,9.7,,,,,,,,,,,
2015-11-20,,,,,,,,,,,,9.7,,,,,,,,,,,
2015-11-23,,,,,,,,,,,,9.7,,,,,,,,,,,
2015-11-24,,,,,,,,,,,,9.5,,,,,,,,,,,
2015-11-25,,,,,,,,,,,,9.7,,,,,,,,,,,
2015-11-26,,,,,,,,,,,,9.7,,,,,,,,,,,
2015-11-27,,,,,,,,,,,,9.4,,,,,,,,,,,
2015-11-30,,,,,,,,,,,,9.4,,,,,,,,,,,
2015-12-01,,,,,,,,,,,,9.4,,,,,,,,,,,
2015-12-02,,,,,,,,,,,,9.3,,,,,,,,,,,
2015-12-03,,,,,,,,,,,,9.4,,,,,,,,,,,
2015-12-04,,,,,,,,,,,,9.3,,,,,,,,,,,
2015-12-07,,,,,,,,,,,,9.3,,,,,,,,,,,
2015-12-08,,,,,,,,,,,,9.3,,,,,,,,,,,
2015-12-09,,,,,,,,,,,,9.3,,,,,,,,,,,
2015-12-10,,,,,,,,,,,,9.3,,,,,,,,,,,
2015-12-11,,,,,,,,,,,,9.2,,,,,,,,,,,
2015-12-14,,,,,,,,,,,,9.2,,,,,,,,,,,
2015-12-15,,,,,,,,,,,,9.4,,,,,,,,,,,
2015-12-16,,,,,,,,,,,,9.4,,,,,,,,,,,
2015-12-17,,,,,,,,,,,,9.4,,,,,,,,,,,
2015-12-18,,,,,,,,,,,,9.4,,,,,,,,,,,
2015-12-21,,,,,,,,,,,,9.3,,,,,,,,,,,
2015-12-22,,,,,,,,,,,,9.3,,,,,,,,,,,
2015-12-23,,,,,,,,,,,,9.2,,,,,,,,,,,
2015-12-24,,,,,,,,,,,,9.2,,,,,,,,,,,
2015-12-25,,,,,,,,,,,,9.3,,,,,,,,,,,
2015-12-28,,,,,,,,,,,,9.3,,,,,,,,,,,
2015-12-29,,,,,,,,,,,,9.5,,,,,,,,,,,
2015-12-30,,,,,,,,,,,,9.6,,,,,,,,,,,
2015-12-31,,,,,,,,,,,,9.6,,,,,,,,,,,
2016-01-04,,,,,,,,,,,,9.4,,,,,,,,,,,
2016-01-05,,,,,,,,,,,,9.4,,,,,,,,,,,
2016-01-06,,,,,,,,,,,,9.3,,,,,,,,,,,
2016-01-07,,,,,,,,,,,,9.3,,,,,,,,,,,
2016-01-08,,,,,,,,,,,,9.1,,,,,,,,,,,
2016-01-11,,,,,,,,,,,,9.2,,,,,,,,,,,
2016-01-12,,,,,,,,,,,,9.2,,,,,,,,,,,
2016-01-13,,,,,,,,,,,,9.2,,,,,,,,,,,
2016-01-14,,,,,,,,,,,,9.1,,,,,,,,,,,
2016-01-15,,,,,,,,,,,,9.0,,,,,,,,,,,
2016-01-18,,,,,,,,,,,,8.7,,,,,,,,,,,
2016-01-19,,,,,,,,,,,,8.7,,,,,,,,,,,
2016-01-20,,,,,,,,,,,,8.8,,,,,,,,,,,
2016-01-21,,,,,,,,,,,,8.7,,,,,,,,,,,
2016-01-22,,,,,,,,,,,,8.7,,,,,,,,,,,
2016-01-25,,,,,,,,,,,,8.9,,,,,,,,,,,
2016-01-26,,,,,,,,,,,,8.8,,,,,,,,,,,
2016-01-27,,,,,,,,,,,,9.0,,,,,,,,,,,
2016-01-28,,,,,,,,,,,,9.0,,,,,,,,,,,
2016-01-29,,,,,,,,,,,,8.9,,,,,,,,,,,
2016-02-01,,,,,,,,,,,,9.0,,,,,,,,,,,
2016-02-02,,,,,,,,,,,,9.0,,,,,,,,,,,
2016-02-03,,,,,,,,,,,,8.8,,,,,,,,,,,
2016-02-04,,,,,,,,,,,,8.9,,,,,,,,,,,
2016-02-05,,,,,,,,,,,,9.0,,,,,,,,,,,
2016-02-15,,,,,,,,,,,,8.9,,,,,,,,,,,
2016-02-16,,,,,,,,,,,,9.0,,,,,,,,,,,
2016-02-17,,,,,,,,,,,,9.0,,,,,,,,,,,
2016-02-18,,,,,,,,,,,,9.0,,,,,,,,,,,
2016-02-19,,,,,,,,,,,,9.0,,,,,,,,,,,
2016-02-22,,,,,,,,,,,,9.1,,,,,,,,,,,
2016-02-23,,,,,,,,,,,,9.1,,,,,,,,,,,
2016-02-24,,,,,,,,,,,,9.2,,,,,,,,,,,
2016-02-25,,,,,,,,,,,,9.2,,,,,,,,,,,
2016-02-26,,,,,,,,,,,,9.2,,,,,,,,,,,
2016-02-29,,,,,,,,,,,,9.2,,,,,,,,,,,
2016-03-01,,,,,,,,,,,,9.2,,,,,,,,,,,
2016-03-02,,,,,,,,,,,,9.2,,,,,,,,,,,
2016-03-03,,,,,,,,,,,,9.3,,,,,,,,,,,
2016-03-04,,,,,,,,,,,,9.2,,,,,,,,,,,
2016-03-07,,,,,,,,,,,,9.2,,,,,,,,,,,
2016-03-08,,,,,,,,,,,,9.2,,,,,,,,,,,
2016-03-09,,,,,,,,,,,,9.2,,,,,,,,,,,
2016-03-10,,,,,,,,,,,,9.2,,,,,,,,,,,
2016-03-11,,,,,,,,,,,,9.3,,,,,,,,,,,
2016-03-14,,,,,,,,,,,,9.4,,,,,,,,,,,
2016-03-15,,,,,,,,,,,,9.2,,,,,,,,,,,
2016-03-16,,,,,,,,,,,,9.3,,,,,,,,,,,
2016-03-17,,,,,,,,,,,,9.3,,,,,,,,,,,
2016-03-18,,,,,,,,,,,,9.3,,,,,,,,,,,
2016-03-21,,,,,,,,,,,,9.3,,,,,,,,,,,
2016-03-22,,,,,,,,,,,,9.3,,,,,,,,,,,
2016-03-23,,,,,,,,,,,,9.3,,,,,,,,,,,
2016-03-24,,,,,,,,,,,,9.2,,,,,,,,,,,
2016-03-25,,,,,,,,,,,,9.2,,,,,,,,,,,
2016-03-28,,,,,,,,,,,,9.2,,,,,,,,,,,
2016-03-29,,,,,,,,,,,,9.1,,,,,,,,,,,
2016-03-30,,,,,,,,,,,,9.2,,,,,,,,,,,
2016-03-31,,,,,,,,,,,,9.1,,,,,,,,,,,
2016-04-01,,,,,,,,,,,,9.1,,,,,,,,,,,
2016-04-04,,,,,,,,,,,,9.1,,,,,,,,,,,
2016-04-05,,,,,,,,,,,,9.0,,,,,,,,,,,
2016-04-06,,,,,,,,,,,,9.2,,,,,,,,,,,
2016-04-07,,,,,,,,,,,,9.2,,,,,,,,,,,
2016-04-08,,,,,,,,,,,,9.3,,,,,,,,,,,
2016-04-11,,,,,,,,,,,,9.3,,,,,,,,,,,
2016-04-12,,,,,,,,,,,,9.3,,,,,,,,,,,
2016-04-13,,,,,,,,,,,,9.3,,,,,,,,,,,
2016-04-14,,,,,,,,,,,,9.4,,,,,,,,,,,
2016-04-15,,,,,,,,,,,,9.4,,,,,,,,,,,
2016-04-19,,,,,,,,,,,,9.2,,,,,,,,,,,
2016-04-20,,,,,,,,,,,,9.2,,,,,,,,,,,
2016-04-21,,,,,,,,,,,,9.3,,,,,,,,,,,
2016-04-22,,,,,,,,,,,,9.4,,,,,,,,,,,
2016-04-25,,,,,,,,,,,,9.5,,,,,,,,,,,
2016-04-26,,,,,,,,,,,,9.5,,,,,,,,,,,
2016-04-27,,,,,,,,,,,,9.5,,,,,,,,,,,
2016-04-28,,,,,,,,,,,,9.4,,,,,,,,,,,
2016-04-29,,,,,,,,,,,,9.5,,,,,,,,,,,
2016-05-04,,,,,,,,,,,,9.5,,,,,,,,,,,
2016-05-05,,,,,,,,,,,,9.6,,,,,,,,,,,
2016-05-06,,,,,,,,,,,,9.6,,,,,,,,,,,
2016-05-09,,,,,,,,,,,,9.6,,,,,,,,,,,
2016-05-10,,,,,,,,,,,,9.5,,,,,,,,,,,
2016-05-11,,,,,,,,,,,,9.6,,,,,,,,,,,
2016-05-12,,,,,,,,,,,,9.7,,,,,,,,,,,
2016-05-13,,,,,,,,,,,,9.7,,,,,,,,,,,
2016-05-16,,,,,,,,,,,,9.7,,,,,,,,,,,
2016-05-17,,,,,,,,,,,,9.8,,,,,,,,,,,
2016-05-18,,,,,,,,,,,,9.9,,,,,,,,,,,
2016-05-19,,,,,,,,,,,,9.9,,,,,,,,,,,
2016-05-20,,,,,,,,,,,,9.9,,,,,,,,,,,
2016-05-23,,,,,,,,,,,,9.8,,,,,,,,,,,
2016-05-24,,,,,,,,,,,,9.7,,,,,,,,,,,
2016-05-25,,,,,,,,,,,,9.9,,,,,,,,,,,
2016-05-26,,,,,,,,,,,,9.7,,,,,,,,,,,
2016-05-27,,,,,,,,,,,,9.7,,,,,,,,,,,
2016-05-30,,,,,,,,,,,,9.8,,,,,,,,,,,
2016-05-31,,,,,,,,,,,,9.8,,,,,,,,,,,
2016-06-01,,,,,,,,,,,,9.8,,,,,,,,,,,
2016-06-02,,,,,,,,,,,,9.8,,,,,,,,,,,
2016-06-03,,,,,,,,,,,,9.9,,,,,,,,,,,
2016-06-06,,,,,,,,,,,,9.9,,,,,,,,,,,
2016-06-07,,,,,,,,,,,,9.9,,,,,,,,,,,
2016-06-08,,,,,,,,,,,,10.0,,,,,,,,,,,
2016-06-09,,,,,,,,,,,,10.1,,,,,,,,,,,
2016-06-10,,,,,,,,,,,,10.1,,,,,,,,,,,
2016-06-13,,,,,,,,,,,,10.0,,,,,,,,,,,
2016-06-14,,,,,,,,,,,,9.9,,,,,,,,,,,
2016-06-15,,,,,,,,,,,,9.9,,,,,,,,,,,
2016-06-16,,,,,,,,,,,,9.9,,,,,,,,,,,
2016-06-17,,,,,,,,,,,,9.8,,,,,,,,,,,
2016-06-20,,,,,,,,,,,,9.9,,,,,,,,,,,
2016-06-21,,,,,,,,,,,,9.9,,,,,,,,,,,
2016-06-22,,,,,,,,,,,,9.9,,,,,,,,,,,
2016-06-23,,,,,,,,,,,,9.9,,,,,,,,,,,
2016-06-24,,,,,,,,,,,,9.7,,,,,,,,,,,
2016-06-27,,,,,,,,,,,,9.7,,,,,,,,,,,
2016-06-28,,,,,,,,,,,,9.7,,,,,,,,,,,
2016-06-29,,,,,,,,,,,,9.8,,,,,,,,,,,
2016-06-30,,,,,,,,,,,,9.9,,,,,,,,,,,
2016-07-01,,,,,,,,,,,,10.1,,,,,,,,,,,
2016-07-04,,,,,,,,,,,,10.0,,,,,,,,,,,
2016-07-05,,,,,,,,,,,,10.1,,,,,,,,,,,
2016-07-06,,,,,,,,,,,,10.1,,,,,,,,,,,
2016-07-07,,,,,,,,,,,,10.2,,,,,,,,,,,
2016-07-08,,,,,,,,,,,,10.2,,,,,,,,,,,
2016-07-11,,,,,,,,,,,,10.2,,,,,,,,,,,
2016-07-12,,,,,,,,,,,,10.2,,,,,,,,,,,
2016-07-13,,,,,,,,,,,,10.4,,,,,,,,,,,
2016-07-14,,,,,,,,,,,,10.3,,,,,,,,,,,
2016-07-15,,,,,,,,,,,,10.5,,,,,,,,,,,
2016-07-18,,,,,,,,,,,,10.4,,,,,,,,,,,
2016-07-19,,,,,,,,,,,,10.5,,,,,,,,,,,
2016-07-20,,,,,,,,,,,,10.5,,,,,,,,,,,
2016-07-21,,,,,,,,,,,,10.4,,,,,,,,,,,
2016-07-22,,,,,,,,,,,,10.2,,,,,,,,,,,
2016-07-25,,,,,,,,,,,,10.2,,,,,,,,,,,
2016-07-26,,,,,,,,,,,,10.2,,,,,,,,,,,
2016-07-27,,,,,,,,,,,,10.2,,,,,,,,,,,
2016-07-28,,,,,,,,,,,,10.3,,,,,,,,,,,
2016-07-29,,,,,,,,,,,,10.3,,,,,,,,,,,
2016-08-01,,,,,,,,,,,,10.2,,,,,,,,,,,
2016-08-02,,,,,,,,,,,,10.1,,,,,,,,,,,
2016-08-03,,,,,,,,,,,,10.0,,,,,,,,,,,
2016-08-04,,,,,,,,,,,,10.0,,,,,,,,,,,
2016-08-05,,,,,,,,,,,,9.8,,,,,,,,,,,
2016-08-08,,,,,,,,,,,,9.8,,,,,,,,,,,
2016-08-09,,,,,,,,,,,,9.9,,,,,,,,,,,
2016-08-10,,,,,,,,,,,,10.0,,,,,,,,,,,
2016-08-11,,,,,,,,,,,,10.1,,,,,,,,,,,
2016-08-12,,,,,,,,,,,,10.3,,,,,,,,,,,
2016-08-15,,,,,,,,,,,,10.2,,,,,,,,,,,
2016-08-16,,,,,,,,,,,,10.3,,,,,,,,,,,
2016-08-17,,,,,,,,,,,,10.4,,,,,,,,,,,
2016-08-18,,,,,,,,,,,,10.4,,,,,,,,,,,
2016-08-19,,,,,,,,,,,,10.4,,,,,,,,,,,
2016-08-22,,,,,,,,,,,,10.4,,,,,,,,,,,
2016-08-23,,,,,,,,,,,,10.4,,,,,,,,,,,
2016-08-24,,,,,,,,,,,,10.4,,,,,,,,,,,
2016-08-25,,,,,,,,,,,,10.4,,,,,,,,,,,
2016-08-26,,,,,,,,,,,,10.5,,,,,,,,,,,
2016-08-29,,,,,,,,,,,,10.6,,,,,,,,,,,
2016-08-30,,,,,,,,,,,,10.6,,,,,,,,,,,
2016-08-31,,,,,,,,,,,,10.6,,,,,,,,,,,
2016-09-01,,,,,,,,,,,,10.6,,,,,,,,,,,
2016-09-05,,,,,,,,,,,,10.6,,,,,,,,,,,
2016-09-06,,,,,,,,,,,,10.6,,,,,,,,,,,
2016-09-07,,,,,,,,,,,,10.5,,,,,,,,,,,
2016-09-08,,,,,,,,,,,,10.6,,,,,,,,,,,
2016-09-09,,,,,,,,,,,,10.6,,,,,,,,,,,
2016-09-12,,,,,,,,,,,,10.5,,,,,,,,,,,
2016-09-13,,,,,,,,,,,,10.5,,,,,,,,,,,
2016-09-14,,,,,,,,,,,,10.58,,,,,,,,,,,
2016-09-15,,,,,,,,,,,,10.46,,,,,,,,,,,
2016-09-16,,,,,,,,,,,,10.46,,,,,,,,,,,
2016-09-19,,,,,,,,,,,,10.4,,,,,,,,,,,
2016-09-20,,,,,,,,,,,,10.4,,,,,,,,,,,
2016-09-21,,,,,,,,,,,,10.6,,,,,,,,,,,
2016-09-22,,,,,,,,,,,,10.75,,,,,,,,,,,
2016-09-23,,,,,,,,,,,,10.75,,,,,,,,,,,
2016-09-26,,,,,,,,,,,,10.79,,,,,,,,,,,
2016-09-27,,,,,,,,,,,,10.72,,,,,,,,,,,
2016-09-28,,,,,,,,,,,,10.88,,,,,,,,,,,
2016-09-29,,,,,,,,,,,,10.84,,,,,,,,,,,
2016-09-30,,,,,,,,,,,,10.86,,,,,,,,,,,
2016-10-03,,,,,,,,,,,,10.8,,,,,,,,,,,
2016-10-04,,,,,,,,,,,,10.7,,,,,,,,,,,
2016-10-05,,,,,,,,,,,,10.7,,,,,,,,,,,
2016-10-06,,,,,,,,,,,,10.77,,,,,,,,,,,
2016-10-07,,,,,,,,,,,,10.64,,,,,,,,,,,
2016-10-10,,,,,,,,,,,,10.6,,,,,,,,,,,
2016-10-11,,,,,,,,,,,,10.56,,,,,,,,,,,
2016-10-12,,,,,,,,,,,,10.56,,,,,,,,,,,
2016-10-13,,,,,,,,,,,,10.6,,,,,,,,,,,
2016-10-14,,,,,,,,,,,,10.66,,,,,,,,,,,
2016-10-17,,,,,,,,,,,,10.59,,,,,,,,,,,
2016-10-18,,,,,,,,,,,,10.64,,,,,,,,,,,
2016-10-19,,,,,,,,,,,,10.6,,,,,,,,,,,
2016-10-20,,,,,,,,,,,,10.6,,,,,,,,,,,
2016-10-21,,,,,,,,,,,,10.64,,,,,,,,,,,
2016-10-24,,,,,,,,,,,,10.64,,,,,,,,,,,
2016-10-25,,,,,,,,,,,,10.45,,,,,,,,,,,
2016-10-26,,,,,,,,,,,,10.39,,,,,,,,,,,
2016-10-27,,,,,,,,,,,,10.39,,,,,,,,,,,
2016-10-28,,,,,,,,,,,,10.39,,,,,,,,,,,
2016-10-31,,,,,,,,,,,,10.52,,,,,,,,,,,
2016-11-01,,,,,,,,,,,,10.4,,,,,,,,,,,
2016-11-02,,,,,,,,,,,,10.38,,,,,,,,,,,
2016-11-03,,,,,,,,,,,,10.21,,,,,,,,,,,
2016-11-04,,,,,,,,,,,,10.2,,,,,,,,,,,
2016-11-07,,,,,,,,,,,,10.3,,,,,,,,,,,
2016-11-08,,,,,,,,,,,,10.4,,,,,,,,,,,
2016-11-09,,,,,,,,,,,,10.2,,,,,,,,,,,
2016-11-10,,,,,,,,,,,,10.31,,,,,,,,,,,
2016-11-11,,,,,,,,,,,,10.31,,,,,,,,,,,
2016-11-14,,,,,,,,,,,,10.31,,,,,,,,,,,
2016-11-15,,,,,,,,,,,,10.31,,,,,,,,,,,
2016-11-16,,,,,,,,,,,,10.3,,,,,,,,,,,
2016-11-17,,,,,,,,,,,,10.3,,,,,,,,,,,
2016-11-18,,,,,,,,,,,,10.3,,,,,,,,,,,
2016-11-21,,,,,,,,,,,,10.3,,,,,,,,,,,
2016-11-22,,,,,,,,,,,,10.3,,,,,,,,,,,
2016-11-23,,,,,,,,,,,,10.3,,,,,,,,,,,
2016-11-24,,,,,,,,,,,,10.5,,,,,,,,,,,
2016-11-25,,,,,,,,,,,,10.45,,,,,,,,,,,
2016-11-28,,,,,,,,,,,,10.24,,,,,,,,,,,
2016-11-29,,,,,,,,,,,,10.18,,,,,,,,,,,
2016-11-30,,,,,,,,,,,,10.13,,,,,,,,,,,
2016-12-01,,,,,,,,,,,,10.26,,,,,,,,,,,
2016-12-02,,,,,,,,,,,,10.19,,,,,,,,,,,
2016-12-05,,,,,,,,,,,,10.15,,,,,,,,,,,
2016-12-06,,,,,,,,,,,,9.99,,,,,,,,,,,
2016-12-07,,,,,,,,,,,,9.97,,,,,,,,,,,
2016-12-08,,,,,,,,,,,,10.01,,,,,,,,,,,
2016-12-09,,,,,,,,,,,,10.05,,,,,,,,,,,
2016-12-12,,,,,,,,,,,,9.98,,,,,,,,,,,
2016-12-13,,,,,,,,,,,,9.9,,,,,,,,,,,
2016-12-14,,,,,,,,,,,,9.85,,,,,,,,,,,
2016-12-15,,,,,,,,,,,,9.9,,,,,,,,,,,
2016-12-16,,,,,,,,,,,,9.9,,,,,,,,,,,
2016-12-19,,,,,,,,,,,,10.11,,,,,,,,,,,
2016-12-20,,,,,,,,,,,,10.05,,,,,,,,,,,
2016-12-21,,,,,,,,,,,,10.05,,,,,,,,,,,
2016-12-22,,,,,,,,,,,,10.04,,,,,,,,,,,
2016-12-23,,,,,,,,,,,,10.0,,,,,,,,,,,
2016-12-26,,,,,,,,,,,,10.06,,,,,,,,,,,
2016-12-27,,,,,,,,,,,,10.09,,,,,,,,,,,
2016-12-28,,,,,,,,,,,,10.08,,,,,,,,,,,
2016-12-29,,,,,,,,,,,,10.12,,,,,,,,,,,
2016-12-30,,,,,,,,,,,,10.17,,,,,,,,,,,
2017-01-03,,,,,,,,,,,,10.19,,,,,,,,,,,
2017-01-04,,,,,,,,,,,,10.25,,,,,,,,,,,
2017-01-05,,,,,,,,,,,,10.29,,,,,,,,,,,
2017-01-06,,,,,,,,,,,,10.35,,,,,,,,,,,
2017-01-09,,,,,,,,,,,,10.37,,,,,,,,,,,
2017-01-10,,,,,,,,,,,,10.37,,,,,,,,,,,
2017-01-11,,,,,,,,,,,,10.43,,,,,,,,,,,
2017-01-12,,,,,,,,,,,,10.43,,,,,,,,,,,
2017-01-13,,,,,,,,,,,,10.41,,,,,,,,,,,
2017-01-16,,,,,,,,,,,,10.34,,,,,,,,,,,
2017-01-17,,,,,,,,,,,,10.34,,,,,,,,,,,
2017-01-18,,,,,,,,,,,,10.36,,,,,,,,,,,
2017-01-19,,,,,,,,,,,,10.36,,,,,,,,,,,
2017-01-20,,,,,,,,,,,,10.36,,,,,,,,,,,
2017-01-23,,,,,,,,,,,,10.36,,,,,,,,,,,
2017-01-24,,,,,,,,,,,,10.41,,,,,,,,,,,
2017-01-25,,,,,,,,,,,,10.45,,,,,,,,,,,
2017-02-02,,,,,,,,,,,,10.52,,,,,,,,,,,
2017-02-03,,,,,,,,,,,,10.61,,,,,,,,,,,
2017-02-06,,,,,,,,,,,,10.6,,,,,,,,,,,
2017-02-07,,,,,,,,,,,,10.65,,,,,,,,,,,
2017-02-08,,,,,,,,,,,,10.67,,,,,,,,,,,
2017-02-09,,,,,,,,,,,,10.7,,,,,,,,,,,
2017-02-10,,,,,,,,,,,,10.73,,,,,,,,,,,
2017-02-13,,,,,,,,,,,,10.76,,,,,,,,,,,
2017-02-14,,,,,,,,,,,,10.76,,,,,,,,,,,
2017-02-15,,,,,,,,,,,,10.84,,,,,,,,,,,
2017-02-16,,,,,,,,,,,,10.9,,,,,,,,,,,
2017-02-17,,,,,,,,,,,,10.89,,,,,,,,,,,
2017-02-20,,,,,,,,,,,,10.8,,,,,,,,,,,
2017-02-21,,,,,,,,,,,,10.92,,,,,,,,,,,
2017-02-22,,,,,,,,,,,,10.9,,,,,,,,,,,
2017-02-23,,,,,,,,,,,,10.86,,,,,,,,,,,
2017-02-24,,,,,,,,,,,,10.87,,,,,,,,,,,
2017-02-27,,,,,,,,,,,,10.82,,,,,,,,,,,
2017-02-28,,,,,,,,,,,,10.82,,,,,,,,,,,
2017-03-01,,,,,,,,,,,,10.7,,,,,,,,,,,
2017-03-02,,,,,,,,,,,,10.72,,,,,,,,,,,
2017-03-03,,,,,,,,,,,,10.69,,,,,,,,,,,
2017-03-06,,,,,,,,,,,,10.74,,,,,,,,,,,
2017-03-07,,,,,,,,,,,,10.75,,,,,,,,,,,
2017-03-08,,,,,,,,,,,,10.79,,,,,,,,,,,
2017-03-09,,,,,,,,,,,,10.83,,,,,,,,,,,
2017-03-10,,,,,,,,,,,,10.86,,,,,,,,,,,
2017-03-13,,,,,,,,,,,,10.86,,,,,,,,,,,
2017-03-14,,,,,,,,,,,,10.89,,,,,,,,,,,
2017-03-15,,,,,,,,,,,,10.85,,,,,,,,,,,
2017-03-16,,,,,,,,,,,,10.85,,,,,,,,,,,
2017-03-17,,,,,,,,,,,,10.9,,,,,,,,,,,
2017-03-20,,,,,,,,,,,,11.0,,,,,,,,,,,
2017-03-21,,,,,,,,,,,,11.03,,,,,,,,,,,
2017-03-22,,,,,,,,,,,,11.08,,,,,,,,,,,
2017-03-23,,,,,,,,,,,,11.18,,,,,,,,,,,
2017-03-24,,,,,,,,,,,,11.32,,,,,,,,,,,
2017-03-27,,,,,,,,,,,,11.29,,,,,,,,,,,
2017-03-28,,,,,,,,,,,,11.25,,,,,,,,,,,
2017-03-29,,,,,,,,,,,,11.32,,,,,,,,,,,
2017-03-30,,,,,,,,,,,,11.32,,,,,,,,,,,
2017-03-31,,,,,,,,,,,,11.3,,,,,,,,,,,
2017-04-03,,,,,,,,,,,,11.34,,,,,,,,,,,
2017-04-04,,,,,,,,,,,,11.37,,,,,,,,,,,
2017-04-05,,,,,,,,,,,,11.36,,,,,,,,,,,
2017-04-07,,,,,,,,,,,,11.29,,,,,,,,,,,
2017-04-10,,,,,,,,,,,,11.4,,,,,,,,,,,
2017-04-11,,,,,,,,,,,,11.39,,,,,,,,,,,
2017-04-12,,,,,,,,,,,,11.38,,,,,,,,,,,
2017-04-13,,,,,,,,,,,,11.34,,,,,,,,,,,
2017-04-14,,,,,,,,,,,,11.14,,,,,,,,,,,
2017-04-17,,,,,,,,,,,,11.0,,,,,,,,,,,
2017-04-18,,,,,,,,,,,,10.96,,,,,,,,,,,
2017-04-19,,,,,,,,,,,,11.08,,,,,,,,,,,
2017-04-20,,,,,,,,,,,,11.04,,,,,,,,,,,
2017-04-21,,,,,,,,,,,,11.03,,,,,,,,,,,
2017-04-24,,,,,,,,,,,,10.95,,,,,,,,,,,
2017-04-25,,,,,,,,,,,,10.92,,,,,,,,,,,
2017-04-26,,,,,,,,,,,,10.99,,,,,,,,,,,
2017-04-27,,,,,,,,,,,,11.14,,,,,,,,,,,
2017-04-28,,,,,,,,,,,,11.14,,,,,,,,,,,
2017-05-03,,,,,,,,,,,,11.18,,,,,,,,,,,
2017-05-04,,,,,,,,,,,,11.21,,,,,,,,,,,
2017-05-05,,,,,,,,,,,,11.23,,,,,,,,,,,
2017-05-08,,,,,,,,,,,,11.19,,,,,,,,,,,
2017-05-09,,,,,,,,,,,,11.24,,,,,,,,,,,
2017-05-10,,,,,,,,,,,,11.35,,,,,,,,,,,
2017-05-11,,,,,,,,,,,,11.32,,,,,,,,,,,
2017-05-12,,,,,,,,,,,,11.3,,,,,,,,,,,
2017-05-15,,,,,,,,,,,,11.37,,,,,,,,,,,
2017-05-16,,,,,,,,,,,,11.41,,,,,,,,,,,
2017-05-17,,,,,,,,,,,,11.38,,,,,,,,,,,
2017-05-18,,,,,,,,,,,,11.4,,,,,,,,,,,
2017-05-19,,,,,,,,,,,,11.46,,,,,,,,,,,
2017-05-22,,,,,,,,,,,,11.6,,,,,,,,,,,
2017-05-23,,,,,,,,,,,,11.61,,,,,,,,,,,
2017-05-24,,,,,,,,,,,,11.78,,,,,,,,,,,
2017-05-25,,,,,,,,,,,,11.7,,,,,,,,,,,
2017-05-26,,,,,,,,,,,,11.77,,,,,,,,,,,
2017-05-29,,,,,,,,,,,,11.85,,,,,,,,,,,
2017-05-30,,,,,,,,,,,,11.83,,,,,,,,,,,
2017-05-31,,,,,,,,,,,,11.61,,,,,,,,,,,
2017-06-01,,,,,,,,,,,,11.79,,,,,,,,,,,
2017-06-02,,,,,,,,,,,,11.78,,,,,,,,,,,
2017-06-05,,,,,,,,,,,,11.84,,,,,,,,,,,
2017-06-06,,,,,,,,,,,,11.91,,,,,,,,,,,
2017-06-07,,,,,,,,,,,,12.1,,,,,,,,,,,
2017-06-08,,,,,,,,,,,,12.04,,,,,,,,,,,
2017-06-09,,,,,,,,,,,,12.13,,,,,,,,,,,
2017-06-12,,,,,,,,,,,,12.09,,,,,,,,,,,
2017-06-13,,,,,,,,,,,,12.14,,,,,,,,,,,
2017-06-14,,,,,,,,,,,,12.24,,,,,,,,,,,
2017-06-15,,,,,,,,,,,,12.26,,,,,,,,,,,
2017-06-16,,,,,,,,,,,,12.3,,,,,,,,,,,
2017-06-19,,,,,,,,,,,,12.37,,,,,,,,,,,
2017-06-20,,,,,,,,,,,,12.46,,,,,,,,,,,
2017-06-21,,,,,,,,,,,,12.37,,,,,,,,,,,
2017-06-22,,,,,,,,,,,,12.45,,,,,,,,,,,
2017-06-23,,,,,,,,,,,,12.37,,,,,,,,,,,
2017-06-26,,,,,,,,,,,,12.45,,,,,,,,,,,
2017-06-27,,,,,,,,,,,,12.39,,,,,,,,,,,
2017-06-28,,,,,,,,,,,,12.36,,,,,,,,,,,
2017-06-29,,,,,,,,,,,,12.49,,,,,,,,,,,
2017-06-30,,,,,,,,,,,,12.56,,,,,,,,,,,
2017-07-03,,,,,,,,,,,,12.63,,,,,,,,,,,
2017-07-04,,,,,,,,,,,,12.57,,,,,,,,,,,
2017-07-05,,,,,,,,,,,,13.4,,,,,,,,,,,
2017-07-06,,,,,,,,,,,,12.65,,,,,,,,,,,
2017-07-07,,,,,,,,,,,,12.6,,,,,,,,,,,
2017-07-10,,,,,,,,,,,,12.3,,,,,,,,,,,
2017-07-11,,,,,,,,,,,,12.38,,,,,,,,,,,
2017-07-12,,,,,,,,,,,,12.44,,,,,,,,,,,
2017-07-13,,,,,,,,,,,,12.44,,,,,,,,,,,
2017-07-14,,,,,,,,,,,,12.47,,,,,,,,,,,
2017-07-17,,,,,,,,,,,,12.27,,,,,,,,,,,
2017-07-18,,,,,,,,,,,,12.02,,,,,,,,,,,
2017-07-19,,,,,,,,,,,,12.14,,,,,,,,,,,
2017-07-20,,,,,,,,,,,,12.11,,,,,,,,,,,
2017-07-21,,,,,,,,,,,,12.04,,,,,,,,,,,
2017-07-24,,,,,,,,,,,,12.03,,,,,,,,,,,
2017-07-25,,,,,,,,,,,,12.0,,,,,,,,,,,
2017-07-26,,,,,,,,,,,,12.14,,,,,,,,,,,
2017-07-27,,,,,,,,,,,,12.14,,,,,,,,,,,
2017-07-28,,,,,,,,,,,,12.27,,,,,,,,,,,
2017-07-31,,,,,,,,,,,,12.35,,,,,,,,,,,
2017-08-01,,,,,,,,,,,,12.44,,,,,,,,,,,
2017-08-02,,,,,,,,,,,,12.43,,,,,,,,,,,
2017-08-03,,,,,,,,,,,,12.36,,,,,,,,,,,
2017-08-04,,,,,,,,,,,,12.38,,,,,,,,,,,
2017-08-07,,,,,,,,,,,,12.49,,,,,,,,,,,
2017-08-08,,,,,,,,,,,,12.43,,,,,,,,,,,
2017-08-09,,,,,,,,,,,,12.3,,,,,,,,,,,
2017-08-10,,,,,,,,,,,,12.2,,,,,,,,,,,
2017-08-11,,,,,,,,,,,,12.19,,,,,,,,,,,
2017-08-14,,,,,,,,,,,,12.25,,,,,,,,,,,
2017-08-15,,,,,,,,,,,,12.22,,,,,,,,,,,
2017-08-16,,,,,,,,,,,,12.27,,,,,,,,,,,
2017-08-17,,,,,,,,,,,,12.22,,,,,,,,,,,
2017-08-18,,,,,,,,,,,,12.22,,,,,,,,,,,
2017-08-21,,,,,,,,,,,,12.18,,,,,,,,,,,
2017-08-22,,,,,,,,,,,,12.17,,,,,,,,,,,
2017-08-23,,,,,,,,,,,,12.12,,,,,,,,,,,
2017-08-24,769.77,747.72,739.9,1024.11,907.25,1146.75,,,,102.28404,54.26116,12.29,,,,,,,,,,,
2017-08-25,771.63,751.14,742.81,1025.68,911.53,1152.78,,,,102.63611,54.35428,12.26,,,,,,,,,,,
2017-08-28,777.26,758.02,749.08,1032.72,911.63,1165.81,,,,103.90162,54.2937,12.39,,,,,,,,,,,
2017-08-29,774.03,754.59,746.7,1033.61,904.84,1162.0,,,,103.51851,54.454857,12.39,,,,,,,,,,,
2017-08-30,778.65,764.57,754.8,1035.69,904.59,1175.21,,,,103.33771,54.35581,12.46,,,,,,,,,,,
2017-08-31,782.76,770.08,758.17,1031.58,903.23,1182.7,,,,103.88199,54.471794,12.63,,,,,,,,,,,
2017-09-01,788.73,774.06,762.08,1034.63,909.22,1188.62,,,,103.80542,54.455738,12.69,,,,,,,,,,,
2017-09-05,792.31,777.02,764.04,1031.83,905.18,1193.19,,,,104.38342,54.42785,12.73,,,,,,,,,,,
2017-09-06,793.55,776.97,763.26,1028.91,903.29,1192.61,,,,104.500145,54.27893,12.75,,,,,,,,,,,
2017-09-07,796.72,779.2,765.3,1032.79,902.87,1194.94,,,,104.61011,54.335262,12.82,,,,,,,,,,,
2017-09-08,801.2,784.74,769.2,1031.81,903.06,1201.36,,,,103.91588,54.39697,12.8,,,,,,,,,,,
2017-09-11,797.47,779.58,763.5,1021.66,896.19,1191.66,,,,102.887505,54.34829,12.82,,,,,,,,,,,
2017-09-12,799.94,782.54,766.76,1028.67,902.65,1197.45,,,,103.723206,54.454845,12.81,,,,,,,,,,,
2017-09-13,802.78,786.43,771.38,1040.37,910.2,1205.54,,,,104.43204,54.51199,12.82,,,,,,,,,,,
2017-09-14,806.32,789.41,773.89,1041.51,914.41,1208.8,,,,104.38255,54.57029,13.04,,,,,,,,,,,
2017-09-15,805.82,789.49,774.0,1042.33,922.41,1206.93,,,,104.48564,54.613544,13.02,,,,,,,,,,,
2017-09-18,807.87,793.7,777.94,1046.65,929.15,1215.46,,,,105.13286,54.53812,13.06,,,,,,,,,,,
2017-09-19,805.93,792.68,776.98,1045.81,929.73,1213.81,,,,104.72818,54.43953,13.12,,,,,,,,,,,
2017-09-20,805.86,790.48,775.94,1048.83,930.07,1211.62,,,,105.1797,54.568222,13.04,,,,,,,,,,,
2017-09-21,803.93,786.41,773.53,1052.85,929.82,1207.59,,,,105.75113,54.48481,12.96,,,,,,,,,,,
2017-09-22,807.13,789.7,776.05,1053.88,934.81,1213.22,,,,106.516815,54.545963,12.95,,,,,,,,,,,
2017-09-25,805.58,789.89,775.84,1051.63,932.92,1215.17,,,,107.33716,54.42692,13.0,,,,,,,,,,,
2017-09-26,805.35,791.05,777.14,1053.98,929.79,1218.26,,,,107.90608,54.264526,13.0,,,,,,,,,,,
2017-09-27,803.77,788.31,774.31,1047.61,925.4,1213.95,,,,107.51619,54.179623,12.95,,,,,,,,,,,
2017-09-28,804.82,790.75,774.77,1039.03,919.72,1215.45,,,,107.42647,54.162106,13.06,,,,,,,,,,,
2017-09-29,804.42,792.72,776.75,1041.86,913.72,1219.24,,,,107.65506,54.386147,13.0,,,,,,,,,,,
2017-10-02,802.23,790.7,773.87,1034.06,904.13,1214.92,,,,107.51093,54.167774,12.96,,,,,,,,,,,
2017-10-03,798.0,787.02,770.05,1027.61,900.15,1208.69,,,,106.532036,53.898598,12.9,,,,,,,,,,,
2017-10-04,805.66,795.76,777.94,1035.63,910.98,1222.67,,,,107.43209,53.88306,13.05,,,,,,,,,,,
2017-10-05,805.23,797.42,778.83,1032.71,911.29,1223.44,,,,106.96083,54.005497,13.11,,,,,,,,,,,
2017-10-06,807.8,800.42,781.12,1033.51,914.0,1228.55,,,,107.979,54.098145,13.15,,,,,,,,,,,
2017-10-09,808.96,801.49,782.37,1036.92,915.08,1232.31,,,,108.74646,54.14132,13.2,,,,,,,,,,,
2017-10-10,810.65,805.3,786.47,1045.15,916.08,1238.58,,,,108.567726,54.098083,13.25,,,,,,,,,,,
2017-10-11,813.95,806.83,787.63,1043.28,918.11,1241.43,,,,108.650375,54.12278,13.31,,,,,,,,,,,
2017-10-12,815.87,809.6,789.56,1043.16,922.97,1243.31,,,,108.378944,54.23322,13.4,,,,,,,,,,,
2017-10-13,820.95,815.47,794.5,1045.21,921.46,1252.94,,,,109.108215,53.96766,13.42,,,,,,,,,,,
2017-10-16,819.43,811.85,791.23,1043.17,923.96,1247.88,,,,109.30323,54.323097,13.42,,,,,,,,,,,
2017-10-17,828.29,818.48,796.24,1043.23,923.34,1256.77,,,,109.84438,54.39523,13.46,,,,,,,,,,,
2017-10-18,827.72,816.84,793.55,1034.47,915.39,1254.08,,,,109.42897,54.236977,13.46,,,,,,,,,,,
2017-10-19,828.93,817.39,793.67,1032.83,920.06,1253.46,,,,109.08459,54.54068,13.48,,,,,,,,,,,
2017-10-20,826.84,813.99,789.24,1021.02,914.99,1245.86,,,,108.14174,54.38269,13.4,,,,,,,,,,,
2017-10-23,820.04,809.36,782.76,1001.72,903.95,1234.56,,,,106.2421,53.78633,13.35,,,,,,,,,,,
2017-10-24,825.24,815.24,787.76,1005.56,905.94,1242.4,,,,106.68669,53.29249,13.41,,,,,,10.7,,,,,
2017-10-25,830.69,821.45,792.8,1008.41,904.46,1252.17,,,,107.40019,52.79685,13.56,,,,,,10.95,,,,,
2017-10-26,830.11,822.53,791.64,995.46,897.69,1250.58,,,,106.31487,52.590935,13.52,,,,,,10.95,,,,,
2017-10-27,840.37,834.91,801.3,996.1,899.99,1269.59,,,,106.451385,52.58685,13.72,,,,,,10.95,,,,,
2017-10-30,845.2,837.52,801.07,981.39,894.29,1270.95,,,,105.97689,52.658096,13.84,,,,,,10.8,,,,,
2017-10-31,837.28,831.62,795.48,972.59,883.21,1260.77,,,,105.158295,52.50509,13.78,,,,,,10.8,,,,,
2017-11-01,842.71,835.38,798.0,967.89,872.91,1266.56,,,,104.9767,52.300774,13.75,,,,,,10.8,,,,,
2017-11-02,833.09,827.66,790.1,949.27,860.57,1252.78,,,,103.42151,52.204163,13.71,,,,,,10.75,,,,,
2017-11-03,843.73,840.04,800.26,957.56,866.09,1271.07,,,,104.36291,52.78813,13.71,,,,,,10.75,,,,,
2017-11-06,849.09,844.73,807.09,975.76,876.03,1281.18,,,,105.092316,53.300774,13.86,,,,,,10.8,,,,,
2017-11-07,850.33,846.03,808.93,978.06,878.28,1283.65,,,,104.82979,53.158802,13.96,,,,,,11.0,,,,,
2017-11-08,859.7,853.57,816.63,982.3,880.85,1298.39,,,,105.738106,52.9374,14.13,,,,,,11.1,,,,,
2017-11-09,860.4,853.05,818.4,986.28,881.14,1300.76,,,,105.865036,52.7791,14.02,,,,,,11.22,,,,,
2017-11-10,868.21,858.55,823.35,988.68,885.0,1309.07,,,,106.37348,52.837425,14.15,,,,,,11.2,,,,,
2017-11-13,879.34,868.11,833.07,991.19,881.44,1324.22,,,,106.78733,52.4659,14.22,,,,,,11.27,,,,,
2017-11-14,880.9,871.08,835.41,996.39,879.19,1328.29,,,,107.06447,52.661285,14.33,,,,,,11.34,,,,,
2017-11-15,882.59,877.58,841.62,1003.55,879.52,1338.0,,,,107.48244,52.88132,14.57,,,,,,11.43,,,,,
2017-11-16,892.8,890.01,853.32,1017.63,885.61,1356.62,,,,108.293335,53.075153,14.61,,,,,,11.4,,,,,
2017-11-17,890.69,887.41,851.46,1014.18,882.89,1353.44,,,,108.31195,52.984497,14.65,,,,,,11.21,,,,,
2017-11-20,903.55,899.31,862.93,1018.05,883.39,1370.51,,,,108.11315,53.323414,14.82,,,,,,11.06,,,,,
2017-11-21,918.3,910.54,870.48,1011.89,880.09,1385.32,,,,108.02164,53.567303,15.06,,,,,,11.55,,,,,
2017-11-22,932.66,922.18,878.94,1018.7,880.45,1402.11,,,,109.28854,54.243656,15.25,,,,,,11.55,,,,,
2017-11-23,933.7,922.92,879.91,1020.22,885.4,1406.37,,,,110.17938,54.2609,15.3,,,,,,11.55,,,,,
2017-11-24,935.57,926.21,884.57,1038.82,897.12,1411.25,,,,110.82586,54.10353,15.31,,,,,,11.55,,,,,
2017-11-27,938.61,930.9,890.78,1052.91,908.92,1420.58,,,,112.02734,54.215508,15.3,,,,,,11.75,,,,,
2017-11-28,941.21,935.74,893.84,1050.04,906.18,1426.98,,,,111.49927,53.915234,15.34,,,,,,11.8,,,,,
2017-11-29,952.14,946.55,902.09,1053.34,907.51,1443.42,,,,113.94795,53.99743,15.49,,,,,,11.8,,,,,
2017-11-30,949.93,943.05,899.65,1056.12,912.4,1439.77,,,,114.72165,54.197647,15.64,,,,,,11.7,,,,,
2017-12-01,960.33,952.46,909.02,1064.0,917.62,1454.58,,,,115.49213,54.452877,15.73,,,,,,11.7,,,,,
2017-12-04,970.02,966.44,921.6,1070.49,922.28,1476.5,,,,116.70478,54.319313,15.99,,,,,,12.0,,,,,
2017-12-05,953.3,944.07,903.1,1065.48,915.33,1440.14,,,,113.2282,54.20202,15.65,,,,,,12.1,,,,,
2017-12-06,947.64,939.06,899.24,1067.16,911.54,1434.25,,,,113.36781,53.97193,15.28,,,,,,12.1,,,,,
2017-12-07,938.65,928.74,891.26,1073.37,916.71,1420.21,,,,114.52915,54.25329,15.42,,,,,,12.3,,,,,
2017-12-08,940.16,930.25,892.94,1072.99,916.8,1423.24,,,,113.80839,54.46555,15.43,,,,,,12.0,,,,,
2017-12-11,917.45,908.29,875.0,1058.79,904.59,1395.49,,,,111.78066,54.27331,15.33,,,,,,12.0,,,,,
2017-12-12,927.25,914.82,878.95,1053.24,896.44,1402.08,,,,110.90748,54.05964,15.28,,,,,,12.0,,,,,
2017-12-13,924.4,913.33,877.91,1051.36,896.4,1399.19,,,,110.445885,54.14821,15.13,,,,,,12.0,,,,,
2017-12-14,935.85,928.21,891.84,1066.25,910.83,1421.16,,,,111.46728,54.354362,15.36,,,,,,12.0,,,,,
2017-12-15,935.16,926.7,890.41,1071.65,913.96,1421.6,,,,111.61358,54.658043,15.43,,,,,,12.0,,,,,
2017-12-18,958.06,950.81,910.97,1076.57,918.35,1457.78,,,,113.71413,54.575317,15.71,,,,,,12.5,,,,,
2017-12-19,951.42,947.62,906.73,1067.43,915.12,1453.55,,,,113.35849,54.398506,15.74,,,,,,12.6,,,,,
2017-12-20,953.51,948.78,908.27,1072.64,914.67,1455.63,,,,113.945175,54.560795,15.74,,,,,,12.41,,,,,
2017-12-21,946.06,936.53,899.21,1070.22,911.92,1439.58,,,,113.56517,54.502567,15.71,,,,,,12.51,,,,,
2017-12-22,952.32,945.88,905.93,1065.5,909.53,1449.74,,,,113.03268,54.69966,15.65,,,,,,12.45,,,,,
2017-12-25,958.31,949.28,907.5,1057.32,909.59,1454.88,,,,113.23358,54.29314,15.73,,,,,,12.45,,,,,
2017-12-26,965.93,955.73,913.48,1063.25,910.98,1465.8,,,,114.05665,54.369194,15.85,,,,,,12.54,,,,,
2017-12-27,968.46,958.02,914.61,1060.12,914.97,1470.52,,,,115.57569,54.197437,15.86,,,,,,12.61,,,,,
2017-12-28,976.72,966.91,921.62,1063.56,917.16,1483.79,,,,116.40978,54.330025,16.04,,,,,,12.73,,,,,
2017-12-29,984.24,975.52,928.61,1066.03,918.57,1496.41,,,,116.863655,54.914516,16.18,,,,,,12.86,,,,,
2018-01-02,995.77,992.72,941.57,1065.68,926.8,1521.17,,,,118.86677,55.366444,16.41,,,,,,13.0,,,,,
2018-01-03,1005.67,1004.66,952.55,1073.47,922.89,1540.24,,,,119.18835,55.818153,16.65,,,,,,13.17,,,,,
2018-01-04,1019.75,1014.15,962.11,1088.61,929.02,1553.44,,,,119.499405,56.10777,16.75,,,,,,13.27,,,,,
2018-01-05,1012.65,1007.73,956.45,1085.35,925.68,1544.4,,,,118.918304,56.21629,16.71,,,,,,13.27,,,,,
2018-01-08,1022.9,1023.5,968.85,1094.72,931.27,1566.32,,,,121.07501,56.742523,16.98,,,,,,13.37,,,,,
2018-01-09,1033.56,1039.64,981.21,1101.76,935.0,1585.91,,,,122.14179,56.674656,17.16,,,,,,13.56,,,,,
2018-01-10,1038.11,1039.7,983.54,1111.82,939.52,1588.2,,,,121.925896,56.90756,17.09,,,,,,13.65,,,,,
2018-01-11,1048.17,1047.2,989.3,1114.71,949.71,1603.41,,,,122.84451,57.609833,17.35,,,,,,13.76,,,,,
2018-01-12,1050.11,1049.86,991.75,1108.36,951.67,1605.44,,,,120.75597,58.112087,17.45,,,,,,13.88,,,,,
2018-01-15,1063.47,1063.11,1004.0,1122.57,956.49,1628.64,,,,122.031654,58.726383,17.6,,,,,,13.94,,,,,
2018-01-16,1062.96,1061.78,1002.98,1124.99,954.82,1625.82,,,,121.59093,57.866085,17.58,,,,,,13.9,,,,,
2018-01-17,1034.69,1030.0,974.37,1099.43,944.13,1582.84,,,,120.42413,58.091476,17.25,,,,,,13.99,,,,,
2018-01-18,1050.25,1048.56,989.17,1104.2,944.29,1610.69,,,,121.895485,58.287067,17.25,,,,,,13.84,,,,,
2018-01-19,1062.07,1053.47,994.65,1117.15,947.5,1624.92,,,,122.39069,58.330784,17.55,,,,,,14.0,,,,,
2018-01-22,1087.42,1082.71,1017.99,1124.97,944.57,1667.06,,,,123.881996,58.1704,17.85,,,,,,14.32,,,,,
2018-01-23,,,,,,,,,,126.32445,59.10057,,,,,,,,,,,,
2018-01-24,,,,,,,,,,126.25948,59.903976,,,,,,,,,,,,
2018-01-25,1104.57,1095.52,1028.57,1135.83,943.57,1690.39,,,,126.6207,59.932568,18.5,,,,,,15.0,,,,,
2018-01-26,1115.64,1104.42,1036.05,1138.27,944.68,1703.44,,,,126.82471,59.412037,18.15,,,,,,15.0,,,,,
2018-01-29,1109.8,1096.78,1029.59,1136.18,936.31,1695.51,,,,127.35142,59.039547,18.01,,,,,,14.8,,,,,
2018-01-30,1110.56,1099.16,1033.29,1149.89,943.87,1701.26,,,,127.36111,58.92216,18.0,,,,,,14.7,,,,,
2018-01-31,1110.36,1095.9,1029.08,1138.08,937.96,1692.59,,,,125.89589,59.461212,18.0,,,,,,14.8,,,,,
2018-02-01,1099.67,1086.9,1019.91,1121.83,926.29,1673.42,,,,123.15033,59.190773,17.8,,,,,,14.61,,,,,
2018-02-02,1105.04,1090.4,1023.22,1122.85,923.29,1681.77,,,,123.97212,58.840805,17.9,,,,,,14.7,,,,,
2018-02-05,1048.71,1035.02,972.37,1070.57,892.61,1597.1,,,,118.940994,56.929165,16.91,,,,,,14.3,,,,,
2018-02-06,1011.6,1007.72,944.1,1023.64,861.18,1552.37,,,,115.63528,54.948338,16.44,,,,,,13.4,,,,,
2018-02-07,1040.55,1030.91,966.07,1052.99,881.01,1591.66,,,,119.62057,56.759254,16.94,,,,,,13.65,,,,,
2018-02-08,1023.25,1013.56,951.29,1044.82,876.95,1562.74,,,,116.938126,56.46066,16.65,,,,,,13.48,,,,,
2018-02-09,1003.94,996.77,936.65,1035.17,871.73,1542.38,,,,117.496605,56.48415,16.35,,,,,,13.4,,,,,
2018-02-12,1041.79,1034.76,969.73,1059.71,889.78,1604.29,,,,122.0157,57.44672,17.0,,,,,,13.45,,,,,
2018-02-13,1059.73,1054.09,987.51,1077.52,902.2,1634.63,,,,124.30765,58.495445,17.33,,,,,,13.9,,,,,
2018-02-21,1087.15,1075.47,1007.31,1090.94,911.4,1667.71,,,,125.85024,59.37314,17.67,,,,,,14.1,,,,,
2018-02-22,1076.03,1064.28,997.24,1079.93,903.98,1650.04,,,,124.69669,59.304283,17.45,,,,,,14.25,,,,,
2018-02-23,1102.85,1089.96,1018.89,1095.98,906.06,1686.59,,,,126.24203,59.559727,17.9,,,,,,14.39,,,,,
2018-02-26,1114.53,1099.71,1024.3,1082.68,901.02,1696.77,,,,126.18154,59.744526,18.0,,,,,,14.61,,,,,
2018-02-27,1119.61,1106.09,1028.66,1083.55,898.88,1707.2,,,,127.28574,60.070316,18.0,,,,,,14.6,,,,,
2018-02-28,1121.54,1108.23,1030.78,1087.48,900.37,1710.92,,,,128.04852,60.09029,18.0,,,,,,14.6,,,,,
2018-03-01,1115.79,1105.84,1028.26,1084.18,900.56,1704.95,,,,127.09918,59.821465,18.15,,,,,,14.69,,,,,
2018-03-02,1121.21,1106.92,1032.85,1103.56,909.6,1711.02,,,,128.2539,60.170506,18.24,,,,,,14.69,,,,,
2018-03-05,1093.48,1080.83,1014.5,1104.88,909.48,1674.78,,,,125.51076,60.43946,17.9,,,,,,14.75,,,,,
2018-03-06,1120.29,1103.31,1035.13,1124.33,912.9,1711.13,,,,127.334785,61.014133,17.9,,,,,,14.7,,,,,
2018-03-07,1112.26,1092.17,1028.08,1127.15,913.77,1696.13,,,,125.601906,60.47342,17.7,,,,,,14.6,,,,,
2018-03-08,1124.15,1105.03,1039.75,1132.34,919.06,1715.66,,,,126.144646,60.835968,18.1,,,,,,14.7,,,,,
2018-03-09,1123.41,1106.54,1040.27,1129.24,920.37,1719.97,,,,127.578896,61.372486,18.17,,,,,,14.78,,,,,
2018-03-12,1126.29,1106.97,1038.68,1124.74,918.78,1721.73,,,,129.06017,61.312695,18.0,,,,,,14.79,,,,,
2018-03-13,1133.31,1111.38,1044.93,1136.17,922.43,1732.59,,,,129.6616,61.25455,18.1,,,,,,14.8,,,,,
2018-03-14,1138.09,1115.0,1049.24,1144.29,922.3,1739.73,,,,130.42876,61.293983,18.3,,,,,,14.92,,,,,
2018-03-15,1138.76,1110.26,1044.81,1144.74,922.57,1733.29,,,,131.28708,61.58171,18.21,,,,,,14.92,,,,,
2018-03-16,1150.19,1112.93,1047.7,1147.57,925.23,1741.45,,,,133.099,61.800236,18.3,,,,,,14.92,,,,,
2018-03-19,1159.22,1130.26,1061.29,1148.33,922.2,1767.7,,,,134.0959,61.11082,18.55,,,,,,15.03,,,,,
2018-03-20,1159.39,1134.19,1063.09,1144.55,918.84,1774.21,,,,135.28058,61.07511,18.65,,,,,,15.19,,,,,
2018-03-21,1169.36,1147.26,1075.04,1153.62,916.34,1792.09,,,,134.961,60.63974,18.78,,,,,,15.38,,,,,
2018-03-22,1172.36,1144.58,1073.01,1153.05,912.26,1786.16,,,,134.04312,60.393745,18.91,,,,,,15.4,,,,,
2018-03-23,1153.59,1128.93,1058.59,1133.72,900.31,1760.64,,,,131.87769,59.912823,18.7,,,,,,15.16,,,,,
2018-03-26,1171.22,1146.73,1073.15,1136.45,899.7,1789.16,,,,133.6694,60.027435,18.76,,,,,,15.25,,,,,
2018-03-27,1171.73,1150.3,1075.58,1133.83,898.3,1793.43,,,,133.2854,60.269257,18.95,,,,,,15.46,,,,,
2018-03-28,1172.24,1151.09,1076.6,1135.53,896.75,1794.67,,,,132.55632,59.74507,18.9,,,,,,15.46,,,,,
2018-03-29,1167.03,1144.74,1071.88,1136.5,897.16,1785.5,,,,131.8789,60.206028,18.75,,,,,,15.39,,,,,
2018-03-30,1174.46,1153.08,1080.26,1149.62,900.56,1798.96,,,,132.45718,60.662624,18.88,,,,,,15.42,,,,,
2018-04-02,1196.61,1171.21,1095.67,1156.84,903.32,1831.37,,,,135.40007,60.916416,19.1,,,,,,15.65,,,,,
2018-04-03,1188.29,1160.97,1088.13,1160.82,901.98,1818.24,,,,135.62465,60.45255,18.96,,,,,,15.64,,,,,
2018-04-04,1191.54,1165.75,1095.33,1170.77,906.85,1828.2,,,,135.32301,60.460377,19.1,,,,,,15.69,,,,,
2018-04-05,1193.17,1169.12,1100.43,1182.78,914.64,1837.68,,,,136.7537,60.4171,19.2,,,,,,15.9,,,,,
2018-04-06,1199.96,1174.37,1105.15,1185.59,921.69,1846.76,,,,138.0179,60.63555,19.0,,,,,,15.87,,,,,
2018-04-09,1204.33,1177.68,1107.68,1183.02,919.58,1850.32,,,,137.78546,60.446136,19.3,,,,,,15.92,,,,,
2018-04-10,1198.12,1168.06,1097.25,1168.98,912.83,1834.6,,,,136.68422,60.418133,19.05,,,,,,15.79,,,,,
2018-04-11,1167.11,1137.2,1069.28,1143.55,899.43,1786.18,,,,133.74326,59.85774,18.7,,,,,,15.74,,,,,
2018-04-12,1173.02,1143.5,1074.97,1148.66,902.04,1797.72,,,,135.63116,59.670864,18.72,,,,,,15.5,,,,,
2018-04-13,1157.14,1134.21,1067.0,1140.66,901.24,1780.74,,,,133.33788,59.320732,18.6,,,,,,15.39,,,,,
2018-04-16,1148.49,1128.03,1061.78,1138.14,900.91,1771.44,,,,133.30804,59.034164,18.5,,,,,,15.25,,,,,
2018-04-17,1153.28,1130.32,1065.14,1149.68,904.38,1777.94,,,,134.24748,59.331635,18.55,,,,,,15.35,,,,,
2018-04-18,1138.53,1115.7,1052.59,1136.07,902.33,1755.76,,,,132.77869,59.034798,18.3,,,,,,15.28,,,,,
2018-04-19,1094.63,1066.09,1011.23,1116.35,895.74,1686.01,,,,131.05452,57.801704,18.2,,,,,,15.27,,,,,
2018-04-20,1119.86,1089.45,1030.57,1129.04,903.15,1719.38,,,,132.57805,58.24536,17.8,,,,,,14.95,,,,,
2018-04-23,1076.78,1055.37,998.39,1087.86,889.17,1655.19,,,,126.13961,57.146973,17.4,,,,,,14.4,,,,,
2018-04-24,1080.74,1053.99,996.29,1079.11,884.27,1653.21,,,,126.3024,57.06372,17.3,,,,,,14.5,,,,,
2018-04-26,1044.86,1018.97,966.26,1050.64,862.84,1589.72,,,,120.11532,55.690807,16.7,,,,,,14.49,,,,,
2018-04-27,1050.26,1027.97,976.37,1069.39,868.19,1609.59,,,,122.6405,56.564957,16.6,,,,,,13.95,,,,,
2018-05-02,1029.08,1012.84,961.93,1050.66,861.12,1581.7,,,,120.974144,55.92089,16.4,,,,,,13.85,,,,,
2018-05-03,1026.46,1010.35,958.76,1044.74,860.69,1582.17,,,,122.50686,56.09938,16.49,,,,,,13.65,,,,,
2018-05-04,1026.8,1010.89,960.6,1051.97,862.49,1586.24,,,,122.57129,56.117065,16.52,,,,,,13.6,,,,,
2018-05-07,1062.26,1048.03,991.92,1073.89,870.27,1647.85,,,,126.549995,56.724384,17.2,,,,,,13.75,,,,,
2018-05-08,1060.45,1047.83,990.01,1068.37,865.59,1640.62,,,,125.32567,56.82309,17.17,,,,,,14.2,,,,,
2018-05-09,1056.97,1046.39,989.08,1070.09,864.94,1633.78,,,,123.85678,56.595623,17.1,,,,,,14.2,,,,,
2018-05-10,1028.87,1019.69,965.41,1050.96,858.14,1586.77,,,,120.950005,56.028286,17.0,,,,,,14.0,,,,,
2018-05-11,1044.85,1030.79,975.29,1059.36,858.92,1608.83,,,,122.76618,56.076057,16.8,,,,,,13.7,,,,,
2018-05-14,1066.98,1051.45,993.04,1066.9,862.04,1633.16,,,,123.277596,55.785828,17.29,,,,,,14.1,,,,,
2018-05-15,1073.5,1055.49,996.8,1073.26,866.25,1639.12,,,,123.65335,55.993168,17.3,,,,,,14.45,,,,,
2018-05-16,1054.62,1034.3,980.21,1072.59,862.52,1605.01,,,,121.48872,55.926502,16.99,,,,,,14.3,,,,,
2018-05-17,1030.64,1007.09,958.46,1070.68,859.45,1566.09,,,,121.49966,55.96747,16.65,,,,,,14.0,,,,,
2018-05-18,1040.54,1022.21,969.49,1067.44,859.92,1585.27,,,,121.26919,55.241917,16.7,,,,,,13.99,,,,,
2018-05-21,1014.98,997.21,947.55,1058.11,858.55,1549.95,,,,119.657814,54.785004,16.4,,,,,,13.65,,,,,
2018-05-22,985.91,958.95,912.27,1025.83,841.44,1490.59,,,,116.71619,53.730846,15.63,,,,,,13.55,,,,,
2018-05-23,988.94,968.54,920.27,1032.1,841.74,1503.62,,,,118.10723,54.072845,15.9,,,,,,13.5,,,,,
2018-05-24,985.92,960.55,913.4,1023.96,839.06,1490.19,,,,117.0698,53.877956,15.6,,,,,,13.49,,,,,
2018-05-25,963.9,936.32,892.99,1005.05,832.93,1451.74,,,,114.48578,53.132385,15.4,,,,,,13.15,,,,,
2018-05-28,931.75,898.0,856.83,952.49,808.26,1385.5,,,,107.37468,51.095528,14.8,,,,,,12.78,,,,,
2018-05-29,952.18,924.9,881.56,981.58,823.39,1434.21,,,,112.88385,52.331978,15.1,,,,,,13.1,,,,,
2018-05-30,948.5,918.64,875.36,973.13,823.33,1428.12,,,,111.69658,52.22047,15.0,,,,,,12.8,,,,,
2018-05-31,971.25,947.31,900.09,992.01,831.1,1473.31,,,,114.91015,52.759193,15.8,,,,,,13.0,,,,,
2018-06-01,992.87,969.15,918.67,1002.21,836.45,1504.57,,,,115.745,52.82726,16.04,,,,,,13.0,,,,,
2018-06-04,1013.78,996.67,943.33,1023.9,844.01,1551.98,,,,118.31871,53.63111,16.34,,,,,,13.35,,,,,
2018-06-05,1022.74,1007.32,954.9,1043.2,849.95,1568.5,,,,118.18335,53.604603,16.45,,,,,,13.85,,,,,
2018-06-06,1034.5,1022.72,969.27,1060.02,852.97,1592.5,,,,120.4165,53.78102,16.73,,,,,,14.0,,,,,
2018-06-07,1036.69,1026.75,972.55,1060.48,852.91,1593.99,,,,118.9913,53.775787,16.8,,,,,,14.2,,,,,
2018-06-08,1039.01,1025.87,971.86,1060.34,850.24,1599.95,,,,119.85639,53.81497,16.78,,,,,,14.0,,,,,
2018-06-11,1039.02,1024.85,969.33,1047.93,850.17,1599.48,,,,118.45362,53.637047,16.86,,,,,,14.2,,,,,
2018-06-12,1020.76,1008.76,954.67,1029.62,843.9,1575.51,,,,116.48548,52.995316,16.6,,,,,,13.9,,,,,
2018-06-13,1030.53,1018.59,962.98,1032.73,846.15,1588.18,,,,116.66464,53.19971,16.75,,,,,,13.8,,,,,
2018-06-14,1015.72,1004.31,952.98,1036.89,847.09,1564.45,,,,114.91293,53.104572,16.31,,,,,,13.99,,,,,
2018-06-15,1016.51,1005.04,952.69,1035.12,846.15,1564.86,,,,115.90024,53.0724,16.54,,,,,,13.8,,,,,
2018-06-18,987.34,970.35,921.98,1007.74,837.55,1513.8,,,,113.04533,52.55756,16.0,,,,,,13.5,,,,,
2018-06-19,962.16,945.11,896.39,970.79,817.43,1470.62,,,,110.57624,51.677837,15.11,,,,,,12.9,,,,,
2018-06-20,980.95,966.86,915.51,986.6,825.26,1507.75,,,,112.10543,52.02026,16.0,,,,,,13.3,,,,,
2018-06-21,969.4,955.75,904.64,970.5,822.83,1489.78,,,,110.16194,51.788685,15.56,,,,,,13.2,,,,,
2018-06-22,983.17,973.05,920.01,982.73,825.51,1522.19,,,,111.98056,51.80585,15.99,,,,,,13.4,,,,,
2018-06-25,990.52,982.09,927.98,989.27,825.14,1531.88,,,,111.99275,52.020786,16.14,,,,,,13.55,,,,,
2018-06-26,983.02,973.9,921.17,986.47,825.91,1517.84,,,,110.92009,52.146355,15.93,,,,,,13.51,,,,,
2018-06-27,968.91,961.29,910.52,976.34,825.54,1494.72,,,,109.66151,51.955566,15.8,,,,,,13.5,,,,,
2018-06-28,957.35,947.03,896.46,952.97,819.5,1467.27,,,,107.0568,51.648865,15.49,,,,,,13.1,,,,,
2018-06-29,960.78,947.55,896.39,950.55,823.17,1462.17,,,,106.16662,51.974735,15.89,,,,,,13.0,,,,,
2018-07-02,947.15,930.12,879.92,927.92,807.65,1428.57,,,,102.76262,50.839146,15.33,,,,,,12.6,,,,,
2018-07-03,906.01,891.97,844.56,893.8,789.66,1363.96,,,,98.797,49.97813,14.8,,,,,,12.31,,,,,
2018-07-04,914.99,900.89,853.63,903.76,790.51,1382.77,,,,99.99058,50.009407,14.99,,,,,,12.2,,,,,
2018-07-05,899.4,883.77,837.72,882.76,779.45,1351.3,,,,96.38887,49.25381,14.52,,,,,,12.0,,,,,
2018-07-06,917.51,905.62,857.38,904.85,787.88,1392.09,,,,100.6959,49.64632,14.9,,,,,,12.3,,,,,
2018-07-09,915.12,898.73,850.49,894.84,787.22,1382.24,,,,100.75746,49.314846,14.82,,,,,,12.3,,,,,
2018-07-10,911.12,897.96,848.98,892.16,784.71,1383.81,,,,101.62111,49.550594,14.82,,,,,,12.3,,,,,
2018-07-11,893.16,881.14,833.88,873.05,769.63,1350.8,,,,98.52018,48.875347,14.46,,,,,,11.9,,,,,
2018-07-12,898.51,883.87,836.98,880.53,771.45,1358.78,,,,100.43471,48.823334,14.51,,,,,,12.0,,,,,
2018-07-13,909.72,899.45,850.7,896.32,777.83,1385.47,,,,102.5146,49.269787,14.85,,,,,,12.3,,,,,
2018-07-16,911.11,904.18,856.08,906.89,779.53,1393.86,,,,103.123695,49.29781,14.9,,,,,,12.3,,,,,
2018-07-17,921.27,915.53,867.98,926.04,781.83,1419.25,,,,104.82993,49.418613,14.95,,,,,,12.5,,,,,
2018-07-18,942.39,935.42,887.3,952.28,793.58,1450.55,,,,106.92576,50.158466,15.4,,,,,,12.7,,,,,
2018-07-19,943.97,941.09,892.24,956.19,796.85,1453.93,,,,105.582664,50.58656,15.41,,,,,,12.85,,,,,
2018-07-20,933.39,926.5,882.06,960.28,798.16,1440.25,,,,107.61762,50.55347,15.53,,,,,,12.8,,,,,
2018-07-23,936.74,931.31,885.54,959.32,796.1,1443.01,,,,106.30033,50.264526,15.6,,,,,,12.7,,,,,
2018-07-24,934.08,923.53,880.71,963.78,796.97,1432.49,,,,105.54721,50.0448,15.2,,,,,,12.63,,,,,
2018-07-25,927.58,915.68,875.49,966.79,801.62,1419.91,,,,103.58468,49.927097,15.16,,,,,,12.6,,,,,
2018-07-26,930.16,921.33,879.35,962.43,801.01,1431.1,,,,104.580536,49.825134,15.01,,,,,,12.5,,,,,
2018-07-27,935.52,927.19,886.44,980.23,804.06,1445.27,,,,105.70389,49.976383,15.21,,,,,,12.7,,,,,
2018-07-30,949.73,939.6,898.32,996.73,807.07,1465.78,,,,106.75568,50.286854,15.41,,,,,,12.9,,,,,
2018-07-31,956.39,944.38,901.97,997.91,810.02,1469.57,,,,106.157684,50.475536,15.55,,,,,,13.0,,,,,
2018-08-01,952.77,939.31,897.35,993.41,808.52,1461.49,,,,105.56185,50.294907,15.55,,,,,,12.8,,,,,
2018-08-02,953.55,937.86,895.85,991.86,805.25,1459.96,,,,105.65461,50.178288,15.4,,,,,,12.8,,,,,
2018-08-03,959.6,941.12,899.68,997.3,803.13,1463.72,,,,106.24269,50.628094,15.48,,,,,,12.9,,,,,
2018-08-06,960.23,939.84,898.42,996.59,801.63,1459.83,,,,105.5977,50.724747,15.4,,,,,,13.2,,,,,
2018-08-07,956.79,936.92,893.59,986.97,798.52,1454.92,,,,105.71358,50.777706,15.4,,,,,,12.9,,,,,
2018-08-08,966.27,945.89,901.18,992.94,801.25,1472.93,,,,107.66993,51.287037,15.55,,,,,,12.9,,,,,
2018-08-09,963.5,943.91,899.41,995.09,801.66,1472.02,,,,107.79911,51.46932,15.55,,,,,,13.1,,,,,
2018-08-10,968.47,948.32,903.2,998.28,802.16,1482.94,,,,108.41013,51.364655,15.55,,,,,,13.0,,,,,
2018-08-13,978.04,960.02,912.53,1005.17,803.51,1503.37,,,,110.46372,51.624836,15.85,,,,,,13.1,,,,,
2018-08-14,978.27,965.6,917.31,1007.35,805.35,1510.18,,,,109.78839,51.685806,15.84,,,,,,13.3,,,,,
2018-08-15,961.37,947.82,901.71,993.41,800.54,1481.09,,,,108.02313,51.370132,15.6,,,,,,13.01,,,,,
2018-08-16,964.28,950.18,903.29,992.31,801.9,1483.43,,,,107.918594,51.384296,15.55,,,,,,13.1,,,,,
2018-08-17,968.88,949.23,902.43,991.18,802.28,1482.42,,,,108.02044,51.46677,15.68,,,,,,13.2,,,,,
2018-08-20,969.62,945.65,901.57,999.93,800.67,1479.5,,,,108.063416,51.377567,15.45,,,,,,13.1,,,,,
2018-08-21,979.21,955.27,911.31,1013.07,804.99,1498.97,,,,110.02264,51.39025,15.65,,,,,,13.2,,,,,
2018-08-22,982.15,959.63,914.72,1013.92,808.68,1504.15,,,,109.98507,51.60093,15.75,,,,,,13.25,,,,,
2018-08-23,987.36,960.94,916.59,1017.93,812.57,1507.21,,,,110.51895,51.415493,15.82,,,,,,13.4,,,,,
2018-08-24,987.05,960.42,916.1,1018.7,815.04,1507.65,,,,111.619064,51.591995,15.81,,,,,,13.2,,,,,
2018-08-27,991.92,966.55,920.21,1017.68,818.84,1517.48,,,,111.61777,51.544407,15.9,,,,,,13.35,,,,,
2018-08-28,995.19,971.01,924.15,1022.29,814.85,1525.3,,,,112.23932,51.275066,15.99,,,,,,13.4,,,,,
2018-08-29,988.17,964.99,919.63,1024.1,812.18,1518.95,,,,112.78285,51.32395,15.98,,,,,,13.4,,,,,
2018-08-30,998.07,975.43,928.5,1031.66,814.5,1535.78,,,,113.58818,51.777626,15.98,,,,,,13.6,,,,,
2018-08-31,989.54,969.23,923.27,1027.4,814.92,1525.14,,,,112.794945,51.85922,15.95,,,,,,13.7,,,,,
2018-09-04,975.94,951.14,907.77,1015.56,812.37,1497.04,,,,111.226295,51.548084,15.8,,,,,,13.5,,,,,
2018-09-05,968.44,941.0,898.34,1008.62,808.86,1481.72,,,,110.46907,50.972633,15.5,,,,,,13.1,,,,,
2018-09-06,958.19,932.12,889.86,1003.68,805.1,1468.73,,,,110.478455,50.90653,15.4,,,,,,12.9,,,,,
2018-09-07,968.9,945.59,901.08,1008.48,807.99,1489.35,,,,111.70469,51.003395,15.56,,,,,,13.0,,,,,
2018-09-10,970.34,943.31,899.33,1005.25,807.87,1484.29,,,,110.69058,51.039722,15.5,,,,,,12.8,,,,,
2018-09-11,985.06,958.91,914.43,1021.11,814.48,1509.27,,,,111.42627,51.452805,15.78,,,,,,13.3,,,,,
2018-09-12,987.01,958.67,914.23,1020.49,817.29,1509.67,,,,111.64909,51.45684,15.85,,,,,,13.3,,,,,
2018-09-13,987.95,957.17,913.64,1024.86,820.68,1510.49,,,,112.66103,51.722206,15.71,,,,,,13.4,,,,,
2018-09-14,991.34,960.33,916.15,1024.52,823.98,1515.76,,,,113.368904,51.949432,16.1,,,,,,13.4,,,,,
2018-09-17,987.61,953.79,911.2,1023.27,827.1,1505.81,,,,112.76054,51.820274,15.7,,,,,,13.3,,,,,
2018-09-18,993.49,959.75,917.56,1032.62,832.94,1518.39,,,,113.59784,51.976295,15.75,,,,,,13.4,,,,,
2018-09-19,995.54,962.7,920.69,1039.58,838.49,1524.28,,,,114.201294,52.458046,15.9,,,,,,13.5,,,,,
2018-09-20,1004.74,971.18,928.69,1051.56,841.15,1537.25,,,,115.056694,52.98855,15.96,,,,,,13.6,,,,,
2018-09-21,1002.97,974.43,931.19,1050.78,841.74,1543.7,,,,115.79624,53.48976,16.2,,,,,,13.51,,,,,
2018-09-24,1011.29,985.59,939.67,1052.24,846.04,1555.56,,,,115.5885,53.668133,16.21,,,,,,13.61,,,,,
2018-09-25,1010.74,985.11,940.55,1059.54,851.27,1554.72,,,,115.52246,53.99035,16.22,,,,,,13.7,,,,,
2018-09-26,1009.61,984.39,940.97,1065.96,859.74,1551.11,,,,115.579636,54.045277,16.24,,,,,,13.81,,,,,
2018-09-27,1015.37,989.45,946.15,1073.39,865.24,1560.32,,,,116.08441,54.190517,16.29,,,,,,13.85,,,,,
2018-09-28,1017.13,994.73,949.8,1073.46,863.99,1565.92,,,,116.27824,54.20822,16.37,,,,,,13.9,,,,,
2018-10-01,1012.88,990.41,946.14,1071.02,860.07,1559.87,,,,115.52248,54.13807,16.45,,,,,,13.95,,,,,
2018-10-02,1018.79,987.88,944.15,1065.78,858.94,1556.48,,,,115.000824,54.209805,16.3,,,,,,13.75,,,,,
2018-10-03,1020.4,990.6,946.85,1069.64,861.74,1559.22,,,,115.2948,54.405266,16.35,,,,,,13.7,,,,,
2018-10-04,1023.62,993.61,950.31,1078.76,864.8,1566.02,,,,116.27128,54.54633,16.31,,,,,,13.8,,,,,
2018-10-05,1008.39,980.75,938.08,1066.09,859.48,1544.89,,,,114.674576,54.03501,16.13,,,,,,13.7,,,,,
2018-10-08,996.12,970.28,929.04,1061.92,857.39,1532.4,,,,114.38265,53.67231,16.0,,,,,,13.6,,,,,
2018-10-09,996.19,967.37,926.11,1059.08,857.36,1527.74,,,,114.29698,53.700516,15.96,,,,,,13.6,,,,,
2018-10-10,993.96,966.27,923.97,1052.02,855.36,1522.89,,,,113.76113,53.82319,15.91,,,,,,13.6,,,,,
2018-10-11,945.89,920.02,878.94,993.18,820.51,1445.31,,,,107.17096,52.040176,15.15,,,,,,12.8,,,,,
2018-10-12,970.08,943.49,900.64,1015.09,831.24,1483.45,,,,109.75524,52.75309,15.59,,,,,,13.2,,,,,
2018-10-15,951.64,928.55,887.38,1004.27,824.16,1459.92,,,,107.67458,52.409756,15.21,,,,,,13.0,,,,,
2018-10-16,963.37,939.41,897.27,1012.04,831.4,1477.8,,,,108.59885,52.768383,15.43,,,,,,13.0,,,,,
2018-10-17,971.6,945.91,903.68,1020.43,834.75,1489.03,,,,109.390755,52.9804,15.58,,,,,,12.96,,,,,
2018-10-18,963.47,937.54,895.62,1009.77,831.69,1475.4,,,,107.91367,52.706554,15.48,,,,,,13.0,,,,,
2018-10-19,958.36,931.69,891.39,1009.34,829.7,1467.56,,,,108.095024,52.472046,15.4,,,,,,12.8,,,,,
2018-10-22,953.51,922.75,882.08,993.5,822.13,1455.09,,,,107.546005,52.424126,15.3,,,,,,12.8,,,,,
2018-10-23,939.68,908.0,867.42,972.5,811.44,1431.4,,,,105.06884,52.05236,15.02,,,,,,12.8,,,,,
2018-10-24,922.73,896.5,856.63,959.35,806.9,1412.12,,,,103.732765,51.509995,14.7,,,,,,12.5,,,,,
2018-10-25,910.17,888.86,848.46,948.91,798.27,1392.95,,,,103.09942,51.289944,14.6,,,,,,12.1,,,,,
2018-10-26,900.82,881.06,841.2,938.62,795.33,1376.44,,,,101.79028,51.127533,14.52,,,,,,12.1,,,,,
2018-10-29,888.82,874.43,835.14,931.76,791.03,1362.45,,,,101.172844,50.937668,14.42,,,,,,12.05,,,,,
2018-10-30,888.69,874.06,833.37,925.97,789.15,1360.89,,,,101.72097,51.207176,14.42,,,,,,12.1,,,,,
2018-10-31,914.76,901.57,857.13,948.03,801.65,1403.86,,,,105.35482,51.780468,15.02,,,,,,12.3,,,,,
2018-11-01,907.96,887.72,845.07,940.54,797.79,1388.19,,,,103.36807,51.30717,14.57,,,,,,12.3,,,,,
2018-11-02,924.86,903.43,859.52,953.52,806.19,1416.6,,,,105.750435,51.741875,15.02,,,,,,12.4,,,,,
2018-11-05,925.53,904.83,860.78,956.86,806.39,1417.22,,,,105.538536,51.54885,15.02,,,,,,12.4,,,,,
2018-11-06,922.05,899.61,857.36,958.54,810.72,1409.25,,,,104.55445,51.636658,14.88,,,,,,12.45,,,,,
2018-11-07,922.16,899.25,856.71,954.14,809.89,1410.19,,,,104.195496,51.568413,14.8,,,,,,12.4,,,,,
2018-11-08,926.28,900.4,858.92,962.04,810.04,1415.13,,,,104.53861,52.00641,14.85,,,,,,12.51,,,,,
2018-11-09,914.29,885.65,845.87,951.62,807.8,1395.96,,,,103.01212,51.593906,14.6,,,,,,12.4,,,,,
2018-11-12,918.12,888.2,847.62,950.87,807.9,1398.29,,,,103.36992,51.657192,14.6,,,,,,12.3,,,,,
2018-11-13,905.38,873.87,835.42,945.08,809.26,1376.76,,,,102.47084,51.45549,14.47,,,,,,12.2,,,,,
2018-11-14,900.93,871.55,834.35,945.68,805.63,1371.81,,,,101.197266,51.23963,14.36,,,,,,12.2,,,,,
2018-11-15,897.15,864.98,828.14,941.71,804.34,1359.62,,,,101.01843,51.251873,14.17,,,,,,12.0,,,,,
2018-11-16,898.19,869.24,831.39,946.5,805.62,1362.31,,,,103.01357,52.014492,14.41,,,,,,12.05,,,,,
2018-11-19,916.06,888.76,848.46,954.42,810.53,1392.71,,,,103.94639,52.39901,14.93,,,,,,12.15,,,,,
2018-11-20,919.02,893.09,852.15,955.39,812.17,1400.7,,,,103.90811,52.060837,14.7,,,,,,12.3,,,,,
2018-11-21,922.56,897.1,855.8,956.85,813.91,1406.87,,,,103.89975,52.062836,14.8,,,,,,12.3,,,,,
2018-11-22,924.42,898.9,857.46,957.09,814.98,1413.06,,,,104.55388,52.1596,14.81,,,,,,12.31,,,,,
2018-11-23,917.97,890.62,850.09,950.04,813.01,1401.0,,,,104.27058,51.871784,14.6,,,,,,12.32,,,,,
2018-11-26,921.03,895.05,853.8,945.83,811.3,1409.4,,,,103.975914,52.10539,14.71,,,,,,12.4,,,,,
2018-11-27,923.12,895.3,854.25,942.84,807.83,1411.83,,,,103.18695,52.136177,14.75,,,,,,12.5,,,,,
2018-11-28,930.2,901.4,859.78,947.08,806.84,1421.14,,,,104.099174,52.15541,14.78,,,,,,12.5,,,,,
2018-11-29,926.79,897.58,856.24,944.3,802.07,1416.09,,,,104.17095,52.290443,14.78,,,,,,12.6,,,,,
2018-11-30,926.54,894.79,854.79,946.65,803.65,1413.12,,,,104.824745,52.360355,14.72,,,,,,12.6,,,,,
2018-12-03,951.59,921.72,878.73,966.27,809.85,1453.57,,,,107.639626,53.061268,15.18,,,,,,12.8,,,,,
2018-12-04,958.84,927.46,884.1,970.31,812.31,1467.51,,,,107.38995,53.36261,15.5,,,,,,13.0,,,,,
2018-12-05,957.14,925.68,881.8,967.57,812.69,1462.3,,,,107.74217,53.376717,15.27,,,,,,12.91,,,,,
2018-12-06,954.82,922.86,880.23,971.95,810.81,1459.29,,,,107.09974,53.352554,15.14,,,,,,12.9,,,,,
2018-12-07,958.59,929.59,886.34,976.72,814.48,1465.23,,,,107.13682,53.784588,15.3,,,,,,13.0,,,,,
2018-12-10,955.89,922.82,880.27,969.08,814.22,1456.65,,,,106.81504,53.34361,15.2,,,,,,12.9,,,,,
2018-12-11,954.58,922.34,879.64,967.44,811.87,1456.07,,,,106.58709,53.29575,15.15,,,,,,12.8,,,,,
2018-12-12,961.28,927.7,885.02,977.1,814.14,1464.64,,,,107.67566,53.58741,15.35,,,,,,12.88,,,,,
2018-12-13,960.25,928.9,886.15,976.84,814.45,1465.61,,,,107.30257,53.870266,15.45,,,,,,12.9,,,,,
2018-12-14,952.04,918.79,878.42,975.16,812.81,1452.65,,,,106.65026,53.466694,15.34,,,,,,12.88,,,,,
2018-12-17,933.65,901.41,862.23,955.64,802.26,1424.26,,,,105.00581,52.835526,14.8,,,,,,12.8,,,,,
2018-12-18,927.25,890.68,852.11,944.79,795.44,1409.26,,,,104.42155,52.6087,14.57,,,,,,12.45,,,,,
2018-12-19,919.24,882.79,845.23,940.7,791.81,1398.42,,,,104.16477,52.690166,14.55,,,,,,12.35,,,,,
2018-12-20,918.24,877.03,841.94,949.48,791.39,1392.7,,,,104.529625,52.737247,14.53,,,,,,12.35,,,,,
2018-12-21,912.26,873.09,838.36,948.79,791.84,1382.72,,,,104.447586,52.75205,14.5,,,,,,12.25,,,,,
2018-12-24,908.56,873.64,837.7,939.23,784.97,1381.62,,,,103.342735,52.46221,14.4,,,,,,12.1,,,,,
2018-12-25,897.94,865.69,828.83,921.8,774.64,1367.81,,,,102.43751,51.875534,14.13,,,,,,11.9,,,,,
2018-12-26,891.75,861.02,824.82,918.87,773.74,1359.28,,,,102.27526,52.18771,14.1,,,,,,12.0,,,,,
2018-12-27,900.81,865.45,830.28,932.49,777.72,1370.64,,,,103.98754,52.584213,14.32,,,,,,12.2,,,,,
2018-12-28,892.54,854.99,820.11,929.79,773.39,1354.37,,,,104.23275,52.828476,14.31,,,,,,12.25,,,,,
2019-01-02,891.75,855.66,819.48,912.29,767.38,1353.72,,,,102.6717,52.785175,14.1,,,,,,11.98,,,,,
2019-01-03,878.22,838.79,804.9,900.18,755.12,1330.51,,,,100.52198,52.169796,13.93,,,,,,11.75,,,,,
2019-01-04,880.9,840.17,806.83,903.33,754.02,1336.18,,,,100.84521,52.187355,13.92,,,,,,11.73,,,,,
2019-01-07,889.64,851.41,816.76,907.13,760.03,1352.64,,,,101.926636,52.42127,13.98,,,,,,11.85,,,,,
2019-01-08,887.44,845.43,811.9,905.28,759.91,1344.02,,,,101.2671,52.54888,14.1,,,,,,11.85,,,,,
2019-01-09,896.99,855.51,821.13,913.87,763.35,1359.46,,,,102.13377,53.00981,14.0,,,,,,11.95,,,,,
2019-01-10,898.3,857.95,822.79,913.36,763.22,1361.99,,,,101.77698,53.02711,14.2,,,,,,12.0,,,,,
2019-01-11,902.71,860.3,825.78,918.84,765.34,1368.56,,,,101.86694,53.183914,14.17,,,,,,12.05,,,,,
2019-01-14,901.8,859.42,824.56,914.38,764.56,1367.52,,,,101.57768,53.13814,14.15,,,,,,12.05,,,,,
2019-01-15,909.68,865.1,829.97,921.89,770.87,1380.15,,,,102.58456,53.10926,14.25,,,,,,12.1,,,,,
2019-01-16,908.7,864.29,829.19,921.96,769.79,1378.56,,,,101.98586,53.318226,14.26,,,,,,12.2,,,,,
2019-01-17,901.89,853.34,820.52,918.99,768.5,1365.91,,,,101.924706,53.291454,14.04,,,,,,12.15,,,,,
2019-01-18,902.3,854.79,821.68,917.5,768.83,1368.09,,,,101.55549,53.26162,14.05,,,,,,12.01,,,,,
2019-01-21,911.05,864.1,829.41,922.85,769.66,1382.5,,,,103.36665,53.37206,14.39,,,,,,12.15,,,,,
2019-01-22,906.55,859.17,827.09,930.7,768.45,1376.63,,,,102.53695,53.862576,14.2,,,,,,12.19,,,,,
2019-01-23,908.18,861.73,829.74,934.64,771.34,1380.58,,,,102.67325,53.893875,14.28,,,,,,12.19,,,,,
2019-01-24,908.79,865.52,832.69,934.39,771.86,1384.2,,,,102.78229,53.75916,14.27,,,,,,12.2,,,,,
2019-01-25,908.88,867.7,833.94,931.64,773.14,1385.38,,,,102.74115,53.720074,14.2,,,,,,12.25,,,,,
2019-01-28,912.18,868.76,834.96,931.53,768.04,1390.75,,,,102.31314,54.01399,14.31,,,,,,12.25,,,,,
2019-01-29,915.93,872.03,838.19,936.31,767.88,1397.01,,,,102.36825,54.05998,14.5,,,,,,12.2,,,,,
2019-01-30,915.84,869.16,835.8,935.62,770.33,1395.03,,,,102.80645,54.275734,14.42,,,,,,12.25,,,,,
2019-01-31,910.65,866.06,833.78,937.7,771.07,1389.01,,,,102.87943,54.675194,14.26,,,,,,12.28,,,,,
2019-02-01,908.67,859.81,829.92,948.98,778.93,1382.47,,,,103.33697,54.811214,14.2,,,,,,12.25,,,,,
2019-02-11,926.1,878.67,847.14,962.11,785.01,1416.51,,,,105.24694,55.61459,14.69,,,,,,12.4,,,,,
2019-02-12,937.54,888.33,857.95,975.76,789.38,1433.19,,,,106.04216,55.640232,14.8,,,,,,12.6,,,,,
2019-02-13,945.25,897.42,865.77,984.6,795.76,1447.25,,,,106.49259,55.800045,14.9,,,,,,12.7,,,,,
2019-02-14,952.34,900.12,870.83,985.78,797.15,1456.34,,,,106.1156,55.392784,14.95,,,,,,12.75,,,,,
2019-02-15,950.89,897.74,868.74,988.06,796.38,1451.69,,,,106.11399,55.242317,14.9,,,,,,12.85,,,,,
2019-02-18,961.3,904.93,876.96,999.82,798.47,1465.71,,,,106.83746,55.25718,14.94,,,,,,13.0,,,,,
2019-02-19,964.35,907.82,880.56,989.58,791.7,1471.62,,,,106.20695,55.235165,15.02,,,,,,13.2,,,,,
2019-02-20,970.58,911.8,885.24,989.76,791.25,1481.37,,,,106.300766,55.46821,15.15,,,,,,13.1,,,,,
2019-02-21,987.57,926.09,900.29,989.35,790.01,1509.9,,,,106.1135,55.53652,15.18,,,,,,13.2,,,,,
2019-02-22,988.91,929.5,901.58,992.18,788.21,1512.39,,,,106.816574,55.553986,15.4,,,,,,13.4,,,,,
2019-02-25,994.43,939.47,908.89,1001.63,792.23,1525.91,,,,107.61124,55.587345,15.55,,,,,,13.45,,,,,
2019-02-26,987.06,929.51,902.11,1008.89,793.7,1513.02,,,,107.6634,55.58195,15.37,,,,,,13.35,,,,,
2019-02-27,990.27,930.54,905.52,1019.01,795.39,1518.35,,,,107.63092,55.595573,15.44,,,,,,13.35,,,,,
2019-02-28,965.47,904.98,880.8,1005.87,791.24,1474.4,,,,105.86169,55.12512,15.0,,,,,,13.1,,,,,
2019-03-01,979.63,915.32,892.08,1018.55,803.18,1495.67,,,,107.25911,55.68189,15.2,,,,,,13.1,,,,,
2019-03-04,993.99,928.42,904.79,1029.47,812.58,1518.32,,,,108.52649,56.042522,15.39,,,,,,13.3,,,,,
2019-03-05,992.45,923.66,900.19,1028.36,815.66,1510.23,,,,108.244316,55.98377,15.3,,,,,,13.35,,,,,
2019-03-06,994.49,923.58,901.39,1033.98,826.04,1512.75,,,,108.476006,56.058865,15.3,,,,,,13.4,,,,,
2019-03-07,994.03,922.29,900.24,1027.2,825.87,1512.43,,,,108.876114,56.248722,15.4,,,,,,13.4,,,,,
2019-03-08,985.25,914.74,891.93,1013.7,822.19,1500.13,,,,108.22286,55.943634,15.22,,,,,,13.25,,,,,
2019-03-11,984.6,916.24,893.27,1016.15,827.25,1502.39,,,,108.3191,56.037766,15.2,,,,,,13.25,,,,,
2019-03-12,1001.32,929.86,905.72,1024.69,831.97,1524.67,,,,109.55246,56.571445,15.3,,,,,,13.45,,,,,
2019-03-13,1005.41,935.41,910.21,1024.43,835.53,1532.7,,,,109.82382,56.765266,15.46,,,,,,13.5,,,,,
2019-03-14,1008.44,934.42,910.41,1027.84,840.26,1533.39,,,,110.01909,57.09052,15.48,,,,,,13.5,,,,,
2019-03-15,1004.12,927.06,904.2,1023.86,838.62,1523.45,,,,110.44413,57.258038,15.35,,,,,,13.41,,,,,
2019-03-18,1011.86,932.75,910.4,1027.2,845.46,1533.35,,,,110.88325,57.418694,15.41,,,,,,13.5,,,,,
2019-03-19,1006.59,927.56,905.1,1018.95,844.4,1524.45,,,,110.05811,57.09853,15.3,,,,,,13.45,,,,,
2019-03-20,1002.3,924.12,900.88,1016.84,847.48,1516.2,,,,109.619484,57.008366,15.24,,,,,,13.4,,,,,
2019-03-21,981.78,907.87,883.15,999.35,838.05,1484.38,,,,107.810616,56.88615,15.11,,,,,,13.34,,,,,
2019-03-22,988.71,912.27,888.26,998.86,834.93,1494.68,,,,108.08912,57.227474,15.4,,,,,,13.15,,,,,
2019-03-25,970.07,893.4,869.28,976.89,823.28,1461.88,,,,106.40721,56.774445,14.73,,,,,,12.9,,,,,
2019-03-26,969.79,894.58,870.51,983.0,822.84,1464.22,,,,106.84659,57.056934,15.0,,,,,,12.9,,,,,
2019-03-27,975.91,901.76,877.01,989.37,830.12,1475.81,,,,107.55773,57.148422,14.86,,,,,,13.0,,,,,
2019-03-28,982.98,901.65,879.36,994.64,831.89,1479.63,,,,107.33557,57.385365,14.89,,,,,,13.1,,,,,
2019-03-29,980.76,900.13,877.83,993.38,833.98,1476.66,,,,107.436485,57.502274,14.7,,,,,,13.2,,,,,
2019-04-01,988.53,905.87,884.66,999.39,833.31,1489.24,,,,107.72429,57.267567,14.94,,,,,,13.2,,,,,
2019-04-02,985.81,903.59,883.08,1000.23,833.13,1485.77,,,,107.483246,57.10053,14.97,,,,,,13.13,,,,,
2019-04-03,984.46,901.5,881.29,1004.56,834.32,1481.99,,,,107.2968,56.639954,15.0,,,,,,13.0,,,,,
2019-04-04,986.91,904.33,883.79,1008.67,842.35,1486.2,,,,107.41906,56.862915,14.95,,,,,,13.1,,,,,
2019-04-05,989.26,904.69,884.95,1014.55,844.41,1488.49,,,,107.873405,56.93139,14.98,,,,,,13.2,,,,,
2019-04-08,997.56,906.55,887.85,1017.95,843.7,1496.47,,,,108.928024,56.764275,15.0,,,,,,13.3,,,,,
2019-04-09,988.48,900.07,879.77,1007.8,837.77,1481.36,,,,107.70633,56.57688,14.9,,,,,,13.0,,,,,
2019-04-10,981.91,893.19,872.95,998.38,836.15,1470.74,,,,107.43191,56.563236,14.8,,,,,,12.9,,,,,
2019-04-11,985.95,896.04,876.74,1000.28,840.29,1476.57,,,,107.571976,56.487446,14.81,,,,,,13.0,,,,,
2019-04-12,982.9,893.1,874.26,1001.68,843.2,1472.3,,,,107.700325,56.64398,14.81,,,,,,13.2,,,,,
2019-04-16,977.17,887.76,868.38,996.01,839.88,1462.44,,,,107.112144,56.52938,14.68,,,,,,12.8,,,,,
2019-04-17,972.1,885.66,863.45,985.7,831.89,1453.55,,,,106.42719,56.367523,14.75,,,,,,12.8,,,,,
2019-04-18,962.3,877.02,855.23,972.83,826.32,1441.11,,,,105.75124,56.00784,14.61,,,,,,12.8,,,,,
2019-04-19,966.21,880.52,858.46,978.7,828.98,1446.98,,,,105.87672,56.053387,14.65,,,,,,12.7,,,,,
2019-04-22,965.86,878.23,856.13,969.95,820.36,1445.41,,,,105.63073,55.649643,14.57,,,,,,12.7,,,,,
2019-04-23,968.0,878.29,856.38,971.6,821.74,1447.42,,,,106.28961,55.681065,14.52,,,,,,12.79,,,,,
2019-04-24,976.92,888.65,865.76,978.04,827.29,1462.49,,,,107.14085,56.055145,14.8,,,,,,12.9,,,,,
2019-04-25,974.13,885.65,863.18,974.23,825.67,1458.39,,,,106.93499,56.083057,14.63,,,,,,13.0,,,,,
2019-04-26,979.64,890.55,868.49,979.06,826.05,1467.99,,,,107.46336,56.22762,14.72,,,,,,13.1,,,,,
2019-05-02,978.5,893.87,870.17,974.99,823.75,1471.82,,,,107.00433,55.901817,14.72,,,,,,12.9,,,,,
2019-05-03,974.14,895.42,869.97,972.02,819.84,1470.64,,,,106.87426,55.773365,14.9,,,,,,12.81,,,,,
2019-05-06,957.97,878.8,854.78,955.05,813.21,1444.04,,,,105.41832,55.28437,14.52,,,,,,12.7,,,,,
2019-05-07,957.56,877.02,853.56,957.18,814.28,1442.25,,,,105.82923,55.47093,14.5,,,,,,12.7,,,,,
2019-05-08,951.22,872.78,848.65,952.22,814.13,1434.46,,,,105.907524,55.101006,14.46,,,,,,12.7,,,,,
2019-05-09,947.01,871.5,847.31,952.14,810.2,1430.98,,,,105.25921,54.87362,14.46,,,,,,12.6,,,,,
2019-05-10,952.55,876.45,852.03,959.62,812.94,1438.99,,,,105.85505,55.149223,14.46,,,,,,12.8,,,,,
2019-05-13,958.54,879.64,856.96,967.38,814.01,1445.91,,,,105.61183,55.245888,14.5,,,,,,12.8,,,,,
2019-05-14,965.34,882.67,859.86,969.57,814.46,1451.28,,,,105.695335,55.14675,14.56,,,,,,12.8,,,,,
2019-05-15,975.64,893.22,870.07,980.99,819.53,1468.94,,,,106.43438,55.47476,14.77,,,,,,12.9,,,,,
2019-05-16,975.69,891.93,870.57,981.84,816.79,1468.94,,,,106.08956,55.475246,14.82,,,,,,13.0,,,,,
2019-05-17,976.48,890.53,868.63,979.32,818.72,1465.38,,,,105.789665,55.242,14.77,,,,,,13.1,,,,,
2019-05-20,987.13,901.06,877.3,985.54,821.13,1480.59,,,,106.313995,55.310474,14.94,,,,,,13.15,,,,,
2019-05-21,986.29,901.36,876.2,983.11,822.9,1478.79,,,,106.28221,55.389977,14.98,,,,,,13.15,,,,,
2019-05-22,983.78,897.66,873.0,981.46,822.81,1473.43,,,,106.12776,55.386402,14.8,,,,,,13.1,,,,,
2019-05-23,982.71,895.07,871.32,985.41,823.32,1470.16,,,,106.29732,55.395023,14.84,,,,,,13.1,,,,,
2019-05-24,970.03,884.48,861.23,979.56,819.61,1451.52,,,,105.38689,55.2718,14.79,,,,,,13.0,,,,,
2019-05-27,975.14,889.2,865.28,980.1,818.68,1457.89,,,,105.037094,55.25006,14.75,,,,,,12.95,,,,,
2019-05-28,972.0,885.27,861.59,983.82,820.0,1451.4,,,,105.02651,55.128765,14.81,,,,,,12.9,,,,,
2019-05-29,971.54,883.52,861.04,982.42,821.72,1450.62,,,,105.321686,55.06555,14.7,,,,,,12.72,,,,,
2019-05-30,969.34,883.37,859.84,979.73,821.49,1448.92,,,,105.317795,55.047863,14.78,,,,,,12.8,,,,,
2019-05-31,959.88,876.29,852.37,967.24,814.37,1436.03,,,,104.3522,55.12635,14.55,,,,,,12.83,,,,,
2019-06-03,946.47,864.08,840.45,951.87,802.08,1416.04,,,,103.28116,54.803158,14.1,,,,,,12.71,,,,,
2019-06-04,951.16,864.35,840.94,950.9,805.07,1417.13,,,,103.056946,54.90121,14.39,,,,,,12.6,,,,,
2019-06-05,951.41,863.69,841.28,954.02,810.29,1417.49,,,,103.54004,54.536926,14.37,,,,,,12.61,,,,,
2019-06-06,948.21,861.31,839.31,953.28,807.92,1413.08,,,,103.02811,54.428112,14.21,,,,,,12.4,,,,,
2019-06-07,958.28,869.56,847.8,963.69,814.73,1428.02,,,,104.20707,54.605766,14.38,,,,,,12.58,,,,,
2019-06-10,962.9,872.49,850.75,968.03,818.24,1432.46,,,,103.994286,54.83237,14.32,,,,,,12.7,,,,,
2019-06-11,962.07,870.91,850.03,973.8,816.8,1430.02,,,,103.95245,55.134045,14.49,,,,,,12.7,,,,,
2019-06-12,954.17,865.42,844.21,969.06,814.63,1420.03,,,,103.55689,55.117043,14.3,,,,,,12.9,,,,,
2019-06-13,950.08,859.68,839.42,967.59,815.6,1411.54,,,,103.49742,54.967094,14.3,,,,,,12.6,,,,,
2019-06-14,953.61,861.65,840.87,967.35,815.42,1414.25,,,,103.46381,55.043064,14.5,,,,,,12.5,,,,,
2019-06-17,946.95,852.99,832.41,961.09,812.6,1400.62,,,,103.50439,54.967052,14.19,,,,,,12.3,,,,,
2019-06-18,944.01,848.17,827.77,955.5,811.83,1393.92,,,,103.75311,54.666653,14.05,,,,,,12.3,,,,,
2019-06-19,949.69,854.34,833.85,961.03,813.5,1403.42,,,,103.771996,54.859493,14.2,,,,,,12.5,,,,,
2019-06-20,959.18,864.59,842.29,967.6,816.26,1419.84,,,,105.05835,55.150642,14.4,,,,,,12.5,,,,,
2019-06-21,959.2,866.53,842.85,965.69,815.5,1420.83,,,,104.848564,55.11782,14.41,,,,,,12.6,,,,,
2019-06-24,962.85,868.94,845.18,964.69,815.29,1425.63,,,,104.77801,55.15198,14.45,,,,,,12.7,,,,,
2019-06-25,960.13,868.5,845.04,966.13,812.71,1423.96,,,,104.15126,55.20216,14.42,,,,,,12.8,,,,,
2019-06-26,959.13,866.81,843.49,963.04,813.93,1421.3,,,,103.95283,55.388966,14.34,,,,,,12.8,,,,,
2019-06-27,943.11,854.41,832.38,956.6,809.47,1400.95,,,,102.95933,55.113686,14.22,,,,,,12.4,,,,,
2019-06-28,949.94,864.24,841.14,964.01,810.87,1415.34,,,,103.50583,55.654404,14.21,,,,,,12.6,,,,,
2019-07-01,965.61,876.26,851.86,968.52,817.63,1435.47,,,,104.08729,55.173737,14.55,,,,,,12.65,,,,,
2019-07-02,961.98,872.92,848.92,965.55,816.36,1430.1,,,,103.461624,54.961266,14.55,,,,,,12.68,,,,,
2019-07-03,960.39,869.58,846.89,965.11,818.6,1426.34,,,,103.67181,55.291508,14.35,,,,,,12.6,,,,,
2019-07-04,973.04,879.72,856.73,971.79,820.13,1443.83,,,,104.3365,55.55754,14.59,,,,,,12.68,,,,,
2019-07-05,975.34,880.23,858.34,972.83,822.06,1446.66,,,,104.3773,56.37746,14.6,,,,,,12.7,,,,,
2019-07-08,966.35,870.92,849.97,972.04,820.14,1431.3,,,,103.81171,55.680534,14.51,,,,,,12.7,,,,,
2019-07-09,969.05,872.21,851.61,973.6,823.73,1436.07,,,,105.1025,55.879322,14.42,,,,,,12.7,,,,,
2019-07-10,973.65,876.12,854.55,973.69,825.13,1441.09,,,,105.142845,56.301315,14.56,,,,,,12.7,,,,,
2019-07-11,978.63,879.1,856.75,975.53,826.55,1446.44,,,,106.01483,56.780506,14.6,,,,,,12.75,,,,,
2019-07-12,975.4,874.99,852.99,973.73,825.45,1439.62,,,,105.85514,56.605865,14.55,,,,,,12.76,,,,,
2019-07-15,972.53,873.71,850.81,972.8,827.08,1436.08,,,,105.613075,56.552307,14.48,,,,,,12.65,,,,,
2019-07-16,982.11,880.91,857.26,969.25,824.49,1448.65,,,,105.84773,57.30488,14.56,,,,,,12.8,,,,,
2019-07-17,982.57,879.75,857.45,974.84,824.17,1449.23,,,,106.57715,57.052288,14.57,,,,,,12.8,,,,,
2019-07-18,976.05,870.81,850.64,973.54,822.64,1437.24,,,,106.74148,57.41752,14.49,,,,,,12.78,,,,,
2019-07-19,982.34,880.79,859.02,974.15,822.95,1452.76,,,,107.06739,57.54347,14.57,,,,,,12.81,,,,,
2019-07-22,982.04,879.62,857.07,969.02,816.63,1449.23,,,,106.758026,58.012833,14.59,,,,,,12.79,,,,,
2019-07-23,989.46,888.26,865.08,969.32,815.5,1462.48,,,,106.709465,58.460686,14.68,,,,,,13.0,,,,,
2019-07-24,988.41,887.39,865.21,967.56,813.58,1463.47,,,,106.439705,59.228012,14.73,,,,,,13.0,,,,,
2019-07-25,994.95,890.41,868.67,968.94,816.96,1469.99,,,,106.761185,59.34184,14.79,,,,,,13.1,,,,,
2019-07-26,993.35,887.84,865.82,965.32,817.13,1464.74,,,,106.40309,58.81733,14.75,,,,,,13.05,,,,,
2019-07-29,997.94,888.54,866.33,962.18,814.35,1464.23,,,,105.28689,59.183647,14.73,,,,,,12.95,,,,,
2019-07-30,986.02,877.92,855.28,955.64,808.59,1444.92,,,,104.425575,58.43487,14.64,,,,,,12.85,,,,,
2019-07-31,991.66,883.19,861.32,957.15,807.64,1455.54,,,,104.43005,58.888382,14.71,,,,,,12.78,,,,,
2019-08-01,997.39,887.39,867.13,962.41,810.14,1464.17,,,,103.8821,58.842407,14.68,,,,,,12.9,,,,,
2019-08-02,991.1,885.29,864.02,960.08,816.38,1458.68,,,,103.70434,58.58082,14.66,,,,,,12.9,,,,,
2019-08-05,973.15,872.39,850.11,957.94,817.21,1432.58,,,,102.90805,58.37411,14.5,,,,,,12.7,,,,,
2019-08-06,964.61,866.13,844.14,950.15,814.93,1421.43,,,,101.888245,58.30883,14.3,,,,,,12.55,,,,,
2019-08-07,965.93,868.27,845.24,949.9,815.89,1423.35,,,,101.8884,58.221123,14.37,,,,,,12.58,,,,,
2019-08-08,975.24,875.81,853.55,958.32,822.17,1438.17,,,,102.90122,58.36491,14.5,,,,,,12.62,,,,,
2019-08-09,974.34,878.62,855.57,964.85,821.19,1440.57,,,,102.78567,58.429295,14.56,,,,,,12.7,,,,,
2019-08-12,975.31,882.23,857.7,963.5,819.64,1445.05,,,,102.81705,57.929966,14.62,,,,,,12.76,,,,,
2019-08-13,966.83,877.97,851.92,957.86,815.9,1436.0,,,,102.29018,57.147453,14.58,,,,,,12.72,,,,,
2019-08-14,968.91,880.51,853.84,957.58,816.87,1438.61,,,,101.98431,57.14335,14.62,,,,,,12.75,,,,,
2019-08-15,979.38,890.78,862.96,956.6,818.03,1454.04,,,,101.66168,57.350166,14.72,,,,,,12.72,,,,,
2019-08-16,980.0,892.44,865.53,963.73,818.79,1457.66,,,,102.345,57.546387,14.86,,,,,,12.88,,,,,
2019-08-19,981.03,891.78,865.65,963.9,821.99,1458.27,,,,102.583595,57.599216,14.85,,,,,,12.88,,,,,
2019-08-20,984.67,894.45,869.08,968.99,828.62,1463.9,,,,102.976036,57.71989,14.85,,,,,,12.93,,,,,
2019-08-21,994.38,900.54,873.98,969.01,828.9,1472.85,,,,103.01178,57.83676,14.94,,,,,,12.95,,,,,
2019-08-22,997.26,901.29,876.0,969.36,831.12,1476.9,,,,103.497116,57.932182,14.97,,,,,,13.0,,,,,
2019-08-23,992.45,900.53,873.69,966.57,830.99,1473.21,,,,103.25337,57.945847,14.95,,,,,,13.0,,,,,
2019-08-26,982.88,892.48,866.42,961.91,831.17,1460.7,,,,102.81162,57.532734,14.85,,,,,,12.9,,,,,
2019-08-27,976.79,886.91,861.95,963.79,828.7,1453.05,,,,102.85846,58.011147,14.7,,,,,,13.1,,,,,
2019-08-28,977.26,886.08,861.47,963.51,825.33,1451.84,,,,102.32376,57.974766,14.7,,,,,,12.9,,,,,
2019-08-29,978.59,889.13,865.02,968.74,823.87,1457.14,,,,101.936005,57.90252,14.73,,,,,,12.86,,,,,
2019-08-30,984.06,892.51,868.81,973.33,822.74,1463.57,,,,102.31611,57.827766,14.88,,,,,,12.95,,,,,
2019-09-03,979.36,888.97,864.2,959.18,813.36,1456.82,,,,101.40426,57.309616,14.78,,,,,,12.9,,,,,
2019-09-04,977.63,887.12,863.12,958.59,811.84,1454.92,,,,100.94617,57.101345,14.75,,,,,,12.87,,,,,
2019-09-05,976.79,886.1,861.83,957.66,810.57,1452.37,,,,100.96195,56.803417,14.73,,,,,,12.86,,,,,
2019-09-06,974.08,885.95,861.55,957.97,809.09,1452.29,,,,100.91565,56.764606,14.75,,,,,,12.86,,,,,
2019-09-09,974.12,885.61,861.62,955.67,803.45,1452.91,,,,100.85233,56.494205,14.7,,,,,,12.8,,,,,
2019-09-10,970.26,883.04,858.7,952.47,795.54,1447.7,,,,99.97004,56.148235,14.69,,,,,,12.82,,,,,
2019-09-11,969.31,885.52,859.95,957.38,800.24,1449.96,,,,100.174545,55.821026,14.7,,,,,,12.83,,,,,
2019-09-12,976.07,894.32,867.1,964.19,805.63,1463.34,,,,101.11169,56.402542,14.81,,,,,,12.87,,,,,
2019-09-13,987.22,905.05,875.97,970.0,807.52,1479.42,,,,102.19512,56.720734,14.9,,,,,,12.98,,,,,
2019-09-16,989.86,908.6,879.38,975.23,809.13,1484.95,,,,102.2132,56.540813,15.06,,,,,,13.0,,,,,
2019-09-17,996.74,912.38,883.84,980.54,809.68,1492.02,,,,102.234505,56.40822,15.12,,,,,,13.1,,,,,
2019-09-18,995.15,913.48,884.44,979.95,808.32,1492.79,,,,102.29101,56.411243,15.15,,,,,,13.15,,,,,
2019-09-19,997.1,918.88,887.98,980.87,810.35,1501.89,,,,104.0369,56.69365,15.21,,,,,,13.2,,,,,
2019-09-20,990.36,915.16,883.26,975.45,809.75,1494.37,,,,104.14053,56.965107,15.26,,,,,,13.25,,,,,
2019-09-23,985.75,909.98,879.25,970.5,801.87,1488.38,,,,104.38486,56.68569,15.22,,,,,,13.23,,,,,
2019-09-24,988.13,910.76,881.28,974.35,801.97,1490.28,,,,104.009544,56.870773,15.16,,,,,,13.18,,,,,
2019-09-25,987.3,912.42,882.16,975.63,805.35,1491.18,,,,103.81229,56.719627,15.16,,,,,,13.17,,,,,
2019-09-26,990.75,918.1,886.48,980.81,804.76,1499.08,,,,104.77186,57.21679,15.2,,,,,,13.19,,,,,
2019-09-27,997.84,924.83,892.06,982.33,801.42,1508.73,,,,104.77125,56.94109,15.4,,,,,,13.35,,,,,
2019-09-30,996.56,922.89,890.72,983.22,801.07,1507.16,,,,105.05224,56.784416,15.46,,,,,,13.36,,,,,
2019-10-01,999.59,926.31,892.98,987.03,805.01,1511.77,,,,105.84863,56.84209,15.5,,,,,,13.36,,,,,
2019-10-02,991.19,919.73,886.75,983.87,799.76,1500.57,,,,105.26742,56.846233,15.28,,,,,,13.36,,,,,
2019-10-03,992.45,921.7,888.84,985.27,805.21,1503.13,,,,105.21257,57.14803,15.4,,,,,,13.25,,,,,
2019-10-04,987.59,915.16,883.84,982.29,807.57,1494.52,,,,105.16324,56.925285,15.22,,,,,,13.28,,,,,
2019-10-07,983.09,907.5,877.23,976.07,804.13,1481.63,,,,103.727875,56.84758,15.3,,,,,,13.24,,,,,
2019-10-08,988.22,915.27,882.37,977.67,804.85,1491.04,,,,103.91785,56.824467,15.2,,,,,,13.25,,,,,
2019-10-09,987.83,914.54,881.81,977.75,803.53,1491.44,,,,104.62245,56.61524,15.23,,,,,,13.23,,,,,
2019-10-10,987.38,913.05,881.03,977.96,799.65,1490.27,,,,105.15642,56.603783,15.23,,,,,,13.2,,,,,
2019-10-11,991.84,916.68,884.11,978.82,801.52,1495.93,,,,105.26323,56.968403,15.3,,,,,,13.2,,,,,
2019-10-14,993.57,921.91,887.3,979.85,801.58,1502.91,,,,106.04562,56.78129,15.5,,,,,,13.22,,,,,
2019-10-15,993.05,923.27,887.83,980.84,801.69,1503.37,,,,106.010574,56.759094,15.4,,,,,,13.22,,,,,
2019-10-16,994.46,924.64,888.76,978.78,801.23,1505.09,,,,105.93375,56.471825,15.4,,,,,,13.28,,,,,
2019-10-17,989.82,919.1,885.21,981.06,799.23,1498.19,,,,106.066284,56.47293,15.29,,,,,,13.28,,,,,
2019-10-18,989.2,919.13,885.59,979.6,799.47,1498.4,,,,105.47931,56.46278,15.3,,,,,,13.28,,,,,
2019-10-21,983.56,914.0,881.58,975.84,797.86,1489.74,,,,104.009224,56.598045,15.26,,,,,,13.2,,,,,
2019-10-22,987.19,916.81,882.63,973.54,799.28,1491.9,,,,104.49374,56.781944,15.23,,,,,,13.2,,,,,
2019-10-23,987.79,919.61,884.32,970.82,797.87,1494.79,,,,104.13681,56.595722,15.3,,,,,,13.18,,,,,
2019-10-24,993.6,925.25,889.51,977.43,796.93,1503.04,,,,104.644005,56.7069,15.35,,,,,,13.3,,,,,
2019-10-25,996.57,927.05,890.6,974.75,796.01,1505.55,,,,104.7147,56.513622,15.4,,,,,,13.3,,,,,
2019-10-28,996.48,925.97,890.13,976.69,797.76,1505.14,,,,105.04127,56.395264,15.45,,,,,,13.33,,,,,
2019-10-29,995.87,923.97,889.14,972.95,794.37,1504.01,,,,104.683395,56.360756,15.41,,,,,,13.31,,,,,
2019-10-30,1000.89,925.07,891.71,978.12,793.6,1510.14,,,,105.8903,56.25606,15.5,,,,,,13.32,,,,,
2019-10-31,998.82,922.68,888.12,968.48,788.69,1504.16,,,,105.19093,56.226234,15.38,,,,,,13.3,,,,,
2019-11-01,1015.59,933.55,901.17,969.88,786.32,1527.35,,,,105.75143,56.222153,15.5,,,,,,13.5,,,,,
2019-11-04,1022.43,940.25,905.64,971.03,785.26,1536.52,,,,106.602585,56.59019,15.62,,,,,,13.58,,,,,
2019-11-05,1024.34,942.34,908.24,974.29,788.05,1541.07,,,,106.70855,56.605755,15.67,,,,,,13.61,,,,,
2019-11-06,1024.91,942.38,909.29,976.31,789.6,1542.33,,,,106.747215,56.597546,15.72,,,,,,13.61,,,,,
2019-11-07,1024.03,944.25,909.86,975.09,789.48,1543.98,,,,106.88289,56.834644,15.73,,,,,,13.65,,,,,
2019-11-08,1022.49,944.7,909.24,974.28,789.84,1543.65,,,,107.274284,56.73475,15.7,,,,,,13.63,,,,,
2019-11-11,1016.75,939.72,904.99,971.07,788.78,1536.24,,,,106.76416,56.72143,15.67,,,,,,13.55,,,,,
2019-11-12,1018.33,939.82,904.65,972.22,791.95,1535.86,,,,106.96421,56.803715,15.65,,,,,,13.58,,,,,
2019-11-13,1012.77,932.6,898.63,970.09,790.63,1526.07,,,,107.1982,56.816673,15.5,,,,,,13.5,,,,,
2019-11-14,1012.3,928.44,895.7,969.07,788.13,1519.67,,,,106.24049,56.709972,15.45,,,,,,13.46,,,,,
2019-11-15,1010.03,927.36,894.15,966.22,785.87,1517.28,,,,106.02751,57.003086,15.43,,,,,,13.43,,,,,
2019-11-18,1002.91,920.95,888.35,962.76,785.39,1507.08,989.66,990.57,990.74,105.152176,56.914837,15.33,,,,,,13.3,,,,,
2019-11-19,1008.35,926.07,892.93,966.82,785.89,1515.39,999.03,997.79,998.16,105.49083,57.0154,15.4,,,,,,13.3,,,,,
2019-11-20,1000.56,917.0,886.58,969.82,786.51,1502.92,987.23,986.36,985.72,104.912125,56.87696,15.3,,,,,,13.27,,,,,
2019-11-21,987.89,898.23,872.38,966.92,788.31,1478.75,963.09,960.79,966.67,104.74166,56.569874,15.0,,,,,,13.16,,,,,
2019-11-22,977.78,892.31,865.92,954.84,777.87,1466.13,954.67,953.4,957.65,103.08653,56.402046,14.87,,,,,,12.95,,,,,
2019-11-25,976.35,894.8,866.24,948.68,776.96,1468.34,954.74,954.68,960.2,103.463036,56.05237,14.91,,,,,,12.93,,,,,
2019-11-26,976.79,897.5,868.19,949.88,781.06,1472.41,959.21,958.68,968.38,103.99375,55.966045,14.98,,,,,,13.0,,,,,
2019-11-27,978.17,895.06,866.61,952.1,783.14,1467.66,956.69,955.51,965.53,103.23262,56.01682,14.9,,,,,,13.0,,,,,
2019-11-28,970.39,885.7,858.78,947.36,781.68,1452.54,941.79,942.51,946.37,102.34042,55.702705,14.74,,,,,,12.85,,,,,
2019-11-29,970.75,887.47,860.94,950.38,784.96,1456.43,943.96,944.83,948.89,102.5004,55.660038,14.75,,,,,,12.87,,,,,
2019-12-02,959.31,875.1,850.23,941.91,778.42,1436.9,921.44,923.73,932.3,100.89642,55.521347,14.65,,,,,,12.8,,,,,
2019-12-03,953.43,868.68,845.07,939.28,777.51,1428.11,911.01,914.26,928.6,101.06935,55.53388,14.5,,,,,,12.7,,,,,
2019-12-04,965.9,883.56,856.71,945.22,782.03,1449.79,945.54,944.93,953.2,102.47337,55.90897,14.75,,,,,,12.8,,,,,
2019-12-05,963.27,879.32,853.79,943.48,782.92,1444.35,941.09,940.21,944.46,102.36732,55.85965,14.64,,,,,,12.8,,,,,
2019-12-06,963.56,880.43,854.56,945.06,784.8,1445.49,940.16,938.79,944.52,102.499054,55.923286,14.67,,,,,,12.8,,,,,
2019-12-09,966.06,879.94,854.96,945.38,788.5,1445.22,934.35,932.92,939.89,102.363,55.78512,14.66,,,,,,12.8,,,,,
2019-12-10,960.3,873.16,849.24,940.02,785.63,1435.1,926.13,924.17,934.88,102.04146,55.358234,14.52,,,,,,12.7,,,,,
2019-12-11,961.78,878.27,852.39,938.24,789.12,1441.73,935.1,932.18,947.68,102.37743,55.40229,14.8,,,,,,12.75,,,,,
2019-12-12,968.17,884.8,857.81,944.73,791.38,1450.5,946.22,942.63,955.8,102.709724,55.516987,14.73,,,,,,12.8,,,,,
2019-12-13,966.18,880.55,852.69,941.6,792.08,1441.98,949.01,944.38,955.09,102.935486,55.73155,14.8,,,,,,12.8,,,,,
2019-12-16,961.47,876.65,849.2,942.81,796.4,1436.33,940.39,938.68,952.16,103.216125,55.533474,14.56,,,,,,12.74,,,,,
2019-12-17,954.03,867.44,840.9,936.36,796.05,1421.8,929.33,928.4,939.24,102.89899,55.328613,14.48,,,,,,12.6,,,,,
2019-12-18,951.13,863.16,836.11,929.53,793.14,1413.51,927.57,925.63,932.0,101.804,55.29819,14.35,,,,,,12.5,,,,,
2019-12-19,952.26,862.23,835.25,924.84,792.11,1412.22,922.93,919.83,929.82,102.002014,55.466587,14.3,,,,,,12.45,,,,,
2019-12-20,956.41,868.37,839.56,922.58,797.66,1420.35,933.83,930.85,939.59,102.42275,55.67435,14.36,,,,,,12.55,,,,,
2019-12-23,959.43,868.2,838.99,923.81,796.33,1419.5,943.83,938.91,941.62,102.3505,55.480545,14.44,,,,,,12.57,,,,,
2019-12-24,958.88,869.88,840.18,924.12,797.2,1421.67,940.62,935.94,941.49,102.4499,55.753693,14.5,,,,,,12.57,,,,,
2019-12-25,960.92,873.18,842.82,928.13,797.41,1426.1,943.39,938.43,951.7,102.93454,55.604664,14.5,,,,,,12.6,,,,,
2019-12-26,958.59,872.07,842.3,927.94,792.54,1424.78,940.98,936.26,951.45,102.32497,55.65615,14.5,,,,,,12.6,,,,,
2019-12-27,963.51,876.38,845.81,929.61,788.73,1430.6,947.9,942.0,954.64,102.60227,55.805893,14.61,,,,,,12.6,,,,,
2019-12-30,965.03,880.29,849.06,929.53,781.94,1436.24,953.65,948.7,960.9,102.162575,56.059566,14.66,,,,,,12.65,,,,,
2019-12-31,960.99,879.06,847.56,928.87,780.61,1434.03,954.63,949.89,958.96,102.514496,56.555202,14.76,,,,,,12.65,,,,,
2020-01-02,966.67,886.88,853.7,931.18,781.32,1445.84,968.68,962.23,971.72,102.99031,56.649326,14.78,,,,,,12.75,,,,,
2020-01-03,965.14,883.28,851.59,930.37,778.41,1441.69,962.66,956.24,962.55,102.39026,56.65052,14.7,,,,,,12.87,,,,,
2020-01-06,955.79,872.34,842.23,928.85,767.2,1424.56,946.02,940.75,950.4,101.231346,55.878765,14.6,,,,,,12.6,,,,,
2020-01-07,958.88,876.7,845.79,928.73,764.93,1429.97,952.23,946.21,958.24,101.415306,55.7607,14.58,,,,,,12.65,,,,,
2020-01-08,948.98,865.18,834.53,913.99,752.0,1410.94,941.68,935.16,938.4,100.327225,55.018303,14.43,,,,,,12.5,,,,,
2020-01-09,960.15,877.76,845.18,920.83,754.93,1429.14,962.99,953.9,953.36,101.248085,55.1794,14.6,,,,,,12.65,,,,,
2020-01-10,968.54,885.52,851.25,922.47,751.17,1441.23,981.61,971.48,961.89,102.2186,55.55632,14.72,,,,,,12.7,,,,,
2020-01-13,965.84,881.79,848.79,920.15,746.2,1438.2,972.75,964.08,956.8,102.30493,55.644756,14.7,,,,,,12.7,,,,,
2020-01-14,967.0,884.77,852.19,928.83,744.76,1445.05,977.95,968.93,959.58,103.36147,55.696014,14.74,,,,,,12.75,,,,,
2020-01-15,967.56,885.36,852.91,933.09,744.31,1445.92,980.72,971.68,963.09,103.18626,55.354954,14.73,,,,,,12.77,,,,,
2020-01-16,974.31,891.96,857.4,934.75,744.38,1454.51,999.65,986.55,975.25,104.31605,55.4561,14.85,,,,,,12.82,,,,,
2020-01-17,978.96,894.84,858.9,932.44,741.81,1457.07,1010.59,995.3,976.58,103.88261,55.414906,14.91,,,,,,12.9,,,,,
2020-01-20,978.63,897.4,859.89,929.07,740.77,1460.1,1013.61,998.01,984.33,104.636795,55.48789,14.92,,,,,,12.88,,,,,
2020-01-21,986.37,906.52,868.35,935.39,744.02,1475.24,1033.69,1016.4,992.94,105.59143,55.898804,15.8,,,,,,13.0,,,,,
2020-01-22,991.46,909.09,872.04,942.66,752.97,1481.02,1035.64,1018.41,996.06,106.28088,56.219433,15.1,,,,,,13.05,,,,,
2020-01-30,959.58,875.82,843.94,922.78,744.89,1431.91,990.93,978.45,957.1,104.11002,55.72728,14.6,,,,,,12.6,,,,,
2020-01-31,936.62,848.63,819.62,896.47,730.48,1390.99,969.9,956.26,924.65,102.364265,55.132008,14.15,,,,,,12.35,,,,,
2020-02-03,928.14,842.67,811.61,876.59,710.51,1379.32,969.43,952.92,913.42,101.31148,54.377148,13.97,,,,,,12.25,,,,,
2020-02-04,929.09,845.52,811.88,872.09,704.66,1382.93,991.71,970.68,925.0,102.57425,54.743374,14.04,,,,,,12.2,,,,,
2020-02-05,925.91,845.31,812.45,875.18,708.08,1384.77,995.93,975.03,928.42,103.18752,55.20707,14.0,,,,,,12.2,,,,,
2020-02-06,938.54,862.86,828.28,892.24,720.42,1413.98,1032.16,1008.53,955.14,105.840385,55.608795,14.35,,,,,,12.4,,,,,
2020-02-07,940.75,863.49,830.19,894.38,722.0,1415.62,1025.61,1002.09,949.09,104.917,55.760876,14.4,,,,,,12.4,,,,,
2020-02-10,930.73,852.87,821.29,890.9,717.71,1400.28,1006.86,984.98,934.91,103.97259,55.36815,14.25,,,,,,12.4,,,,,
2020-02-11,934.67,856.39,824.03,895.63,723.58,1405.15,1023.0,999.3,948.04,104.776215,55.667915,14.26,,,,,,12.4,,,,,
2020-02-12,937.68,863.23,829.84,906.11,733.53,1419.18,1033.76,1010.64,962.56,108.512436,55.913338,14.46,,,,,,12.6,,,,,
2020-02-13,938.24,864.16,830.57,907.1,739.75,1419.86,1035.69,1012.73,963.68,108.19096,56.17151,14.68,,,,,,12.6,,,,,
2020-02-14,937.45,865.86,831.84,908.22,741.43,1425.45,1043.44,1022.96,972.76,109.740875,56.47396,14.43,,,,,,12.61,,,,,
2020-02-17,934.77,866.27,830.6,904.87,742.6,1423.77,1049.06,1028.44,975.62,109.569496,56.258385,14.39,,,,,,12.6,,,,,
2020-02-18,927.93,861.71,825.48,906.14,745.51,1414.31,1048.73,1028.35,982.88,110.07482,56.24603,14.35,,,,,,12.55,,,,,
2020-02-19,928.76,863.84,827.11,906.28,752.6,1415.71,1048.66,1026.88,985.94,109.29896,56.399033,14.31,,,,,,12.55,,,,,
2020-02-20,938.13,871.4,835.35,911.57,757.27,1429.15,1051.55,1030.03,989.67,109.57449,56.344944,14.4,,,,,,12.56,,,,,
2020-02-21,933.09,868.89,833.14,908.18,751.56,1424.26,1042.21,1023.25,980.99,108.0854,56.296627,14.43,,,,,,12.55,,,,,
2020-02-24,903.34,837.4,804.18,875.69,725.18,1372.41,989.84,972.87,932.97,104.1754,55.229057,14.11,,,,,,12.2,,,,,
2020-02-25,909.67,849.58,812.78,879.63,726.65,1390.14,1020.93,1001.26,960.11,106.66491,55.53349,14.09,,,,,,12.3,,,,,
2020-02-26,895.97,841.68,803.94,869.77,720.13,1375.92,1014.29,994.98,958.62,106.61411,55.343136,14.05,,,,,,12.3,,,,,
2020-02-27,898.44,848.34,809.34,873.28,728.52,1389.07,1025.63,1007.09,973.19,109.261055,55.518513,14.12,,,,,,12.4,,,,,
2020-02-28,882.19,831.97,795.14,859.57,717.55,1366.21,1003.12,985.59,952.25,109.57567,55.04708,13.86,,,,,,12.0,,,,,
2020-03-02,884.43,835.42,797.99,862.68,719.55,1373.53,1009.98,993.08,953.72,110.66675,55.17371,13.99,,,,,,12.2,,,,,
2020-03-03,890.61,837.99,801.42,872.51,728.41,1380.74,1017.07,998.23,960.71,112.576004,55.465637,14.08,,,,,,12.4,,,,,
2020-03-04,889.37,837.99,802.08,877.61,732.59,1383.48,1019.25,1001.39,961.35,114.02293,55.54056,13.87,,,,,,12.4,,,,,
2020-03-05,893.31,839.12,803.07,877.69,733.59,1386.24,1020.63,1003.25,959.45,115.028,55.4506,13.95,,,,,,12.3,,,,,
2020-03-06,891.44,835.97,800.55,877.3,736.13,1379.49,1017.89,1000.56,951.88,113.65548,55.415276,13.81,,,,,,12.1,,,,,
2020-03-09,835.49,782.85,749.77,826.13,698.52,1288.94,950.41,936.9,887.03,106.34262,52.442173,13.02,,,,,,11.4,,,,,
2020-03-10,837.5,789.51,755.82,826.17,699.41,1298.66,954.66,940.59,891.45,106.19904,53.4135,13.0,,,,,,11.5,,,,,
2020-03-11,811.35,758.16,731.22,805.06,684.43,1257.47,901.87,892.71,847.83,105.52446,52.476997,12.55,,,,,,11.1,,,,,
2020-03-12,769.25,719.21,694.44,764.82,657.79,1194.13,843.62,838.18,793.69,101.91727,50.92116,11.8,,,,,,10.7,,,,,
2020-03-13,761.78,716.65,690.2,749.76,649.1,1188.98,847.35,838.35,788.41,101.38377,50.490406,12.0,,,,,,10.7,,,,,
2020-03-16,747.86,698.18,676.14,743.84,650.46,1162.51,804.6,801.47,758.57,99.62468,50.150375,11.53,,,,,,10.5,,,,,
2020-03-17,745.78,699.73,675.96,756.13,657.47,1162.7,818.19,815.43,776.15,100.72434,50.313408,11.63,,,,,,10.5,,,,,
2020-03-18,747.66,700.65,676.93,760.08,667.98,1165.03,819.08,816.67,778.24,101.84136,50.37312,11.51,,,,,9.99,10.4,,,,,
2020-03-19,725.94,679.55,658.58,745.98,653.83,1133.95,791.99,791.6,757.09,100.98815,49.904404,11.15,,,,,10.6,10.3,,,,,
2020-03-20,709.73,673.7,649.18,739.19,646.55,1120.55,786.46,789.07,757.96,101.78909,49.84963,11.24,,,,,11.34,10.0,,,,,
2020-03-23,666.59,632.86,609.95,700.05,611.41,1050.66,735.33,741.74,707.87,96.45915,47.5659,10.5,,,,,11.2,9.31,,,,,
2020-03-24,659.21,625.43,601.04,696.84,610.14,1036.32,730.31,738.24,704.58,96.945656,48.51242,10.4,,,,,10.42,9.3,,,,,
2020-03-25,690.25,652.31,626.98,714.6,620.91,1083.35,764.15,767.28,734.07,100.08781,49.530952,10.85,,,,,9.7,9.6,,,,,
2020-03-26,694.21,646.7,624.7,700.83,611.06,1076.45,744.88,746.19,708.0,97.81187,49.00433,10.7,,,,,9.7,9.55,,,,,
2020-03-27,696.06,642.23,622.08,693.45,601.52,1071.58,733.31,734.44,691.79,97.34788,48.820354,10.67,,,,,9.7,9.5,,,,,
2020-03-30,662.26,613.02,593.95,669.23,578.2,1020.07,689.09,692.03,649.77,93.28243,47.6341,10.1,,,,,9.65,8.86,,,,,
2020-03-31,662.53,610.76,591.14,658.37,571.92,1015.63,677.05,675.89,637.61,92.63517,47.73972,10.75,,,,,8.98,8.8,,,,,
2020-04-01,680.23,628.79,606.5,669.6,585.31,1044.02,708.13,701.51,653.89,95.61065,48.626705,10.38,,,,,8.36,9.2,,,,,
2020-04-03,701.8,649.15,625.3,682.34,600.01,1077.61,728.56,721.4,677.6,97.844864,49.13614,10.71,,,,,7.78,9.5,,,,,
2020-04-06,736.75,682.65,656.73,710.9,618.05,1135.95,771.96,762.58,719.26,103.25956,50.33114,11.22,,,,,7.81,9.9,,,,,
2020-04-07,746.69,693.61,668.2,718.53,619.23,1154.98,781.51,772.56,731.14,103.42521,50.426468,11.5,,,,,7.77,10.2,,,,,
2020-04-08,748.02,691.17,668.1,723.73,623.34,1155.19,773.65,763.81,725.4,103.930786,50.305637,11.55,,,,,7.79,10.2,,,,,
2020-04-09,760.33,697.85,675.07,733.0,631.26,1166.96,781.22,771.3,729.74,105.0767,50.740086,11.68,,,,,7.93,10.4,,,,,
2020-04-10,757.94,695.74,672.13,730.78,633.07,1163.61,771.1,762.58,722.83,106.179344,50.631935,11.5,,,,,7.92,10.4,,,,,
2020-04-13,765.79,706.37,681.01,735.61,638.97,1179.84,786.28,777.58,738.52,107.15715,50.857414,11.8,,,,,8.08,10.5,,,,,
2020-04-14,767.41,713.81,686.58,736.56,642.03,1189.73,793.44,785.24,751.88,107.14983,50.778774,11.82,,,,,7.96,10.7,,,,,
2020-04-15,777.22,722.8,695.16,752.98,653.44,1203.86,814.16,806.08,770.77,108.33254,51.512352,12.1,,,,,8.24,10.9,,,,,
2020-04-16,780.7,726.57,698.89,760.5,657.14,1209.54,816.76,808.46,771.82,108.74797,51.53618,11.95,,,,,8.22,10.8,,,,,
2020-04-17,789.6,734.98,707.39,776.21,669.5,1225.05,823.58,815.74,788.63,110.46301,52.15917,12.25,,,,,8.41,10.9,,,,,
2020-04-20,794.97,736.31,709.52,783.73,672.79,1225.86,815.38,807.27,788.89,109.6838,52.64369,12.3,,,,,8.37,11.0,,,,,
2020-04-21,766.84,706.65,682.14,753.35,653.49,1174.92,775.79,768.08,748.67,104.697754,51.1824,11.82,,,,,7.94,10.7,,,,,
2020-04-22,768.92,714.42,687.37,762.98,664.45,1185.03,788.76,782.0,765.38,106.80007,51.477837,11.91,,,,,8.07,10.7,,,,,
2020-04-23,773.91,717.49,690.61,766.38,667.22,1190.79,785.96,779.43,766.52,106.96721,51.73525,11.95,,,,,8.07,10.8,,,,,
2020-04-24,776.66,725.05,696.74,769.07,671.84,1200.75,789.25,782.63,771.0,106.97423,51.65881,12.05,,,,,7.93,10.6,,,,,
2020-04-27,770.77,719.66,693.11,774.12,679.61,1192.69,782.53,776.66,768.61,106.30176,51.969315,12.13,,,,,8.06,10.58,,,,,
2020-04-28,767.21,715.74,690.13,776.86,681.53,1187.31,784.45,777.94,768.66,106.263405,52.11059,11.94,,,,,7.97,10.5,,,,,
2020-04-29,769.11,715.33,690.07,782.04,683.18,1187.02,788.63,779.44,770.63,106.837906,52.215748,12.0,,,,,8.0,10.52,,,,,
2020-05-04,762.47,709.35,684.46,769.63,670.64,1177.23,786.84,776.62,761.73,105.71602,51.906906,11.9,,,,,7.93,10.4,,,,,
2020-05-05,764.16,711.01,686.9,775.63,673.85,1180.28,786.19,777.43,763.46,105.4079,51.981735,11.86,,,,,8.04,10.4,,,,,
2020-05-06,782.59,725.94,701.49,785.7,683.8,1206.13,796.24,787.23,777.63,106.65609,52.34419,12.18,,,,,8.09,10.7,,,,,
2020-05-07,796.54,739.98,713.04,792.98,689.25,1227.17,810.53,801.07,789.1,108.309814,52.367355,12.35,,,,,8.2,11.0,,,,,
2020-05-08,813.73,760.15,729.45,794.98,690.97,1258.06,844.21,832.6,806.73,110.02279,52.905586,12.7,,,,,8.57,11.4,,,,,
2020-05-11,828.33,777.13,744.88,808.35,698.36,1286.12,869.18,858.78,828.17,111.57377,53.490734,12.95,,,,,8.86,11.5,,,,,
2020-05-12,835.32,782.45,752.28,827.7,706.71,1296.02,879.37,869.98,843.1,111.77502,53.63369,13.1,10.5,,,,8.89,11.5,,,,,
2020-05-13,834.21,783.69,752.82,837.65,716.25,1296.09,886.02,878.12,857.55,111.86086,53.72804,13.04,11.2,,,,9.0,11.5,,,,,
2020-05-14,832.4,780.73,750.91,840.7,719.56,1291.88,880.45,875.52,850.4,111.34486,53.4837,12.95,11.98,,,,9.01,11.5,,,,,
2020-05-15,827.03,773.95,745.15,831.52,712.43,1280.86,871.4,868.57,837.64,109.02429,53.15123,12.93,12.3,,,,8.86,11.3,,,,,
2020-05-18,837.01,787.27,755.06,835.25,715.73,1297.0,890.56,886.19,851.94,108.537865,53.286217,13.07,12.3,,,,9.05,11.5,,,,,
2020-05-19,845.92,799.31,765.62,844.27,717.22,1314.97,907.12,901.23,867.97,108.82541,53.79689,13.4,12.5,,,,9.24,11.6,,,,,
2020-05-20,852.91,803.32,771.01,844.91,721.22,1320.64,907.05,900.88,861.68,106.94426,54.013863,13.45,12.35,,,,9.18,11.7,,,,,
2020-05-21,862.73,815.55,780.19,844.37,721.07,1335.15,930.83,923.29,871.94,105.73907,54.310802,13.7,12.2,,,,9.27,11.7,,,,,
2020-05-22,852.74,803.14,769.55,839.56,719.73,1319.09,910.46,901.69,852.03,107.04117,54.23926,13.42,12.32,,,,9.32,11.6,,,,,
2020-05-25,859.04,807.25,775.8,854.73,728.0,1330.05,913.21,904.06,856.35,109.14561,54.9336,13.4,12.3,,,,9.31,11.65,,,,,
2020-05-26,869.13,815.01,783.4,870.64,735.47,1342.39,924.42,915.79,865.54,110.49163,55.325935,13.58,12.3,,,,9.36,11.85,,,,,
2020-05-27,857.48,801.36,770.23,855.96,731.07,1319.13,904.3,897.9,847.48,108.89339,54.925495,13.46,12.15,,,,9.39,11.8,,,,,
2020-05-28,861.39,804.06,772.92,856.87,732.69,1324.48,910.02,901.93,848.57,109.637955,55.01208,13.43,12.11,,,,9.3,11.8,,,,,
2020-05-29,864.47,806.23,776.17,862.52,739.02,1328.9,911.92,904.56,848.34,109.81065,55.02927,13.47,12.25,,,,9.28,11.8,,,,,
2020-06-01,878.67,821.47,790.09,876.48,754.02,1356.93,943.28,933.37,867.71,114.13533,55.58558,13.69,12.3,,,,9.58,11.9,,,,,
2020-06-02,874.8,818.7,786.31,868.94,744.79,1350.17,942.29,931.53,860.39,113.642525,55.97837,13.62,12.2,,,,9.65,11.85,,,,,
2020-06-03,881.17,824.29,792.12,879.51,750.24,1363.21,958.5,946.97,870.16,116.48868,56.329998,13.63,12.26,,,,9.74,12.0,,,,,
2020-06-04,883.9,823.77,792.71,885.98,759.71,1363.75,959.93,947.94,871.84,117.42397,56.325222,13.7,12.42,,,,9.8,12.1,,,,,
2020-06-05,886.22,826.47,796.76,901.22,772.69,1368.65,961.67,950.74,878.7,118.08032,56.433712,13.75,12.34,,,,9.71,12.1,,,,,
2020-06-08,899.92,838.52,808.98,919.06,787.93,1388.48,970.65,958.62,894.17,120.0955,57.301266,14.0,12.77,,,,9.89,12.3,,,,,
2020-06-09,903.1,837.02,807.98,918.37,791.1,1386.08,965.92,956.15,884.18,120.12707,57.293144,13.96,12.5,,,,9.85,12.25,,,,,
2020-06-10,900.68,839.11,810.22,927.83,803.63,1389.36,980.63,969.45,890.67,120.68405,57.303772,14.14,12.59,,,,9.5,12.25,,,,,
2020-06-11,867.37,806.87,780.19,888.92,779.14,1337.6,937.5,928.73,843.04,116.06302,55.941868,13.65,12.59,,,,9.7,12.1,,,,,
2020-06-12,863.52,807.76,779.14,890.69,774.54,1337.23,944.66,935.1,853.61,116.9105,55.95372,13.55,12.01,,,,9.56,12.1,,,,,
2020-06-15,832.47,778.71,750.82,863.93,760.15,1287.75,912.31,904.91,821.89,113.82247,55.538673,13.0,11.79,,,,9.35,11.8,,,,,
2020-06-16,856.13,798.82,772.3,881.74,773.51,1325.16,930.8,922.0,841.54,115.48848,56.075863,13.29,11.95,,,,9.45,11.99,,,,,
2020-06-17,854.44,796.43,770.12,878.12,770.68,1318.36,924.43,915.93,835.78,113.26888,55.88452,13.4,11.9,,,,9.37,11.7,,,,,
2020-06-18,855.27,797.08,770.57,879.08,772.66,1318.36,921.91,913.76,836.17,112.7362,55.77027,13.35,11.9,,,,9.41,11.7,,,,,
2020-06-19,868.56,808.28,783.16,898.7,786.97,1340.55,937.71,929.74,850.49,115.357574,56.34055,13.5,12.04,,,,9.45,11.75,,,,,
2020-06-22,871.28,809.97,786.08,906.6,787.64,1343.24,936.95,928.47,854.05,114.72471,56.67733,13.55,12.2,,,,9.55,11.85,,,,,
2020-06-23,868.2,807.61,783.71,908.95,789.09,1338.79,935.45,929.33,856.09,114.62681,56.636444,13.54,12.3,,,,9.5,11.9,,,,,
2020-06-24,859.71,801.62,777.02,895.36,778.23,1327.81,923.03,917.78,849.79,113.69525,56.73514,13.4,11.98,,,,9.4,11.8,,,,,
2020-06-25,854.59,796.51,772.56,894.1,778.58,1320.31,915.15,909.73,840.12,114.07173,56.630558,13.34,12.1,,,,9.3,11.7,,,,,
2020-06-26,851.98,795.53,770.6,890.64,768.0,1316.87,911.95,906.99,840.7,113.44968,56.411045,13.35,11.87,,,,9.25,11.65,,,,,
2020-06-29,829.36,774.81,750.2,866.21,744.31,1280.94,884.7,881.76,816.95,110.322235,55.511494,12.82,11.6,,,,9.01,11.3,,,,,
2020-06-30,825.11,770.53,746.86,860.21,733.94,1274.91,872.87,870.57,808.66,109.76406,55.52265,13.3,11.63,,,,8.95,11.5,,,,,
2020-07-01,843.49,786.82,762.49,874.92,751.11,1301.86,896.18,892.05,825.98,111.68578,56.049465,13.3,11.95,,,,9.08,11.5,,,,,
2020-07-02,842.38,785.59,761.04,876.12,750.45,1298.45,893.46,889.47,825.82,111.60734,55.88596,13.18,11.65,,,,9.06,11.6,,,,,
2020-07-03,847.61,789.87,765.33,879.82,754.42,1304.48,897.26,892.95,827.49,111.55135,56.257473,13.29,11.71,,,,9.08,11.6,,,,,
2020-07-06,861.16,803.46,777.79,885.65,758.45,1327.08,915.18,908.92,841.48,113.07453,56.477108,13.5,11.89,,,,9.27,11.8,,,,,
2020-07-07,863.42,805.68,778.7,882.01,758.58,1329.81,916.94,909.38,842.93,113.71004,56.354298,13.48,11.95,,,,9.32,11.9,,,,,
2020-07-08,864.5,805.06,778.65,886.7,759.72,1329.69,918.41,911.05,844.43,114.36647,56.77614,13.44,11.93,,,,9.28,11.9,,,,,
2020-07-09,876.46,817.08,789.35,900.9,771.05,1348.38,942.04,933.81,860.49,116.16291,57.158638,13.7,12.3,,,,9.5,12.0,,,,,
2020-07-10,871.21,809.02,783.29,902.42,769.37,1336.36,929.09,922.26,851.54,115.6583,57.252785,13.69,12.15,,,,9.44,11.9,,,,,
2020-07-13,868.72,806.17,780.92,902.88,766.6,1331.86,925.92,918.28,851.96,115.64738,57.282333,13.5,12.03,,,,9.42,11.8,,,,,
2020-07-14,868.11,805.37,781.63,907.38,768.16,1332.97,925.11,916.65,849.99,116.13823,56.936275,13.5,12.05,,,,9.42,11.7,,,,,
2020-07-15,869.91,810.16,785.1,906.7,772.18,1338.5,933.39,925.1,860.12,115.91078,56.980637,13.7,12.14,,,,9.47,11.8,,,,,
2020-07-16,876.83,819.83,793.21,906.73,771.27,1353.15,940.16,932.6,865.53,115.59224,57.03024,13.6,12.05,,,,9.47,11.9,,,,,
2020-07-17,872.02,814.16,788.07,906.23,775.64,1346.4,938.08,930.27,861.85,116.81366,57.567066,13.6,12.15,,,,9.5,11.9,,,,,
2020-07-20,861.4,803.36,777.75,896.14,770.45,1328.61,926.48,918.7,850.29,115.7229,57.29182,13.47,12.01,,,,9.42,11.82,,,,,
2020-07-21,861.69,804.7,778.67,896.47,771.88,1330.29,927.78,918.64,851.66,116.09022,57.363594,13.5,12.0,,,,9.33,11.8,12.54,,,,
2020-07-22,855.08,797.85,772.48,891.42,767.5,1319.37,917.25,909.6,844.44,115.31793,57.57109,13.4,11.94,,,,9.38,11.7,13.41,,,,
2020-07-23,856.75,800.29,774.51,885.98,762.13,1321.78,917.27,908.92,846.1,113.86952,57.31663,13.28,11.92,,,,9.27,11.55,12.5,,,,
2020-07-24,829.16,772.29,748.0,853.65,732.51,1275.0,881.67,874.08,811.25,109.33184,55.783226,13.0,11.59,,,,9.08,11.3,13.37,,,,
2020-07-27,785.17,729.93,707.37,809.24,696.18,1203.8,824.75,819.72,761.5,102.8451,53.652027,12.25,10.95,,,,8.7,10.7,12.44,,,,
2020-07-28,813.36,756.17,733.3,839.22,720.74,1250.53,857.08,851.12,792.63,107.97596,55.274765,12.6,11.5,,,,8.85,11.0,11.57,,,,
2020-07-29,790.84,735.16,713.11,818.72,701.29,1217.7,833.9,832.39,767.44,106.85468,54.165855,12.38,11.0,,,,8.52,10.7,10.77,,,,
2020-07-30,801.13,746.02,723.78,824.98,705.12,1236.22,844.05,839.86,779.66,108.10202,54.861233,12.46,11.7,,,,8.56,10.9,10.02,,,,
2020-07-31,798.39,740.73,719.36,817.11,699.93,1229.21,834.27,829.39,771.51,107.50753,54.802227,12.4,11.1,,,,8.57,10.9,9.6,,,,
2020-08-03,814.65,757.86,735.05,837.39,718.96,1256.87,857.19,850.27,792.24,110.425896,55.505917,12.62,11.35,,,,8.63,11.2,9.84,,,,
2020-08-04,827.57,768.22,745.31,852.31,729.42,1275.45,871.39,864.32,804.77,112.503075,55.8942,12.9,11.4,,,,8.8,11.3,9.98,,,,
2020-08-05,837.8,780.71,755.7,864.41,739.09,1293.68,888.1,879.91,821.58,114.02097,56.057114,13.07,11.8,,,,9.05,11.5,10.13,,,,
2020-08-06,840.04,781.6,756.83,863.16,741.55,1294.92,881.8,875.03,818.68,113.348656,56.11743,13.44,11.7,,,,9.02,11.5,10.1,,,,
2020-08-07,841.46,782.15,757.88,866.79,747.45,1296.29,882.03,874.03,818.05,112.77549,56.219906,13.2,11.55,,,,9.0,11.4,10.18,,,,
2020-08-10,843.2,784.3,760.57,874.26,755.75,1300.84,886.6,878.17,821.94,113.64286,56.299072,13.29,11.73,,,,9.07,11.5,10.28,,,,
2020-08-11,843.08,784.57,760.54,876.1,755.27,1304.72,892.42,883.78,824.68,116.29725,56.517216,13.13,11.8,,,,9.09,11.5,10.21,,,,
2020-08-12,846.92,788.42,763.57,877.16,752.03,1309.38,900.67,890.37,829.16,116.10468,56.78061,13.3,11.8,,,,9.18,11.5,10.25,,,,
2020-08-13,855.05,795.09,769.7,884.01,762.95,1319.61,908.09,896.9,840.34,116.869484,56.862743,13.32,11.9,,,,9.27,11.6,10.45,,,,
2020-08-14,850.74,791.98,766.64,877.74,759.87,1314.45,903.48,892.89,840.06,116.234406,56.73947,13.3,11.95,,,,9.22,11.6,10.32,,,,
2020-08-17,850.15,791.54,766.96,882.16,761.96,1316.34,904.7,894.1,836.5,117.21229,56.861534,13.27,11.94,,,,9.24,11.7,10.23,,,,
2020-08-18,846.43,786.95,763.49,886.61,765.09,1309.19,901.71,891.32,833.83,117.01983,57.086037,13.28,11.88,,,10.0,9.22,11.7,10.25,,,,
2020-08-19,851.21,789.41,766.49,894.45,770.96,1315.8,905.74,895.24,837.72,119.18904,57.17051,13.3,11.9,,,9.82,9.23,11.6,10.32,,,,
2020-08-20,848.21,786.11,763.88,893.53,770.93,1314.42,901.77,891.98,837.36,121.18043,57.24038,13.25,11.85,,,9.77,9.16,11.6,10.32,,,,
2020-08-21,854.78,793.6,770.87,906.66,780.84,1325.92,920.39,908.31,849.53,122.63619,57.39403,13.31,12.07,,,9.86,9.31,11.8,10.35,,,,
2020-08-24,868.68,809.69,784.94,916.35,790.32,1349.45,943.95,931.49,870.98,123.1625,57.981766,13.58,12.35,,,10.04,9.64,11.9,10.35,,,,
2020-08-25,874.12,815.18,789.93,919.61,793.26,1358.23,948.34,934.76,885.93,123.36815,58.193237,13.78,12.6,,,10.13,9.68,12.0,10.64,,,,
2020-08-26,873.47,812.36,788.7,924.59,797.89,1355.79,944.18,931.3,881.28,123.885376,58.522312,13.68,12.49,,,10.09,9.6,12.0,10.85,,,,
2020-08-27,874.71,814.55,790.74,931.0,805.47,1359.92,946.65,934.02,888.59,124.91888,59.04705,13.75,12.7,,,10.04,9.65,12.0,10.75,,,,
2020-08-28,878.98,821.93,795.4,927.42,807.69,1368.55,956.8,944.35,900.67,125.83538,59.327408,13.85,12.82,,,10.23,9.75,12.2,10.6,,,,
2020-08-31,881.65,823.93,795.94,919.69,798.76,1369.56,955.08,940.8,896.78,124.85268,58.82062,13.79,12.75,,,10.24,9.75,12.1,10.85,,,,
2020-09-01,891.73,832.03,805.11,933.98,805.23,1384.75,963.62,949.68,905.66,125.41417,58.800316,13.98,12.85,,,10.34,9.82,12.2,10.75,,,,
2020-09-03,903.97,843.64,815.71,940.48,806.5,1403.07,976.98,964.29,913.68,126.05496,58.964096,14.12,13.0,,,10.4,9.9,12.4,10.99,,,,
2020-09-04,901.54,840.54,813.75,940.35,802.79,1399.11,970.22,957.48,906.67,126.14747,58.890095,14.09,13.0,,,10.4,9.86,12.3,10.95,,,,
2020-09-07,888.25,824.36,800.52,935.84,797.78,1375.18,945.92,934.89,880.01,125.42865,58.639973,14.0,12.99,,,10.25,9.72,12.2,11.0,,,,
2020-09-08,890.14,827.57,803.1,943.23,802.93,1378.15,954.5,943.41,892.88,124.80088,58.8157,13.97,12.97,,,10.28,9.71,12.2,11.0,,,,
2020-09-09,889.32,824.42,801.8,949.6,809.28,1375.86,949.15,938.37,891.09,125.9268,58.836212,13.8,12.89,,,10.28,9.71,12.1,11.0,,,,
2020-09-10,888.82,825.85,803.53,955.08,813.26,1378.62,950.22,940.07,897.54,125.816956,59.033512,13.83,12.9,,,10.23,9.72,12.1,10.9,,,,
2020-09-11,888.97,825.56,803.75,958.93,821.15,1379.06,953.56,942.51,896.79,126.20693,59.088707,13.87,12.76,,,10.26,9.74,12.2,10.8,,,,
2020-09-14,894.57,832.24,810.34,967.3,826.66,1390.37,962.37,951.16,901.82,127.43447,59.414864,13.95,12.8,,,10.28,9.72,12.3,10.8,,,,
2020-09-15,896.26,833.33,811.97,968.91,827.9,1393.15,959.84,948.13,901.48,127.92754,59.560917,13.97,12.8,,,10.31,9.75,12.3,10.85,,,,
2020-09-16,897.47,834.5,813.59,973.13,827.69,1395.27,958.99,948.22,906.04,127.8715,59.759254,14.0,12.85,,,10.34,9.75,12.3,10.9,,,,
2020-09-17,894.04,831.84,810.8,973.01,828.0,1391.34,956.03,945.23,902.93,128.47452,59.872875,14.0,12.9,,,10.35,9.7,12.3,10.94,,,,
2020-09-18,900.95,841.26,819.16,982.43,831.1,1406.1,973.53,961.64,918.88,129.20131,60.59129,14.2,13.01,,,10.44,9.9,12.4,11.07,,,,
2020-09-21,907.94,851.54,828.13,983.52,829.39,1424.05,982.98,970.9,928.71,130.57932,60.741882,14.28,13.17,,,10.5,9.99,12.45,11.08,,,,
2020-09-22,906.19,852.72,828.39,985.44,826.21,1426.69,994.3,980.4,932.43,132.1916,60.658558,14.3,13.2,,,10.55,10.03,12.4,11.08,,,,
2020-09-23,912.5,858.3,833.24,990.18,829.2,1435.29,1003.29,987.74,939.8,132.64233,60.96323,14.38,13.4,,,10.6,10.19,12.6,11.16,,,,
2020-09-24,908.58,853.21,828.45,990.22,827.97,1425.96,1002.99,987.61,936.52,131.71205,61.001602,14.3,13.3,,,10.59,10.14,12.5,11.13,,,,
2020-09-25,908.27,854.71,828.51,983.72,826.9,1426.87,1010.07,991.6,933.42,131.5221,61.285957,14.3,13.25,,,10.55,10.15,12.55,11.14,,,,
2020-09-28,912.5,863.31,835.2,991.46,832.44,1439.75,1031.09,1009.29,946.09,133.12215,61.778217,14.49,13.43,,,10.65,10.41,12.6,11.25,,,,
2020-09-29,903.98,856.2,828.15,980.39,827.02,1426.38,1014.66,994.82,936.32,131.73755,61.521355,14.53,13.37,,,10.66,10.35,12.6,11.6,,,,
2020-09-30,905.21,858.54,831.02,988.92,833.55,1431.29,1019.54,999.06,939.36,132.93301,61.72645,14.52,13.37,,,10.68,10.38,12.7,12.0,,,,
2020-10-01,914.09,867.58,840.54,1004.34,843.11,1446.64,1028.29,1012.04,951.34,133.49615,62.418846,14.55,13.48,,,10.71,10.4,12.9,11.24,,,,
2020-10-02,909.91,861.51,835.86,1003.78,838.84,1439.88,1021.28,1005.09,943.52,134.90817,62.351665,14.5,13.4,,,10.68,10.33,12.7,12.02,,,,
2020-10-05,914.68,867.7,842.13,1020.34,853.21,1451.33,1034.62,1017.81,956.22,137.18741,62.8125,14.54,13.55,,,10.75,10.44,12.9,12.01,,,,
2020-10-06,915.67,871.37,844.74,1024.66,861.18,1456.62,1037.87,1020.78,957.34,137.77301,63.905354,14.61,13.6,,,10.77,10.49,12.8,12.01,,,,
2020-10-07,919.72,870.85,844.57,1019.68,862.36,1454.67,1024.77,1008.85,952.12,136.13126,63.953857,14.66,13.6,,,10.82,10.5,12.85,11.35,,,,
2020-10-08,918.84,869.82,842.49,1013.22,859.21,1451.0,1018.55,1001.67,954.32,135.61469,63.532864,14.6,13.53,,,10.77,10.32,12.7,11.3,,,,
2020-10-09,924.0,874.53,846.75,1016.27,858.83,1459.73,1020.51,1004.02,954.86,136.91064,64.01173,14.63,13.55,,,10.77,10.39,12.8,11.39,,,,
2020-10-12,925.83,874.9,846.03,1008.27,848.6,1458.72,1027.33,1007.06,952.37,135.90231,63.471645,14.7,13.5,,,10.84,10.45,12.9,11.44,,,,
2020-10-13,929.86,878.35,848.78,1008.21,846.82,1464.0,1038.15,1013.18,953.53,136.15215,63.42859,14.7,13.53,,,10.91,10.46,12.9,11.44,,,,
2020-10-14,940.18,892.15,859.11,1009.4,844.82,1483.78,1055.56,1033.43,967.5,137.48763,63.1327,14.95,13.75,,,11.0,10.64,13.1,11.9,,,,
2020-10-15,942.76,899.2,864.39,1007.7,835.9,1496.67,1060.46,1038.8,970.53,139.65749,63.477814,15.07,13.85,,,11.09,10.75,13.2,11.8,,,,
2020-10-16,943.3,901.59,865.76,1007.25,831.84,1499.67,1069.82,1044.7,983.58,139.82405,63.851532,15.1,14.0,,,11.11,10.92,13.2,11.7,,,,
2020-10-19,943.69,903.51,867.3,1011.0,836.05,1504.32,1082.53,1052.76,988.99,140.884,63.95206,15.14,14.07,,,11.15,10.95,13.2,12.15,,,,
2020-10-20,944.42,909.49,872.0,1016.64,839.12,1511.27,1097.85,1068.66,996.88,140.32697,63.712624,15.3,14.25,,,11.19,11.09,13.2,11.68,,,,
2020-10-21,939.03,906.1,868.04,1004.04,833.38,1505.04,1089.35,1059.82,988.97,139.98247,63.75333,15.3,14.15,,,11.2,11.09,13.4,11.76,,,,
2020-10-22,949.9,918.3,878.61,1007.93,835.71,1524.33,1105.05,1073.46,1004.97,140.85944,63.643448,15.45,14.2,,,11.26,11.1,13.5,12.15,,,,
2020-10-23,961.26,930.3,890.21,1009.77,840.37,1544.45,1106.71,1074.6,1007.92,141.6996,63.910706,15.62,14.4,,,12.02,11.21,13.7,12.0,,,,
2020-10-26,950.8,919.56,880.62,995.27,833.9,1525.4,1072.48,1042.83,990.33,139.03131,63.573364,15.74,14.4,,,11.56,11.09,13.6,12.13,,,,
2020-10-27,946.47,915.46,875.78,985.69,825.0,1516.67,1060.23,1031.12,985.18,137.12993,63.396374,15.41,14.15,,,11.36,10.84,13.5,11.87,,,,
2020-10-28,921.05,888.88,850.35,963.2,808.53,1471.26,1028.04,998.04,951.67,134.03993,62.731644,14.8,13.7,,,11.14,10.55,13.3,11.87,,,,
2020-10-29,919.08,886.68,849.86,968.17,812.03,1470.59,1026.45,999.54,947.65,134.36984,62.739677,14.79,13.87,,,10.92,10.41,13.0,11.87,,,,
2020-10-30,925.47,892.55,856.49,971.39,813.96,1482.41,1023.39,997.92,959.79,135.34415,62.854652,14.9,13.92,,,11.02,10.35,12.9,11.87,,,,
2020-11-02,933.68,899.27,862.92,984.03,822.52,1493.48,1041.5,1013.22,967.92,136.87149,63.08139,14.96,14.1,,,11.08,10.43,13.14,11.56,,,,
2020-11-03,935.41,902.14,865.47,992.89,828.27,1499.44,1048.62,1020.32,976.45,138.57553,63.13675,15.18,14.1,,,11.09,10.63,13.2,11.66,,,,
2020-11-04,939.76,905.48,869.83,1007.66,838.64,1507.46,1058.04,1030.22,981.82,140.02559,63.495007,15.23,14.2,,,11.24,10.61,13.4,11.73,,,,
2020-11-05,937.75,903.64,867.97,1000.04,835.71,1502.66,1045.44,1019.0,976.55,138.30276,63.312027,15.2,13.94,,,11.22,10.65,13.4,11.73,,,,
2020-11-06,938.29,902.91,868.11,1004.54,840.21,1503.91,1039.74,1014.24,972.23,139.30864,63.5717,15.2,13.88,,,11.2,10.6,13.4,11.65,,,,
2020-11-09,951.99,917.42,882.31,1023.88,852.82,1529.35,1056.97,1030.59,988.56,141.60986,64.02118,15.33,14.07,,,11.25,10.6,13.4,11.78,,,,
2020-11-10,951.9,916.5,881.17,1023.44,851.92,1527.05,1052.4,1028.36,984.27,141.36685,64.159515,15.5,14.22,,,12.0,10.7,13.6,11.9,,,,
2020-11-11,952.22,916.68,881.46,1026.69,855.88,1527.85,1052.51,1029.28,987.31,141.82031,65.02705,15.36,14.22,,,11.42,10.61,13.6,11.91,,,,
2020-11-12,959.28,923.0,888.02,1036.88,859.11,1542.61,1066.02,1040.72,1004.81,144.61961,64.52263,15.41,14.25,,,11.48,10.83,13.7,11.96,,,,
2020-11-13,966.29,931.2,895.41,1043.86,865.18,1554.84,1088.94,1058.82,1017.91,144.74016,64.70049,15.7,14.65,,,11.58,11.0,13.8,12.08,,,,
2020-11-16,950.79,915.97,880.93,1035.28,865.41,1528.44,1076.93,1047.56,1007.78,143.35583,64.84502,15.35,14.34,,,11.42,11.02,13.8,12.01,,,,
2020-11-17,968.9,934.65,898.54,1052.03,876.62,1561.93,1100.93,1069.49,1027.59,146.57596,66.14798,15.52,14.7,,,11.61,11.08,13.9,12.04,,,,
2020-11-18,973.53,937.67,901.58,1060.15,883.9,1566.36,1105.79,1073.2,1027.13,146.79684,65.88297,15.7,14.61,,,11.65,11.1,13.9,12.0,,,,
2020-11-19,983.26,944.92,906.5,1059.21,888.96,1574.87,1115.99,1080.22,1033.62,146.85382,66.0537,15.82,14.7,,,11.7,11.16,14.0,12.15,,,,
2020-11-20,990.0,950.89,912.86,1071.56,901.59,1584.38,1118.43,1083.59,1036.05,147.21016,66.4296,15.95,14.7,,,11.82,11.34,14.1,12.46,,,,
2020-11-23,994.19,960.03,920.38,1074.75,907.24,1596.55,1120.77,1085.55,1048.79,148.1751,66.69223,15.95,15.1,,,11.92,11.35,14.2,12.49,,,,
2020-11-24,995.76,959.61,921.76,1079.02,907.57,1597.85,1122.88,1089.35,1046.24,147.58395,66.76126,16.05,14.9,,,11.9,11.46,14.3,12.49,,,,
2020-11-25,999.94,960.63,922.54,1074.21,907.76,1599.93,1132.42,1097.93,1049.11,148.09004,66.604034,16.18,14.97,,,11.92,11.5,14.4,12.49,,,,
2020-11-26,1005.97,964.16,924.99,1076.79,911.37,1604.27,1144.7,1106.73,1057.89,148.39514,66.49574,16.2,15.1,,,11.94,11.5,14.2,12.5,,,,
2020-11-27,1010.22,971.11,931.01,1086.98,918.06,1612.68,1153.73,1117.96,1072.5,148.16551,66.78692,16.24,15.18,,,12.02,11.65,14.2,12.6,,,,
2020-11-30,1003.08,965.89,926.76,1088.1,918.17,1603.71,1155.51,1123.85,1075.61,147.70396,66.896034,16.27,15.52,,,12.0,11.4,14.19,12.6,,,,
2020-12-01,1008.87,976.35,935.82,1093.72,924.54,1619.85,1179.26,1143.82,1086.0,148.93152,67.80786,16.32,15.52,,,12.07,11.4,14.3,12.6,,,,
2020-12-02,1014.32,979.95,939.62,1098.51,925.41,1626.19,1187.81,1150.93,1088.95,150.79585,68.601234,16.45,15.5,,,12.15,12.01,14.39,12.63,,,,
2020-12-03,1019.8,985.44,945.84,1113.72,932.08,1635.35,1190.58,1153.01,1089.95,151.9858,69.02145,16.65,15.6,,,12.22,11.9,14.4,12.8,,,,
2020-12-04,1021.49,984.34,945.36,1117.7,930.74,1632.45,1184.46,1145.3,1087.39,152.48302,68.60777,16.6,15.5,,,12.2,12.0,14.41,12.7,,,,
2020-12-07,1029.98,992.01,951.86,1123.87,943.7,1643.64,1192.91,1155.11,1091.41,154.19981,68.70023,16.67,15.55,,,12.29,12.0,14.44,12.73,,,,
2020-12-08,1029.26,993.61,953.04,1128.5,951.05,1646.56,1203.1,1165.34,1096.68,156.60516,68.936424,16.63,15.8,,,12.27,12.05,14.5,12.86,11.7,,,
2020-12-09,1039.13,1004.03,961.71,1133.24,956.1,1665.34,1219.42,1182.41,1107.59,158.74174,69.260445,16.92,15.71,,,12.41,12.19,14.8,13.0,11.79,,,
2020-12-10,1030.91,994.28,952.46,1118.97,946.05,1648.48,1204.4,1168.63,1092.77,159.29742,68.70675,16.72,15.68,,,12.35,12.32,14.7,13.0,11.85,,,
2020-12-11,1045.96,1008.65,965.6,1130.92,956.48,1671.65,1221.1,1182.65,1109.5,162.32483,68.72393,16.92,15.8,,,12.52,12.45,14.75,13.1,11.82,,,
2020-12-14,1064.09,1024.28,980.95,1147.25,973.48,1696.26,1243.71,1204.8,1121.82,165.74132,69.361275,17.11,15.93,,,12.68,12.45,14.9,13.2,11.95,,,
2020-12-15,1055.27,1013.02,972.39,1152.5,980.08,1679.75,1230.25,1193.22,1114.73,167.866,69.61627,17.0,16.0,,,12.5,12.49,15.0,13.13,12.04,,,
2020-12-16,1066.99,1029.72,985.46,1160.29,991.33,1702.47,1270.22,1228.82,1136.33,171.616,70.252045,17.3,16.14,,,12.71,12.8,15.1,13.25,12.09,,,
2020-12-17,1051.77,1016.95,974.16,1156.59,992.27,1682.41,1260.15,1224.05,1124.27,172.00467,70.293915,17.1,15.97,,,12.56,12.84,15.0,13.18,11.99,,,
2020-12-18,1067.46,1036.65,991.24,1177.56,1002.27,1709.33,1306.43,1271.88,1153.55,177.02008,70.94563,17.59,16.39,,,12.89,13.3,15.3,13.33,12.3,,,
2020-12-21,1081.08,1049.71,1005.34,1202.68,1017.1,1733.29,1327.73,1304.16,1172.13,182.1142,71.63696,17.7,16.7,,,13.05,13.59,15.5,13.6,12.36,,,
2020-12-22,1083.45,1052.23,1010.22,1228.9,1038.46,1737.76,1326.78,1310.52,1183.07,187.84785,72.81862,17.69,16.84,,,13.0,13.39,15.6,13.5,12.35,,,
2020-12-23,1078.9,1045.7,1004.79,1220.21,1042.13,1727.66,1303.79,1285.65,1166.24,190.25253,73.59316,17.6,16.74,,,12.98,13.4,15.8,13.52,12.39,,,
2020-12-24,1067.52,1033.95,993.84,1207.64,1023.02,1707.2,1284.84,1265.61,1149.22,187.62978,73.07252,17.5,16.4,,,12.59,13.02,15.5,13.9,12.23,,,
2020-12-25,1084.42,1052.13,1010.81,1232.34,1043.54,1735.48,1320.41,1303.62,1173.26,192.45526,72.9353,17.8,16.6,,,13.0,13.47,15.8,13.85,12.33,,,
2020-12-28,1091.33,1054.23,1014.09,1245.4,1055.81,1739.42,1318.46,1303.48,1170.37,196.57367,73.0953,17.71,16.79,,,13.02,13.47,15.9,13.6,12.44,,,
2020-12-29,1099.49,1058.39,1020.38,1257.41,1066.96,1749.63,1314.18,1298.98,1173.66,197.10117,73.82804,17.79,16.7,,,13.07,13.41,15.8,13.78,12.48,,,
2020-12-30,1097.54,1059.16,1020.64,1252.37,1066.58,1749.77,1316.09,1304.09,1176.48,196.9406,73.40947,17.73,16.81,,,13.18,13.41,15.6,13.78,12.46,,,
2020-12-31,1103.87,1070.77,1030.3,1265.67,1075.41,1765.92,1336.43,1323.64,1195.55,203.1151,74.454575,18.0,17.2,,,13.33,13.65,15.8,13.95,12.53,,,
2021-01-04,1120.47,1091.87,1050.17,1294.87,1097.97,1799.7,1382.6,1368.04,1226.55,206.28146,74.1971,18.33,17.43,,,13.41,14.15,16.2,14.15,12.94,,,
2021-01-05,1132.55,1104.3,1063.51,1308.05,1107.52,1824.52,1397.86,1381.26,1242.33,208.12811,74.42633,18.51,17.65,,,13.58,14.14,16.3,14.34,12.95,,,
2021-01-06,1143.21,1113.72,1069.61,1307.23,1110.75,1837.31,1431.3,1409.98,1250.74,211.6776,74.817,18.7,17.9,,,13.8,14.65,16.4,14.7,13.12,,,
2021-01-07,1156.49,1130.59,1085.0,1330.23,1123.46,1864.0,1466.81,1441.64,1269.65,216.22989,75.379425,18.98,18.1,,,13.96,14.89,16.5,14.73,13.26,,,
2021-01-08,1167.69,1147.86,1100.14,1337.14,1133.95,1890.69,1490.59,1462.4,1285.86,217.39758,76.06615,19.22,18.25,,,14.17,15.01,16.7,14.83,13.5,,,
2021-01-11,1184.89,1163.4,1117.31,1349.91,1148.45,1921.48,1487.07,1454.46,1298.87,219.12091,76.94678,19.55,18.57,,,14.38,15.15,17.0,15.0,13.68,,,
2021-01-12,1192.28,1169.03,1124.28,1369.84,1163.92,1930.15,1481.04,1451.42,1308.02,221.97078,77.8865,19.8,18.68,,,14.46,15.1,17.1,15.45,13.78,,,
2021-01-13,1186.05,1164.57,1117.43,1361.67,1165.07,1920.13,1482.58,1455.75,1308.9,222.48917,77.92967,19.59,18.58,,,14.5,15.13,17.2,14.99,13.66,,,
2021-01-14,1187.4,1168.99,1121.93,1377.66,1176.68,1926.79,1507.52,1479.23,1320.44,222.26863,77.7546,19.58,19.04,,,14.35,15.23,17.3,16.0,13.7,,,
2021-01-15,1194.2,1182.2,1134.45,1392.58,1190.99,1947.89,1537.83,1511.36,1336.33,225.46626,78.63726,19.8,19.25,,,14.54,15.77,17.5,15.32,13.92,,,
2021-01-18,1191.94,1173.34,1129.9,1406.88,1198.51,1935.4,1509.82,1487.0,1322.25,230.50476,78.5518,19.69,18.92,,,14.59,15.47,17.6,15.8,13.87,,,
2021-01-19,1131.0,1107.32,1069.81,1345.25,1143.1,1827.44,1412.27,1394.94,1244.59,224.02414,76.15412,18.7,18.0,,,13.96,14.5,16.5,14.89,13.1,,,
2021-01-20,1134.68,1116.21,1075.8,1339.86,1133.02,1841.68,1415.33,1398.31,1257.57,233.2565,76.18001,18.85,18.0,,,13.8,14.3,16.5,14.31,13.08,,,
2021-01-21,1164.21,1151.3,1107.82,1383.57,1168.07,1895.64,1479.8,1454.25,1301.68,240.27274,77.46421,19.3,18.6,,,14.23,15.06,16.7,14.96,13.6,,,
2021-01-22,1166.78,1156.58,1113.52,1398.97,1166.98,1902.3,1482.98,1454.6,1314.46,240.11519,77.595345,19.39,18.6,,,14.26,15.06,16.9,15.0,13.57,,,
2021-01-25,1166.05,1154.29,1115.4,1421.8,1171.87,1900.41,1458.76,1431.69,1323.12,231.8422,77.415504,19.36,18.85,,,14.34,14.9,17.0,15.07,13.59,,,
2021-01-26,1136.12,1125.09,1087.22,1382.81,1141.64,1853.62,1407.67,1379.42,1296.06,227.81673,76.421555,18.7,18.29,,,13.81,14.2,16.8,14.73,13.08,,,
2021-01-27,1097.17,1083.63,1047.45,1332.28,1100.73,1787.24,1335.95,1307.82,1251.73,220.7869,74.46389,18.35,18.0,,,13.52,14.0,15.7,14.27,12.8,,,
2021-01-28,1023.94,1010.75,977.43,1247.41,1034.81,1665.48,1245.82,1224.0,1165.05,203.04515,69.119446,17.07,16.74,,,12.9,13.8,15.25,13.46,11.91,,,
2021-01-29,1056.61,1048.31,1013.96,1279.6,1051.01,1730.6,1279.72,1252.91,1215.52,214.21262,72.078354,17.5,17.86,,,13.17,13.9,15.8,13.59,12.37,,,
2021-02-01,1035.51,1029.86,992.71,1238.38,1015.52,1696.14,1264.45,1238.9,1183.99,208.84622,71.079475,17.31,18.2,,,13.2,13.15,15.6,13.72,12.8,,,
2021-02-02,1075.53,1079.7,1036.74,1261.19,1026.13,1776.44,1337.13,1302.53,1233.32,215.35895,71.6608,18.2,18.02,,,13.12,13.63,15.7,13.92,12.68,,,
2021-02-03,1111.29,1117.98,1072.7,1308.59,1059.86,1837.47,1393.18,1357.94,1275.09,223.61885,73.303856,18.85,18.4,,,13.81,14.26,16.4,14.48,13.12,,,
2021-02-04,1112.19,1117.74,1072.95,1318.64,1066.43,1837.95,1391.96,1358.78,1291.21,223.67883,74.05882,18.75,18.4,,,13.85,14.2,16.5,14.48,13.0,,,
2021-02-05,1126.91,1135.5,1089.11,1334.54,1082.56,1867.14,1429.05,1390.89,1313.08,223.84343,73.88538,19.49,18.8,,,14.19,14.5,16.7,14.62,13.33,,,
2021-02-08,1083.18,1092.59,1047.53,1291.73,1059.29,1793.53,1372.65,1341.06,1273.78,220.76395,72.64924,18.59,18.05,,,13.56,14.02,15.9,14.08,12.87,,,
2021-02-09,1114.93,1129.49,1081.05,1321.59,1081.57,1853.3,1427.53,1390.31,1318.61,224.90123,73.813675,19.47,18.8,,,13.97,14.51,16.3,14.51,13.08,,,
2021-02-17,1155.78,1174.91,1123.9,1379.59,1119.54,1926.08,1495.47,1455.8,1387.44,230.5737,75.735825,19.6,19.7,,,14.5,15.23,16.9,15.11,13.74,,,
2021-02-18,1174.38,1187.94,1138.15,1401.99,1130.09,1947.9,1506.06,1467.99,1402.93,230.95828,75.34636,19.76,19.95,,,14.75,15.2,17.1,15.3,13.83,,,
2021-02-19,1173.5,1180.59,1132.36,1402.45,1135.57,1942.09,1506.91,1467.19,1392.44,231.18016,76.12549,19.85,19.79,,,14.75,15.33,17.3,15.24,14.08,,,
2021-02-22,1175.04,1180.55,1133.04,1401.01,1142.77,1945.21,1504.63,1465.54,1388.31,237.97241,76.56614,19.81,19.8,,,14.69,15.6,17.3,15.28,14.0,,,
2021-02-23,1177.64,1182.47,1133.16,1392.97,1150.33,1947.9,1518.48,1477.58,1385.21,238.78223,76.46725,19.9,19.6,,,14.76,15.55,17.3,15.35,13.97,,,
2021-02-24,1162.01,1167.18,1118.0,1375.34,1140.79,1921.33,1496.4,1454.8,1369.83,237.88692,76.22334,19.55,19.5,,,14.5,15.5,16.9,15.3,13.72,,,
2021-02-25,1165.43,1169.82,1120.14,1376.75,1145.3,1928.46,1499.24,1456.64,1377.03,246.20116,76.48482,19.72,19.51,,,14.5,15.31,16.9,15.1,13.5,,,
2021-02-26,1168.47,1173.6,1123.44,1384.59,1157.58,1934.94,1502.68,1459.78,1380.77,249.22354,76.63794,19.7,19.6,,,14.47,15.37,16.9,15.18,13.8,,,
2021-03-01,1186.17,1191.83,1141.22,1415.12,1184.59,1964.43,1540.59,1495.62,1402.24,252.36914,77.14974,20.03,19.95,,,14.84,15.69,17.3,15.54,14.01,,,
2021-03-02,1186.61,1194.71,1142.29,1409.9,1193.31,1964.07,1543.04,1504.11,1403.67,247.93849,77.45743,20.03,19.99,,,14.92,15.8,17.5,15.4,14.01,,,
2021-03-03,1186.95,1195.6,1142.98,1415.69,1212.34,1964.71,1547.41,1508.25,1408.04,254.09908,78.09896,20.06,20.02,,,14.9,15.77,17.4,15.54,13.98,,,
2021-03-04,1168.52,1174.29,1124.28,1395.31,1198.05,1932.18,1514.31,1475.28,1376.6,255.77304,77.95679,20.1,20.02,,,14.59,15.28,17.3,15.45,13.8,,,
2021-03-05,1168.69,1173.83,1123.45,1397.41,1208.32,1930.88,1518.2,1477.18,1376.3,259.80438,78.55877,19.74,19.6,,,14.54,15.42,17.3,15.11,13.78,,,
2021-03-08,1168.27,1170.0,1122.18,1411.53,1231.51,1925.05,1512.38,1472.99,1370.67,263.41858,79.41708,19.66,19.5,,,14.64,15.5,17.2,15.16,13.74,,,
2021-03-09,1161.97,1163.0,1117.14,1416.15,1237.62,1914.75,1507.6,1470.2,1361.03,264.82837,79.53875,19.65,19.46,,,14.54,15.44,16.8,14.99,13.64,,,
2021-03-10,1170.08,1172.26,1126.55,1427.2,1240.09,1932.2,1522.33,1484.29,1377.82,267.10428,80.23628,19.72,19.49,,,14.65,15.52,16.9,15.08,14.0,,,
2021-03-11,1181.73,1188.71,1140.03,1439.0,1249.04,1957.28,1555.76,1515.05,1396.47,273.5217,80.33649,20.0,19.87,,,14.78,15.9,17.3,15.38,13.86,,,
2021-03-12,1181.56,1187.81,1139.25,1438.22,1251.27,1956.97,1556.44,1516.78,1394.29,273.91098,80.33085,19.92,19.85,,,14.84,15.93,17.4,15.39,14.0,,,
2021-03-15,1184.56,1190.86,1142.07,1443.46,1267.73,1962.77,1561.62,1522.94,1402.14,275.18896,80.82395,20.0,19.97,,,14.81,15.86,17.5,15.4,14.0,,,
2021-03-16,1179.9,1187.84,1139.96,1446.41,1272.76,1961.08,1551.43,1513.67,1410.65,275.8781,80.9312,19.99,20.0,,,14.73,15.82,17.4,15.33,13.83,,,
2021-03-17,1186.09,1193.45,1143.37,1446.13,1276.46,1967.5,1577.52,1533.7,1418.12,276.54764,81.7119,20.03,20.17,,,14.81,16.01,17.5,15.38,13.9,,,
2021-03-18,1200.94,1211.54,1159.35,1460.46,1279.79,1996.78,1610.15,1567.45,1436.66,277.4806,81.68554,20.28,20.4,,,15.07,16.32,17.6,15.57,14.18,,,
2021-03-19,1194.05,1203.36,1155.64,1475.68,1285.54,1988.87,1598.96,1560.15,1433.21,277.6983,81.47797,20.2,20.42,,,14.97,16.26,17.6,15.61,14.18,,,
2021-03-22,1194.43,1198.54,1151.61,1470.9,1296.41,1980.59,1590.79,1549.77,1423.82,274.83853,81.27746,20.22,20.32,,,15.0,16.26,17.6,15.57,14.13,,,
2021-03-23,1183.45,1186.98,1140.26,1453.42,1283.9,1961.1,1567.17,1525.91,1410.46,272.3435,81.14346,19.95,20.12,,,14.85,15.99,17.6,15.43,13.94,,,
2021-03-24,1161.81,1165.61,1120.08,1419.09,1260.38,1926.84,1528.81,1486.58,1382.16,268.69302,80.49664,19.7,19.8,,,14.5,15.6,17.7,15.1,13.7,,,
2021-03-25,1163.1,1164.64,1120.05,1418.62,1257.69,1925.89,1529.82,1486.36,1377.02,267.18948,80.37586,19.6,19.62,,,14.58,15.7,17.0,15.13,13.71,,,
2021-03-26,1162.21,1167.19,1121.34,1414.33,1251.03,1934.06,1531.25,1488.71,1373.23,270.95947,79.85474,19.65,19.59,,,14.3,15.45,16.8,15.04,13.58,,,
2021-03-29,1175.68,1180.07,1134.62,1437.98,1280.34,1959.03,1555.97,1510.84,1393.14,276.16132,80.51691,19.89,19.9,,,14.58,15.8,17.1,15.18,13.58,,,
2021-03-30,1186.36,1190.86,1146.87,1458.74,1291.12,1984.19,1580.21,1533.02,1395.65,281.14496,80.62743,20.0,19.81,,,14.83,16.2,17.5,15.53,13.95,,,
2021-03-31,1191.44,1196.24,1151.78,1462.87,1299.86,1997.72,1591.06,1542.1,1396.57,286.66776,81.41277,20.1,19.89,,,15.0,16.28,17.7,15.57,13.94,,,
2021-04-01,1216.1,1226.16,1179.02,1482.72,1309.32,2047.24,1627.54,1577.43,1430.25,292.39944,81.71074,20.6,20.2,,,15.2,16.6,18.0,15.92,14.26,,,
2021-04-02,1224.45,1238.03,1188.8,1487.64,1311.32,2066.26,1652.24,1597.55,1441.78,294.88947,82.27381,20.84,20.62,,,15.34,16.8,18.3,16.0,14.48,,,
2021-04-05,1236.05,1249.9,1199.3,1495.87,1312.54,2079.53,1685.11,1630.44,1444.37,291.23764,82.84226,21.06,20.5,,,15.6,16.9,18.5,16.0,14.6,,,
2021-04-06,1239.96,1255.36,1204.83,1500.01,1315.31,2091.06,1698.71,1646.39,1451.38,291.67856,82.596664,21.04,20.56,,,15.64,17.24,18.5,16.26,14.68,,,
2021-04-07,1242.38,1257.77,1208.16,1512.75,1328.86,2093.45,1698.45,1649.62,1459.45,292.83572,82.55768,21.11,20.61,,,15.6,17.25,18.3,16.29,14.79,,,
2021-04-08,1234.89,1251.81,1203.34,1517.09,1326.85,2085.08,1685.69,1639.09,1454.38,293.74954,83.07065,20.9,20.65,,,15.69,17.17,18.25,16.27,14.78,,,
2021-04-09,1231.66,1253.26,1204.24,1520.32,1333.25,2086.4,1687.63,1638.24,1466.77,293.78586,83.008865,21.0,20.77,,,15.6,17.16,18.2,16.15,14.76,,,
2021-04-12,1252.45,1278.19,1228.94,1543.04,1349.41,2129.99,1722.09,1670.56,1485.55,295.53473,84.103806,21.47,21.11,,,15.9,17.51,18.7,16.28,14.82,,,
2021-04-13,1248.33,1277.35,1228.16,1518.55,1335.04,2129.29,1696.61,1652.86,1471.19,292.1869,83.13015,21.2,21.0,,,15.94,17.3,18.8,16.81,14.96,,,
2021-04-14,1255.87,1290.77,1239.48,1539.27,1352.56,2148.8,1713.44,1673.39,1478.43,294.8307,83.39566,21.11,21.0,,,16.0,17.4,18.9,16.5,15.03,,,
2021-04-15,1247.25,1284.2,1234.15,1533.11,1348.89,2140.98,1685.45,1648.84,1459.52,296.12317,82.699684,21.59,21.1,,,16.1,17.16,18.7,16.7,14.98,,,
2021-04-16,1238.71,1276.87,1226.69,1515.25,1327.64,2129.85,1662.28,1625.0,1445.2,293.11404,81.791664,21.5,20.98,,,15.95,16.8,18.6,16.56,15.25,,,
2021-04-19,1260.58,1306.22,1251.04,1532.45,1341.34,2174.98,1697.43,1659.89,1477.54,295.75308,81.993004,21.98,21.0,,,16.22,17.15,19.0,16.56,14.93,,,
2021-04-20,1268.28,1312.68,1255.57,1520.51,1333.76,2185.84,1694.07,1656.47,1488.42,296.47897,81.72768,22.38,21.0,,,16.36,17.15,19.5,17.0,15.16,,,
2021-04-22,1227.82,1271.53,1213.07,1455.83,1294.45,2113.67,1627.26,1594.92,1451.19,287.03674,79.74953,21.69,20.73,,,15.96,16.75,19.3,16.86,14.99,,,
2021-04-23,1248.53,1301.39,1240.09,1491.74,1310.63,2159.54,1690.28,1653.75,1503.81,283.6341,80.39622,22.0,21.18,,,16.08,17.91,19.1,16.36,14.99,,,
2021-04-26,1215.77,1275.04,1211.69,1459.96,1280.03,2112.12,1664.14,1627.39,1479.21,280.6844,79.42082,21.26,21.05,,,16.0,16.95,18.8,16.36,14.65,,,
2021-04-27,1219.75,1283.81,1217.72,1458.46,1276.72,2124.96,1673.84,1635.18,1479.56,280.5639,79.41186,21.46,21.5,,,15.98,17.1,18.8,16.38,14.83,,,
2021-04-28,1229.55,1294.06,1228.18,1479.48,1291.09,2140.59,1708.24,1669.43,1490.61,282.0743,80.115135,21.63,21.45,,,15.96,17.21,19.0,16.51,14.86,,,
2021-04-29,1239.39,1312.28,1241.16,1483.59,1289.64,2165.7,1739.16,1699.62,1520.88,281.75494,80.67565,22.0,21.9,,,16.24,17.55,19.05,16.51,15.69,,,
2021-05-04,1242.2,1328.03,1250.72,1467.95,1282.92,2183.68,1781.05,1729.21,1530.7,277.71338,79.85739,22.2,22.15,,,16.48,18.0,19.1,16.9,15.57,,,
2021-05-05,1256.43,1346.89,1267.45,1488.86,1300.68,2212.47,1826.92,1775.36,1552.12,280.93066,80.655945,22.5,22.65,,,16.84,18.58,19.6,17.1,15.77,,,
2021-05-06,1250.57,1344.64,1264.47,1485.43,1293.43,2207.31,1826.36,1774.54,1560.09,281.0872,81.178246,22.4,23.7,,,16.8,18.59,19.6,17.07,15.56,,,
2021-05-07,1241.81,1340.73,1258.73,1469.85,1283.71,2201.05,1825.18,1774.91,1558.59,279.85892,80.85108,22.4,23.0,,,16.68,18.5,19.4,17.14,15.75,,,
2021-05-10,1259.58,1370.66,1281.84,1475.43,1282.1,2244.58,1871.2,1817.03,1577.41,280.2679,80.83839,22.99,22.75,,,17.0,19.02,19.5,17.19,16.1,,,
2021-05-11,1256.04,1359.19,1274.81,1490.47,1291.59,2227.08,1860.63,1809.34,1573.86,279.76428,81.0745,23.23,22.42,,,17.05,19.01,19.8,17.29,15.67,,,
2021-05-12,1269.09,1380.17,1292.31,1511.22,1309.89,2256.67,1911.01,1850.72,1599.91,282.33075,81.46976,23.09,22.6,,,17.05,19.3,19.9,17.26,16.08,,,
2021-05-13,1261.99,1370.18,1283.63,1509.11,1306.39,2245.65,1916.45,1857.25,1590.55,287.0302,81.16934,23.0,22.6,,,17.17,19.6,19.9,17.4,16.13,,,
2021-05-14,1266.36,1380.02,1290.67,1511.91,1305.03,2263.12,1937.54,1880.56,1604.09,294.723,80.999725,23.0,22.83,,,17.2,19.65,19.75,17.38,16.34,,,
2021-05-17,1258.7,1371.36,1282.89,1497.09,1297.71,2255.28,1919.51,1864.26,1598.61,296.78763,80.42355,23.0,22.75,,,17.22,19.6,19.9,17.33,16.31,,,
2021-05-18,1252.68,1378.59,1283.92,1481.82,1296.41,2258.85,1940.88,1874.3,1601.68,294.63544,80.05542,23.1,22.71,,,17.2,19.49,19.85,17.3,15.94,,,
2021-05-19,1262.49,1401.71,1301.01,1485.85,1289.71,2289.45,1990.61,1916.87,1627.06,295.24597,79.811325,23.21,23.15,,,17.39,20.24,20.2,17.57,16.43,,,
2021-05-20,1278.22,1424.92,1317.77,1476.66,1281.89,2320.54,2020.03,1939.93,1674.53,295.10477,79.75076,23.74,23.3,,,18.0,20.3,20.2,17.73,16.62,,,
2021-05-21,1283.93,1425.04,1321.42,1496.83,1298.84,2324.71,2018.55,1942.15,1669.92,297.9924,81.62558,23.84,23.7,,,17.78,20.36,20.4,17.85,16.7,,,
2021-05-24,1297.98,1430.48,1329.95,1524.87,1316.06,2337.36,2036.42,1951.25,1677.07,300.33228,82.63399,25.5,23.85,,,17.77,20.49,20.4,17.93,16.73,,,
2021-05-25,1308.58,1444.01,1341.41,1538.01,1322.1,2358.93,2066.45,1985.73,1688.57,301.5941,82.907585,24.2,24.07,,,18.0,20.96,20.45,18.05,16.86,,,
2021-05-26,1316.7,1455.11,1351.28,1548.69,1316.91,2375.37,2100.57,2024.98,1706.71,304.85947,83.06014,24.37,24.23,,,17.61,21.34,20.7,18.17,17.07,,,
2021-05-27,1303.57,1437.38,1337.98,1549.69,1307.78,2349.95,2069.04,2002.14,1689.34,304.44702,84.0795,24.36,24.28,,,17.6,21.34,20.5,17.95,16.83,,,
2021-05-28,1320.46,1458.78,1356.89,1574.7,1321.08,2383.14,2137.84,2064.45,1713.68,310.45618,86.110245,24.48,24.37,,,18.06,21.66,20.9,18.29,17.02,,,
2021-05-31,1328.05,1474.78,1369.07,1591.03,1323.69,2411.23,2193.41,2113.31,1736.1,317.85388,88.77329,24.69,24.47,,,18.19,22.15,21.0,18.29,17.3,,,
2021-06-01,1337.78,1482.92,1376.37,1589.81,1318.3,2426.53,2179.65,2107.52,1742.41,318.46753,88.86686,24.97,25.0,,,18.59,22.24,21.4,18.55,17.6,,,
2021-06-02,1340.78,1478.85,1373.48,1597.94,1330.34,2429.16,2186.75,2109.6,1753.34,322.05084,89.38554,24.59,25.08,,,18.71,22.15,21.2,18.75,17.35,,,
2021-06-03,1364.28,1504.37,1398.66,1639.84,1363.74,2472.27,2257.05,2177.0,1786.63,329.9467,90.66612,25.26,25.55,,,18.7,23.0,21.4,18.71,17.73,,,
2021-06-04,1374.05,1508.35,1406.5,1664.93,1374.6,2482.17,2258.57,2185.47,1784.23,329.76236,90.594284,25.24,25.49,,,18.71,23.79,21.75,18.95,17.8,,,
2021-06-07,1358.78,1484.1,1388.27,1649.12,1361.73,2440.53,2189.14,2122.79,1741.45,318.63266,89.06099,24.92,25.39,,,19.03,23.15,21.75,18.62,17.54,,,
2021-06-08,1319.88,1438.97,1346.07,1595.28,1331.31,2361.68,2080.43,2020.24,1685.68,306.38525,86.39591,24.46,24.9,,,18.8,22.2,21.1,18.76,16.99,,,
2021-06-09,1332.9,1457.76,1360.73,1604.12,1335.83,2399.15,2136.83,2071.19,1713.45,316.87473,87.25133,24.6,25.0,,,18.8,22.2,21.2,18.56,17.5,,,
2021-06-10,1323.58,1451.18,1354.16,1603.59,1336.02,2383.85,2110.56,2047.25,1706.99,311.31934,87.17203,24.5,24.36,,,18.58,21.7,21.3,18.33,17.0,,,
2021-06-11,1351.74,1487.61,1384.81,1626.36,1360.28,2437.94,2194.12,2116.86,1740.16,316.68964,88.93384,24.98,24.97,,,18.45,22.39,21.5,18.6,17.4,,,
2021-06-14,1361.72,1495.51,1395.28,1646.12,1368.59,2450.09,2198.36,2121.26,1739.76,319.00638,88.82544,25.1,24.9,,,18.7,22.5,21.8,18.8,17.4,,,
2021-06-15,1367.36,1487.04,1394.02,1668.28,1378.25,2448.37,2164.82,2095.5,1726.92,318.28925,88.87259,25.05,25.2,,,18.6,22.42,21.55,18.79,17.4,,,
2021-06-16,1356.52,1465.58,1375.91,1661.63,1384.11,2414.07,2122.09,2059.18,1708.86,313.65213,88.82313,24.78,24.67,,,18.35,22.38,21.3,18.57,17.3,,,
2021-06-17,1359.92,1461.91,1375.78,1685.98,1397.68,2411.9,2129.88,2063.32,1723.58,317.07394,89.55382,24.77,24.45,,,18.22,22.3,21.0,18.5,17.33,,,
2021-06-18,1377.77,1481.3,1393.56,1705.13,1415.91,2440.91,2160.38,2096.69,1746.09,318.73132,90.220085,24.9,24.77,,,18.4,22.16,21.5,18.68,17.5,,,
2021-06-21,1372.63,1478.29,1389.51,1694.92,1414.15,2431.94,2144.43,2080.23,1750.68,316.24173,89.71451,24.8,24.99,,,18.45,21.8,21.6,18.7,17.3,,,
2021-06-22,1379.97,1489.24,1397.0,1693.88,1405.14,2450.39,2174.92,2103.36,1761.16,317.0863,90.09898,25.11,25.03,,,18.65,22.05,21.7,18.72,17.4,,,
2021-06-23,1376.87,1489.53,1394.03,1673.97,1389.27,2448.96,2195.0,2122.19,1760.3,315.79977,90.03692,25.1,25.0,,,18.7,22.3,21.7,18.69,17.05,,,
2021-06-24,1379.72,1486.96,1391.57,1665.64,1378.57,2447.08,2189.57,2116.33,1757.39,315.08212,89.676346,24.9,25.2,,,18.65,22.34,21.5,18.74,17.38,,,
2021-06-25,1390.12,1500.3,1402.33,1674.89,1389.79,2465.58,2218.54,2143.88,1759.52,318.22476,89.47556,25.26,25.07,,,18.72,22.35,21.5,18.74,17.56,,,
2021-06-28,1405.81,1521.41,1421.13,1694.77,1404.35,2500.83,2255.46,2181.33,1785.06,323.09967,89.79568,25.6,25.38,,,18.9,22.89,21.7,19.02,17.93,,,
2021-06-29,1410.04,1529.97,1428.25,1691.9,1396.97,2512.65,2262.65,2187.42,1793.98,323.79355,90.30448,25.8,25.74,,,19.03,23.0,22.1,19.15,18.2,,,
2021-06-30,1408.55,1529.0,1426.57,1683.89,1392.19,2509.37,2252.3,2179.06,1796.49,323.31973,90.25129,25.84,25.7,,,19.07,23.03,22.1,19.4,18.0,,,
2021-07-01,1417.08,1545.14,1440.27,1700.93,1400.66,2531.66,2285.66,2215.75,1812.49,325.7205,90.43627,25.89,25.75,,,19.16,23.09,22.1,19.28,18.13,,,
2021-07-02,1420.27,1554.59,1447.47,1704.68,1407.45,2544.8,2311.42,2245.73,1838.77,328.01175,90.638504,26.2,26.1,,,19.32,23.4,22.1,19.41,18.35,,,
2021-07-05,1411.13,1557.41,1445.27,1685.02,1394.06,2552.39,2339.5,2276.51,1872.18,327.7616,90.47198,26.0,26.48,,,19.41,23.6,22.25,19.49,18.3,,,
2021-07-06,1354.79,1488.42,1382.1,1613.93,1346.88,2443.04,2206.28,2152.63,1780.01,318.5121,89.06544,25.6,26.1,,,19.33,23.0,22.5,19.2,19.57,,,
2021-07-07,1388.55,1538.77,1420.95,1612.48,1347.46,2513.11,2270.62,2208.96,1843.71,319.82956,89.13968,26.0,26.2,,,18.96,22.99,21.8,19.09,18.21,,,
2021-07-08,1374.68,1521.21,1404.39,1599.36,1344.83,2482.53,2243.47,2181.16,1845.26,315.98087,88.485695,25.3,26.0,,,18.81,23.0,21.6,18.87,18.3,,,
2021-07-09,1347.14,1494.43,1378.39,1567.33,1317.18,2431.46,2206.74,2148.7,1839.28,306.73145,87.08434,25.49,26.15,,,18.58,23.0,21.0,18.66,17.81,,,
2021-07-12,1296.3,1443.1,1330.48,1512.14,1259.9,2342.54,2099.54,2048.65,1771.53,292.97656,83.88937,24.75,25.85,,,17.8,21.39,20.4,17.95,16.98,,,
2021-07-13,1297.54,1440.87,1332.14,1533.03,1274.17,2343.85,2104.02,2049.19,1765.0,296.6958,85.36096,24.95,25.22,,,18.06,21.25,20.6,17.8,17.1,,,
2021-07-14,1279.91,1410.3,1308.16,1519.08,1264.43,2302.67,2028.28,1972.31,1706.31,296.84497,84.56318,24.11,24.98,,,19.32,20.6,20.4,17.6,16.81,,,
2021-07-15,1293.92,1430.29,1326.24,1546.06,1285.92,2340.32,2091.53,2027.98,1728.45,306.29523,84.97831,24.25,24.9,,,18.18,21.17,20.6,17.9,16.92,,,
2021-07-16,1299.31,1438.05,1332.18,1542.86,1291.17,2355.31,2080.04,2019.99,1740.88,307.76474,85.32668,24.5,24.7,,,18.23,21.15,20.8,17.95,16.92,,,
2021-07-19,1243.51,1374.15,1275.15,1483.69,1246.98,2252.54,1953.89,1898.27,1661.03,292.0614,82.58857,23.3,23.61,,,17.36,20.5,20.9,17.27,16.25,,,
2021-07-20,1273.29,1411.02,1306.88,1516.43,1271.02,2314.13,2011.52,1952.76,1703.78,301.1062,83.6897,23.98,23.82,,,17.8,20.44,20.5,17.64,16.5,,,
2021-07-21,1270.79,1406.54,1304.82,1517.67,1274.86,2309.32,2000.43,1942.15,1702.59,300.8012,84.296104,23.6,24.48,,,18.0,20.47,20.5,17.56,16.73,,,
2021-07-22,1293.67,1428.48,1327.95,1554.89,1299.87,2345.98,2025.57,1970.25,1732.82,305.9687,85.5715,24.0,24.75,,,17.88,21.8,20.6,17.95,16.8,,,
2021-07-23,1268.83,1401.53,1302.16,1525.48,1287.61,2300.13,1984.44,1925.38,1700.14,301.77298,84.370384,23.82,24.3,,,19.13,21.1,20.55,17.72,16.61,,,
2021-07-26,1272.71,1403.96,1306.76,1541.41,1298.12,2304.9,1961.85,1904.12,1706.46,302.8773,83.87293,23.96,24.4,,,17.94,21.09,20.5,17.55,16.7,,,
2021-07-27,1276.93,1409.85,1311.48,1547.36,1304.43,2316.3,1980.45,1917.31,1707.27,305.9999,84.77299,23.88,24.54,,,17.81,20.48,20.45,17.66,16.77,,,
2021-07-28,1277.07,1407.5,1309.18,1544.58,1300.12,2313.83,1984.78,1920.38,1699.31,306.2506,84.95822,23.8,24.4,,,17.7,20.16,20.45,17.65,16.6,,,
2021-07-29,1293.6,1427.55,1327.34,1566.97,1313.67,2346.64,2028.36,1963.03,1738.43,310.97208,86.1372,24.05,24.8,,,17.74,20.5,20.6,17.75,16.8,,,
2021-07-30,1310.05,1447.23,1345.64,1589.25,1326.33,2384.0,2069.04,2001.72,1780.38,314.8492,86.931244,24.6,25.5,,,18.2,21.1,21.0,18.11,17.0,,,
2021-08-02,1314.22,1448.21,1345.82,1586.36,1345.29,2384.08,2048.33,1989.13,1785.97,314.9311,87.35205,24.7,25.7,,,19.29,21.09,21.1,18.32,17.09,,,
2021-08-03,1332.44,1469.87,1364.9,1597.69,1364.32,2418.05,2075.93,2025.91,1800.46,319.12756,87.586975,24.7,26.0,,,18.8,21.48,21.2,18.58,17.4,,,
2021-08-04,1334.74,1472.2,1368.26,1608.29,1376.69,2421.23,2088.05,2042.58,1799.35,320.01782,87.52424,24.5,26.0,,,19.0,21.6,21.2,18.45,17.3,,,
2021-08-05,1345.55,1486.46,1382.34,1629.68,1390.14,2445.86,2116.04,2068.69,1816.7,325.4625,87.928665,24.74,25.8,,,19.5,21.8,21.3,18.6,17.7,,,
2021-08-06,1341.45,1476.79,1374.72,1624.43,1396.75,2433.77,2085.16,2037.37,1809.0,325.46033,88.27905,24.92,25.8,,,20.85,21.5,21.8,18.71,17.44,,,
2021-08-09,1359.86,1497.83,1395.21,1652.91,1428.32,2467.92,2114.44,2065.33,1830.85,330.67593,89.38487,25.2,26.07,,,20.85,21.5,22.0,18.6,17.72,,,
2021-08-10,1362.43,1494.41,1394.57,1663.31,1445.79,2467.16,2108.51,2059.79,1830.8,335.0758,90.52613,25.19,26.07,,,19.5,21.52,22.2,18.8,17.74,,,
2021-08-11,1357.79,1487.91,1387.67,1653.5,1452.69,2454.02,2103.45,2060.45,1823.71,334.44266,92.01337,25.1,25.9,,,18.71,21.98,21.9,18.8,17.6,,,
2021-08-12,1353.05,1477.06,1379.55,1650.19,1461.19,2438.38,2085.77,2050.36,1801.18,334.32867,91.97778,24.83,25.9,,,18.82,21.5,21.89,18.54,17.54,,,
2021-08-13,1357.05,1484.25,1386.36,1657.87,1472.28,2450.72,2098.45,2063.53,1813.91,336.96487,92.17387,24.82,25.76,,,18.3,21.58,21.5,18.31,17.4,,,
2021-08-16,1370.96,1500.77,1402.87,1687.47,1497.64,2475.72,2156.38,2127.09,1829.58,343.5261,94.041885,25.3,26.2,,,19.58,21.55,21.9,18.75,17.77,,,
2021-08-17,1363.09,1494.12,1397.56,1687.24,1494.69,2465.42,2149.85,2120.33,1821.44,343.10858,94.199265,25.26,26.03,,,20.6,21.99,21.99,18.95,17.76,,,
2021-08-18,1360.94,1489.54,1393.86,1686.66,1495.82,2458.5,2133.32,2107.52,1821.52,344.8161,94.48228,25.17,25.89,,,19.25,21.9,22.0,18.88,17.63,,,
2021-08-19,1374.85,1505.01,1406.75,1689.85,1511.64,2483.58,2136.86,2119.08,1818.07,346.06592,94.70812,25.01,26.0,,,19.4,21.6,22.3,18.67,17.73,,,
2021-08-20,1329.43,1450.45,1357.29,1639.12,1483.75,2401.08,2047.34,2040.77,1762.98,338.05917,92.70117,24.1,25.21,,,18.67,20.95,21.1,18.17,17.2,,,
2021-08-23,1298.86,1412.0,1321.77,1595.78,1466.83,2340.74,1975.36,1984.72,1708.63,334.84167,91.461685,23.7,25.0,,,19.97,20.49,21.1,17.93,16.7,,,
2021-08-24,1298.74,1418.26,1323.99,1584.34,1445.5,2345.49,1982.14,1978.51,1716.98,331.78934,91.13216,23.95,25.1,,,19.0,20.4,21.1,17.85,16.75,,,
2021-08-25,1309.55,1428.51,1334.49,1603.45,1460.29,2362.63,1990.53,1990.09,1728.93,336.006,91.53193,24.05,24.88,,,19.0,20.7,21.5,17.85,16.85,,,
2021-08-26,1301.12,1412.45,1323.84,1609.11,1472.61,2343.47,1961.63,1961.57,1727.29,336.85242,91.54531,23.99,24.88,,,19.5,21.0,21.0,17.76,16.71,,,
2021-08-27,1313.2,1418.57,1332.97,1633.39,1495.83,2355.62,1958.68,1966.28,1736.87,338.78992,92.12563,23.8,24.88,,,18.17,19.92,20.8,17.8,16.73,,,
2021-08-30,1328.14,1431.05,1348.61,1671.72,1535.97,2376.45,1995.5,2003.74,1758.84,341.30066,93.21707,24.0,24.95,,,17.8,20.07,20.9,18.09,16.85,,,
2021-08-31,1331.47,1428.66,1348.47,1680.55,1545.38,2376.51,1973.79,1980.39,1755.12,342.80807,93.77157,24.1,25.02,,,17.8,20.12,21.0,18.15,16.83,,,
2021-09-01,1334.65,1426.94,1348.15,1684.65,1568.46,2373.73,1969.26,1974.73,1754.97,343.42334,94.007416,24.05,24.84,,,18.0,20.55,20.8,18.15,16.84,,,
2021-09-06,1346.39,1441.54,1363.05,1707.91,1607.18,2399.44,1980.21,1989.39,1773.62,345.62735,94.657036,24.4,25.19,,,18.1,20.8,21.3,18.29,17.0,,,
2021-09-07,1341.9,1444.1,1361.48,1690.32,1573.47,2398.06,2014.39,2027.17,1769.35,346.47855,94.69909,24.55,25.7,,,18.22,20.68,21.3,18.7,17.05,,,
2021-09-08,1333.61,1433.71,1352.51,1684.67,1567.24,2383.14,1993.65,2007.84,1758.13,347.2779,94.36113,24.25,25.12,,,18.2,20.64,21.3,18.21,16.96,,,
2021-09-09,1343.98,1447.28,1364.66,1699.6,1590.03,2404.35,2008.69,2021.34,1797.4,350.44427,94.83119,24.28,25.3,,,18.0,20.15,21.1,18.26,17.09,,,
2021-09-10,1345.31,1448.33,1365.23,1698.35,1606.96,2405.4,2006.84,2021.94,1805.56,350.04684,95.40575,24.49,25.75,,,17.81,20.31,21.2,18.3,17.13,,,
2021-09-13,1341.43,1444.99,1359.57,1679.74,1616.85,2398.29,1989.82,2005.36,1808.68,349.05325,95.264824,24.3,25.84,,,18.2,20.41,21.2,18.35,17.12,,,
2021-09-14,1339.7,1438.16,1352.37,1666.3,1630.35,2386.52,1965.08,1982.04,1791.92,347.8563,95.013985,24.2,25.65,,,18.05,20.34,21.2,18.3,16.98,,,
2021-09-15,1345.83,1444.85,1359.81,1682.17,1657.18,2400.05,1960.55,1980.83,1798.83,350.7498,95.809296,24.4,25.75,,,17.88,20.17,21.3,18.28,17.09,,,
2021-09-16,1345.87,1448.98,1362.39,1684.9,1653.2,2406.59,1978.56,1998.99,1811.42,353.2448,96.24739,24.4,25.1,,,18.0,20.2,21.3,18.26,17.1,,,
2021-09-17,1352.64,1455.59,1371.31,1709.11,1679.39,2417.16,2002.17,2027.85,1828.34,357.9705,97.40437,24.56,26.1,,,18.15,20.39,21.4,18.35,17.2,,,
2021-09-20,1350.48,1458.66,1373.18,1708.73,1673.98,2418.45,2028.2,2042.8,1820.15,358.87234,97.45475,24.99,26.18,,,18.26,20.66,21.6,18.4,17.28,,,
2021-09-21,1339.84,1446.22,1363.9,1710.05,1681.81,2400.81,2008.8,2023.16,1807.67,358.97656,96.76553,24.85,25.5,,,18.6,20.4,21.5,18.09,17.05,,,
2021-09-22,1350.68,1453.22,1372.2,1727.53,1711.32,2413.29,2005.02,2024.89,1821.13,363.42734,97.65307,24.5,25.61,,,18.4,20.3,21.7,18.32,17.1,,,
2021-09-23,1352.76,1458.23,1373.88,1714.71,1689.53,2422.32,2003.13,2024.85,1831.59,361.02347,98.37122,24.84,26.12,,,18.3,20.27,21.3,18.42,17.15,,,
2021-09-24,1351.17,1459.94,1372.9,1702.85,1661.69,2422.98,2021.31,2033.13,1827.36,359.63208,98.07406,24.6,26.25,,,18.43,20.2,21.4,18.33,17.2,,,
2021-09-27,1324.99,1439.2,1347.41,1645.41,1602.5,2386.98,1986.95,1993.93,1788.17,353.0121,95.76117,24.44,25.8,,,18.5,20.57,21.5,18.35,17.05,,,
2021-09-28,1339.31,1451.12,1361.2,1674.22,1625.31,2409.62,1992.87,2006.19,1809.72,356.03064,96.00839,24.31,26.0,,,17.97,20.13,21.7,18.21,17.1,,,
2021-09-29,1339.21,1450.52,1359.61,1667.97,1628.92,2406.72,1969.64,1987.21,1806.43,354.29175,95.93619,24.4,25.87,,,18.5,20.26,21.5,18.19,17.1,,,
2021-09-30,1342.06,1453.76,1363.18,1672.89,1646.1,2414.68,1971.48,1986.56,1819.54,357.32648,96.56438,24.55,26.25,,,18.49,20.3,21.3,18.35,17.14,,,
2021-10-01,1334.89,1441.83,1351.64,1657.85,1647.27,2395.22,1931.93,1946.28,1801.79,356.4859,95.980515,24.57,25.6,,,18.43,20.3,21.0,18.17,17.01,,,
2021-10-04,1339.54,1443.61,1353.26,1658.82,1665.24,2404.65,1901.49,1912.0,1804.81,360.89255,96.178505,24.55,25.98,,,18.5,19.7,21.1,18.14,17.0,,,
2021-10-05,1354.63,1456.21,1365.74,1676.32,1678.26,2426.19,1938.44,1949.12,1808.95,366.4967,96.90075,24.5,26.0,,,18.3,19.7,21.5,18.24,17.16,,,
2021-10-06,1362.82,1461.72,1371.47,1684.76,1705.85,2435.14,1934.77,1946.43,1818.94,368.4703,97.37714,24.53,25.9,,,18.0,19.66,21.6,18.28,17.2,,,
2021-10-07,1365.99,1462.74,1374.84,1699.71,1731.2,2437.77,1950.54,1961.26,1824.42,370.39954,97.959785,24.6,26.0,,,18.24,19.79,21.5,18.34,17.2,,,
2021-10-08,1372.73,1476.54,1385.22,1702.89,1726.9,2457.43,1964.07,1974.67,1854.07,371.9154,98.2953,24.9,26.59,,,18.38,19.77,21.6,18.49,17.4,,,
2021-10-11,1394.09,1510.27,1413.52,1722.97,1729.77,2509.32,2030.14,2038.08,1882.55,374.3437,98.795876,25.4,26.96,,,19.0,20.74,22.2,18.96,17.8,,,
2021-10-12,1394.8,1509.57,1414.81,1731.46,1739.69,2508.19,2027.34,2031.94,1883.74,375.68277,98.81173,25.45,26.8,,12.73,18.51,20.57,22.2,18.87,17.76,,,
2021-10-13,1391.91,1505.55,1412.24,1733.81,1747.74,2502.35,2019.0,2021.87,1892.7,379.33972,98.78004,25.4,27.2,,12.65,18.8,20.34,21.9,19.01,17.72,,,
2021-10-14,1391.85,1503.38,1412.73,1746.33,1765.87,2499.61,2017.8,2027.3,1898.33,384.84415,99.28434,25.2,27.15,,12.69,19.49,20.54,21.99,18.97,17.69,,,
2021-10-15,1392.7,1504.84,1414.44,1750.27,1776.52,2499.37,2028.2,2034.68,1899.21,384.83624,99.43869,25.34,27.2,,12.0,18.78,20.35,22.0,19.0,17.73,,,
2021-10-18,1395.53,1510.49,1417.81,1746.5,1779.57,2508.36,2034.2,2045.96,1905.49,384.87582,99.36668,25.85,27.3,,12.1,19.98,20.51,22.0,19.0,17.77,,,
2021-10-19,1395.33,1507.19,1415.27,1745.52,1786.3,2504.11,2026.7,2043.36,1900.09,386.99603,99.600365,25.68,27.28,,12.34,19.4,20.45,22.1,19.0,17.76,,,
2021-10-20,1393.8,1505.03,1414.35,1748.96,1800.16,2500.89,2025.97,2034.91,1900.66,388.291,99.68428,25.77,27.5,,11.95,19.5,20.26,21.9,18.9,17.65,,,
2021-10-21,1384.77,1489.26,1405.06,1761.49,1818.71,2476.88,2005.31,2011.62,1885.63,388.4529,99.77429,25.45,27.29,,11.7,18.62,20.38,21.9,18.83,17.6,,,
2021-10-22,1389.24,1488.71,1407.64,1776.85,1825.76,2479.15,1995.42,2001.63,1893.07,391.20557,100.3603,25.5,27.17,,11.0,19.5,20.37,22.0,18.84,17.57,,,
2021-10-25,1385.4,1476.97,1397.66,1766.8,1824.92,2462.55,1969.55,1975.87,1882.88,395.8828,100.91607,25.0,27.01,,10.6,18.45,20.0,21.7,18.73,17.48,,,
2021-10-26,1391.63,1482.62,1405.19,1785.93,1843.74,2472.92,1975.05,1986.55,1890.22,397.80893,101.8795,25.38,27.29,,11.0,18.4,20.3,21.7,18.52,17.49,,,
2021-10-27,1423.02,1516.46,1435.42,1815.45,1874.23,2528.37,2014.35,2030.82,1928.98,404.36615,102.67232,25.46,27.32,,11.0,18.8,20.1,22.0,19.12,17.87,,,
2021-10-28,1438.01,1529.26,1447.69,1833.48,1896.05,2551.5,2034.43,2053.07,1945.95,411.06995,104.38291,25.93,27.7,,11.0,18.86,20.37,22.4,19.31,18.03,,,
2021-10-29,1444.27,1532.35,1450.46,1831.69,1916.89,2559.93,2035.49,2041.38,1940.17,412.12015,105.37778,25.71,27.72,,10.9,18.9,20.4,22.59,19.33,18.06,,,
2021-11-01,1438.97,1516.75,1443.45,1855.24,1939.73,2545.25,2035.29,2043.97,1914.97,415.54013,105.951584,25.69,27.5,,10.9,18.81,20.5,22.5,19.2,17.9,,,
2021-11-02,1452.46,1521.35,1454.95,1900.49,1980.16,2558.83,2046.4,2063.42,1932.51,424.1118,106.929214,25.69,27.5,,10.98,18.84,20.4,22.6,19.3,17.92,,,
2021-11-03,1444.3,1530.65,1455.47,1869.26,1907.66,2570.09,2105.93,2120.88,1946.66,415.70502,106.9752,25.7,27.8,,11.0,18.77,21.0,22.6,19.48,18.08,,,
2021-11-04,1448.34,1528.21,1457.56,1890.75,1930.08,2576.84,2092.05,2112.36,1938.85,422.42154,107.38258,25.65,27.78,,11.0,18.95,20.5,22.8,19.4,17.97,,,
2021-11-05,1456.51,1531.76,1463.93,1913.0,1951.59,2588.04,2087.48,2104.34,1956.44,427.64035,108.20164,25.96,28.0,,11.05,18.9,20.95,22.6,19.39,18.09,,,
2021-11-08,1467.57,1535.66,1472.84,1946.92,1973.66,2599.69,2090.65,2108.68,1956.65,432.09778,109.025826,25.95,28.0,,11.1,19.03,21.25,22.8,19.6,18.09,,,
2021-11-09,1461.5,1527.13,1469.59,1961.87,1983.31,2585.54,2088.61,2106.62,1945.13,432.63593,109.176834,25.69,27.98,,11.0,19.09,21.2,22.8,19.45,18.0,,,
2021-11-10,1465.02,1523.79,1471.1,1983.48,2006.87,2581.64,2084.64,2104.11,1935.38,438.2444,109.65858,25.71,27.75,,11.03,19.09,21.2,22.8,19.5,17.97,,,
2021-11-11,1462.35,1514.36,1466.2,1994.94,2025.52,2566.42,2055.26,2080.61,1938.55,438.73285,109.211296,25.69,27.79,,11.0,19.04,21.0,23.1,19.6,17.83,,,
2021-11-12,1473.37,1527.94,1483.23,2036.01,2048.41,2589.61,2083.81,2111.82,1977.41,441.6292,110.661736,25.89,28.14,,10.97,18.95,20.75,22.8,19.5,17.98,,,
2021-11-15,1476.57,1528.68,1486.4,2048.17,2070.17,2588.48,2079.77,2114.12,1979.0,444.28024,111.74073,25.8,28.17,,11.0,18.93,21.1,22.8,19.7,18.0,,,
2021-11-16,1466.45,1517.22,1474.5,2028.69,2064.29,2579.2,2073.36,2103.93,1967.1,452.2498,111.4826,25.5,28.23,,11.0,18.93,21.02,22.65,19.61,17.83,,,
2021-11-17,1475.85,1519.58,1478.94,2041.81,2088.41,2589.94,2077.61,2107.24,1964.88,462.94803,112.20606,25.52,28.2,,11.0,18.92,21.0,22.7,19.62,17.92,,,
2021-11-18,1469.83,1503.42,1471.49,2065.81,2115.66,2570.88,2062.58,2095.4,1945.22,468.72595,113.52041,25.4,27.9,,11.01,20.23,20.74,22.7,20.12,17.74,,,
2021-11-19,1452.35,1500.05,1464.26,2041.89,2070.33,2556.56,2090.19,2127.25,1931.34,453.97174,113.24395,25.5,27.75,,10.92,18.94,20.69,22.5,19.68,17.7,,,
2021-11-22,1447.25,1517.04,1467.24,1992.15,1993.37,2577.89,2144.97,2182.15,1943.61,444.62274,111.96151,25.25,27.82,,11.0,18.67,21.34,22.6,19.69,17.88,,,
2021-11-23,1463.63,1533.12,1481.33,2005.52,2026.05,2601.1,2141.9,2182.69,1969.6,448.59692,113.02687,25.6,27.91,,11.02,18.9,21.41,22.8,19.83,18.04,,,
2021-11-24,1488.87,1565.29,1511.65,2046.89,2028.84,2661.99,2249.29,2285.98,2020.17,455.57672,114.64377,26.2,28.8,,11.08,19.46,22.5,23.3,20.24,18.46,,,
2021-11-25,1500.81,1572.46,1523.89,2086.48,2056.61,2680.21,2258.13,2290.14,2024.1,459.67114,114.60812,26.2,28.55,,11.34,19.27,22.63,23.3,20.24,18.46,,,
2021-11-26,1493.03,1566.55,1517.47,2070.35,2058.43,2669.46,2239.73,2268.57,1997.42,458.62747,114.33746,26.34,28.72,,11.35,19.34,22.51,23.4,20.26,18.45,,,
2021-11-29,1484.84,1553.04,1509.51,2070.75,2071.59,2647.35,2201.39,2230.87,1965.07,460.5841,114.063705,26.2,28.3,,11.25,19.31,22.89,23.1,20.27,18.27,,,
2021-11-30,1478.44,1537.59,1500.02,2078.98,2076.75,2623.83,2154.81,2183.06,1952.53,458.05472,114.097565,25.8,28.0,,11.25,19.26,22.8,23.5,20.12,18.11,,,
2021-12-01,1485.19,1549.81,1510.29,2088.88,2082.31,2641.72,2186.75,2214.46,1965.34,455.8094,114.57594,26.2,28.2,,11.22,19.44,22.77,23.3,20.06,18.24,,,
2021-12-02,1482.05,1540.88,1502.58,2080.54,2086.49,2628.61,2154.59,2187.38,1946.82,458.22888,114.54545,26.18,27.76,,11.23,19.18,22.79,23.4,20.07,18.19,,,
2021-12-03,1443.32,1503.98,1462.41,2007.45,2036.15,2562.84,2082.08,2117.53,1897.53,449.2656,112.10756,25.5,27.58,,11.13,19.2,22.35,23.1,19.99,17.8,,,
2021-12-06,1413.58,1480.92,1431.72,1928.66,1962.08,2511.87,2036.77,2063.32,1855.9,435.84702,109.18913,25.01,26.98,,11.0,20.32,21.84,22.0,19.06,17.3,,,
2021-12-07,1446.77,1512.62,1464.27,1980.3,2013.65,2567.83,2081.53,2106.06,1893.2,446.40704,110.84706,25.98,27.03,,11.0,19.13,21.5,22.8,19.85,17.77,,,
2021-12-08,1452.87,1516.16,1470.04,1999.74,2008.83,2579.68,2100.05,2128.63,1912.68,449.74426,111.29351,25.5,27.4,,11.0,18.79,21.0,22.8,19.59,17.85,,,
2021-12-09,1467.98,1529.61,1486.05,2033.87,2035.17,2604.5,2118.58,2146.97,1932.31,452.53424,111.91454,25.75,27.65,,11.02,18.78,21.99,22.8,19.8,18.01,,,
2021-12-10,1463.54,1519.46,1479.63,2042.73,2036.28,2589.75,2113.46,2146.72,1930.22,450.7514,111.81162,25.6,27.6,,11.03,19.49,21.57,22.8,20.01,17.89,,,
2021-12-13,1476.21,1520.8,1488.31,2083.91,2085.78,2596.75,2109.04,2139.26,1937.95,457.55728,112.300095,26.0,27.45,,11.03,19.38,21.58,22.8,19.73,17.9,,,
2021-12-14,1476.02,1516.44,1488.45,2102.24,2092.54,2591.62,2092.15,2129.27,1925.38,454.68027,112.0856,25.5,27.55,,11.0,19.17,21.79,22.81,19.78,17.91,,,
2021-12-15,1475.5,1519.42,1489.61,2099.0,2083.27,2594.77,2096.14,2134.2,1928.56,453.705,111.72339,25.7,27.7,,11.04,19.0,21.38,22.7,19.79,17.9,,,
2021-12-16,1476.61,1510.17,1488.31,2128.23,2106.27,2584.88,2080.59,2115.37,1913.89,457.02853,111.73499,25.35,27.5,,11.0,19.0,21.38,22.5,19.61,17.76,,,
2021-12-17,1479.79,1513.56,1492.37,2132.9,2118.02,2587.37,2083.2,2119.6,1927.42,456.2028,111.60188,25.5,27.59,,11.03,18.71,21.3,22.3,19.79,17.85,,,
2021-12-20,1477.33,1513.6,1490.15,2124.4,2123.02,2582.01,2090.69,2136.37,1917.16,454.59427,111.01777,25.5,27.6,,11.03,18.85,20.99,22.4,19.65,17.82,,,
2021-12-21,1478.74,1511.48,1493.14,2147.33,2136.22,2577.92,2074.49,2120.49,1918.09,455.01324,111.367935,25.36,27.36,,11.03,18.7,21.0,22.5,19.76,17.8,,,
2021-12-22,1477.67,1504.12,1490.57,2160.64,2156.05,2563.08,2046.48,2093.43,1914.97,453.10217,110.930374,25.4,27.54,,11.03,18.7,20.81,22.6,19.7,17.7,,,
2021-12-23,1456.96,1477.37,1466.01,2136.33,2142.97,2513.7,2007.96,2055.12,1891.23,442.61002,109.53454,25.24,27.37,,10.85,18.15,20.77,22.11,19.45,17.37,,,
2021-12-24,1477.03,1506.67,1492.58,2167.78,2138.2,2568.1,2073.58,2129.1,1929.01,445.6117,110.20036,25.3,27.52,,11.04,18.8,21.5,22.3,19.57,17.71,,,
2021-12-27,1488.88,1514.55,1504.87,2202.45,2166.8,2586.66,2082.25,2144.14,1945.16,449.4107,110.36968,25.5,27.71,,11.12,18.8,21.3,22.5,19.83,17.84,,,
2021-12-28,1494.39,1523.54,1516.26,2231.35,2183.95,2602.34,2120.07,2179.43,1957.2,458.04596,110.4434,25.4,27.55,,11.19,18.85,21.11,22.9,19.94,17.89,,,
2021-12-29,1485.82,1515.94,1507.14,2214.82,2187.7,2593.08,2121.84,2181.04,1945.45,457.83023,110.759254,25.5,27.7,,11.16,18.62,21.36,22.7,20.03,17.62,,,
2021-12-30,1485.97,1519.62,1509.27,2212.97,2177.28,2600.46,2150.08,2201.55,1947.93,461.64713,111.55886,25.6,27.8,,11.16,18.72,21.5,22.6,20.08,17.89,,,
2021-12-31,1498.28,1535.71,1524.25,2232.77,2171.7,2640.61,2180.45,2230.19,1972.81,473.99268,112.684425,25.83,28.05,,11.25,19.0,22.48,22.9,21.48,18.09,,,
2022-01-04,1525.58,1558.87,1548.7,2267.66,2205.1,2672.49,2205.88,2253.11,1988.68,474.10187,113.71502,26.2,28.6,,11.47,19.26,22.3,23.3,20.61,18.36,,,
2022-01-05,1522.5,1546.01,1542.45,2283.66,2231.16,2650.24,2188.24,2230.88,1976.13,480.3623,114.258995,25.99,28.03,,11.43,19.0,22.0,23.4,20.58,18.0,,,
2022-01-06,1528.57,1544.95,1545.98,2299.82,2248.19,2651.05,2172.71,2217.7,1971.31,484.88913,114.389275,25.82,27.85,,11.43,19.01,21.88,23.69,20.42,18.2,,,
2022-01-07,1528.48,1532.24,1539.67,2317.19,2283.06,2633.6,2149.82,2196.02,1955.8,493.83737,115.60483,25.85,28.33,,11.41,18.6,21.7,23.1,20.45,18.12,,10.15,
2022-01-10,1503.71,1514.7,1514.3,2245.22,2245.71,2594.07,2116.97,2159.68,1920.49,482.8864,114.29859,25.58,27.55,,11.28,19.0,21.66,23.1,20.24,17.89,,10.03,
2022-01-11,1492.31,1499.74,1500.82,2232.83,2228.75,2563.55,2111.91,2148.62,1902.56,481.60806,114.540306,25.4,27.4,,11.1,18.51,21.41,22.75,19.9,17.67,,9.99,
2022-01-12,1510.51,1530.04,1520.92,2224.82,2180.36,2612.16,2201.38,2230.19,1939.36,473.64087,114.187485,25.21,27.8,,11.23,19.18,22.2,22.7,20.01,17.99,,10.04,
2022-01-13,1496.05,1526.43,1505.81,2160.55,2113.43,2594.32,2201.87,2229.21,1945.78,460.82547,112.66826,25.81,27.73,,11.24,19.02,22.5,22.9,20.28,18.11,,10.1,
2022-01-14,1496.02,1523.57,1500.95,2144.44,2095.39,2592.41,2196.62,2216.01,1930.76,466.86432,112.221565,25.65,27.64,,11.14,18.8,22.03,22.8,19.98,17.9,,10.03,
2022-01-17,1452.84,1478.61,1448.93,2039.28,1995.0,2504.32,2122.98,2145.32,1876.91,445.34406,109.364815,25.0,26.7,,10.77,18.55,22.49,22.0,19.57,17.48,,9.76,
2022-01-18,1438.94,1477.06,1436.61,1980.64,1913.42,2477.05,2130.3,2140.03,1869.59,421.20926,107.47343,25.29,26.69,,10.67,18.59,21.6,21.7,20.7,17.45,,9.7,
2022-01-19,1442.79,1482.55,1444.44,2001.46,1896.92,2480.6,2127.67,2145.78,1885.97,409.31445,107.838715,25.2,27.1,,10.7,18.7,22.2,22.0,19.4,17.44,,9.71,
2022-01-20,1465.3,1492.81,1461.6,2055.62,1945.08,2500.89,2157.98,2170.67,1904.4,411.80484,109.67293,24.95,27.1,,10.87,19.0,22.5,22.0,19.46,17.64,,9.8,
2022-01-21,1472.89,1502.16,1470.35,2066.77,1965.77,2513.0,2199.43,2206.58,1922.8,417.84003,109.677284,25.11,27.13,,10.87,18.99,21.65,22.0,19.54,17.7,,9.83,
2022-01-24,1439.71,1471.31,1431.79,1979.69,1876.26,2454.97,2176.1,2184.46,1894.27,400.76346,106.705795,24.97,27.09,,10.62,18.98,21.9,21.5,19.27,17.34,,9.6,
2022-01-25,1479.58,1516.16,1474.2,2031.65,1875.66,2531.39,2246.62,2256.43,1935.35,410.23,108.02794,25.18,27.4,,10.82,18.95,22.1,22.0,19.53,17.78,,9.8,
2022-01-26,1481.58,1525.31,1480.53,2029.86,1845.18,2547.94,2285.08,2289.2,1959.31,411.8216,109.05227,25.5,27.9,,11.0,18.95,23.2,22.2,19.78,17.95,,9.93,
2022-01-27,1470.76,1516.57,1470.75,2009.99,1819.16,2531.2,2267.18,2274.61,1952.33,411.26718,108.72636,25.58,27.6,,10.91,18.79,23.15,22.3,19.69,17.85,,9.94,
2022-01-28,1478.96,1532.24,1484.58,2025.16,1850.34,2557.03,2297.64,2309.09,1988.66,416.7319,109.687904,25.74,27.9,,11.0,18.92,21.71,22.1,19.93,18.04,,10.01,
2022-02-07,1497.66,1541.25,1495.5,2052.59,1907.7,2575.57,2301.87,2312.78,1999.59,419.3266,110.75454,25.91,28.38,,11.1,19.21,23.22,22.7,19.99,18.17,,10.08,
2022-02-08,1500.99,1550.46,1502.85,2063.36,1920.55,2590.68,2327.93,2341.01,2018.0,417.8879,111.51734,26.1,28.86,,11.14,18.93,23.4,22.5,20.03,18.25,,10.1,
2022-02-09,1505.38,1552.44,1508.03,2083.2,1952.46,2600.25,2311.38,2325.57,2017.56,424.19275,111.999405,26.3,28.68,,11.19,18.77,23.6,22.7,20.48,18.32,,10.16,
2022-02-10,1506.79,1548.95,1505.82,2086.94,1963.58,2593.16,2306.79,2322.47,2015.22,428.23642,112.63724,26.17,28.4,,11.1,19.15,23.63,22.6,20.04,18.17,,10.06,
2022-02-11,1501.71,1545.92,1504.56,2094.46,1970.3,2590.7,2318.32,2334.98,2019.53,426.89175,112.53821,26.08,28.68,,11.12,19.23,23.9,22.89,20.21,18.23,,10.14,
2022-02-14,1471.96,1505.07,1467.36,2049.21,1959.41,2514.98,2199.56,2224.43,1967.77,421.014,110.85043,26.0,28.45,,10.98,18.92,23.89,22.45,19.97,17.9,,9.97,
2022-02-15,1492.75,1527.36,1490.01,2082.21,1969.62,2551.56,2237.79,2259.5,1989.59,423.83932,111.219795,25.69,28.5,,11.06,18.9,22.6,22.4,20.0,18.01,,9.97,
2022-02-16,1492.1,1521.47,1490.17,2102.87,2004.58,2547.15,2233.37,2248.65,1996.92,429.1206,111.802505,25.91,28.5,,11.03,18.82,22.45,22.4,19.83,17.94,,9.95,
2022-02-17,1507.99,1540.51,1505.37,2113.62,2020.85,2574.55,2255.78,2272.97,2021.2,430.23526,112.4189,25.95,28.5,,11.08,19.05,22.8,22.5,20.05,18.03,,10.04,
2022-02-18,1504.84,1531.47,1502.62,2132.39,2052.26,2564.26,2233.6,2253.0,2009.02,435.60977,112.72428,25.75,28.5,,11.1,18.8,22.8,22.5,19.93,18.04,,9.98,
2022-02-21,1510.84,1533.4,1507.93,2149.87,2091.42,2568.66,2241.01,2258.37,2012.84,440.98874,113.6663,25.9,28.5,,11.11,18.9,22.6,22.5,20.1,18.0,,9.96,
2022-02-22,1503.47,1532.36,1501.1,2122.04,2068.85,2561.3,2254.75,2265.16,2034.67,434.42743,113.01091,25.9,28.65,,11.03,18.98,23.0,22.8,19.96,18.0,,9.89,
2022-02-23,1512.3,1538.83,1510.01,2143.48,2092.55,2576.02,2263.09,2270.17,2045.88,442.54248,113.5093,25.78,29.73,,11.15,18.82,22.69,22.8,20.1,18.1,,10.0,
2022-02-24,1494.85,1522.04,1493.99,2124.13,2061.0,2545.71,2241.31,2246.94,2026.95,434.87988,112.31595,25.4,28.8,,11.02,18.5,22.6,22.9,19.96,17.9,,9.95,
2022-02-25,1498.89,1526.5,1501.67,2148.31,2083.44,2555.52,2266.61,2274.39,2037.46,440.16293,112.65634,25.5,29.5,,11.06,18.89,23.07,22.7,20.06,17.95,,9.95,
2022-02-28,1490.13,1517.18,1492.72,2138.44,2093.13,2539.2,2256.29,2258.93,2021.37,440.42407,112.19907,25.8,29.5,,11.05,19.2,22.7,22.32,20.0,17.9,,9.95,
2022-03-01,1498.78,1520.12,1499.95,2161.32,2116.98,2548.41,2250.02,2254.59,2025.49,443.56094,112.37909,25.6,28.8,,11.04,18.72,22.85,22.3,20.06,17.86,,9.96,
2022-03-02,1485.52,1498.61,1480.61,2138.63,2108.66,2516.03,2178.09,2184.65,1987.63,442.24908,111.80439,25.4,28.1,,10.94,18.8,22.77,22.0,19.81,17.66,,9.92,
2022-03-03,1505.0,1522.49,1503.55,2171.9,2143.88,2556.76,2214.75,2218.93,2013.08,449.3094,113.19207,25.68,28.79,,11.05,18.8,22.69,22.4,21.18,17.91,,9.92,
2022-03-04,1505.33,1525.34,1506.83,2177.96,2164.93,2562.11,2230.55,2229.75,2023.05,450.58667,113.29098,25.7,28.6,,11.09,18.7,22.59,22.5,20.52,17.91,,9.9,
2022-03-07,1499.05,1509.12,1495.71,2179.54,2178.76,2538.85,2197.13,2199.75,2006.0,452.86487,113.22308,25.6,28.5,,11.04,18.61,22.39,22.5,20.64,17.7,,9.82,
2022-03-08,1473.71,1490.17,1471.89,2128.08,2132.56,2503.03,2163.0,2167.6,1981.88,445.885,112.606384,25.3,28.15,,10.88,18.45,21.98,22.31,19.94,17.5,,9.75,
2022-03-09,1473.74,1489.25,1474.14,2143.05,2137.3,2505.45,2160.17,2170.07,1993.34,444.59857,113.36551,25.0,28.4,,10.89,18.64,21.95,22.44,19.89,17.53,,9.72,
2022-03-10,1479.08,1490.24,1478.09,2156.32,2166.84,2508.07,2175.84,2178.0,1986.99,447.63577,115.29181,25.15,28.45,,10.93,18.68,21.98,22.5,19.7,17.58,,9.76,
2022-03-11,1466.54,1477.14,1466.85,2144.64,2146.49,2485.85,2173.58,2173.26,1968.61,442.1961,115.36676,24.99,28.0,,10.8,18.6,22.0,22.0,19.3,17.36,,9.69,
2022-03-14,1446.25,1461.1,1448.6,2109.33,2115.06,2457.36,2161.68,2163.14,1941.34,436.56937,115.05113,24.5,27.45,,10.73,18.6,21.52,21.6,19.95,17.21,,9.57,
2022-03-15,1452.74,1468.89,1458.1,2130.26,2131.84,2470.58,2175.65,2174.44,1956.08,443.5219,115.56222,24.7,27.6,,10.77,18.59,22.14,21.6,19.3,17.25,,9.57,
2022-03-16,1459.33,1472.69,1464.5,2149.38,2155.8,2479.61,2188.05,2186.84,1961.26,446.17862,116.043465,24.84,27.8,,10.78,18.55,22.0,21.6,19.52,17.35,,9.59,
2022-03-17,1461.34,1469.92,1463.36,2152.32,2176.68,2478.2,2187.92,2188.86,1964.15,446.1648,115.94134,24.86,28.18,,10.82,18.55,22.2,21.6,19.5,17.35,,9.58,
2022-03-18,1469.1,1476.94,1469.74,2158.97,2191.02,2487.2,2189.34,2189.34,1976.49,451.20844,116.04243,25.0,28.23,,10.82,18.48,22.11,21.7,19.6,17.44,,9.65,
2022-03-21,1494.95,1502.67,1495.49,2195.14,2219.84,2530.04,2203.61,2207.62,2000.8,458.29166,116.17897,25.28,28.5,,11.05,18.51,22.34,21.9,19.79,17.62,,9.65,
2022-03-22,1503.78,1513.4,1507.11,2214.95,2223.19,2549.03,2224.25,2224.54,2018.84,461.34634,116.800865,25.41,28.75,,11.11,18.53,22.2,22.4,19.98,17.81,,9.8,
2022-03-23,1502.34,1505.59,1504.44,2228.98,2236.46,2538.83,2213.1,2215.96,2011.79,462.09875,116.57824,25.27,27.7,,11.09,18.5,22.29,22.2,19.95,17.74,,9.81,
2022-03-24,1498.26,1497.44,1499.19,2231.82,2261.28,2527.99,2196.65,2199.11,2022.68,462.79578,117.26645,25.15,28.65,,11.04,18.51,22.1,22.21,19.9,17.58,,9.8,
2022-03-25,1498.5,1498.36,1500.7,2235.99,2283.74,2528.91,2190.84,2195.34,2032.18,461.74722,117.0034,25.18,29.0,,11.05,18.46,21.81,22.1,19.9,17.6,,9.79,
2022-03-28,1483.18,1484.16,1485.61,2210.93,2255.24,2503.74,2148.06,2161.41,2042.32,454.8905,116.007645,25.13,29.1,,10.9,18.31,21.91,22.1,19.77,17.45,,9.7,
2022-03-29,1497.76,1500.57,1501.3,2231.51,2286.35,2528.42,2165.25,2179.83,2089.75,461.23645,117.36995,25.14,29.52,,11.05,18.42,22.34,22.0,19.8,17.6,,9.71,
2022-03-30,1490.51,1500.23,1496.26,2208.79,2238.82,2527.11,2179.41,2195.1,2088.65,451.19403,116.88292,25.15,29.6,,10.95,18.3,21.86,22.0,19.83,17.6,,9.76,
2022-03-31,1492.15,1508.53,1499.71,2197.95,2211.95,2536.9,2184.09,2200.22,2108.21,449.61746,117.04422,25.3,30.08,,11.05,18.7,22.01,22.0,19.97,17.75,,9.9,
2022-04-01,1516.44,1542.47,1529.68,2231.61,2240.62,2587.34,2227.87,2243.74,2183.53,454.1019,117.190475,25.88,30.97,,11.24,18.68,22.5,22.2,20.21,18.08,,9.9,
2022-04-04,1524.7,1548.04,1533.73,2232.49,2260.76,2595.66,2238.55,2246.76,2169.54,458.68848,117.67071,26.1,32.25,,11.26,18.55,22.04,22.5,20.4,17.99,,9.97,
2022-04-05,1520.03,1539.2,1526.58,2227.02,2258.21,2580.05,2215.25,2222.11,2158.05,456.10324,117.70218,25.9,32.05,,11.21,18.55,22.36,22.8,20.35,17.88,,10.04,
2022-04-06,1522.9,1557.11,1534.69,2210.63,2223.28,2597.41,2256.56,2258.56,2193.18,446.82956,116.84168,25.8,31.95,,11.3,18.63,22.0,22.85,20.56,18.07,,10.11,
2022-04-07,1502.35,1541.96,1515.9,2171.77,2182.77,2567.78,2245.31,2245.27,2165.41,441.6059,115.80811,25.76,30.65,,11.14,18.66,22.01,22.6,20.43,18.02,,10.03,
2022-04-08,1482.0,1524.31,1494.39,2122.92,2130.62,2530.61,2209.98,2209.57,2126.78,432.02106,113.843185,25.88,30.69,,11.03,18.66,22.3,22.4,20.4,18.0,,10.02,
2022-04-12,1455.25,1507.2,1470.83,2067.7,2066.21,2497.66,2171.21,2168.81,2103.42,421.01154,112.53126,25.9,30.0,,10.85,18.77,22.17,22.0,20.0,17.76,,10.03,
2022-04-13,1477.2,1525.39,1494.67,2122.5,2117.24,2533.61,2196.07,2188.85,2151.37,427.44696,113.302986,25.9,30.8,,11.0,18.98,22.05,22.79,19.93,17.95,,10.0,
2022-04-14,1472.12,1518.01,1489.33,2121.77,2114.76,2524.9,2179.83,2172.46,2164.07,423.68787,113.41267,25.52,31.08,,10.97,18.56,22.15,22.06,19.91,17.86,,9.95,
2022-04-15,1458.56,1493.74,1466.58,2092.57,2095.89,2483.89,2124.01,2119.19,2147.17,416.71365,112.35651,25.5,30.89,,10.8,18.59,21.98,21.8,20.0,17.62,,9.87,
2022-04-18,1432.6,1468.25,1437.72,2038.08,2034.49,2435.03,2048.53,2049.89,2144.59,403.11508,110.21031,25.3,30.6,,10.61,18.27,21.49,21.7,19.94,17.34,,9.79,
2022-04-19,1406.45,1440.61,1407.69,1984.18,1971.09,2385.57,1977.6,1988.79,2084.15,392.6936,108.31695,24.95,29.8,,10.4,18.37,20.5,21.4,19.0,17.0,,9.59,
2022-04-20,1384.72,1435.5,1392.24,1928.06,1899.78,2360.64,1967.1,1972.0,2065.95,380.03937,106.39714,24.8,30.0,,10.33,17.9,20.35,20.9,18.98,16.91,,9.54,
2022-04-21,1370.21,1426.87,1382.64,1914.24,1850.75,2340.7,1985.99,1979.04,2063.72,366.6147,104.888374,24.99,29.8,,10.32,18.4,20.5,20.7,18.76,16.9,,9.53,
2022-04-22,1379.23,1444.32,1391.65,1900.51,1812.49,2358.13,2021.42,2016.9,2048.71,359.12,104.15109,24.8,29.2,,10.27,18.59,21.0,20.75,18.65,16.97,,9.4,
2022-04-25,1310.92,1366.39,1315.66,1789.27,1715.03,2227.14,1893.54,1898.73,1915.05,337.51114,99.54443,23.08,27.5,,9.89,17.45,19.55,19.62,18.04,16.09,,9.05,
2022-04-26,1341.34,1396.9,1348.52,1844.36,1758.4,2277.99,1952.27,1948.98,1960.03,345.16656,101.14834,23.55,28.38,,9.94,17.35,20.0,20.61,19.15,16.39,,9.02,
2022-04-27,1353.77,1402.03,1357.98,1873.75,1801.81,2293.82,1963.04,1959.31,1955.63,357.09067,101.36627,24.0,28.4,,10.07,17.85,20.0,20.5,18.61,16.54,,9.0,
2022-04-28,1350.99,1400.88,1356.25,1870.17,1813.1,2291.51,1957.48,1955.24,1966.56,360.205,102.69108,23.89,28.4,,10.01,17.95,20.01,21.27,18.68,16.31,,9.1,
2022-04-29,1366.8,1417.31,1376.0,1909.15,1864.75,2324.03,1986.81,1988.52,2003.34,365.8298,104.30557,23.96,28.85,,10.18,18.78,19.8,21.4,18.64,16.65,,9.17,
2022-05-04,1348.68,1389.59,1349.34,1872.42,1854.31,2280.91,1925.21,1932.38,1977.3,360.97134,104.022194,23.5,28.6,,10.12,17.77,20.5,20.5,19.21,16.33,,9.1,
2022-05-05,1360.68,1404.88,1358.12,1863.17,1829.55,2297.67,1930.49,1943.17,1987.33,358.7485,103.8182,23.55,28.6,,10.1,17.46,19.63,21.75,19.15,16.5,,9.16,
2022-05-06,1329.26,1373.21,1324.63,1806.44,1768.18,2237.57,1856.83,1875.94,1944.25,343.45844,101.88087,22.99,28.08,,9.77,17.69,19.73,20.27,18.7,16.16,,8.87,
2022-05-09,1269.62,1314.04,1263.57,1708.03,1663.52,2133.12,1745.62,1776.74,1825.45,323.39014,96.496124,22.0,26.3,,9.4,18.44,19.0,19.0,18.4,15.33,,8.5,
2022-05-10,1293.56,1345.46,1288.61,1724.55,1675.6,2179.52,1781.55,1812.11,1882.85,330.02463,99.05542,23.0,26.61,,9.45,17.21,18.5,19.4,18.27,15.74,,8.66,
2022-05-11,1301.53,1349.82,1297.38,1751.77,1694.83,2189.59,1793.63,1829.41,1929.38,333.0364,98.78671,22.8,27.65,,9.7,16.95,19.0,19.3,18.33,15.93,,8.58,
2022-05-12,1238.84,1279.76,1229.9,1658.73,1604.39,2070.94,1676.41,1720.01,1818.59,315.522,96.43709,21.47,26.1,,9.21,15.78,19.0,18.3,17.85,15.0,,8.25,
2022-05-13,1182.77,1223.76,1172.6,1568.14,1513.29,1972.42,1577.4,1624.48,1718.88,302.39374,93.61378,21.5,25.49,,8.83,16.85,17.67,17.5,18.2,14.38,,7.96,
2022-05-16,1171.95,1215.08,1162.39,1548.45,1500.41,1958.77,1572.64,1626.74,1700.41,307.0518,93.19792,20.7,24.5,,8.9,15.68,16.45,17.0,17.41,14.24,,7.92,
2022-05-17,1228.37,1279.55,1222.72,1626.05,1578.91,2058.22,1673.82,1718.82,1809.09,315.43674,95.88749,21.79,26.0,,9.14,15.84,16.51,17.0,17.16,14.94,,8.32,
2022-05-18,1240.76,1286.41,1234.3,1659.0,1599.8,2074.85,1701.14,1737.09,1814.43,309.8402,94.73099,21.8,26.15,,9.29,16.08,17.32,18.19,16.94,15.09,,8.36,
2022-05-19,1241.64,1283.55,1233.78,1665.79,1593.64,2073.98,1692.57,1727.1,1812.09,308.0244,94.57534,21.68,27.5,,9.32,15.88,18.5,18.2,16.91,15.13,,8.35,
2022-05-20,1240.71,1282.51,1235.46,1677.28,1607.42,2073.1,1693.56,1730.83,1828.2,307.01825,94.10562,21.68,26.13,,9.26,16.0,17.47,18.95,16.89,15.01,,8.24,
2022-05-23,1218.81,1255.35,1210.34,1645.77,1588.41,2029.77,1633.84,1680.68,1788.22,300.6595,93.63177,21.4,25.4,,9.09,15.7,16.8,17.85,16.07,14.69,,8.0,
2022-05-24,1233.38,1272.71,1226.68,1667.1,1598.16,2057.97,1679.44,1715.41,1821.9,305.9568,93.12082,21.32,25.89,,9.09,15.93,16.8,18.94,16.16,14.86,,8.25,
2022-05-25,1268.43,1310.7,1266.33,1732.24,1654.83,2122.23,1745.73,1777.88,1917.72,314.91403,94.78177,22.0,27.09,,9.44,16.46,17.44,19.09,16.7,15.4,,8.37,
2022-05-26,1268.57,1309.5,1266.14,1734.95,1666.7,2119.88,1737.51,1773.49,1922.26,313.2854,94.94834,21.93,27.5,,9.38,16.43,17.5,19.5,17.0,15.44,,8.42,
2022-05-27,1285.45,1335.68,1288.85,1757.82,1680.38,2155.14,1760.21,1801.66,2010.22,311.16733,95.29428,22.39,28.7,,9.52,16.55,17.7,19.96,16.99,15.69,,8.47,
2022-05-30,1293.92,1342.87,1297.08,1773.28,1694.54,2166.4,1778.75,1816.27,2019.56,312.76996,95.71037,22.6,28.5,,9.68,17.0,18.0,21.0,17.08,15.79,,8.75,
2022-05-31,1292.68,1332.59,1288.77,1767.16,1683.95,2149.52,1758.56,1796.03,1977.36,315.75717,95.446495,22.3,28.0,,9.62,17.76,18.0,20.0,17.2,15.69,,8.6,
2022-06-01,1299.52,1335.49,1291.48,1770.28,1690.15,2153.1,1749.95,1786.65,1998.36,315.3666,95.10177,22.65,28.35,,9.59,16.72,17.82,20.0,17.01,15.74,,8.66,
2022-06-02,1288.62,1325.49,1279.87,1747.8,1686.49,2133.71,1725.88,1767.66,2003.82,311.77267,94.32195,22.3,28.43,,9.49,16.49,17.5,19.0,17.01,15.62,,8.6,
2022-06-03,1287.98,1327.4,1281.77,1750.71,1681.03,2136.78,1722.54,1761.6,2025.33,310.47668,94.167,22.1,28.9,,9.49,16.6,17.4,19.42,17.05,15.65,,8.59,
2022-06-06,1290.01,1327.04,1279.29,1740.2,1658.77,2130.83,1707.94,1752.39,2024.12,306.8139,93.89757,22.35,28.8,,9.5,16.36,17.09,19.0,16.8,15.6,,8.65,
2022-06-07,1291.35,1324.37,1277.33,1739.95,1660.35,2127.14,1693.63,1738.44,2041.2,304.1468,93.69479,22.35,28.8,,9.51,16.39,17.0,19.01,16.82,15.55,,8.58,
2022-06-08,1307.91,1342.03,1299.04,1786.04,1699.72,2162.8,1755.56,1790.91,2068.37,310.93112,95.004395,22.4,29.48,,9.64,16.62,17.8,19.4,17.18,15.72,,8.73,
2022-06-09,1307.8,1342.92,1300.35,1789.33,1707.3,2164.47,1757.87,1786.12,2062.3,312.73904,94.89408,22.45,29.4,,9.67,16.47,17.35,19.2,16.5,15.8,,8.77,
2022-06-10,1284.08,1325.69,1279.23,1744.63,1657.37,2132.71,1732.9,1762.03,1992.91,306.44473,93.715065,22.4,28.8,,9.53,16.29,17.48,19.02,17.0,15.67,,8.65,
2022-06-13,1227.04,1260.85,1215.45,1652.51,1569.13,2022.78,1628.58,1664.38,1874.43,288.3681,90.52851,21.74,27.15,,9.12,15.58,16.48,18.74,16.28,14.81,,8.3,
2022-06-14,1230.31,1261.16,1214.61,1647.37,1536.56,2021.2,1615.95,1653.06,1905.2,290.07855,90.620384,21.9,27.5,,9.06,15.5,16.2,19.93,16.2,14.8,,8.21,
2022-06-15,1213.93,1253.09,1201.23,1609.77,1492.37,2002.59,1586.9,1626.79,1914.61,283.24893,88.64972,21.01,27.59,,9.0,15.55,16.45,19.59,16.68,14.81,,8.17,
2022-06-16,1236.63,1280.37,1223.95,1629.56,1493.98,2042.66,1596.41,1641.65,1973.43,287.7708,89.25408,21.9,28.22,,9.15,16.0,16.22,18.91,16.84,15.14,,8.57,
2022-06-17,1217.3,1258.03,1200.28,1589.15,1452.85,2000.48,1523.94,1577.51,1943.72,280.06268,87.10189,21.4,27.73,,8.9,16.1,16.22,17.6,16.8,14.84,,8.16,
2022-06-20,1180.4,1225.56,1164.33,1523.86,1394.7,1945.94,1464.6,1527.9,1879.43,267.91995,85.440865,20.71,27.05,,8.76,15.0,15.2,16.47,15.86,14.54,,8.11,
2022-06-21,1172.47,1224.54,1155.46,1485.25,1352.91,1934.61,1469.68,1531.72,1855.08,264.62006,85.03264,20.6,26.9,,8.59,15.13,15.35,17.62,15.5,14.45,,8.0,
2022-06-22,1169.27,1227.18,1161.32,1504.57,1360.55,1948.74,1533.48,1587.2,1825.47,269.38574,85.63355,20.9,26.98,,8.69,15.21,15.4,17.65,15.39,14.51,,8.0,
2022-06-23,1188.88,1240.58,1181.06,1556.26,1403.82,1979.83,1569.38,1616.73,1879.42,277.17752,86.69656,20.75,27.19,,8.81,15.19,15.52,18.36,15.51,14.6,,8.03,
2022-06-24,1185.48,1235.47,1178.27,1559.52,1409.96,1973.74,1557.44,1606.79,1877.27,275.92505,87.10198,20.79,26.8,,8.77,15.42,15.7,17.25,15.88,14.55,,8.09,
2022-06-27,1202.82,1256.67,1197.34,1581.59,1436.96,2007.66,1586.17,1631.13,1910.57,280.4223,88.142914,21.11,27.12,,8.98,15.37,15.91,18.2,15.85,14.83,,8.16,
2022-06-28,1218.1,1273.41,1214.12,1607.29,1453.4,2036.78,1633.05,1679.91,1952.1,283.8705,89.00758,21.45,27.65,,9.11,15.69,16.6,18.4,16.0,15.04,,8.27,
2022-06-29,1218.09,1273.4,1214.42,1609.07,1450.92,2039.32,1634.13,1678.02,1950.87,282.34967,88.88199,21.45,27.7,,9.13,15.84,16.5,18.34,16.12,15.03,,8.23,
2022-06-30,1197.6,1248.92,1189.5,1569.94,1422.86,1995.96,1584.46,1635.87,1910.45,277.68472,88.582695,21.35,27.59,,9.0,15.33,16.55,17.5,16.19,14.84,,8.12,
2022-07-01,1198.9,1252.24,1194.16,1581.94,1424.66,2003.56,1607.71,1658.55,1915.25,278.87827,88.1762,21.3,27.0,,8.95,15.34,16.02,18.71,16.1,14.75,,8.1,
2022-07-04,1195.53,1248.37,1192.85,1588.37,1425.86,2003.14,1626.44,1677.1,1893.21,281.1919,87.899025,21.26,26.85,,8.98,15.45,16.3,17.7,15.97,15.2,,8.14,
2022-07-05,1181.29,1242.05,1181.62,1555.68,1389.24,1989.25,1652.17,1695.28,1860.76,277.9393,87.18852,20.9,26.3,,8.85,15.41,16.6,17.8,15.86,14.65,,8.1,
2022-07-06,1149.61,1211.94,1151.69,1513.08,1350.32,1938.95,1616.8,1661.8,1804.06,271.92044,86.22482,20.66,25.72,,8.77,15.36,16.3,18.74,16.1,14.39,,7.96,
2022-07-07,1166.48,1229.23,1167.22,1529.46,1356.42,1966.67,1627.14,1673.53,1823.59,271.85638,86.3804,20.7,26.5,,8.72,15.19,16.34,18.54,15.69,14.47,,8.0,
2022-07-08,1171.31,1231.54,1174.34,1555.9,1388.95,1976.58,1627.19,1671.11,1829.9,277.79733,86.96162,20.89,26.1,,8.85,15.22,16.4,17.85,15.74,14.55,,8.01,
2022-07-11,1155.29,1209.02,1155.08,1537.55,1376.24,1943.63,1582.86,1625.92,1788.45,276.9278,86.25075,20.37,25.64,,8.73,15.1,16.56,17.85,15.4,14.2,,7.86,
2022-07-12,1174.82,1219.44,1171.95,1584.34,1421.98,1968.44,1611.47,1654.53,1816.05,281.98944,86.7845,20.6,25.58,,8.85,15.11,16.21,18.0,16.0,14.4,,7.95,
2022-07-13,1173.92,1216.94,1169.68,1581.79,1430.62,1967.66,1622.49,1662.03,1810.2,281.36032,87.089584,20.63,25.65,,8.85,15.06,16.27,18.24,15.62,14.38,,7.96,
2022-07-14,1182.17,1221.94,1176.26,1597.02,1441.56,1978.36,1638.66,1675.76,1813.95,284.7544,87.18667,20.69,25.97,,8.9,15.1,16.41,17.7,15.62,14.42,,7.94,
2022-07-15,1179.25,1220.14,1174.82,1595.98,1438.81,1974.17,1634.09,1672.66,1803.0,284.3975,87.32063,20.63,25.53,,8.88,15.1,16.45,17.92,15.68,14.4,,8.0,
2022-07-18,1176.49,1214.28,1171.29,1599.04,1447.01,1966.46,1628.84,1672.17,1806.6,284.6337,87.46499,20.52,25.7,,8.85,15.08,16.5,17.61,15.64,14.34,,8.0,
2022-07-19,1178.33,1211.7,1170.45,1603.28,1442.87,1964.04,1623.86,1665.24,1795.19,284.43033,87.88653,20.5,25.5,,8.82,15.02,16.4,17.29,15.59,14.28,,7.96,
2022-07-20,1194.14,1225.62,1185.85,1631.47,1480.17,1989.62,1645.98,1689.92,1830.57,288.8652,88.879135,20.7,25.9,,8.96,15.27,16.55,17.21,15.95,14.45,,8.05,
2022-07-21,1198.47,1235.25,1192.74,1633.12,1472.18,2002.37,1656.1,1698.2,1847.61,288.09497,89.11655,20.79,26.24,,9.0,15.3,16.68,17.3,15.93,14.52,,8.09,
2022-07-22,1194.76,1228.84,1187.53,1629.91,1463.42,1993.53,1648.86,1693.51,1849.12,288.8342,88.84081,20.89,26.4,,9.01,15.11,16.65,17.79,15.84,14.57,,8.07,
2022-07-25,1188.5,1222.6,1180.43,1615.89,1455.02,1981.43,1631.36,1677.41,1828.61,285.379,88.35147,20.72,26.1,,8.9,15.19,16.61,17.45,15.9,14.4,,8.01,
2022-07-26,1185.07,1218.49,1175.15,1604.52,1444.59,1972.37,1627.32,1672.95,1813.82,282.87778,88.409676,20.69,26.01,,8.88,15.06,16.9,17.47,15.7,14.42,,8.04,
2022-07-27,1191.04,1219.43,1179.45,1621.87,1454.57,1977.3,1632.25,1680.26,1814.91,284.5226,88.86688,20.6,25.91,,8.87,15.07,16.4,17.3,15.71,14.37,,8.0,
2022-07-28,1208.12,1236.14,1196.16,1646.71,1477.34,2007.87,1676.57,1714.34,1830.19,289.84238,89.49771,20.92,26.08,,8.96,15.22,16.89,17.45,16.0,14.55,,8.1,
2022-07-29,1206.33,1232.0,1191.79,1639.99,1477.02,2000.27,1686.98,1722.31,1822.41,288.61258,89.605286,20.95,26.4,,8.95,15.06,16.85,17.48,15.89,14.57,,8.11,
2022-08-01,1231.35,1256.25,1216.7,1678.88,1502.63,2042.27,1732.72,1761.37,1850.86,294.61642,89.90982,21.1,26.35,,9.11,15.1,17.35,17.99,15.9,14.79,,8.19,
2022-08-02,1241.62,1265.97,1224.3,1683.56,1518.39,2053.42,1734.02,1763.85,1861.19,295.84247,90.12533,21.3,26.42,,9.18,15.42,17.4,18.12,16.3,14.91,,8.26,
2022-08-03,1249.76,1269.83,1230.97,1702.12,1535.55,2061.05,1746.05,1772.62,1865.3,298.1112,90.315865,21.2,26.4,,9.18,15.5,17.55,18.0,16.4,15.0,,8.22,
2022-08-04,1254.15,1277.73,1234.97,1696.04,1535.36,2071.31,1751.59,1780.89,1874.55,297.73145,90.864716,21.5,26.52,,9.19,15.76,17.48,18.26,16.5,15.12,,8.28,
2022-08-05,1252.74,1272.06,1233.39,1706.3,1550.76,2066.69,1760.62,1784.69,1871.19,299.89664,91.31897,21.37,26.5,,9.2,15.66,17.65,18.23,16.39,15.05,,8.3,
2022-08-08,1256.75,1276.7,1238.1,1713.49,1565.21,2074.43,1772.4,1794.85,1885.76,301.32626,92.3185,21.43,26.75,,9.22,15.77,17.77,18.1,16.5,15.05,,8.39,
2022-08-09,1258.85,1281.44,1242.37,1718.33,1574.43,2081.87,1778.1,1797.94,1888.52,301.40915,92.85682,21.68,26.87,,9.27,15.97,17.89,18.39,16.74,15.1,,8.39,
2022-08-10,1256.5,1277.15,1239.31,1717.59,1579.81,2075.63,1763.7,1786.53,1885.04,303.5432,93.108116,21.57,26.87,,9.23,15.97,17.99,18.21,16.5,15.12,,8.44,
2022-08-11,1252.07,1272.33,1231.47,1696.68,1556.22,2063.53,1753.14,1777.52,1868.42,300.18176,92.71585,21.67,26.65,,9.23,16.08,17.9,18.2,16.49,15.06,,8.45,
2022-08-12,1262.33,1280.96,1241.68,1716.69,1571.7,2080.38,1772.74,1793.55,1874.21,303.4209,92.837296,21.6,26.65,,9.29,16.1,18.0,18.32,16.57,15.08,,8.38,
2022-08-15,1274.2,1293.79,1255.46,1739.99,1580.12,2102.42,1792.15,1811.71,1909.49,303.9663,92.63722,21.86,26.99,,9.32,16.0,18.1,19.01,16.64,15.26,,8.45,
2022-08-16,1274.69,1295.1,1257.15,1743.69,1585.05,2103.56,1785.2,1806.78,1913.9,303.0188,92.83969,21.9,27.1,,9.34,16.05,18.1,19.0,16.7,15.27,,8.5,
2022-08-17,1275.28,1300.4,1259.04,1735.97,1582.43,2108.59,1787.86,1810.33,1908.75,302.59155,93.06708,22.04,27.37,,9.42,15.91,17.99,19.1,16.76,15.42,,8.5,
2022-08-18,1273.66,1299.93,1256.97,1727.93,1575.79,2105.59,1786.63,1809.34,1904.18,301.19046,92.84595,21.92,27.1,,9.42,16.25,18.05,19.16,16.71,15.42,,8.5,
2022-08-19,1269.18,1294.93,1251.55,1718.67,1571.01,2095.32,1790.39,1808.88,1894.93,297.93854,92.77499,21.8,26.9,,9.28,15.77,18.1,20.0,16.56,15.3,,8.41,
2022-08-22,1260.43,1285.45,1244.03,1713.58,1559.78,2083.43,1777.08,1797.53,1902.98,294.7346,92.22007,21.8,27.04,,9.27,15.75,18.8,20.0,16.56,15.23,,8.32,
2022-08-23,1270.81,1292.0,1253.82,1738.05,1584.69,2098.07,1792.05,1810.74,1910.69,299.14197,92.77685,21.79,27.15,,9.3,15.75,18.05,20.29,16.73,15.25,,8.31,
2022-08-24,1277.16,1296.41,1258.71,1746.75,1597.13,2107.18,1801.86,1820.06,1919.06,301.2984,93.30034,21.91,27.22,,9.36,16.05,18.29,19.76,16.7,15.25,,8.43,
2022-08-25,1288.88,1311.55,1272.19,1761.6,1603.86,2130.81,1823.44,1838.96,1935.88,301.86493,93.58714,22.2,27.55,,9.46,16.2,18.5,20.0,17.0,15.4,,8.5,
2022-08-26,1282.57,1306.81,1266.72,1751.24,1589.69,2120.62,1804.02,1827.6,1950.67,299.49902,92.87704,22.12,27.66,,9.43,16.26,18.3,20.59,17.2,15.45,,8.54,
2022-08-29,1270.8,1293.25,1253.51,1732.79,1570.19,2097.67,1781.13,1806.05,1941.4,295.54343,91.570496,21.81,27.46,,9.31,16.23,17.63,20.1,17.2,15.29,,8.46,
2022-08-30,1279.39,1298.14,1254.53,1722.36,1565.97,2100.27,1781.43,1810.33,1934.64,293.85553,92.39213,22.0,27.72,,9.35,15.91,18.2,21.49,16.76,15.39,,8.47,
2022-08-31,1280.51,1301.44,1258.36,1729.69,1575.78,2105.03,1790.6,1816.55,1946.87,291.92352,92.44385,22.06,27.8,,9.36,16.29,18.01,21.0,17.08,15.43,,8.56,
2022-09-05,1277.35,1298.15,1256.38,1730.78,1574.05,2100.91,1774.65,1800.82,1931.56,292.8181,91.77566,22.06,27.5,,9.33,16.25,18.19,21.4,16.95,15.37,,8.48,
2022-09-06,1277.4,1299.06,1257.32,1732.22,1569.33,2102.43,1779.75,1806.0,1932.36,293.2704,91.64371,21.95,27.59,,9.35,16.19,18.14,20.63,16.8,15.37,,8.5,
2022-09-07,1243.17,1268.95,1223.85,1672.36,1524.49,2047.78,1727.24,1761.14,1880.52,284.0548,90.38432,21.8,26.9,,9.16,16.24,17.8,20.96,16.42,15.05,,8.3,
2022-09-08,1234.6,1265.57,1217.15,1652.2,1505.55,2036.54,1700.67,1735.95,1876.02,282.1465,90.31432,21.49,26.76,,9.08,16.13,17.15,20.96,16.24,15.0,,8.3,
2022-09-09,1248.78,1275.64,1230.24,1680.87,1520.49,2056.21,1710.86,1745.66,1889.37,284.6278,90.64481,21.54,27.0,,9.15,16.02,17.6,20.91,16.29,15.03,,8.27,
2022-09-12,1249.62,1275.6,1228.83,1674.54,1525.78,2053.47,1695.78,1733.11,1896.1,283.08115,90.245476,21.7,26.98,,9.2,15.81,17.1,21.69,16.42,15.05,,8.34,
2022-09-13,1248.4,1272.48,1228.07,1680.73,1525.95,2050.1,1694.32,1733.26,1899.73,281.5882,90.39581,21.63,27.2,,9.2,15.81,17.4,20.7,16.39,15.01,,8.33,
2022-09-14,1240.77,1260.88,1222.37,1690.47,1525.54,2035.16,1685.34,1727.95,1886.13,279.4163,90.1609,21.39,26.8,,9.07,15.59,17.24,21.9,16.2,14.9,,8.21,
2022-09-15,1245.66,1262.82,1224.43,1693.9,1527.87,2036.51,1678.75,1727.45,1885.32,279.69022,90.26667,21.41,26.89,,9.1,15.69,17.16,21.9,16.35,14.9,,8.27,
2022-09-16,1234.03,1252.78,1210.14,1659.64,1502.23,2013.29,1654.01,1706.8,1861.98,272.88098,89.45819,21.05,26.68,,9.03,15.67,16.89,20.7,16.17,14.72,,8.19,
2022-09-19,1205.43,1229.88,1182.99,1606.34,1446.08,1967.83,1600.47,1662.65,1830.67,264.25098,88.33794,20.95,26.2,,8.86,15.24,16.19,20.56,15.86,14.54,,8.05,
2022-09-20,1218.93,1241.07,1196.7,1634.41,1459.18,1989.81,1625.13,1682.8,1848.17,266.9058,88.51315,20.93,26.33,,8.94,15.24,16.41,20.15,15.9,14.62,,8.1,
2022-09-21,1210.55,1228.2,1185.93,1624.91,1453.62,1971.66,1605.16,1663.76,1827.08,265.09265,88.23246,20.72,26.13,,8.85,15.3,16.48,20.25,15.79,14.5,,8.0,
2022-09-22,1214.7,1228.94,1190.39,1643.01,1473.93,1975.05,1613.19,1671.11,1833.63,265.6399,88.54901,20.82,26.11,,8.87,15.15,16.26,20.0,15.99,14.48,,7.98,
2022-09-23,1203.28,1215.41,1177.67,1626.68,1465.51,1953.17,1587.86,1649.34,1819.08,264.4363,88.58898,20.82,25.7,,8.82,15.1,15.93,19.9,15.76,14.39,,7.94,
2022-09-26,1174.35,1187.22,1145.19,1565.39,1411.58,1900.6,1528.25,1600.74,1770.19,255.68016,86.681786,20.27,25.16,,8.54,14.64,15.41,19.75,15.48,14.0,,8.4,
2022-09-27,1166.54,1182.46,1140.16,1557.09,1401.32,1893.06,1534.24,1607.51,1766.55,255.51936,86.7099,20.23,25.17,,8.51,14.28,15.65,18.41,15.2,13.95,,7.86,
2022-09-28,1143.62,1160.66,1120.32,1533.81,1373.33,1861.95,1528.02,1599.51,1735.36,252.35063,85.84152,20.17,24.77,,8.43,14.25,15.65,18.4,15.01,13.76,,7.7,
2022-09-29,1126.07,1147.44,1105.85,1508.52,1343.35,1839.1,1503.8,1581.13,1721.02,249.4085,85.21748,19.9,24.72,10.0,8.35,14.18,15.55,19.01,15.05,13.55,,7.68,
2022-09-30,1132.11,1152.01,1109.45,1510.82,1350.63,1847.03,1515.56,1581.78,1724.61,250.25221,84.96369,19.92,25.5,10.0,8.37,14.49,15.53,19.0,15.0,13.74,,7.44,
2022-10-03,1086.44,1102.0,1058.77,1433.8,1288.3,1762.74,1428.75,1501.37,1630.56,238.16501,82.762215,18.8,23.8,9.5,7.96,13.6,14.5,18.7,14.1,12.9,,7.19,
2022-10-04,1078.14,1097.72,1049.46,1404.54,1267.35,1750.37,1406.55,1482.12,1631.97,235.61101,82.37505,18.5,23.58,8.84,7.86,13.61,13.5,18.4,14.02,12.9,,7.68,
2022-10-05,1104.26,1117.38,1074.28,1457.12,1310.92,1787.57,1434.16,1509.96,1667.42,242.1199,83.7862,18.98,23.98,9.12,8.09,13.76,14.42,17.2,14.45,13.2,,8.2,
2022-10-06,1074.52,1081.36,1039.57,1409.79,1263.77,1725.75,1370.93,1461.79,1612.47,235.13089,82.40878,18.72,23.0,8.78,7.8,13.03,14.29,18.4,13.91,12.65,,7.63,
2022-10-07,1035.91,1039.54,999.39,1355.38,1214.44,1657.04,1286.52,1382.9,1543.33,226.09314,79.97874,17.66,22.0,8.22,7.46,12.71,13.29,17.41,13.18,12.16,,7.1,
2022-10-10,1042.48,1038.93,1002.68,1372.27,1234.09,1659.94,1282.87,1374.82,1561.81,229.85106,80.13573,17.6,22.8,8.4,7.49,12.81,13.0,17.01,13.3,12.3,,6.78,
2022-10-11,1006.2,1001.68,965.37,1316.89,1182.91,1596.07,1214.17,1309.9,1509.55,218.77682,77.949905,16.86,21.35,8.1,7.2,12.39,12.09,16.96,12.8,11.72,,6.44,
2022-10-12,1034.81,1034.93,998.27,1364.48,1201.3,1653.65,1279.48,1371.46,1557.71,223.42601,78.94311,17.54,21.95,8.25,7.46,12.6,12.75,16.53,13.29,12.15,,6.68,
2022-10-13,1050.99,1051.24,1011.97,1376.72,1205.39,1676.59,1307.69,1399.35,1571.98,224.74078,78.97004,17.7,22.28,8.5,7.54,12.63,12.85,16.79,13.21,12.29,,6.73,
2022-10-14,1061.85,1061.39,1024.4,1402.18,1228.86,1697.97,1334.23,1423.31,1601.34,227.8924,80.164986,18.0,22.7,8.6,7.59,13.21,13.39,16.0,13.5,12.65,,6.95,
2022-10-17,1051.58,1047.2,1016.72,1410.89,1234.69,1682.6,1331.87,1414.87,1593.79,226.45747,80.01343,17.75,22.63,8.51,7.52,12.93,13.2,16.0,13.45,12.33,,6.73,
2022-10-18,1063.66,1059.06,1025.94,1416.36,1244.23,1698.13,1331.66,1421.31,1606.37,229.11911,80.31996,17.95,22.8,8.8,7.59,13.18,13.31,15.95,13.6,12.43,,6.87,
2022-10-19,1060.07,1053.65,1021.57,1413.1,1242.62,1690.17,1323.7,1416.53,1609.83,227.90201,80.670425,18.01,22.87,8.75,7.58,12.95,13.3,15.73,13.3,12.4,,6.84,
2022-10-20,1058.45,1053.26,1017.68,1396.58,1228.73,1685.17,1311.76,1409.64,1613.45,225.88057,80.783295,17.92,23.09,8.72,7.67,12.99,13.28,15.54,13.39,12.48,,7.0,
2022-10-21,1019.82,1010.57,975.11,1333.89,1170.61,1613.12,1243.82,1350.38,1539.92,217.41167,78.56854,17.09,21.7,8.4,7.33,12.41,12.4,15.33,12.84,11.9,,6.53,
2022-10-24,986.15,973.88,939.43,1284.22,1125.87,1554.77,1193.32,1306.77,1479.07,209.50493,76.44988,16.5,20.86,7.84,7.05,11.61,11.7,14.44,12.38,11.5,,6.21,
2022-10-25,997.7,991.52,953.92,1295.97,1113.96,1579.23,1214.62,1333.62,1506.16,208.02077,76.25136,16.61,21.44,7.86,7.07,12.01,11.9,14.9,12.55,11.5,,6.3,
2022-10-26,993.36,990.41,950.93,1285.71,1094.89,1575.6,1214.23,1335.13,1517.24,205.94995,75.846886,16.68,21.5,7.86,7.18,12.21,12.03,14.7,12.61,11.7,,6.3,
2022-10-27,1028.01,1028.5,990.02,1346.68,1133.28,1640.76,1292.31,1415.08,1573.73,213.62762,77.282364,17.34,22.37,8.2,7.35,12.66,12.87,14.95,13.03,12.1,,6.74,
2022-10-28,1027.36,1029.49,989.18,1339.8,1141.08,1642.77,1305.44,1421.28,1576.31,213.73303,76.0928,17.5,22.52,8.22,7.38,12.64,13.09,15.15,13.11,12.12,,6.98,
2022-10-31,1027.94,1026.84,985.36,1330.54,1137.08,1638.25,1315.74,1424.9,1568.72,210.42761,76.28988,17.58,22.25,8.45,7.32,12.91,13.11,15.79,13.08,11.85,,7.39,
2022-11-01,1033.75,1038.09,993.49,1332.96,1146.49,1655.66,1354.22,1456.28,1570.46,212.3607,76.48504,17.52,22.45,8.16,7.44,12.58,13.5,15.16,13.17,12.2,,6.89,
2022-11-02,1023.19,1025.18,981.76,1319.23,1143.93,1637.75,1344.02,1443.39,1546.47,211.66316,76.01281,17.39,22.05,8.15,7.3,12.15,13.3,15.5,12.91,12.1,,7.36,
2022-11-03,1019.81,1023.8,980.58,1318.1,1137.37,1634.64,1342.95,1438.28,1555.17,210.7407,75.6611,17.42,22.2,8.25,7.35,12.64,13.46,14.92,13.01,12.1,,6.9,
2022-11-04,997.15,997.92,954.06,1276.89,1099.85,1593.31,1312.41,1402.61,1494.33,204.55888,74.26114,16.93,21.8,7.99,7.16,12.8,13.21,14.91,12.88,11.75,,6.45,
2022-11-07,975.19,972.85,925.89,1225.63,1054.14,1549.2,1259.02,1352.98,1452.69,198.56145,72.25159,16.55,20.94,7.76,6.98,11.96,12.7,13.99,12.52,11.45,,6.36,
2022-11-08,981.65,980.09,932.11,1231.74,1048.74,1562.55,1290.0,1378.32,1475.0,199.76683,72.27862,16.56,21.25,7.82,6.98,12.04,12.9,13.9,12.5,11.45,,6.41,
2022-11-09,985.59,979.68,929.42,1220.79,1052.37,1559.62,1287.7,1373.95,1475.29,201.38615,72.20184,16.54,21.2,7.79,6.97,12.03,13.15,13.0,12.48,11.48,,6.49,
2022-11-10,947.24,936.8,886.76,1158.3,1005.59,1488.94,1210.88,1301.68,1417.11,192.3861,68.79504,15.6,19.86,7.25,6.64,11.26,12.5,12.26,11.8,11.08,,6.04,
2022-11-11,954.53,948.86,891.84,1144.33,988.71,1502.35,1223.86,1313.82,1429.5,189.8093,68.623505,15.2,20.6,7.24,6.67,11.26,12.4,12.21,12.1,11.11,,6.28,7.92
2022-11-14,941.04,936.31,874.88,1105.74,953.76,1476.88,1200.75,1285.14,1391.41,183.4464,66.80675,15.8,20.49,6.91,6.54,11.41,11.91,11.6,11.72,11.05,,6.1,7.92
2022-11-15,911.9,904.77,842.48,1055.04,908.79,1426.21,1139.37,1226.78,1315.94,175.78336,63.297737,15.3,19.1,6.59,6.32,10.89,11.19,11.6,12.5,10.72,,5.96,7.48
2022-11-16,942.9,940.29,875.14,1094.8,944.95,1485.1,1208.18,1288.22,1387.06,183.44695,65.32373,16.15,20.3,6.91,6.5,11.29,11.93,12.2,11.92,11.05,,6.2,7.48
2022-11-17,969.26,971.04,901.73,1121.59,967.86,1532.93,1249.17,1321.47,1424.04,187.85794,66.53801,16.51,21.37,7.0,6.73,11.8,12.51,12.06,12.2,11.47,,6.28,7.64
2022-11-18,969.33,971.2,904.47,1133.58,983.0,1535.15,1249.89,1324.6,1428.33,190.87051,67.151985,16.65,21.05,7.2,6.64,11.73,12.22,11.51,11.99,11.42,,6.38,7.64
2022-11-21,960.65,956.89,895.23,1135.35,993.51,1518.02,1237.78,1309.85,1416.6,192.40245,67.641495,16.29,20.33,7.12,6.64,11.77,12.34,11.01,11.88,11.25,,6.3,7.55
2022-11-22,952.12,945.54,889.41,1143.5,1000.28,1506.76,1238.42,1310.74,1417.99,194.66444,68.40558,16.12,20.35,7.18,6.59,11.65,12.39,11.78,11.93,11.24,,6.2,7.35
2022-11-23,946.0,938.73,882.33,1132.17,982.32,1494.99,1232.54,1304.71,1424.23,190.99902,67.655,16.06,20.2,7.07,6.53,11.54,12.34,12.6,11.74,11.05,,6.03,7.36
2022-11-24,947.71,940.76,884.13,1134.19,979.16,1499.21,1243.42,1311.89,1418.49,191.21628,67.50822,16.02,20.48,7.0,6.46,11.57,12.33,12.96,11.69,11.1,,6.06,7.33
2022-11-25,971.46,967.49,909.27,1166.72,1010.18,1541.69,1287.58,1349.8,1444.12,196.77364,68.413414,16.41,20.68,7.35,6.71,11.8,12.84,13.0,12.03,11.42,,6.39,7.51
2022-11-28,1005.69,1004.34,944.64,1214.74,1047.17,1602.48,1353.08,1408.93,1502.43,204.06465,70.032,16.85,21.7,7.58,7.01,11.92,13.25,13.9,12.5,11.83,,6.51,7.9
2022-11-29,1032.16,1029.04,968.32,1246.89,1070.43,1642.22,1371.27,1427.47,1530.23,208.22205,70.37556,17.34,22.25,7.9,7.14,12.75,13.7,14.2,13.23,12.13,,6.53,7.94
2022-11-30,1048.42,1049.21,988.24,1275.74,1088.48,1672.44,1397.53,1453.6,1556.02,208.78577,70.87034,17.8,22.8,8.0,7.25,13.4,13.94,14.16,13.25,12.37,,6.94,8.23
2022-12-01,1036.28,1042.64,983.13,1272.57,1097.51,1664.42,1402.53,1458.82,1563.44,211.00368,71.414055,18.1,22.59,8.04,7.26,13.4,14.5,14.06,13.08,12.4,,6.82,8.26
2022-12-02,1080.01,1092.99,1027.49,1320.27,1120.74,1741.94,1474.95,1526.58,1631.08,215.95839,72.20863,18.5,23.26,8.4,7.54,13.7,14.7,15.03,13.51,12.9,,7.12,8.73
2022-12-05,1093.67,1110.94,1045.23,1345.97,1127.93,1772.84,1521.9,1563.99,1653.15,219.95567,73.23906,18.89,23.64,8.6,7.74,13.55,15.03,15.95,13.72,13.14,,7.14,8.82
2022-12-06,1048.69,1054.06,998.44,1307.1,1100.86,1691.53,1430.07,1479.42,1577.41,212.79846,71.02085,18.1,22.8,8.1,7.51,13.0,14.7,14.84,13.35,12.5,,7.0,8.59
2022-12-07,1041.02,1047.58,989.35,1285.57,1074.95,1680.68,1403.14,1454.24,1562.64,209.92964,70.44889,18.0,22.6,7.97,7.29,12.85,14.2,15.7,13.09,12.33,,6.95,8.34
2022-12-08,1050.53,1062.73,1008.16,1324.65,1096.17,1711.97,1471.24,1510.21,1602.63,215.37291,71.622955,18.1,22.75,8.4,7.44,13.01,14.69,15.1,13.51,12.54,,7.1,8.45
2022-12-09,1051.81,1065.08,1011.92,1334.57,1103.33,1714.99,1478.71,1518.95,1615.27,216.99768,71.59932,18.18,22.99,8.47,7.48,13.28,14.88,15.01,13.49,12.58,,6.97,8.6
2022-12-12,1032.07,1037.42,989.81,1318.57,1089.64,1671.21,1433.64,1485.69,1592.12,210.53275,71.49689,17.8,22.63,8.3,7.33,12.74,14.5,15.0,13.29,12.24,,6.82,8.49
2022-12-13,1047.45,1056.43,1008.45,1345.16,1105.27,1702.2,1487.81,1530.04,1613.75,213.58794,71.84374,17.9,22.82,8.68,7.41,12.76,14.8,15.0,13.37,12.44,,6.84,8.42
2022-12-14,1050.43,1056.17,1009.89,1352.46,1113.49,1701.34,1493.27,1535.89,1611.6,213.20564,72.11137,17.96,22.87,8.4,7.49,13.0,15.05,14.99,13.4,12.47,,6.97,8.72
2022-12-15,1055.32,1068.08,1019.55,1359.91,1116.64,1718.01,1526.6,1564.78,1634.13,212.95418,72.58963,18.3,23.22,8.4,7.53,13.01,15.25,14.92,13.48,12.63,,6.94,8.81
2022-12-16,1052.48,1064.07,1018.01,1365.11,1123.07,1714.39,1524.33,1564.32,1636.51,212.99321,72.19195,18.18,23.16,8.44,7.59,13.13,15.26,14.25,13.58,12.58,,7.0,8.8
2022-12-19,1038.4,1050.22,1004.38,1345.48,1115.29,1692.52,1504.84,1548.91,1614.36,212.23825,72.11501,17.99,23.33,8.5,7.5,13.03,15.22,14.8,13.45,12.4,,6.92,8.81
2022-12-20,1023.13,1029.79,984.79,1318.9,1088.32,1658.88,1464.22,1512.41,1580.34,207.53078,71.03401,17.59,22.76,8.25,7.29,12.75,14.68,14.2,13.11,12.15,,6.71,8.65
2022-12-21,1018.88,1033.1,983.76,1304.12,1066.79,1659.04,1473.82,1517.23,1578.18,204.4648,70.69745,17.43,22.39,8.16,7.2,12.6,14.65,14.05,13.15,12.16,,6.76,8.48
2022-12-22,1022.61,1038.34,988.7,1310.45,1068.83,1669.29,1488.31,1533.89,1589.99,205.789,70.833725,17.7,22.9,8.11,7.31,12.8,14.8,14.02,13.28,12.33,,6.76,8.65
2022-12-23,1020.34,1034.13,984.09,1302.36,1064.56,1661.1,1475.64,1524.46,1585.2,205.30392,71.01167,17.7,23.14,8.11,7.3,12.68,14.88,14.0,13.59,12.3,,6.68,8.61
2022-12-26,985.21,987.77,940.64,1246.56,1027.67,1586.63,1390.83,1449.74,1519.26,198.50444,69.705795,17.16,21.82,7.81,7.05,12.14,14.14,13.4,12.82,11.7,,6.55,8.48
2022-12-27,1004.57,1007.36,962.45,1285.7,1052.86,1622.72,1433.52,1487.4,1546.26,203.14146,70.52264,17.5,22.0,8.0,7.13,12.44,14.15,13.69,12.81,11.95,,6.48,8.46
2022-12-28,1015.66,1013.95,971.26,1305.45,1059.42,1637.44,1445.76,1502.72,1553.75,206.04276,70.44002,17.4,22.23,8.3,7.19,12.41,14.38,14.22,12.9,12.0,,6.61,8.52
2022-12-29,1009.29,1008.3,965.4,1296.02,1056.93,1629.14,1424.69,1485.99,1558.74,206.53683,70.891,17.23,22.22,8.21,7.19,12.49,14.35,13.86,12.91,11.94,,6.58,8.48
2022-12-30,1007.09,1005.19,966.09,1308.53,1064.1,1629.87,1425.07,1488.35,1569.33,205.30623,71.64663,17.33,22.4,8.1,7.22,12.48,14.35,14.05,12.95,11.92,,6.65,8.42
2023-01-03,1043.9,1047.25,1001.87,1342.5,1096.6,1693.56,1489.4,1544.4,1613.46,212.56306,72.403564,17.7,22.82,8.4,7.4,12.57,14.5,14.11,13.39,12.34,,6.78,8.57
2023-01-04,1046.35,1050.15,1004.09,1343.66,1094.22,1698.25,1491.19,1546.04,1611.8,213.05994,72.760284,17.9,22.95,8.4,7.43,12.83,14.9,14.88,13.42,12.4,,6.94,8.77
2023-01-05,1055.82,1061.9,1013.72,1351.52,1099.66,1714.83,1511.69,1562.01,1623.62,213.10675,72.81879,18.07,23.2,8.5,7.49,12.98,15.08,14.8,13.64,12.55,,6.89,8.81
2023-01-06,1051.44,1057.4,1008.96,1343.61,1089.37,1706.99,1515.84,1571.11,1621.76,210.653,72.749054,17.98,23.12,8.45,7.48,13.03,15.14,14.99,13.57,12.5,,6.94,8.97
2023-01-09,1054.21,1061.14,1010.69,1340.09,1081.85,1710.41,1522.09,1579.29,1618.12,209.66843,72.725716,18.05,23.19,8.41,7.52,12.82,15.12,14.76,13.62,12.5,,6.95,9.0
2023-01-10,1053.35,1060.53,1010.36,1340.42,1086.02,1710.48,1521.57,1578.73,1615.84,210.62743,72.481094,18.07,23.1,8.36,7.52,12.81,15.21,14.52,13.5,12.51,,6.9,8.92
2023-01-11,1055.76,1065.22,1013.71,1341.31,1090.5,1718.09,1525.68,1579.61,1619.54,211.6652,72.36841,18.08,23.0,8.45,7.55,12.82,15.28,14.7,13.72,12.57,,6.99,9.06
2023-01-12,1056.39,1066.24,1013.73,1338.34,1092.45,1719.65,1532.85,1583.69,1617.77,211.9407,72.19175,18.13,23.16,8.35,7.48,13.11,15.2,14.7,13.51,12.58,,6.98,8.99
2023-01-13,1060.17,1069.86,1016.87,1341.55,1093.61,1724.8,1546.68,1596.27,1616.36,211.25987,72.09088,18.36,23.08,8.41,7.49,13.13,15.32,14.83,13.66,12.65,,6.97,9.01
2023-01-16,1066.68,1075.71,1021.42,1344.31,1093.27,1731.59,1562.55,1615.26,1628.07,210.87889,72.2216,18.25,23.28,8.49,7.53,13.26,15.48,15.01,13.91,12.68,,7.0,9.04
2023-01-17,1088.29,1103.73,1046.19,1371.27,1114.36,1775.76,1610.14,1653.7,1654.58,215.149,72.96858,18.78,23.53,8.6,7.74,13.52,15.9,15.33,14.01,13.0,,7.14,9.34
2023-01-18,1098.28,1115.72,1056.96,1383.59,1129.74,1794.07,1619.99,1662.69,1675.31,217.72725,73.5438,19.0,23.9,8.63,7.81,13.82,16.07,15.44,14.3,13.15,,7.24,9.46
2023-01-19,1108.08,1121.92,1063.59,1394.75,1140.4,1805.33,1631.16,1676.21,1689.15,219.86644,73.979416,19.4,23.8,8.72,7.84,13.8,16.21,15.74,14.32,13.28,,7.28,9.52
2023-01-27,1117.1,1130.65,1072.82,1409.97,1149.55,1819.96,1632.34,1682.44,1717.88,220.75975,74.98722,19.21,24.46,8.7,7.95,13.81,16.31,15.93,14.58,13.32,,7.41,9.53
2023-01-30,1102.57,1113.95,1059.49,1400.45,1156.75,1794.71,1601.39,1651.75,1698.92,220.7804,75.39895,19.0,24.09,8.74,7.87,13.53,15.97,15.9,14.59,13.15,,7.3,9.46
2023-01-31,1111.18,1125.07,1069.79,1413.31,1168.06,1812.56,1638.78,1683.84,1712.29,222.43083,75.83618,19.2,24.2,8.77,7.91,13.71,16.12,15.91,14.52,13.23,,7.28,9.27
2023-02-01,1075.97,1088.09,1033.58,1361.86,1134.25,1750.98,1564.88,1621.01,1664.24,216.0061,74.9324,18.52,23.71,8.67,7.69,13.2,15.75,15.94,14.17,12.85,,7.18,9.27
2023-02-02,1077.59,1093.48,1033.93,1347.06,1121.03,1754.86,1565.96,1619.2,1672.47,215.30525,74.87993,18.55,23.6,8.42,7.57,13.3,15.63,15.9,14.04,12.85,,7.1,9.13
2023-02-03,1077.15,1085.7,1026.48,1337.47,1125.63,1740.51,1547.75,1603.96,1636.93,215.28061,75.53545,18.49,23.56,8.5,7.62,13.4,15.64,16.0,13.91,12.8,,7.06,9.12
2023-02-06,1089.29,1094.37,1035.14,1350.29,1129.18,1753.82,1563.64,1622.49,1656.16,214.47263,75.96109,18.56,23.65,8.5,7.65,13.27,15.56,15.7,13.92,12.85,,7.1,9.13
2023-02-07,1065.84,1069.5,1012.11,1321.54,1111.75,1713.42,1530.95,1588.28,1629.69,209.99945,75.540474,18.49,23.35,8.31,7.55,13.04,15.4,15.8,13.83,12.57,,6.98,9.0
2023-02-08,1072.22,1073.38,1015.19,1323.73,1118.04,1718.24,1536.7,1596.86,1623.66,210.61554,76.43296,18.38,23.11,8.28,7.52,13.15,15.3,15.5,13.75,12.63,,7.19,9.08
2023-02-09,1064.03,1059.91,1006.33,1324.23,1123.27,1702.26,1522.11,1584.5,1614.92,210.91455,77.250305,18.12,23.1,8.23,7.41,12.97,15.3,15.51,13.59,12.5,,7.01,8.98
2023-02-10,1055.3,1048.74,995.02,1307.05,1108.44,1686.47,1495.53,1559.4,1589.78,208.49593,77.33791,18.12,22.8,8.16,7.39,12.9,15.12,15.33,13.44,12.35,,6.9,8.9
2023-02-13,1043.7,1040.4,980.97,1269.3,1075.18,1665.39,1476.85,1532.03,1573.66,204.49089,77.199554,17.79,22.48,7.97,7.22,12.66,14.64,16.0,13.2,12.2,,6.75,8.74
2023-02-14,1038.64,1034.93,978.9,1276.36,1084.28,1660.95,1476.61,1531.39,1571.68,204.8572,77.94356,17.65,22.59,7.97,7.22,12.7,14.61,16.0,13.22,12.18,,6.74,8.81
2023-02-15,1048.2,1043.34,987.42,1289.28,1103.36,1676.04,1486.15,1544.68,1586.77,207.96892,79.46577,17.74,22.65,8.05,7.28,12.81,14.81,15.48,13.2,12.26,,6.77,8.82
2023-02-16,1058.29,1055.26,999.38,1307.14,1118.54,1696.99,1513.14,1569.76,1602.63,210.84227,79.66384,17.92,22.93,8.13,7.32,12.86,14.86,15.65,13.37,12.45,,6.86,8.82
2023-02-17,1059.31,1053.72,999.5,1312.23,1119.28,1695.51,1515.19,1574.49,1603.21,209.94948,78.94257,17.86,22.92,8.12,7.4,12.81,15.01,15.55,13.39,12.41,,6.88,8.84
2023-02-20,1086.69,1087.36,1030.5,1350.28,1150.36,1749.53,1579.53,1630.77,1646.51,215.8281,78.83244,18.32,23.47,8.46,7.5,13.24,15.7,16.01,13.97,12.82,,7.16,9.07
2023-02-21,1082.23,1080.9,1024.73,1343.8,1154.77,1737.85,1560.45,1616.76,1640.22,214.08452,78.18348,18.4,23.53,8.45,7.61,13.24,15.64,16.19,13.72,12.76,,7.04,9.17
2023-02-22,1054.28,1051.08,995.9,1304.04,1132.28,1688.17,1514.69,1571.84,1601.55,209.96149,77.44522,18.01,23.15,8.26,7.38,13.01,15.3,16.21,13.48,12.45,,6.9,8.98
2023-02-23,1053.66,1050.95,995.59,1303.08,1132.36,1688.1,1528.51,1583.7,1600.58,209.30627,77.39901,17.98,22.59,8.05,7.25,12.85,15.08,16.86,13.84,12.4,,6.7,8.8
2023-02-24,1039.56,1030.42,976.6,1279.5,1118.79,1654.31,1490.92,1548.74,1572.11,207.32445,76.73472,17.72,22.55,8.08,7.24,12.66,14.85,16.5,13.08,12.16,,6.72,8.72
2023-02-27,1021.25,1011.46,955.64,1242.52,1095.14,1620.43,1460.34,1519.26,1529.93,203.26619,75.84648,17.22,21.87,7.98,7.08,12.38,14.6,15.43,12.84,11.92,,6.56,8.58
2023-02-28,1024.68,1014.96,959.07,1247.31,1094.31,1627.09,1460.33,1521.79,1527.39,202.38425,76.44268,17.3,22.0,7.82,7.09,12.4,14.56,15.44,12.88,11.98,,6.58,8.67
2023-03-01,1040.55,1034.43,977.28,1270.54,1112.47,1658.07,1509.49,1562.66,1551.97,206.8252,76.636345,17.54,22.1,7.92,7.18,12.56,14.76,16.1,13.15,12.18,,6.67,8.79
2023-03-02,1037.61,1028.73,973.84,1272.13,1107.16,1650.95,1502.1,1557.97,1552.19,206.14297,76.28278,17.65,22.24,7.92,7.2,12.57,15.03,16.45,13.09,12.15,,6.7,8.71
2023-03-03,1024.77,1013.35,959.1,1252.15,1099.13,1625.66,1476.54,1532.68,1524.39,204.88751,75.79738,17.27,21.7,7.85,7.1,12.35,14.66,16.0,12.89,11.97,,6.61,8.65
2023-03-06,1027.18,1014.26,962.16,1262.98,1102.03,1630.46,1486.5,1541.2,1525.72,206.56007,76.00041,17.3,21.78,7.9,7.13,12.42,14.72,15.5,12.9,11.95,,6.71,8.82
2023-03-07,1037.84,1027.16,973.26,1274.07,1107.0,1649.02,1502.65,1559.87,1536.66,207.5039,76.171844,17.45,21.9,8.0,7.22,12.61,14.86,16.4,13.01,12.09,,6.75,8.76
2023-03-08,1049.18,1040.59,986.6,1293.55,1118.7,1671.09,1530.27,1586.88,1553.97,208.68013,76.491714,17.7,21.95,7.93,7.2,12.68,14.91,16.4,13.2,12.2,,6.65,8.7
2023-03-09,1055.95,1050.28,994.97,1302.02,1124.25,1686.27,1552.84,1604.8,1569.23,209.03172,76.60456,17.93,22.35,8.17,7.34,12.82,15.29,15.6,13.3,12.41,,6.92,9.09
2023-03-10,1053.0,1047.2,991.28,1294.81,1117.74,1679.28,1536.77,1589.92,1555.04,207.85825,76.77435,17.85,22.1,8.09,7.32,12.71,15.31,15.7,13.22,12.37,,6.78,8.95
2023-03-13,1052.8,1050.07,991.19,1285.9,1108.46,1680.46,1530.65,1586.6,1552.42,205.84602,76.37812,17.87,22.1,8.08,7.28,12.88,15.25,15.3,13.33,12.36,,6.85,9.04
2023-03-14,1040.13,1037.35,977.65,1263.4,1090.64,1659.03,1506.8,1564.06,1538.31,202.5526,75.772766,17.64,21.99,8.07,7.25,12.69,14.98,16.09,13.2,12.23,,6.7,8.93
2023-03-15,1062.19,1064.38,1003.61,1298.68,1120.66,1703.34,1557.18,1610.33,1573.41,207.01173,76.59159,18.12,22.32,8.16,7.43,13.01,15.37,15.95,13.36,12.55,,6.99,9.12
2023-03-16,1047.4,1046.99,988.39,1282.65,1106.09,1676.47,1530.47,1585.02,1552.84,204.1947,76.01611,17.77,21.95,7.96,7.3,12.82,15.11,15.54,13.18,12.33,,6.86,9.06
2023-03-17,1045.14,1047.71,989.57,1285.74,1108.33,1678.36,1540.17,1592.37,1548.17,204.47484,76.42889,17.8,22.0,8.04,7.35,13.1,15.16,15.5,13.3,12.35,,6.78,9.01
2023-03-20,1023.1,1024.5,968.22,1259.62,1091.65,1641.83,1502.03,1551.93,1522.0,201.62363,76.02222,17.4,21.8,7.86,7.18,12.51,14.92,15.34,12.99,12.07,,6.65,8.83
2023-03-21,1032.43,1035.04,978.03,1271.97,1099.4,1659.83,1523.41,1569.45,1530.66,203.11142,75.67443,17.6,21.85,7.88,7.18,12.63,15.07,15.31,13.01,12.23,,7.11,8.82
2023-03-22,1040.54,1043.14,983.59,1272.73,1100.44,1670.38,1535.25,1583.54,1531.56,203.9604,75.90413,17.84,21.83,7.96,7.29,12.67,15.49,15.35,13.13,12.32,,6.78,8.85
2023-03-23,1045.1,1046.6,988.34,1283.58,1100.95,1678.5,1548.87,1596.88,1531.49,203.321,76.16567,17.77,21.82,7.94,7.26,12.75,15.29,15.7,13.14,12.32,,6.73,8.9
2023-03-24,1046.79,1051.42,992.92,1289.84,1105.46,1687.19,1557.54,1603.19,1541.16,205.72096,76.16519,17.97,22.03,8.07,7.33,12.91,15.4,15.49,13.2,12.44,,6.82,9.06
2023-03-27,1052.25,1056.45,998.42,1299.44,1114.84,1696.58,1571.83,1615.48,1547.62,206.66743,75.675644,17.98,22.11,8.07,7.38,12.89,15.43,15.0,13.18,12.44,,6.87,9.09
2023-03-28,1054.29,1058.82,999.71,1298.19,1116.7,1698.65,1576.16,1617.41,1557.02,205.75812,75.58477,18.18,22.25,8.1,7.36,13.05,15.87,15.2,13.35,12.5,,6.92,9.21
2023-03-29,1056.33,1061.45,1001.73,1299.41,1118.99,1703.2,1583.91,1623.41,1553.98,205.59459,76.73091,18.03,22.26,8.1,7.37,13.0,15.76,15.43,13.42,12.5,,6.89,9.17
2023-03-30,1059.44,1067.24,1005.02,1296.88,1118.32,1709.86,1587.34,1628.78,1557.31,205.9516,76.49232,18.22,22.29,8.16,7.43,13.02,15.96,15.02,13.45,12.62,,6.98,9.3
2023-03-31,1064.64,1073.68,1011.42,1306.25,1123.11,1722.64,1604.25,1643.59,1566.21,207.50131,76.76215,18.4,22.47,8.15,7.53,13.15,16.11,15.55,13.51,12.69,,7.03,9.35
2023-04-03,1079.28,1088.72,1027.88,1334.86,1143.88,1750.1,1636.75,1672.11,1589.24,210.48164,77.27677,18.57,22.65,8.25,7.58,13.27,16.2,15.5,13.7,12.85,,7.08,9.41
2023-04-04,1078.45,1088.34,1030.67,1348.41,1157.93,1753.51,1647.84,1679.98,1598.91,210.7298,77.58943,18.62,22.81,8.3,7.58,13.27,16.22,15.5,13.67,12.85,,7.05,9.44
2023-04-05,1080.86,1089.83,1033.42,1356.19,1169.97,1757.35,1641.88,1678.8,1600.61,212.58392,77.73947,18.6,22.87,8.39,7.66,13.29,16.22,15.4,13.7,12.87,,7.04,9.48
2023-04-06,1070.91,1078.86,1021.66,1336.47,1162.25,1736.21,1617.54,1654.96,1582.94,211.43102,78.34443,18.5,22.71,8.41,7.6,13.3,16.23,15.63,13.66,12.77,,7.04,9.45
2023-04-07,1069.71,1078.88,1022.47,1340.05,1168.96,1738.02,1626.21,1659.64,1584.25,211.60388,78.16498,18.38,22.61,8.29,7.56,13.32,16.0,15.11,13.59,12.76,9.44,6.95,9.36
2023-04-10,1065.35,1077.41,1022.17,1343.06,1167.88,1738.35,1631.33,1662.19,1599.65,212.0041,77.99097,18.38,22.85,8.43,7.6,13.18,16.23,15.65,13.64,12.71,9.58,7.04,9.45
2023-04-11,1069.46,1081.71,1027.01,1351.85,1179.21,1745.53,1636.34,1666.89,1605.26,212.33887,78.81183,18.55,22.9,8.43,7.63,13.25,16.11,15.5,13.55,12.79,9.6,6.93,9.37
2023-04-12,1069.45,1080.69,1027.61,1357.47,1183.09,1746.1,1633.58,1664.47,1606.59,211.93848,79.14601,18.49,23.03,8.48,7.62,13.27,16.25,15.69,13.6,12.78,9.6,7.04,9.47
2023-04-13,1064.3,1074.67,1022.47,1352.44,1175.36,1737.21,1626.54,1658.52,1602.22,209.8427,79.348885,18.34,22.9,8.45,7.58,12.81,16.25,15.33,13.61,12.69,9.59,7.04,9.43
2023-04-14,1052.89,1063.43,1010.47,1332.54,1156.89,1718.16,1598.48,1639.76,1584.18,207.25226,78.69132,18.3,22.84,8.35,7.58,12.83,16.28,15.5,13.55,12.56,9.56,6.99,9.35
2023-04-17,1053.81,1065.02,1012.16,1335.34,1158.5,1721.33,1603.24,1641.09,1587.38,206.62947,78.38299,18.2,22.69,8.35,7.52,12.96,16.1,15.69,13.59,12.57,9.49,7.0,9.4
2023-04-18,1055.02,1064.55,1012.66,1338.9,1169.75,1721.15,1596.59,1633.7,1580.46,208.24962,78.73358,18.17,22.63,8.35,7.52,13.08,16.01,15.51,13.6,12.57,9.48,6.95,9.3
2023-04-19,1048.98,1056.14,1004.25,1326.52,1161.89,1704.75,1575.26,1614.66,1572.73,205.84625,78.11004,18.07,22.55,8.38,7.5,13.0,16.13,15.61,13.41,12.49,9.39,6.93,9.29
2023-04-20,1049.25,1053.61,1002.69,1327.05,1167.63,1702.09,1570.64,1610.41,1568.57,206.60536,77.852936,18.06,22.59,8.5,7.46,13.06,15.83,15.5,13.45,12.46,9.36,6.85,9.2
2023-04-21,1042.91,1046.18,996.18,1320.15,1169.2,1691.24,1568.36,1605.34,1558.32,206.92107,77.99378,17.89,22.33,8.24,7.41,13.79,15.74,15.72,13.47,12.42,9.35,6.85,9.14
2023-04-24,1041.36,1046.17,994.81,1314.14,1173.37,1689.23,1574.72,1609.09,1553.91,206.76157,77.8962,17.9,22.2,8.21,7.4,12.86,15.62,15.72,13.32,12.42,9.3,6.8,9.14
2023-04-25,1034.85,1037.04,986.37,1303.75,1169.42,1674.73,1554.9,1589.84,1539.2,204.68547,77.99441,17.7,22.0,8.15,7.25,12.75,15.6,15.4,13.19,12.19,9.3,6.74,9.1
2023-04-26,1040.8,1045.24,994.02,1313.43,1178.9,1687.51,1575.35,1607.47,1548.51,205.84224,78.013405,17.92,22.22,8.09,7.31,12.76,15.66,16.05,13.15,12.35,9.19,6.99,9.0
2023-04-27,1039.63,1041.54,993.27,1320.9,1181.46,1684.46,1572.61,1607.3,1552.7,205.85654,77.421745,17.78,22.22,8.32,7.29,12.76,15.8,15.51,13.2,12.3,9.26,6.81,9.06
2023-04-28,1049.12,1051.43,1003.66,1337.6,1188.22,1703.79,1585.18,1621.46,1562.13,207.47673,77.77294,18.2,22.7,8.5,7.35,13.35,15.97,16.5,13.35,12.43,9.34,6.98,9.27
2023-05-04,1040.61,1039.64,995.02,1334.09,1195.66,1687.77,1573.56,1612.39,1547.46,208.15239,77.273926,17.93,22.44,8.29,7.29,12.64,15.84,15.52,13.29,12.27,9.27,6.85,9.13
2023-05-05,1040.31,1038.46,993.9,1332.64,1193.72,1685.96,1563.23,1606.54,1540.0,207.79999,77.56292,18.0,22.3,8.32,7.27,12.76,16.0,16.58,13.26,12.29,9.27,6.83,9.09
2023-05-08,1053.44,1049.72,1003.84,1343.47,1200.38,1702.68,1590.27,1628.85,1547.71,210.91779,78.380035,18.0,22.1,8.35,7.33,12.85,16.0,16.01,13.35,12.38,9.25,6.82,9.16
2023-05-09,1053.77,1049.67,1004.65,1347.15,1204.59,1704.03,1590.81,1629.89,1547.52,211.94777,78.33597,18.0,22.16,8.6,7.37,12.94,15.94,16.58,13.44,12.41,9.28,6.84,9.22
2023-05-10,1058.26,1054.99,1011.28,1360.83,1218.56,1714.08,1606.79,1642.97,1557.32,213.88786,78.8435,18.02,22.3,8.5,7.41,12.94,16.15,16.01,13.38,12.45,9.3,6.91,9.25
2023-05-11,1057.12,1054.93,1011.64,1362.64,1223.43,1713.77,1606.31,1640.7,1553.52,214.40874,79.13464,17.99,22.26,8.5,7.42,12.92,16.14,15.8,13.45,12.45,9.29,6.92,9.3
2023-05-12,1066.9,1066.44,1020.84,1369.63,1229.72,1730.07,1621.82,1652.59,1560.75,215.10088,80.050385,18.16,22.31,8.55,7.43,12.92,16.2,16.0,13.5,12.58,9.28,6.92,9.3
2023-05-15,1065.71,1070.9,1021.0,1357.57,1222.99,1731.86,1625.1,1654.7,1570.49,214.33266,80.48047,18.24,22.48,8.53,7.5,13.14,16.27,15.8,13.61,12.68,9.39,6.99,9.4
2023-05-16,1065.91,1069.64,1020.31,1358.34,1225.93,1729.88,1626.36,1654.67,1565.88,214.61559,80.65529,18.23,22.45,8.55,7.47,13.07,16.26,16.5,13.56,12.64,9.39,6.98,9.39
2023-05-17,1060.44,1062.1,1012.11,1344.39,1223.76,1715.63,1603.56,1635.57,1551.06,212.85701,80.56829,18.03,22.3,8.43,7.44,12.92,16.1,16.03,13.52,12.55,9.3,7.0,9.4
2023-05-18,1068.31,1070.76,1018.25,1346.19,1224.39,1727.75,1617.19,1647.79,1560.7,213.01038,80.90874,18.3,22.35,8.49,7.43,13.05,16.29,16.05,13.6,12.65,9.3,7.0,9.44
2023-05-19,1067.07,1068.84,1018.64,1353.47,1226.51,1728.51,1629.38,1653.95,1560.38,213.91138,81.08399,18.2,22.31,8.36,7.43,12.99,16.3,16.1,13.64,12.63,9.3,6.95,9.3
2023-05-22,1070.64,1073.74,1025.45,1369.01,1239.42,1739.28,1649.64,1671.66,1572.46,215.89668,81.21445,18.28,22.38,8.44,7.42,13.19,16.36,16.0,13.59,12.68,9.35,6.95,9.35
2023-05-23,1065.85,1068.05,1021.35,1367.55,1239.12,1732.4,1644.64,1667.32,1569.51,215.78871,80.99521,18.01,22.3,8.45,7.4,13.0,16.37,16.1,13.49,12.6,9.4,6.9,9.3
2023-05-24,1061.79,1061.55,1015.34,1360.12,1245.76,1721.47,1626.2,1653.51,1555.95,215.96188,80.926414,18.12,22.27,8.45,7.45,13.0,16.24,16.19,13.48,12.5,9.45,6.98,9.33
2023-05-25,1064.63,1062.15,1015.2,1357.78,1246.11,1721.07,1615.24,1645.9,1555.72,216.77896,80.707504,18.09,22.19,8.5,7.42,13.01,16.15,16.09,13.54,12.54,9.27,6.94,9.34
2023-05-26,1063.76,1060.81,1016.03,1365.19,1255.51,1721.5,1617.26,1647.33,1561.18,217.64445,80.57748,18.05,22.3,8.45,7.43,13.03,16.05,16.05,13.52,12.52,9.31,6.94,9.34
2023-05-29,1074.98,1069.77,1026.59,1385.39,1278.94,1739.06,1645.5,1669.49,1570.72,220.30511,81.13311,18.2,22.36,8.59,7.44,13.18,16.46,16.88,13.63,12.62,9.31,7.0,9.44
2023-05-30,1078.05,1071.82,1029.93,1394.04,1288.91,1744.18,1650.05,1674.95,1577.64,221.33064,81.67029,18.25,22.54,8.6,7.51,13.12,16.48,16.84,13.65,12.67,9.4,7.02,9.46
2023-05-31,1075.17,1066.33,1026.67,1395.63,1299.35,1736.82,1645.38,1671.88,1575.94,222.81268,82.04876,18.41,22.75,8.8,7.51,13.1,16.25,16.37,13.71,12.62,9.4,7.0,9.43
2023-06-01,1078.39,1068.09,1031.53,1411.65,1308.45,1744.16,1660.32,1685.49,1580.3,223.97061,83.50674,18.2,22.42,9.05,7.53,13.02,16.2,16.39,13.66,12.6,9.4,7.0,9.47
2023-06-02,1090.84,1086.96,1048.15,1429.54,1308.35,1774.59,1705.73,1729.09,1623.3,226.02802,83.962944,18.63,22.82,8.99,7.59,13.02,17.04,16.43,13.9,12.9,9.7,7.14,9.87
2023-06-05,1097.82,1091.08,1051.53,1432.36,1308.3,1781.06,1702.5,1728.48,1632.21,226.55959,84.10653,18.5,23.3,8.89,7.7,13.15,17.1,15.93,14.0,12.93,9.75,7.16,9.84
2023-06-06,1108.31,1102.32,1062.83,1449.22,1318.03,1799.5,1733.49,1752.3,1645.54,228.71881,84.432945,18.64,23.45,8.99,7.77,13.16,17.26,16.05,14.12,13.03,9.81,7.21,9.92
2023-06-07,1109.54,1105.68,1067.08,1458.07,1333.4,1806.51,1730.9,1751.14,1644.3,230.33183,84.56241,18.82,23.51,9.0,7.81,13.2,17.34,16.57,14.16,13.09,9.81,7.25,9.93
2023-06-08,1101.32,1092.46,1051.85,1429.82,1318.53,1780.55,1692.74,1720.15,1613.58,226.78218,84.01546,18.76,23.17,8.99,7.76,13.5,17.06,16.1,14.1,12.9,9.75,7.2,9.88
2023-06-09,1107.53,1100.85,1061.58,1448.1,1324.73,1797.3,1716.35,1736.87,1630.91,227.60283,84.189674,18.74,23.3,8.95,7.73,13.45,17.06,16.42,14.12,13.04,9.75,7.21,9.88
2023-06-12,1116.02,1109.63,1069.37,1456.71,1336.83,1811.02,1722.91,1742.29,1645.3,229.37129,84.52601,18.88,23.5,9.06,7.78,13.5,17.1,16.31,14.13,13.1,9.77,7.23,9.88
2023-06-13,1122.46,1115.39,1073.06,1456.2,1345.24,1817.71,1722.19,1743.67,1645.44,230.24657,85.00412,19.03,23.5,9.13,7.86,13.55,17.2,16.89,14.34,13.21,9.83,7.35,9.87
2023-06-14,1117.42,1110.6,1067.65,1446.4,1330.07,1809.26,1717.26,1740.22,1634.02,228.91396,84.821144,19.1,23.6,9.05,7.89,13.7,17.2,16.3,14.38,13.21,9.83,7.3,9.87
2023-06-15,1116.97,1108.57,1066.33,1446.48,1322.38,1807.82,1719.52,1740.42,1631.74,229.53447,84.546776,19.0,23.5,9.06,7.82,13.63,17.05,16.85,14.33,13.21,9.82,7.29,9.88
2023-06-16,1115.22,1109.06,1066.79,1447.08,1320.36,1809.16,1734.83,1748.97,1629.24,228.44226,84.620735,19.0,23.45,9.14,7.85,13.79,17.26,16.9,14.23,13.15,9.8,7.31,9.91
2023-06-19,1105.4,1098.94,1059.87,1446.1,1310.37,1796.64,1725.98,1738.67,1625.87,226.5162,84.551476,18.89,23.28,8.96,7.8,13.56,17.3,16.3,14.19,12.97,9.8,7.22,9.89
2023-06-20,1111.72,1104.27,1067.63,1464.57,1328.26,1808.06,1731.29,1744.42,1639.03,228.77069,84.8159,18.88,23.45,9.0,7.8,13.5,17.27,16.7,14.16,13.06,9.76,7.22,9.86
2023-06-21,1118.46,1112.07,1076.35,1480.07,1346.91,1822.23,1743.76,1756.51,1648.09,231.77437,85.44648,18.95,23.6,9.17,7.86,13.61,17.5,16.4,14.26,13.15,9.85,7.25,9.97
2023-06-22,1125.3,1117.6,1083.41,1494.86,1354.38,1833.45,1752.25,1764.53,1656.66,231.91005,85.49675,19.13,23.85,9.3,7.99,13.7,17.66,16.53,14.48,13.22,9.93,7.32,10.05
2023-06-23,1129.38,1126.76,1090.58,1499.51,1357.66,1846.2,1769.49,1781.91,1667.15,231.53568,85.71121,19.29,23.9,9.34,8.01,13.7,17.73,16.86,14.69,13.36,9.96,7.35,10.04
2023-06-26,1132.03,1131.23,1093.3,1498.48,1350.29,1851.42,1765.01,1780.8,1681.43,231.01175,85.59673,19.36,24.0,9.2,7.95,13.92,17.69,16.58,14.52,13.33,10.03,7.38,10.0
2023-06-27,1134.33,1134.41,1095.13,1497.27,1353.63,1855.08,1764.09,1776.42,1679.91,230.82233,85.64901,19.38,24.09,9.29,8.06,13.91,17.9,16.61,14.74,13.44,10.04,7.42,10.1
2023-06-28,1138.35,1141.12,1099.6,1497.4,1349.7,1863.69,1779.96,1790.73,1686.71,230.25168,85.98703,19.59,24.2,9.31,8.12,13.97,17.99,16.69,14.69,13.49,10.08,7.49,10.18
2023-06-29,1125.39,1125.29,1082.94,1470.4,1327.59,1836.19,1747.39,1762.83,1661.65,227.47844,85.632645,19.3,24.1,9.12,8.1,13.8,17.71,16.78,14.6,13.33,10.0,7.42,10.02
2023-06-30,1120.18,1123.13,1082.38,1474.22,1325.74,1835.04,1747.1,1759.84,1663.35,227.32321,86.00307,19.35,24.09,9.19,8.03,13.91,17.54,16.8,14.58,13.33,9.95,7.46,10.03
2023-07-03,1125.5,1123.37,1083.86,1480.02,1331.39,1836.27,1745.34,1759.37,1659.18,226.60254,85.76853,19.2,23.9,9.17,8.05,13.77,17.58,16.79,14.47,13.3,9.93,7.42,10.04
2023-07-04,1132.0,1128.0,1091.18,1498.56,1345.95,1848.2,1760.74,1770.82,1665.98,228.76309,85.525116,19.3,23.9,9.23,8.02,13.81,17.59,16.71,14.7,13.35,9.93,7.38,10.05
2023-07-05,1134.62,1129.76,1092.55,1499.4,1349.43,1850.03,1759.73,1772.81,1665.41,227.84077,85.40791,19.46,24.0,9.37,8.08,13.9,17.75,16.66,14.69,13.37,10.0,7.44,10.08
2023-07-06,1126.22,1119.44,1084.46,1493.35,1340.52,1836.04,1735.56,1757.02,1650.47,225.0765,85.08755,19.4,23.65,9.24,8.01,13.77,17.54,16.64,14.54,13.27,10.0,7.42,10.07
2023-07-07,1138.07,1129.43,1094.8,1509.66,1352.63,1853.17,1754.53,1776.87,1672.41,225.81956,84.66273,19.41,23.95,9.35,8.02,13.88,17.61,16.88,14.57,13.39,10.0,7.39,10.08
2023-07-10,1149.02,1143.16,1107.2,1524.15,1368.01,1873.75,1774.28,1793.29,1700.21,228.36797,85.234245,19.54,24.29,9.49,8.19,13.99,17.94,16.76,14.77,13.53,10.19,7.43,10.19
2023-07-11,1151.77,1146.67,1110.47,1528.2,1368.02,1879.74,1783.64,1800.97,1713.55,229.21635,85.81819,19.6,24.47,9.52,8.21,14.05,18.11,17.06,14.84,13.58,10.25,7.46,10.31
2023-07-12,1154.2,1146.54,1110.03,1526.74,1366.16,1878.7,1771.27,1790.12,1708.24,228.88336,85.91433,19.6,24.43,9.95,8.27,14.0,17.8,17.06,14.88,13.59,10.3,7.5,10.16
2023-07-13,1165.42,1156.11,1121.98,1551.19,1379.93,1898.03,1787.5,1805.0,1732.13,229.96889,86.21376,19.8,24.95,9.61,8.31,14.2,17.87,17.83,15.0,13.68,10.35,7.57,10.28
2023-07-14,1168.4,1160.59,1126.56,1558.26,1385.49,1904.75,1782.82,1803.99,1744.18,230.18684,86.29073,19.86,25.0,9.69,8.31,14.11,17.98,17.4,15.0,13.78,10.46,7.62,10.3
2023-07-17,1173.13,1164.58,1131.75,1569.33,1393.39,1913.61,1782.39,1810.2,1749.27,230.95161,86.80545,20.0,25.09,9.79,8.39,14.29,17.99,17.65,15.15,13.78,10.46,7.7,10.34
2023-07-18,1174.09,1166.82,1134.22,1573.58,1388.53,1918.01,1799.26,1824.92,1753.38,230.95557,87.02484,20.03,25.1,9.89,8.42,14.32,17.99,17.65,15.1,13.81,10.55,7.69,10.36
2023-07-19,1172.98,1165.19,1131.63,1567.0,1383.68,1914.05,1791.4,1821.49,1746.25,231.46828,87.133896,20.11,25.1,9.78,8.34,14.41,17.96,17.65,15.15,13.84,10.38,7.7,10.39
2023-07-20,1172.81,1168.26,1135.42,1574.67,1389.28,1919.65,1785.94,1819.97,1756.69,233.07161,87.648964,20.01,25.22,9.8,8.34,14.39,17.95,17.65,15.14,13.84,10.47,7.67,10.34
2023-07-21,1185.9,1186.6,1152.83,1597.77,1398.1,1949.34,1813.96,1840.48,1791.66,234.97972,88.14771,20.25,25.51,9.95,8.45,14.51,18.11,18.0,15.24,14.06,10.77,7.74,10.34
2023-07-24,1190.72,1193.14,1160.4,1611.91,1413.69,1961.88,1825.72,1853.31,1810.07,236.52971,88.69194,20.39,25.9,10.07,8.51,14.68,18.35,18.2,15.51,14.1,10.9,7.9,10.5
2023-07-25,1195.9,1198.01,1163.96,1613.35,1407.69,1968.34,1838.18,1867.75,1816.99,236.92542,88.580025,20.5,26.09,10.03,8.62,14.72,18.38,18.2,15.59,14.19,10.95,7.98,10.56
2023-07-26,1200.84,1201.43,1167.79,1620.17,1406.5,1974.54,1838.4,1868.73,1820.4,236.19975,88.59736,20.55,26.1,10.06,8.6,14.75,18.45,18.28,15.6,14.2,10.95,7.88,10.6
2023-07-27,1197.33,1199.68,1168.08,1626.46,1403.1,1973.23,1830.83,1860.44,1825.3,235.64177,88.64112,20.53,26.27,10.06,8.6,14.72,18.44,18.4,15.63,14.2,10.95,7.9,10.61
2023-07-28,1207.67,1212.45,1180.49,1643.78,1414.22,1994.76,1855.63,1881.03,1846.11,237.5361,88.91381,20.75,26.5,10.19,8.71,14.95,18.59,18.77,15.73,14.35,11.27,7.94,10.67
2023-07-31,1222.9,1230.81,1193.98,1649.92,1418.37,2018.6,1870.68,1894.61,1856.1,239.55196,89.35079,21.2,26.89,10.57,8.71,15.22,18.79,19.3,15.92,14.59,11.15,8.2,10.89
2023-08-01,1217.56,1222.18,1185.37,1636.92,1398.85,2005.2,1858.44,1889.7,1823.82,239.34642,90.20911,21.02,26.31,10.29,8.77,15.11,18.79,19.15,15.99,14.45,11.13,8.09,10.76
2023-08-02,1220.43,1221.32,1188.93,1654.82,1409.65,2009.97,1870.34,1905.67,1822.54,241.30974,90.87904,20.9,26.15,10.3,8.76,14.99,18.72,18.9,16.06,14.44,10.95,8.02,10.77
2023-08-03,1210.95,1210.8,1181.03,1650.66,1410.58,1994.73,1852.43,1892.84,1822.9,239.76883,91.01709,20.7,26.0,10.24,8.75,14.9,18.86,18.9,15.8,14.33,10.95,8.03,10.75
2023-08-04,1225.98,1231.42,1199.74,1673.31,1427.44,2028.71,1886.63,1921.15,1835.98,242.41324,91.6984,21.14,26.4,10.41,8.84,15.11,18.95,18.92,16.13,14.58,11.05,8.1,10.92
2023-08-07,1241.42,1250.68,1216.11,1687.79,1439.75,2058.56,1921.25,1954.17,1858.86,245.684,92.56573,21.39,26.75,10.48,8.93,15.31,19.31,18.93,16.26,14.75,11.12,8.18,11.06
2023-08-08,1242.23,1247.81,1213.06,1682.66,1442.4,2053.46,1900.41,1937.23,1846.08,246.06541,93.635254,21.38,26.5,10.48,8.96,15.35,19.24,19.5,16.25,14.73,11.12,8.18,11.01
2023-08-09,1233.99,1239.84,1205.98,1675.17,1448.13,2039.66,1902.93,1932.82,1827.47,245.87827,93.80269,21.27,26.23,10.39,8.94,15.2,19.11,19.31,16.13,14.66,10.95,8.17,10.96
2023-08-10,1220.61,1226.2,1192.62,1656.27,1430.16,2018.92,1878.92,1910.04,1802.46,243.90892,93.100235,21.1,25.92,10.28,8.89,15.1,19.1,18.89,16.0,14.48,10.95,8.01,10.85
2023-08-11,1232.21,1240.77,1205.46,1669.43,1428.19,2041.71,1894.61,1922.31,1812.43,245.25008,93.28388,21.21,26.0,10.27,8.82,15.19,18.97,19.0,16.05,14.67,10.93,8.09,10.86
2023-08-14,1236.84,1243.43,1212.71,1695.84,1445.21,2052.56,1912.57,1934.47,1823.5,250.44495,93.45914,21.21,26.14,10.45,8.99,15.2,19.01,18.5,16.22,14.69,10.93,8.19,11.0
2023-08-15,1234.05,1241.24,1210.17,1690.92,1451.99,2048.22,1904.37,1927.74,1826.26,251.45166,93.48534,21.29,26.25,10.49,8.98,15.2,19.12,18.9,16.24,14.68,10.96,8.2,10.94
2023-08-16,1243.26,1256.95,1222.23,1696.37,1448.43,2069.67,1934.64,1951.04,1838.99,252.5607,93.67384,21.42,26.36,10.54,9.02,15.44,19.38,18.9,16.42,14.85,11.03,8.22,11.02
2023-08-17,1233.48,1247.82,1213.71,1685.81,1436.44,2056.34,1925.75,1941.4,1833.24,249.97307,92.74196,21.46,26.43,10.53,9.02,15.45,19.3,18.92,16.35,14.77,11.05,8.2,11.0
2023-08-18,1177.99,1190.1,1153.99,1590.31,1358.92,1954.88,1825.12,1840.87,1750.93,235.96457,89.26703,20.4,25.0,9.83,8.65,15.0,18.45,18.5,15.7,14.02,10.46,7.81,10.6
2023-08-21,1179.76,1190.32,1155.11,1595.01,1343.43,1957.24,1847.97,1858.07,1762.36,237.96758,89.49728,20.45,25.3,9.9,8.48,14.7,18.56,18.11,15.56,14.07,10.62,7.84,10.55
2023-08-22,1180.49,1193.51,1161.32,1614.46,1356.09,1967.01,1868.96,1876.72,1768.51,239.65388,89.50802,20.55,25.3,9.98,8.4,14.55,18.43,18.6,15.69,14.08,10.64,7.8,10.51
2023-08-23,1172.56,1182.97,1152.13,1605.4,1357.19,1951.53,1842.6,1856.01,1758.18,238.07306,89.385284,20.44,25.3,9.9,8.4,14.5,18.65,18.9,15.57,13.99,10.59,7.77,10.53
2023-08-24,1189.39,1201.88,1173.59,1645.81,1378.81,1987.46,1877.29,1884.53,1791.67,243.22643,90.84516,20.64,25.7,10.2,8.7,14.86,18.79,18.5,15.7,14.22,10.78,7.9,10.54
2023-08-25,1183.37,1193.93,1170.3,1656.71,1376.63,1979.58,1868.72,1875.81,1789.47,242.90358,91.00545,20.56,25.6,10.32,8.6,14.73,18.74,18.76,15.7,14.14,10.77,7.81,10.63
2023-08-28,1201.72,1213.4,1191.11,1692.13,1390.96,2015.12,1890.34,1896.32,1819.58,244.8828,91.72607,20.8,26.12,10.46,8.77,14.75,18.93,18.49,15.9,14.36,10.92,7.98,10.73
2023-08-29,1204.43,1215.47,1194.25,1700.41,1398.12,2021.89,1901.49,1907.46,1833.1,246.47658,92.36318,20.9,26.4,10.55,8.84,14.92,19.08,18.8,16.03,14.36,11.07,7.98,10.8
2023-08-30,1213.16,1225.56,1206.8,1727.37,1412.42,2041.14,1929.94,1932.32,1863.45,247.95671,92.68346,21.08,26.7,10.65,8.88,14.96,19.24,18.9,16.21,14.49,11.15,8.07,10.93
2023-08-31,1224.05,1234.53,1218.92,1755.97,1433.37,2061.49,1944.58,1949.39,1882.58,249.74545,93.324036,21.2,27.08,10.86,8.95,15.13,19.5,18.91,16.28,14.64,11.33,8.13,10.93
2023-09-05,1234.98,1244.64,1228.33,1767.57,1446.16,2078.88,1958.24,1965.07,1900.51,252.28044,94.29111,21.38,27.4,11.0,9.02,15.3,19.65,18.99,16.4,14.72,11.43,8.19,11.14
2023-09-06,1245.5,1260.03,1243.04,1787.07,1462.85,2103.83,1983.35,1988.71,1923.65,255.36195,94.556206,21.64,27.55,11.05,9.12,15.36,19.71,18.99,16.55,14.89,11.44,8.25,11.08
2023-09-07,1243.14,1255.22,1240.42,1790.64,1472.24,2097.18,1982.54,1989.21,1929.08,256.14062,94.70459,21.57,27.6,11.18,9.2,15.41,19.96,18.81,16.54,14.81,11.64,8.33,11.25
2023-09-08,1241.48,1249.14,1239.04,1804.48,1479.71,2092.56,1971.75,1980.37,1926.98,256.2043,94.71969,21.54,27.61,11.16,9.2,15.45,19.83,19.05,16.61,14.79,11.6,8.25,11.23
2023-09-11,1223.63,1230.71,1218.98,1769.15,1449.39,2055.96,1943.48,1952.95,1899.99,251.33229,93.70688,21.1,27.1,11.09,9.03,15.0,19.53,19.01,16.61,14.53,11.43,8.21,11.17
2023-09-12,1245.44,1255.83,1244.99,1810.77,1474.96,2100.07,1997.99,1999.26,1930.81,256.32123,94.2692,21.79,27.7,11.18,9.03,15.45,19.93,18.69,16.61,14.65,11.54,8.25,11.29
2023-09-13,1238.39,1247.95,1237.9,1802.97,1474.58,2086.23,1987.03,1991.16,1938.47,256.10562,94.18297,21.48,27.83,11.18,9.18,15.35,19.93,18.8,16.55,14.76,11.57,8.2,11.21
2023-09-14,1223.81,1234.06,1222.44,1774.72,1452.21,2059.42,1980.13,1983.26,1920.87,251.85954,93.64812,21.23,27.7,11.01,9.15,15.3,19.85,19.0,16.45,14.61,11.55,8.2,11.21
2023-09-15,1227.36,1238.81,1225.85,1775.22,1449.95,2066.39,1989.48,1993.65,1921.58,252.76375,93.76099,21.34,27.59,11.16,9.0,15.23,19.9,19.12,16.49,14.74,11.5,8.13,11.21
2023-09-18,1211.81,1223.7,1211.63,1757.15,1437.38,2040.5,1968.43,1964.61,1899.47,250.47897,93.169754,21.07,27.13,11.08,8.95,15.02,19.97,18.8,16.49,14.43,11.47,8.0,11.21
2023-09-19,1211.5,1225.5,1214.45,1764.76,1439.42,2044.28,1968.33,1959.47,1906.13,250.21631,93.071465,21.2,26.0,11.0,8.99,15.05,19.72,19.18,16.37,14.47,11.43,8.0,11.14
2023-09-20,1226.11,1234.57,1229.75,1808.51,1468.16,2067.92,1984.46,1978.45,1929.39,254.81885,93.3461,21.25,27.66,11.25,8.99,15.16,19.95,19.09,16.5,14.59,11.62,8.11,11.14
2023-09-21,1212.74,1219.19,1213.37,1780.84,1466.53,2039.14,1944.89,1947.99,1905.65,251.87152,92.39072,21.04,27.43,11.23,8.92,15.0,19.63,18.52,16.33,14.39,11.61,8.09,11.16
2023-09-22,1193.05,1197.69,1185.27,1716.81,1429.2,1994.13,1911.02,1915.56,1869.59,243.14961,90.75744,20.7,27.0,10.79,8.68,14.74,19.33,19.17,16.0,14.16,11.32,7.87,10.77
2023-09-25,1153.2,1159.94,1139.29,1620.78,1362.22,1918.44,1828.39,1842.32,1806.93,231.5048,88.69782,20.56,26.2,10.28,8.67,14.31,19.0,18.75,15.68,13.66,10.99,7.68,10.77
2023-09-26,1137.96,1153.37,1128.89,1592.41,1338.41,1903.0,1818.24,1830.62,1804.47,229.7549,88.425316,19.99,26.07,10.12,8.59,14.32,18.43,18.6,15.3,13.65,10.94,7.65,10.77
2023-09-27,1153.85,1168.6,1149.75,1642.41,1362.02,1936.82,1861.24,1864.45,1834.46,235.84416,88.732376,20.0,26.5,10.16,8.59,14.3,18.53,18.5,15.5,13.81,11.0,7.63,10.77
2023-09-28,1152.43,1164.45,1146.35,1639.87,1360.9,1931.98,1847.3,1854.34,1849.48,234.50319,88.43916,20.0,26.4,10.19,8.5,14.34,18.6,18.45,15.48,13.77,11.0,7.55,10.77
2023-09-29,1154.15,1166.26,1148.47,1644.08,1365.24,1934.87,1852.52,1859.76,1845.9,236.35173,88.78455,20.14,26.59,10.3,8.5,14.4,18.65,18.55,15.5,13.8,11.1,7.7,10.77
2023-10-02,1155.25,1167.13,1150.72,1652.05,1370.41,1935.87,1852.55,1856.88,1840.19,236.7228,88.689705,20.05,26.39,10.35,8.6,14.32,18.68,18.55,15.52,13.81,11.08,7.77,10.77
2023-10-03,1118.1,1130.89,1110.71,1579.95,1321.58,1869.28,1780.52,1795.42,1783.69,226.6791,86.67996,19.55,25.74,10.02,8.58,14.05,17.96,18.48,14.95,13.37,10.75,7.43,10.77
2023-10-04,1128.67,1138.54,1122.61,1611.97,1338.29,1887.34,1805.07,1811.63,1793.36,230.19823,87.46858,19.68,25.9,10.68,8.3,14.05,18.17,18.6,15.0,13.46,10.9,7.49,10.33
2023-10-05,1113.89,1124.48,1108.21,1589.46,1324.48,1862.67,1783.87,1789.35,1768.87,228.0077,86.79248,19.49,25.55,10.0,8.3,13.97,18.17,18.68,15.04,13.31,10.87,7.44,10.27
2023-10-06,1128.54,1139.78,1125.53,1621.98,1339.52,1890.8,1820.81,1818.73,1790.39,230.45448,87.19955,19.65,25.8,10.11,8.19,13.99,18.17,19.98,15.1,13.49,10.82,7.47,10.11
2023-10-09,1137.36,1150.37,1138.15,1647.6,1353.33,1912.8,1843.57,1839.61,1815.31,233.55304,86.89278,19.75,26.07,10.22,8.32,14.11,18.25,19.81,15.15,13.6,10.86,7.53,10.0
2023-10-10,1143.69,1160.28,1144.55,1645.23,1364.03,1925.15,1852.64,1852.53,1828.96,234.16742,87.45284,19.93,26.35,10.31,8.42,14.3,18.73,19.5,15.37,13.73,10.98,7.64,10.5
2023-10-11,1150.81,1167.29,1154.28,1668.86,1376.19,1940.96,1875.64,1869.55,1838.09,236.99966,87.74703,19.95,26.35,10.31,8.42,14.33,18.75,19.4,15.29,13.79,11.03,7.62,10.6
2023-10-12,1151.61,1165.49,1153.59,1671.56,1375.82,1940.77,1870.12,1866.26,1831.36,238.43857,88.07702,20.0,26.4,10.38,8.46,14.3,18.65,19.0,15.48,13.76,11.03,7.69,10.6
2023-10-13,1154.73,1166.66,1156.82,1683.31,1374.24,1946.32,1868.04,1864.21,1839.48,239.05403,87.90243,20.06,26.47,10.48,8.46,14.27,18.57,19.45,15.48,13.82,11.07,7.63,10.58
2023-10-16,1141.42,1153.21,1141.96,1656.52,1356.68,1921.76,1837.39,1841.38,1828.09,236.46423,87.35093,19.75,26.04,10.39,8.45,14.13,18.57,18.33,15.45,13.64,11.02,7.56,10.58
2023-10-17,1121.65,1141.03,1120.14,1591.53,1330.61,1889.0,1822.76,1827.37,1788.72,230.0299,86.65311,19.8,26.01,10.2,8.33,13.64,18.46,19.19,15.25,13.49,10.82,7.5,10.47
2023-10-18,1103.4,1125.56,1103.68,1563.78,1291.14,1864.31,1805.27,1807.92,1763.34,227.11368,85.94663,19.49,25.59,9.63,8.04,13.74,18.07,18.36,15.15,13.3,10.5,7.4,10.32
2023-10-19,1087.85,1104.89,1084.32,1539.49,1265.75,1829.96,1761.43,1771.57,1734.83,223.44566,85.00272,19.68,25.35,9.62,8.1,13.74,17.8,18.85,14.99,13.05,10.5,7.33,10.32
2023-10-20,1108.03,1123.69,1107.36,1588.02,1294.0,1867.33,1801.31,1805.47,1758.29,228.44788,85.62115,19.41,25.4,9.83,8.18,13.85,17.89,19.42,15.0,13.29,10.63,7.32,10.22
2023-10-23,1093.53,1106.85,1091.82,1569.33,1282.26,1840.64,1777.73,1786.57,1725.18,226.25903,85.266426,19.17,24.95,9.76,8.1,13.61,17.88,18.39,14.68,13.08,10.4,7.29,10.22
2023-10-24,1105.9,1117.12,1104.25,1595.09,1291.68,1860.76,1799.15,1811.33,1738.26,228.8948,85.54218,19.02,25.03,9.88,8.13,13.6,18.1,17.9,14.86,13.2,10.48,7.36,10.4
2023-10-25,1101.66,1113.32,1099.69,1585.71,1285.91,1853.76,1788.02,1802.13,1731.04,227.00523,85.57417,19.1,25.0,9.86,8.09,13.7,18.75,16.65,14.75,13.15,10.55,7.37,10.2
2023-10-26,1055.45,1064.95,1050.41,1509.55,1226.62,1770.74,1707.55,1728.82,1666.03,214.97823,82.78937,18.41,23.9,9.5,7.7,13.11,17.98,16.5,14.13,12.59,9.97,6.95,9.9
2023-10-27,1060.62,1067.57,1058.25,1538.78,1238.28,1784.19,1734.0,1754.53,1680.95,218.0389,83.09702,18.32,24.1,9.6,7.7,13.13,17.39,15.82,14.19,12.63,10.15,7.0,10.0
2023-10-30,1042.4,1047.63,1033.36,1485.14,1213.7,1744.14,1674.49,1710.16,1640.27,211.33824,82.2816,18.32,23.66,9.43,7.7,13.39,17.39,15.9,14.0,12.42,9.99,7.0,9.88
2023-10-31,1028.19,1039.38,1019.22,1444.3,1179.34,1722.98,1657.19,1700.85,1606.95,206.1711,80.93492,18.3,23.6,9.89,7.52,13.57,17.25,15.7,13.98,12.3,9.72,6.85,9.69
2023-11-01,1039.66,1051.65,1035.34,1481.21,1191.37,1749.36,1687.24,1725.13,1611.57,209.65349,81.696236,18.3,23.17,9.23,7.76,12.96,16.92,15.8,14.01,12.45,10.0,6.91,9.82
2023-11-02,1075.47,1087.5,1074.28,1549.41,1242.51,1813.28,1752.93,1783.71,1671.82,217.97208,83.96776,18.66,24.08,9.7,8.01,13.35,17.58,16.49,14.5,12.86,10.0,7.05,9.82
2023-11-03,1076.78,1086.19,1074.84,1556.58,1245.22,1812.37,1746.2,1778.97,1677.01,217.74852,84.160515,18.83,24.19,9.81,8.05,13.57,17.71,16.6,14.5,12.91,10.0,7.2,10.22
2023-11-06,1089.66,1103.52,1091.04,1576.73,1252.78,1840.76,1782.31,1811.81,1702.15,219.59465,85.05379,19.05,24.38,9.8,8.05,13.79,17.84,16.6,14.49,13.05,10.28,7.2,10.3
2023-11-07,1080.29,1092.71,1080.73,1563.12,1246.32,1823.91,1760.95,1790.83,1691.57,218.29065,84.60967,18.88,24.44,9.77,8.05,13.62,17.68,16.4,14.58,12.96,10.24,7.2,10.15
2023-11-08,1113.43,1129.95,1120.88,1632.73,1289.86,1892.86,1829.29,1854.62,1751.14,227.02727,86.16965,19.4,25.16,10.15,8.31,13.88,18.27,16.67,15.04,13.35,10.55,7.37,10.2
2023-11-09,1113.89,1122.95,1118.4,1644.59,1304.64,1887.14,1807.76,1833.36,1749.44,228.22397,86.22166,19.41,25.23,10.3,8.29,13.91,18.4,16.5,15.09,13.3,10.55,7.28,10.53
2023-11-10,1101.68,1109.05,1107.2,1637.26,1296.43,1867.2,1786.9,1810.88,1731.74,226.65126,86.03065,19.05,24.93,10.6,8.2,13.71,18.03,16.8,14.99,13.24,10.55,7.33,10.33
2023-11-13,1100.07,1106.72,1107.78,1648.15,1294.31,1868.94,1784.8,1807.06,1734.21,226.1097,85.975464,19.05,24.87,10.23,8.2,13.6,17.95,16.8,14.94,13.1,10.55,7.34,10.33
2023-11-14,1109.73,1119.28,1120.67,1668.39,1307.72,1892.23,1820.29,1839.89,1770.14,227.42915,86.646614,19.3,25.25,10.42,8.4,13.79,18.37,16.99,14.98,13.27,10.71,7.41,10.55
2023-11-15,1122.5,1131.9,1130.57,1673.71,1320.74,1908.68,1836.29,1860.12,1779.64,227.878,87.000694,19.56,25.66,10.5,8.78,14.0,18.7,17.03,15.19,13.41,10.73,7.54,10.7
2023-11-16,1125.53,1132.6,1134.15,1688.98,1334.22,1914.02,1842.69,1864.97,1778.43,229.56384,87.12536,19.48,25.51,10.49,8.78,13.92,18.52,16.75,15.12,13.41,10.71,7.57,10.7
2023-11-17,1101.19,1103.53,1108.54,1662.82,1326.94,1867.53,1795.25,1819.51,1752.44,226.54208,86.01887,19.12,25.29,10.45,8.78,13.8,18.22,16.7,14.98,13.1,10.67,7.33,10.7
2023-11-20,1103.66,1102.85,1109.84,1671.59,1339.36,1869.93,1803.5,1826.36,1743.72,227.77283,86.13318,19.08,25.35,10.45,8.53,13.66,18.32,16.51,14.88,13.08,10.67,7.23,10.4
2023-11-21,1110.46,1108.6,1117.64,1690.21,1348.34,1883.19,1812.56,1833.99,1756.21,229.79724,86.2188,19.1,25.3,10.5,8.5,13.61,18.36,16.65,15.01,13.14,10.6,7.2,10.43
2023-11-22,1113.82,1109.8,1122.13,1708.19,1361.9,1889.81,1819.17,1841.27,1756.76,230.48811,86.03628,19.12,25.3,10.61,8.2,13.79,18.35,16.66,15.0,13.16,10.6,7.32,10.43
2023-11-23,1088.49,1082.68,1090.69,1646.65,1328.6,1834.76,1764.28,1793.49,1717.03,224.5394,84.94845,18.8,24.95,10.5,8.55,13.4,17.92,16.98,14.82,12.93,10.6,7.2,10.43
2023-11-24,1095.61,1087.34,1098.11,1667.18,1326.47,1847.19,1777.17,1802.83,1721.66,226.1037,84.99007,18.68,24.71,10.19,8.55,13.4,17.81,16.53,15.0,12.9,10.31,7.05,10.15
2023-11-27,1088.06,1078.42,1086.25,1639.47,1317.61,1827.2,1743.39,1774.96,1700.23,223.8855,84.49504,18.7,24.4,10.3,8.35,13.28,17.67,16.63,14.69,12.8,10.35,7.14,10.15
2023-11-28,1095.43,1088.51,1095.28,1649.21,1326.46,1842.95,1763.23,1790.96,1709.68,224.38692,84.65718,18.75,24.69,10.45,8.01,13.45,17.66,16.63,14.67,12.95,10.36,7.1,10.25
2023-11-29,1102.8,1093.16,1102.84,1670.4,1336.48,1854.57,1763.54,1793.99,1726.85,227.02876,85.04312,18.89,24.87,10.38,8.02,13.45,17.9,16.56,14.84,12.98,10.47,7.2,10.28
2023-11-30,1094.13,1081.7,1093.86,1665.57,1337.31,1838.71,1752.79,1784.52,1720.75,226.14864,84.98801,18.85,24.83,10.41,8.4,13.46,17.82,16.9,14.8,12.89,10.4,7.15,10.24
2023-12-01,1102.16,1090.39,1102.58,1678.6,1344.87,1853.88,1765.93,1796.18,1728.65,226.25943,85.18724,18.78,24.84,10.48,8.33,13.5,17.84,16.92,14.75,12.94,10.45,7.17,10.25
2023-12-04,1120.49,1107.16,1123.52,1724.05,1377.41,1889.01,1806.0,1829.88,1753.36,231.3084,85.96895,19.2,25.29,10.72,8.44,13.65,18.31,16.86,15.03,13.11,10.6,7.34,10.45
2023-12-05,1115.97,1100.42,1117.72,1718.67,1370.43,1878.47,1790.32,1816.04,1751.46,231.33691,86.02492,18.96,25.2,10.72,8.4,13.65,18.08,16.9,14.97,13.05,10.56,7.25,10.4
2023-12-06,1126.43,1109.27,1128.93,1743.52,1389.32,1896.0,1808.83,1834.72,1765.13,233.6294,86.314064,19.07,25.36,10.79,8.36,13.68,18.27,16.9,15.05,13.14,10.69,7.3,10.45
2023-12-07,1121.49,1111.35,1126.45,1723.93,1384.98,1893.0,1814.06,1840.43,1762.43,231.83524,85.70849,19.21,25.29,10.75,8.44,13.86,18.28,16.73,15.09,13.18,10.6,7.29,10.5
2023-12-08,1124.44,1114.89,1128.85,1723.51,1375.8,1898.06,1808.44,1837.77,1774.25,231.1983,85.70947,19.23,25.47,10.8,8.44,13.76,18.38,17.0,15.11,13.24,10.72,7.36,10.5
2023-12-11,1125.5,1117.34,1129.68,1719.18,1368.63,1901.08,1802.94,1830.57,1773.96,231.37077,85.48343,19.29,25.5,10.71,8.44,13.79,18.29,17.0,15.12,13.1,10.74,7.33,10.4
2023-12-12,1127.63,1121.21,1132.71,1720.72,1373.33,1905.58,1806.24,1833.67,1783.6,231.71059,85.349,19.3,25.57,10.68,8.01,13.86,18.33,17.18,15.15,13.31,10.78,7.37,10.49
2023-12-13,1114.2,1106.83,1117.49,1695.22,1357.36,1879.47,1780.51,1810.96,1757.29,228.41714,85.088974,19.1,25.37,10.6,8.45,13.64,18.0,17.1,15.04,13.11,10.62,7.32,10.44
2023-12-14,1110.13,1104.49,1112.3,1677.62,1349.08,1871.56,1771.51,1804.34,1753.03,227.23056,85.22083,19.08,25.29,10.44,8.3,13.67,17.99,17.09,15.0,13.1,10.62,7.29,10.44
2023-12-15,1102.3,1097.4,1106.36,1672.85,1349.47,1860.47,1766.93,1799.69,1744.18,227.0216,85.05007,19.0,25.32,10.34,8.32,13.64,17.99,17.09,14.9,13.02,10.53,7.3,10.4
2023-12-18,1091.88,1084.67,1095.83,1664.83,1342.05,1841.39,1743.99,1778.76,1726.47,225.72937,84.88454,18.77,24.96,10.33,8.05,13.4,17.62,17.0,14.76,12.88,10.44,7.3,10.2
2023-12-19,1096.3,1091.87,1102.81,1674.44,1345.17,1854.55,1758.12,1792.29,1739.25,227.27287,85.09548,18.84,24.79,10.4,8.05,13.35,17.82,17.0,14.75,12.99,10.5,7.1,10.2
2023-12-20,1100.76,1097.01,1108.02,1682.4,1353.66,1863.44,1762.44,1794.77,1749.13,228.165,85.482796,18.92,25.2,10.69,8.24,13.53,17.85,16.97,14.81,13.04,10.59,7.23,10.2
2023-12-21,1102.43,1097.43,1109.69,1689.2,1356.33,1864.64,1757.86,1793.16,1760.1,228.47945,86.15927,18.95,25.29,10.7,8.24,13.54,17.86,16.96,14.95,13.05,10.65,7.23,10.23
2023-12-22,1103.06,1097.45,1109.59,1688.62,1353.75,1864.3,1763.83,1796.64,1756.65,228.27351,86.13516,18.95,25.3,10.69,8.06,13.54,18.09,16.52,14.9,13.07,10.65,7.21,10.3
2023-12-25,1117.66,1111.86,1124.15,1710.75,1365.58,1889.16,1780.78,1813.63,1786.51,229.4505,86.21195,19.2,25.74,10.67,8.06,13.63,18.2,16.7,15.07,13.22,10.8,7.26,10.37
2023-12-26,1122.25,1115.52,1128.29,1718.56,1365.71,1896.54,1782.57,1815.96,1787.62,231.25801,86.24387,19.24,25.74,10.64,8.06,13.74,18.2,16.79,15.1,13.25,10.8,7.3,10.37
2023-12-27,1121.99,1115.94,1128.61,1718.71,1366.77,1897.63,1785.12,1819.12,1790.0,230.59595,86.45819,19.27,25.75,10.69,8.06,13.77,18.24,16.65,15.14,13.28,10.8,7.37,10.4
2023-12-28,1128.93,1128.51,1138.09,1722.06,1368.29,1914.01,1804.21,1839.3,1799.32,231.34973,86.966774,19.43,25.88,10.69,8.38,13.81,18.24,16.6,15.29,13.39,10.9,7.5,10.47
2023-12-29,1129.93,1131.46,1141.65,1729.44,1371.45,1918.76,1816.47,1851.79,1803.5,231.03874,87.04166,19.43,26.44,10.9,8.42,13.97,18.45,16.7,15.33,13.49,10.93,7.5,10.6
2024-01-02,1131.72,1131.64,1140.25,1721.91,1369.98,1916.76,1818.95,1858.17,1807.13,229.9883,87.58363,19.53,26.03,10.68,8.06,13.86,18.4,16.98,15.27,13.45,10.93,7.49,10.55
2024-01-03,1144.17,1144.85,1152.77,1738.12,1391.46,1939.75,1848.61,1884.37,1824.92,231.63838,87.80427,19.69,26.19,10.73,8.06,13.93,18.54,16.99,15.35,13.61,11.0,7.51,10.65
2024-01-04,1150.72,1156.37,1161.03,1739.09,1393.93,1956.13,1876.68,1914.4,1841.59,232.55998,87.72523,19.95,26.5,10.85,8.2,14.25,19.05,17.02,15.56,13.76,11.15,7.66,10.93
2024-01-05,1154.68,1161.14,1164.81,1741.27,1395.36,1962.52,1891.43,1926.49,1846.84,232.76152,87.92756,20.03,26.6,10.9,8.4,14.31,19.08,17.0,15.6,13.77,11.15,7.65,11.0
2024-01-08,1160.19,1163.52,1167.79,1747.76,1405.48,1967.13,1899.73,1938.21,1854.89,233.32846,87.788895,20.08,26.62,11.05,8.45,14.36,19.25,17.0,15.65,13.83,11.2,7.7,11.0
2024-01-09,1158.59,1160.21,1164.86,1744.78,1402.79,1962.09,1898.46,1938.0,1851.71,232.50156,87.72443,20.04,26.61,10.86,8.45,14.31,19.16,17.0,15.6,13.75,11.17,7.68,10.97
2024-01-10,1161.54,1162.68,1164.42,1734.03,1390.79,1962.42,1914.1,1954.25,1852.32,231.41025,87.14763,20.04,26.62,10.84,8.38,14.33,20.0,17.1,15.67,13.8,11.19,7.7,11.06
2024-01-11,1162.22,1163.56,1167.26,1745.05,1389.87,1966.19,1919.6,1959.87,1851.32,232.70575,87.55691,20.05,26.62,10.72,8.36,14.34,19.34,17.2,15.78,13.82,11.19,7.73,11.2
2024-01-12,1154.7,1163.66,1163.43,1725.78,1370.16,1962.05,1934.71,1972.25,1849.35,230.3132,86.89633,20.1,26.68,10.74,8.23,14.39,19.72,16.86,15.61,13.82,11.19,7.69,11.2
2024-01-15,1154.12,1161.3,1158.72,1710.66,1362.4,1953.99,1914.9,1957.0,1847.09,227.54898,86.61196,20.07,26.62,10.65,8.23,14.3,19.4,17.18,15.55,13.8,11.19,7.68,11.17
2024-01-16,1163.12,1170.19,1169.95,1735.43,1373.18,1973.23,1925.66,1966.27,1862.8,229.4989,87.02442,20.17,26.8,10.75,7.94,14.37,19.36,16.85,15.6,13.89,11.22,7.68,11.17
2024-01-17,1162.53,1166.61,1168.28,1739.54,1379.35,1969.85,1920.19,1962.59,1870.98,229.50313,86.9568,20.12,26.71,10.83,7.87,14.37,19.38,17.03,15.63,13.87,11.3,7.71,11.15
2024-01-18,1169.06,1173.91,1175.49,1749.91,1382.78,1983.43,1932.78,1975.09,1884.93,229.9277,87.159004,20.23,27.03,10.9,7.88,14.41,19.5,17.13,15.7,13.94,11.34,7.74,11.25
2024-01-19,1181.5,1185.23,1183.75,1751.63,1383.46,1997.41,1952.66,1995.64,1896.93,229.4802,87.46475,20.37,27.25,10.88,7.88,14.52,19.82,17.11,15.82,14.08,11.46,7.8,11.37
2024-01-22,1182.86,1189.56,1187.37,1754.52,1382.07,2003.6,1959.37,2001.84,1899.0,229.77052,87.71559,20.52,27.32,10.83,7.7,14.69,19.7,17.2,15.91,14.13,11.5,7.8,11.41
2024-01-23,1177.5,1183.85,1182.85,1751.93,1381.39,1995.11,1955.57,1995.09,1898.09,229.25812,87.44777,20.44,27.35,10.85,8.16,14.63,19.72,17.29,15.86,14.09,11.49,7.8,11.41
2024-01-24,1172.97,1179.45,1178.74,1746.85,1375.17,1988.98,1956.21,1991.05,1884.8,228.5324,87.642334,20.36,27.12,10.8,8.14,14.51,19.87,17.05,15.82,14.02,11.43,7.77,11.41
2024-01-25,1170.37,1177.52,1177.84,1749.08,1375.12,1987.0,1951.81,1987.33,1885.99,228.52359,87.680984,20.3,27.1,10.77,8.14,14.4,19.62,17.06,15.8,14.0,11.39,7.72,11.41
2024-01-26,1175.67,1182.82,1182.99,1756.22,1378.87,1996.3,1961.26,2000.23,1894.98,229.43011,87.699615,20.4,27.29,10.87,8.14,14.29,19.78,17.27,15.87,14.04,11.48,7.8,11.41
2024-01-29,1175.69,1179.17,1180.69,1757.43,1380.55,1990.6,1955.99,1995.21,1895.07,229.04514,87.60325,20.36,27.27,10.87,8.1,14.53,19.79,17.08,15.89,14.01,11.45,7.78,11.41
2024-01-30,1179.65,1181.71,1185.64,1773.08,1391.37,1997.49,1962.02,2001.43,1899.14,230.6636,87.85432,20.39,27.36,10.91,8.08,14.57,19.8,17.22,15.88,14.05,11.45,7.79,11.39
2024-01-31,1164.31,1166.33,1170.92,1753.54,1380.01,1972.45,1930.54,1971.68,1878.56,229.1759,87.68982,20.19,27.14,10.9,8.05,14.4,19.47,17.1,15.9,13.87,11.32,7.71,11.3
2024-02-01,1173.02,1173.35,1178.45,1766.45,1392.48,1985.01,1929.24,1972.44,1897.49,230.5726,88.016304,20.29,27.3,10.94,8.09,14.4,19.46,16.92,15.79,13.95,11.48,7.69,11.3
2024-02-02,1172.55,1174.76,1179.49,1766.72,1392.95,1987.44,1923.94,1968.36,1905.0,230.5601,88.373375,20.23,27.36,10.99,8.3,14.5,19.4,17.27,15.85,13.95,11.54,7.73,11.3
2024-02-05,1186.06,1197.36,1196.9,1775.21,1396.07,2020.32,1975.69,2023.76,1939.1,230.27682,88.52526,20.67,27.93,11.06,8.27,14.6,19.93,17.29,16.06,14.2,11.74,8.07,11.55
2024-02-06,1188.48,1199.17,1199.68,1782.56,1401.1,2024.64,1980.64,2029.46,1943.86,230.6258,88.86285,20.67,27.98,11.13,8.29,14.77,19.88,17.29,16.05,14.24,11.75,7.95,11.55
2024-02-07,1198.53,1212.7,1211.21,1792.96,1409.79,2045.11,2011.39,2059.92,1961.78,231.0387,89.33383,20.95,28.29,11.19,7.88,15.0,20.35,17.49,16.2,14.41,11.88,8.04,11.8
2024-02-15,1202.5,1217.12,1217.39,1808.02,1418.51,2054.15,2027.19,2076.31,1966.36,232.75047,90.056656,20.97,28.5,11.25,8.23,14.99,20.61,17.65,16.35,14.46,11.9,8.01,11.81
2024-02-16,1209.7,1224.54,1222.64,1808.6,1426.9,2063.98,2023.71,2074.26,1974.85,233.04486,90.064445,21.1,28.41,11.25,8.21,15.05,20.43,17.76,16.36,14.54,11.9,8.05,11.81
2024-02-19,1224.97,1240.2,1234.18,1811.93,1425.28,2084.4,2025.76,2078.64,1979.64,233.37167,90.45497,21.37,28.52,11.25,8.09,15.25,20.4,17.9,16.55,14.72,11.9,8.11,11.84
2024-02-20,1230.06,1241.65,1235.71,1814.46,1431.88,2087.3,2021.82,2077.78,1980.26,233.49908,90.525246,21.44,28.56,11.27,7.85,15.25,20.41,17.95,16.57,14.76,11.9,8.18,11.83
2024-02-21,1230.04,1242.08,1237.03,1819.38,1435.85,2089.02,2033.12,2088.14,1988.08,233.84456,90.60522,21.47,28.69,11.27,7.94,15.3,20.58,17.63,16.58,14.75,12.0,8.19,11.89
2024-02-22,1227.31,1239.9,1234.58,1814.86,1442.31,2084.79,2029.44,2085.51,1983.3,234.00533,90.57174,21.42,28.6,11.29,7.71,15.3,20.46,17.6,16.53,14.73,12.0,8.19,11.87
2024-02-23,1212.0,1223.09,1215.23,1777.62,1416.93,2050.66,2003.47,2060.19,1950.73,231.07785,90.15958,21.17,28.0,11.08,7.82,15.0,20.25,17.6,16.33,14.53,11.95,8.1,11.84
2024-02-26,1224.17,1233.31,1228.15,1805.84,1432.75,2072.27,2018.23,2077.53,1982.13,232.86449,90.49243,21.29,28.5,11.25,8.05,15.07,20.21,17.77,16.4,14.67,11.99,8.14,11.86
2024-02-27,1237.46,1247.91,1242.56,1826.61,1449.83,2098.21,2037.52,2093.3,1997.57,235.3782,90.39748,21.51,28.77,11.32,8.09,15.07,20.56,17.85,16.61,14.79,11.99,8.21,11.9
2024-02-28,1254.55,1265.35,1255.79,1832.14,1454.92,2122.63,2066.11,2124.78,2020.95,235.16472,90.54035,21.76,29.1,11.41,8.09,15.55,20.75,17.97,16.77,14.99,11.99,8.34,12.05
2024-02-29,1252.73,1265.75,1258.09,1841.92,1450.8,2125.59,2069.12,2122.88,2031.19,235.45827,90.62556,21.85,29.22,11.4,8.07,15.56,20.87,17.97,16.85,14.99,12.23,8.32,12.02
2024-03-01,1258.28,1267.07,1264.44,1868.17,1463.04,2135.05,2072.71,2123.51,2060.52,236.42967,91.157394,21.87,29.0,11.55,8.0,15.6,20.98,17.97,16.89,15.0,12.45,8.36,12.1
2024-03-04,1261.41,1268.53,1267.79,1879.47,1468.79,2140.89,2070.2,2121.35,2071.79,237.37521,91.13131,21.94,29.05,11.66,7.92,15.57,20.91,17.9,16.95,15.06,12.47,8.35,12.08
2024-03-05,1269.98,1280.17,1278.67,1893.1,1476.6,2159.13,2084.1,2137.17,2096.15,237.34935,91.77752,22.01,30.0,11.7,7.85,15.58,20.96,18.2,17.1,15.15,12.64,8.36,12.08
2024-03-06,1262.73,1271.07,1267.89,1871.44,1467.2,2140.84,2068.81,2124.6,2070.25,235.45416,91.240585,21.91,29.86,11.63,7.82,15.55,20.84,18.0,17.02,15.08,12.47,8.4,12.1
2024-03-07,1268.46,1276.56,1275.78,1891.2,1473.31,2155.13,2071.83,2125.52,2083.07,237.36562,91.60674,21.98,29.78,11.66,8.0,15.61,20.89,18.0,17.11,15.11,12.47,8.37,12.1
2024-03-08,1247.35,1250.2,1251.76,1863.38,1463.11,2112.33,2024.53,2077.24,2044.07,236.32188,91.2331,21.69,29.53,11.61,7.81,15.45,20.52,18.1,16.92,14.8,12.31,8.35,12.1
2024-03-11,1235.49,1235.12,1238.55,1850.02,1454.66,2087.49,1993.51,2049.09,2025.58,233.842,90.66205,21.55,29.18,11.49,7.8,15.2,20.12,17.89,16.83,14.66,12.29,8.27,12.1
2024-03-12,1245.0,1242.23,1245.36,1859.16,1461.96,2098.13,1999.28,2056.36,2040.84,234.02887,90.7702,21.4,29.4,11.6,7.79,15.37,20.12,17.8,16.8,14.72,12.29,8.15,11.67
2024-03-13,1270.51,1272.28,1276.48,1908.92,1489.3,2152.83,2052.88,2106.58,2105.28,238.19841,91.53119,21.88,30.22,11.84,7.9,15.6,20.65,17.85,17.09,15.01,12.7,8.35,11.88
2024-03-14,1264.26,1260.32,1267.6,1906.03,1503.16,2137.05,2029.49,2083.02,2084.58,239.67795,91.62185,21.8,30.08,11.8,7.89,15.55,20.48,17.9,16.95,14.9,12.6,8.36,11.85
2024-03-15,1263.78,1256.42,1264.79,1905.53,1513.0,2130.07,2031.69,2087.3,2079.89,239.53572,91.35347,21.75,30.05,11.9,7.57,15.56,20.49,17.81,17.0,14.85,12.49,8.36,11.85
2024-03-18,1243.56,1235.74,1243.39,1871.36,1488.69,2093.73,1990.0,2041.24,2029.21,236.67636,90.32046,21.4,29.0,11.95,7.98,15.1,20.11,17.99,16.7,14.67,12.18,8.18,11.76
2024-03-19,1242.46,1234.74,1242.02,1868.05,1487.36,2091.97,1987.96,2038.64,2016.74,236.16496,90.60322,21.26,28.9,11.85,7.6,15.11,20.0,17.72,16.7,14.65,12.16,8.1,11.49
2024-03-20,1260.08,1259.06,1265.41,1899.69,1496.5,2133.94,2043.3,2095.04,2074.78,238.02562,90.5417,21.73,29.88,11.84,7.95,15.53,20.6,17.91,16.94,14.97,12.55,8.26,11.84
2024-03-21,1276.42,1281.57,1285.42,1921.0,1511.94,2170.24,2084.09,2137.37,2111.13,241.14165,90.81622,21.88,30.25,11.85,7.64,15.62,20.93,17.96,17.12,15.2,12.75,8.37,12.0
2024-03-22,1281.8,1284.14,1289.21,1930.7,1508.69,2177.99,2092.61,2145.25,2115.72,241.67784,90.950264,22.14,30.26,11.94,7.65,15.67,21.03,18.01,17.25,15.24,12.8,8.47,12.2
2024-03-25,1267.86,1270.0,1274.66,1907.75,1499.04,2153.18,2070.1,2122.41,2090.69,240.81,91.09,21.94,30.17,12.02,7.54,15.69,20.87,18.0,17.12,15.03,12.65,8.4,12.15
2024-03-26,1282.21,1286.23,1291.41,1934.36,1513.72,2181.21,2101.99,2158.25,2121.73,242.03,91.2,22.08,30.45,12.02,7.83,15.5,20.99,18.1,17.3,15.26,12.73,8.47,12.15
2024-03-27,1283.09,1288.77,1294.21,1939.39,1526.77,2185.57,2101.47,2155.85,2136.93,242.85,91.18,22.1,30.84,11.92,7.3,15.78,21.03,18.12,17.3,15.28,12.86,8.47,12.25
2024-03-28,1290.18,1303.2,1305.91,1947.6,1530.66,2207.15,2135.92,2184.4,2156.47,243.92,91.48,22.43,30.85,12.14,7.5,15.91,21.36,18.2,17.5,15.47,13.01,8.6,12.42
2024-03-29,1284.09,1296.9,1300.31,1941.62,1525.14,2197.69,2123.58,2176.33,2154.98,242.58,91.57,22.57,31.38,12.1,7.61,15.91,21.38,18.19,17.45,15.54,13.11,8.64,12.42
2024-04-01,1281.52,1292.62,1296.11,1935.7,1524.97,2191.17,2114.84,2164.89,2149.98,242.89525,91.325874,22.38,31.15,12.0,7.8,15.93,21.31,18.6,17.43,15.31,12.89,8.56,12.29
2024-04-02,1287.04,1292.3,1299.88,1954.98,1532.27,2196.85,2102.81,2159.21,2155.11,245.90404,91.40329,22.2,30.9,12.07,7.8,15.88,21.28,18.92,17.43,15.27,13.07,8.48,12.21
2024-04-03,1271.47,1274.27,1282.23,1930.05,1520.69,2165.97,2072.65,2128.19,2120.82,243.95856,91.14734,22.18,30.54,11.92,7.32,15.63,20.9,19.1,17.19,15.09,12.84,8.49,12.21
2024-04-04,1268.25,1267.65,1275.12,1917.81,1509.32,2153.33,2052.77,2110.05,2108.39,242.44383,91.01238,21.9,30.31,11.8,7.67,15.6,20.79,19.07,17.1,15.05,12.84,8.5,12.21
2024-04-05,1255.11,1257.78,1262.07,1887.81,1484.96,2132.05,2030.89,2085.55,2091.04,239.68456,90.64955,21.81,30.14,11.8,7.6,15.52,20.5,18.85,16.92,14.93,12.76,8.31,12.01
2024-04-08,1250.35,1254.72,1256.58,1871.53,1467.71,2125.02,2026.09,2085.49,2077.44,238.08136,90.530396,21.69,29.86,11.61,7.33,15.47,20.5,18.8,17.05,14.9,12.59,8.24,11.77
2024-04-09,1262.82,1266.92,1272.1,1905.7,1478.9,2151.99,2050.29,2113.04,2112.99,240.3644,90.57415,21.88,30.3,11.85,7.25,15.66,20.66,18.85,16.98,14.91,12.79,8.3,12.0
2024-04-10,1258.56,1263.82,1268.39,1898.16,1473.12,2145.69,2039.94,2104.01,2114.17,238.78833,90.64961,21.84,30.32,11.67,7.59,15.54,20.65,18.9,16.95,15.0,12.76,8.35,11.98
2024-04-11,1258.2,1262.86,1267.7,1898.06,1471.53,2144.88,2034.13,2098.75,2116.83,239.0652,90.91673,21.84,30.31,11.8,7.22,15.53,20.7,18.87,17.09,14.98,12.82,8.3,11.9
2024-04-12,1276.6,1284.74,1289.45,1929.86,1484.38,2183.06,2080.47,2153.51,2157.65,241.33699,91.21146,22.1,30.94,11.89,7.53,15.77,21.0,19.39,17.22,15.2,13.02,8.5,12.1
2024-04-15,1216.61,1227.9,1226.38,1815.4,1412.19,2075.64,1969.25,2045.86,2053.77,229.71436,88.98147,21.72,30.0,11.44,7.36,15.4,20.27,18.05,16.5,14.69,12.54,8.41,12.08
2024-04-16,1215.68,1232.7,1227.5,1804.73,1398.8,2081.35,1982.36,2058.48,2064.09,228.83087,88.632385,21.72,29.57,11.5,7.82,15.29,19.81,19.07,16.42,14.66,12.49,8.4,12.08
2024-04-17,1193.01,1210.74,1205.61,1772.5,1385.08,2044.29,1937.09,2015.86,2031.36,226.19656,88.14932,21.06,29.18,11.5,7.3,14.95,19.6,18.56,16.26,14.44,12.37,8.45,11.69
2024-04-19,1174.85,1194.03,1185.51,1731.28,1357.83,2011.88,1914.51,1991.84,1995.61,220.79582,87.156555,20.67,28.8,11.19,7.0,14.9,19.4,18.04,15.95,14.12,12.17,8.4,11.33
2024-04-22,1190.22,1206.64,1202.92,1773.22,1377.01,2039.83,1960.35,2028.49,2018.96,225.30624,88.02214,20.93,29.01,11.24,7.37,14.86,19.8,19.17,16.1,14.33,12.29,8.45,11.5
2024-04-23,1177.4,1200.37,1194.03,1751.24,1361.05,2026.3,1952.03,2017.64,2022.67,222.63162,87.50783,20.75,29.05,10.89,7.5,14.75,19.61,17.83,16.15,14.23,12.25,7.91,11.45
2024-04-24,1205.61,1232.17,1228.94,1813.49,1395.41,2085.65,1998.6,2061.22,2094.39,227.86816,88.36956,21.27,29.98,11.29,7.85,15.1,20.37,18.31,16.35,14.6,12.7,8.1,11.65
2024-04-25,1204.97,1233.72,1228.52,1806.27,1390.21,2086.9,1986.72,2047.34,2104.54,227.57196,88.33098,21.3,30.0,11.25,7.85,15.19,20.56,18.7,16.41,14.64,12.77,8.15,11.64
2024-04-26,1209.52,1240.5,1234.22,1811.13,1393.9,2097.2,1989.74,2054.02,2126.83,226.81902,88.75894,21.55,30.75,11.25,7.79,15.31,20.05,18.67,16.52,14.68,12.94,8.16,11.67
2024-05-02,1216.36,1247.21,1240.61,1819.54,1399.45,2105.99,1977.54,2048.43,2152.56,227.49179,89.69626,21.55,30.9,11.3,7.64,15.3,19.95,18.46,16.54,14.8,13.03,8.18,11.67
2024-05-03,1221.03,1255.62,1247.16,1823.02,1393.34,2118.16,1988.55,2061.5,2167.69,228.22437,89.784836,21.58,31.0,11.33,7.19,15.36,19.95,18.64,16.65,14.87,13.1,8.21,11.67
2024-05-06,1241.58,1274.62,1267.86,1859.44,1426.35,2151.79,2022.51,2093.64,2172.82,232.28822,90.65333,21.94,31.24,11.52,7.57,15.57,20.37,18.7,16.92,15.07,13.26,8.4,11.89
2024-05-07,1248.63,1284.85,1276.92,1868.95,1434.31,2166.39,2018.31,2090.87,2191.2,232.96027,91.10215,22.08,31.35,11.69,7.8,15.71,20.34,18.76,17.0,15.18,13.34,8.38,11.89
2024-05-08,1250.46,1284.85,1278.35,1875.88,1445.05,2166.77,2014.04,2086.9,2188.72,234.5161,91.57264,22.08,31.3,11.56,7.64,15.65,20.25,18.87,17.0,15.18,13.27,8.43,11.89
2024-05-09,1248.64,1281.47,1274.49,1868.55,1440.71,2160.64,2010.12,2083.14,2180.98,234.58142,91.91294,22.09,31.39,11.61,7.58,15.73,20.27,18.9,17.0,15.2,13.29,8.46,11.9
2024-05-10,1244.7,1277.47,1272.61,1872.85,1446.52,2156.82,2005.1,2078.78,2182.28,235.67845,91.72453,21.99,31.38,11.65,7.59,15.7,20.2,18.8,17.0,15.1,13.29,8.46,11.9
2024-05-13,1240.18,1272.53,1268.3,1868.58,1454.09,2149.25,2003.71,2073.36,2172.02,236.3577,91.4803,21.93,31.2,11.51,7.5,15.64,20.16,19.1,16.93,15.07,13.21,8.39,11.78
2024-05-14,1243.28,1277.31,1272.48,1872.77,1454.8,2157.08,2006.02,2075.86,2173.08,236.95119,91.6174,22.09,31.3,11.63,7.5,15.75,20.22,19.0,16.99,15.12,13.23,8.45,11.83
2024-05-15,1254.39,1289.97,1285.73,1894.37,1470.8,2179.75,2019.04,2089.51,2191.17,238.77545,92.102806,22.2,31.47,11.73,7.5,15.84,20.32,19.16,17.17,15.29,13.29,8.48,11.92
2024-05-16,1268.78,1308.27,1303.92,1921.05,1475.26,2212.04,2060.21,2138.23,2232.41,240.01529,92.70122,22.57,32.05,11.88,7.61,16.09,20.72,19.35,17.42,15.51,13.47,8.65,12.14
2024-05-17,1273.11,1310.15,1310.87,1948.33,1485.59,2221.64,2068.28,2147.2,2236.06,241.54433,93.07077,22.57,32.2,12.0,7.61,16.07,20.8,19.31,17.5,15.53,13.58,8.64,12.19
2024-05-20,1277.58,1312.55,1313.54,1953.17,1501.68,2224.3,2079.36,2159.45,2226.72,242.56519,93.52702,22.67,32.06,12.08,7.59,16.14,20.89,19.45,17.58,15.52,13.57,8.66,12.29
2024-05-21,1277.14,1308.62,1312.13,1959.51,1513.84,2220.01,2065.47,2145.07,2234.94,243.28777,94.450935,22.61,32.15,12.07,7.59,16.11,20.9,19.47,17.5,15.52,13.61,8.63,12.29
2024-05-22,1266.91,1291.46,1299.49,1955.85,1510.16,2198.06,2023.61,2112.49,2221.11,245.14833,94.70359,22.5,32.06,12.12,7.74,16.0,20.67,19.42,17.45,15.35,13.54,8.58,12.13
2024-05-23,1281.03,1304.76,1312.8,1975.63,1521.06,2218.45,2035.08,2125.38,2237.29,246.91135,95.173485,22.55,32.2,12.27,7.75,16.02,20.56,19.5,17.5,15.55,13.62,8.55,12.13
2024-05-24,1261.93,1283.46,1288.74,1930.72,1494.21,2177.77,2008.04,2102.65,2190.1,241.7209,94.40493,22.5,31.78,12.15,7.75,15.92,20.56,19.42,17.49,15.29,13.42,8.56,12.13
2024-05-27,1267.68,1284.88,1292.17,1942.49,1502.43,2181.76,2012.55,2106.99,2192.24,242.83043,94.87235,22.39,31.65,12.0,7.82,15.89,20.52,19.1,17.49,15.31,13.32,8.56,12.08
2024-05-28,1281.73,1299.75,1309.27,1975.35,1522.51,2209.77,2029.99,2130.82,2218.29,245.5845,95.61792,22.54,32.0,12.2,7.86,16.05,20.68,19.5,17.55,15.47,13.55,8.65,12.21
2024-05-29,1272.64,1284.02,1298.75,1977.06,1531.69,2190.72,2015.89,2118.09,2191.49,244.1495,95.92477,22.35,31.97,12.27,7.86,15.92,20.55,19.26,17.5,15.28,13.41,8.6,12.14
2024-05-30,1266.32,1279.29,1294.72,1973.41,1535.96,2183.55,2002.28,2108.11,2185.52,244.01088,95.80338,22.24,31.6,12.25,7.71,15.84,20.48,19.26,17.49,15.22,13.34,8.9,12.03
2024-05-31,1261.72,1275.97,1292.9,1975.75,1534.33,2181.27,1995.58,2097.61,2187.22,243.08958,95.88483,22.5,31.7,12.35,7.81,15.86,20.39,19.33,17.44,15.28,13.41,8.49,12.12
2024-06-03,1280.0,1297.78,1313.74,2003.41,1546.67,2217.09,2041.28,2135.56,2214.74,244.72337,96.932205,22.63,32.14,12.4,8.0,16.1,20.87,19.63,17.6,15.47,13.55,8.7,12.33
2024-06-04,1283.52,1300.99,1315.51,2001.27,1549.39,2219.87,2039.1,2133.73,2225.16,244.32332,96.99671,22.62,32.27,12.45,8.06,16.12,20.83,19.63,17.61,15.54,13.66,8.64,12.33
2024-06-05,1284.35,1299.66,1312.87,1992.96,1552.69,2213.8,2029.39,2126.42,2218.94,244.49092,97.46059,22.64,32.22,12.45,8.0,16.2,20.8,19.63,17.66,15.55,13.47,8.69,12.29
2024-06-06,1283.56,1302.28,1313.94,1989.43,1557.39,2216.59,2046.22,2139.03,2217.91,244.18239,98.3199,22.64,32.13,12.35,8.0,16.12,20.89,19.6,17.65,15.55,13.55,8.7,12.29
2024-06-07,1287.58,1308.03,1319.2,1995.55,1563.03,2225.78,2054.62,2147.16,2228.1,244.98734,98.86456,22.8,32.3,12.35,8.2,16.14,21.02,19.66,17.7,15.65,13.65,8.7,12.39
2024-06-10,1290.67,1311.1,1322.69,2002.18,1580.29,2232.19,2057.55,2150.35,2248.8,245.57677,99.563805,22.82,32.56,12.42,8.2,16.2,21.05,19.78,17.74,15.65,13.79,8.76,12.39
2024-06-11,1284.41,1308.3,1318.06,1989.17,1574.83,2225.29,2059.76,2146.15,2248.68,246.40639,98.953705,22.8,32.59,12.34,8.7,16.2,21.08,19.65,17.74,15.63,13.78,8.66,12.41
2024-06-12,1300.19,1331.81,1339.02,2011.85,1582.34,2263.37,2098.4,2182.25,2291.27,248.3087,99.13727,23.12,33.23,12.47,9.2,16.5,21.44,20.03,18.0,15.9,14.04,8.8,12.54
2024-06-13,1301.51,1333.85,1341.97,2019.23,1582.07,2268.35,2110.68,2195.96,2293.8,248.35924,99.01562,23.3,33.4,12.52,9.1,16.59,21.63,20.07,18.09,15.95,14.12,8.9,12.69
2024-06-14,1279.91,1316.46,1321.73,1979.73,1542.91,2236.25,2068.95,2161.08,2258.81,243.96619,98.05141,23.15,33.39,12.4,9.13,16.52,21.3,20.06,17.99,15.78,14.01,8.85,12.53
2024-06-17,1274.77,1309.7,1316.14,1975.26,1542.68,2225.55,2060.89,2153.08,2248.03,243.16327,98.08635,22.84,32.66,12.3,8.74,16.27,21.06,19.76,17.71,15.65,13.81,8.7,12.39
2024-06-18,1279.5,1309.89,1318.0,1983.57,1555.5,2226.59,2057.8,2151.06,2252.74,244.43004,98.30919,22.89,32.7,12.29,9.15,16.28,21.09,19.82,17.84,15.65,13.85,8.73,12.39
2024-06-19,1279.79,1314.22,1320.28,1980.16,1558.01,2230.68,2065.16,2155.16,2264.14,243.56886,98.36409,22.92,32.92,12.3,9.13,16.3,21.04,19.82,17.83,15.71,13.88,8.71,12.39
2024-06-20,1282.3,1322.36,1325.15,1976.55,1556.98,2238.4,2075.35,2163.22,2281.42,243.9695,99.268456,23.09,33.33,12.35,8.57,16.44,21.23,19.84,17.95,15.8,14.1,8.87,12.47
2024-06-21,1282.02,1319.93,1324.91,1983.46,1560.13,2237.49,2062.61,2159.02,2278.63,244.36359,100.58344,23.04,33.09,12.37,8.57,16.38,21.39,19.91,17.89,15.8,14.02,8.81,12.47
2024-06-24,1254.12,1289.85,1293.56,1932.67,1513.18,2187.62,2009.11,2101.67,2233.81,239.73695,99.056885,22.65,32.34,12.02,8.57,16.08,21.0,19.4,17.41,15.45,13.68,8.56,12.08
2024-06-25,1256.56,1288.8,1295.68,1946.38,1523.49,2192.97,2015.63,2104.72,2238.22,240.18852,98.82863,22.64,32.4,12.1,8.57,16.09,20.57,19.5,17.43,15.44,13.6,8.8,12.08
2024-06-26,1261.24,1291.3,1298.43,1951.31,1531.54,2196.13,2014.25,2104.53,2243.85,239.67632,98.89692,22.46,32.19,12.08,8.57,15.88,20.32,19.45,17.45,15.55,13.42,8.59,12.17
2024-06-27,1259.09,1289.03,1296.31,1948.63,1529.88,2193.65,2002.62,2095.04,2239.34,240.06554,98.52598,22.46,32.54,12.12,8.57,16.01,20.54,19.43,17.7,15.43,13.74,8.52,12.17
2024-06-28,1245.32,1278.32,1283.25,1921.44,1500.75,2173.25,1986.08,2078.25,2217.86,237.58644,97.53907,22.4,32.2,12.1,8.79,15.8,20.35,19.32,17.42,15.33,13.56,8.58,11.87
2024-07-01,1254.56,1285.48,1289.78,1929.04,1511.9,2182.85,1993.57,2085.47,2211.43,238.5633,97.30228,22.65,32.24,12.08,8.61,15.92,20.45,19.34,17.5,15.4,13.58,8.58,11.98
2024-07-02,1269.79,1296.06,1303.85,1961.52,1519.46,2207.48,2017.96,2118.91,2223.96,240.80011,97.57925,22.6,32.61,12.12,8.65,16.1,20.59,19.49,17.53,15.58,13.7,8.61,12.11
2024-07-03,1276.85,1305.5,1312.67,1972.58,1525.06,2223.35,2036.09,2138.61,2244.76,241.42873,97.89859,22.81,32.7,12.28,8.86,16.21,20.8,19.77,17.75,15.66,13.62,8.7,12.32
2024-07-04,1279.89,1310.63,1318.22,1982.23,1532.19,2233.39,2038.28,2143.27,2262.95,241.87883,98.261215,22.87,33.0,12.31,8.86,16.21,20.91,19.77,17.78,15.71,13.85,8.73,12.33
2024-07-05,1283.04,1316.18,1323.39,1988.6,1535.77,2244.08,2045.96,2150.79,2280.79,242.30647,98.262596,22.98,33.04,12.36,8.86,16.29,20.98,19.81,17.76,15.77,13.99,8.72,12.42
2024-07-08,1283.56,1315.83,1323.54,1990.47,1548.94,2243.33,2039.16,2145.74,2284.73,243.15433,98.57745,22.94,33.16,12.39,8.86,16.3,20.89,19.84,17.84,15.76,13.88,8.77,12.36
2024-07-09,1293.71,1321.78,1331.68,2009.87,1564.87,2255.0,2055.84,2163.74,2306.67,245.66397,99.24891,23.01,33.5,12.5,8.8,16.39,20.98,20.0,18.01,15.82,14.02,8.76,12.45
2024-07-10,1285.94,1310.91,1321.46,1996.82,1557.84,2235.35,2041.34,2148.99,2290.15,244.54338,98.69626,22.87,33.27,12.46,9.1,16.33,20.9,19.83,17.84,15.68,14.02,8.75,12.48
2024-07-11,1283.8,1306.22,1318.61,1998.71,1561.56,2230.39,2038.93,2145.3,2281.55,245.38821,98.31787,22.81,33.13,12.42,9.0,16.16,20.87,19.75,17.82,15.64,14.02,8.74,12.42
2024-07-12,1280.75,1301.81,1313.96,1991.01,1556.94,2222.61,2027.53,2131.67,2278.06,245.01819,98.143936,22.8,33.02,12.38,8.99,16.16,20.81,19.78,17.8,15.66,13.89,8.7,12.42
2024-07-15,1279.82,1297.82,1310.82,1989.18,1563.87,2214.67,2021.73,2128.41,2265.29,244.84172,97.91771,22.75,32.99,12.4,9.0,16.19,20.76,19.66,17.77,15.53,13.85,8.66,12.32
2024-07-16,1281.18,1303.3,1313.44,1983.57,1562.98,2219.38,2031.78,2139.95,2279.63,244.9124,98.25509,22.76,33.19,12.4,8.39,16.25,20.83,19.76,17.78,15.65,13.99,8.7,12.4
2024-07-17,1268.66,1305.37,1306.32,1942.59,1510.13,2212.68,2053.92,2162.65,2276.54,240.89905,97.27483,22.72,33.05,12.1,8.7,16.16,20.94,19.62,17.85,15.63,13.9,8.65,12.47
2024-07-18,1274.44,1306.38,1310.27,1958.18,1528.81,2216.15,2061.78,2171.15,2265.67,242.4889,97.613556,22.81,33.07,12.07,8.7,16.26,21.09,19.61,18.0,15.72,13.77,8.71,12.53
2024-07-19,1264.78,1302.32,1303.92,1941.19,1507.47,2208.16,2061.75,2169.13,2249.99,240.5199,96.77689,22.78,33.07,12.14,8.68,16.21,21.14,19.6,17.67,15.64,13.77,8.65,12.55
2024-07-22,1254.64,1299.31,1295.61,1911.28,1471.28,2197.12,2056.59,2161.06,2231.6,238.38057,95.65205,22.72,32.64,12.0,8.4,16.17,21.09,19.6,17.66,15.57,13.77,8.65,12.48
2024-07-23,1231.81,1278.67,1273.34,1872.83,1440.13,2161.16,2002.01,2109.61,2201.82,234.5964,94.39845,22.43,32.45,11.9,8.41,16.06,20.85,19.4,17.6,15.35,13.52,8.51,12.26
2024-07-24,1238.47,1280.51,1279.08,1894.25,1458.11,2166.38,2002.07,2114.33,2218.35,236.17313,94.53286,22.31,32.45,11.79,8.45,15.96,20.65,19.31,17.3,15.35,13.66,8.52,12.23
2024-07-25,1233.19,1272.18,1271.39,1884.95,1455.91,2151.4,1980.99,2095.34,2210.6,235.25125,94.51043,22.26,32.3,11.76,8.97,15.84,20.44,19.17,17.34,15.29,13.6,8.52,12.13
2024-07-26,1242.11,1281.84,1280.12,1894.87,1464.58,2164.48,1990.38,2099.65,2234.57,236.65611,95.179436,22.42,32.69,11.79,8.5,15.97,20.58,19.24,17.26,15.33,13.7,8.52,12.18
2024-07-29,1246.6,1285.73,1284.12,1901.12,1472.17,2170.72,1990.03,2102.59,2240.63,237.51845,95.463196,22.5,32.76,11.8,8.94,16.03,20.49,19.46,17.43,15.44,13.8,8.6,12.18
2024-07-30,1245.06,1287.82,1282.2,1885.03,1468.46,2170.84,1991.89,2101.48,2237.88,235.87302,95.2429,22.58,32.84,11.86,8.92,16.06,20.49,19.31,17.43,15.45,13.72,8.62,12.17
2024-07-31,1251.51,1299.09,1288.99,1880.39,1458.97,2184.71,2008.43,2121.83,2252.26,235.36115,95.06786,22.75,32.88,11.88,8.51,16.13,20.7,19.44,17.5,15.63,13.8,8.71,12.32
2024-08-01,1226.96,1272.0,1259.57,1829.1,1409.53,2134.85,1956.89,2078.8,2208.08,229.22992,93.52059,22.31,32.31,11.5,8.5,16.07,20.2,19.13,17.15,15.3,13.64,8.59,12.08
2024-08-02,1236.6,1281.01,1269.83,1848.4,1425.71,2148.43,1979.71,2098.03,2229.99,231.55943,93.774254,22.32,32.32,11.88,8.93,16.4,20.26,19.1,17.28,15.35,13.6,8.59,12.19
2024-08-05,1188.07,1232.11,1216.52,1755.24,1359.84,2060.76,1894.45,2010.02,2125.19,222.70973,90.78805,21.72,31.35,11.44,8.33,15.38,19.66,18.4,16.71,14.83,13.12,8.3,11.77
2024-08-06,1210.28,1252.81,1240.81,1802.46,1386.12,2100.7,1933.09,2048.1,2157.09,226.45596,92.22102,22.0,31.57,11.31,8.36,15.68,20.0,18.65,16.99,15.06,13.27,8.38,11.91
2024-08-07,1215.88,1253.58,1243.16,1809.8,1389.95,2104.66,1921.69,2037.34,2150.32,227.95255,92.02918,21.98,31.54,11.31,8.61,15.57,19.83,18.7,16.89,15.05,13.22,8.44,11.81
2024-08-08,1208.32,1243.31,1233.75,1798.06,1383.78,2088.41,1898.96,2018.38,2130.86,226.73187,92.12289,21.83,31.27,11.23,8.61,15.42,19.59,18.56,16.75,14.9,12.99,8.36,11.78
2024-08-09,1223.64,1264.84,1254.85,1825.49,1400.87,2125.88,1932.43,2050.21,2168.73,229.38347,92.80204,22.2,31.7,11.38,8.61,15.72,19.87,19.48,17.45,15.2,13.32,8.48,11.93
2024-08-12,1230.28,1271.44,1263.44,1842.57,1408.98,2140.23,1951.65,2067.59,2200.28,230.76848,93.00115,22.25,32.1,11.49,8.61,15.75,19.96,18.98,17.2,15.3,13.55,8.56,12.04
2024-08-13,1230.42,1268.72,1260.49,1837.28,1408.95,2136.66,1944.37,2061.7,2192.31,230.1801,92.79071,22.2,32.05,11.49,8.61,15.7,19.95,18.86,17.23,15.25,13.52,8.55,12.04
2024-08-14,1230.36,1270.38,1259.57,1827.87,1401.37,2134.87,1936.6,2054.79,2195.85,229.6797,92.65004,22.25,32.1,11.45,8.61,15.79,19.91,19.0,17.17,15.25,13.44,8.5,12.04
2024-08-15,1223.56,1265.32,1254.39,1819.46,1390.74,2126.54,1930.34,2051.46,2186.75,228.53554,92.184425,22.15,31.95,11.31,8.4,15.79,19.84,18.87,17.14,15.18,13.4,8.47,12.04
2024-08-16,1252.23,1291.68,1287.32,1889.36,1432.44,2180.55,1984.95,2105.54,2232.31,235.15007,93.44247,22.58,32.66,11.7,8.6,15.95,20.38,19.29,17.35,15.51,13.64,8.6,12.1
2024-08-19,1261.62,1299.04,1297.19,1912.39,1439.33,2196.82,1997.32,2119.75,2273.35,236.0135,93.72106,22.69,33.15,11.91,8.15,16.1,20.45,19.48,17.51,15.56,13.9,8.71,12.31
2024-08-20,1272.55,1305.25,1306.01,1933.98,1450.32,2211.12,2006.18,2128.04,2291.08,237.30762,94.1032,22.79,33.4,12.0,8.7,16.33,20.52,19.56,17.59,15.66,14.05,8.68,12.32
2024-08-21,1284.05,1317.69,1316.71,1943.53,1453.12,2231.45,2028.3,2151.46,2311.67,238.41573,94.48388,22.99,33.68,12.11,8.7,16.38,20.74,19.74,17.77,15.8,14.16,8.7,12.52
2024-08-22,1282.78,1318.57,1316.99,1941.72,1453.18,2231.07,2029.98,2157.18,2317.44,238.47093,94.49242,23.03,33.77,12.11,8.7,16.38,20.77,19.75,17.75,15.81,14.25,8.77,12.52
2024-08-23,1285.32,1321.15,1318.92,1943.49,1450.41,2234.28,2035.19,2161.15,2314.87,240.07129,94.406044,23.07,33.75,12.1,8.7,16.43,20.84,19.65,17.8,15.83,14.25,8.8,12.52
2024-08-26,1280.02,1318.6,1314.46,1931.77,1445.15,2227.67,2039.27,2162.41,2285.33,238.97148,94.16078,23.05,33.5,12.1,8.7,16.42,20.88,19.8,17.81,15.8,14.02,8.85,12.54
2024-08-27,1280.56,1322.28,1315.47,1924.37,1441.28,2231.11,2032.02,2154.67,2283.78,238.909,94.14524,23.09,33.38,12.05,8.7,16.45,20.83,19.82,17.78,15.83,14.06,8.82,12.49
2024-08-28,1281.44,1323.54,1316.71,1925.53,1437.47,2233.46,2042.68,2162.1,2285.55,238.22757,94.13435,23.12,33.38,12.09,8.7,16.4,20.9,19.82,17.75,15.85,14.06,8.88,12.54
2024-08-29,1281.47,1326.67,1317.19,1917.62,1431.73,2235.19,2050.72,2167.22,2287.96,237.87744,93.853516,23.18,33.42,12.14,8.7,16.51,21.01,19.85,17.82,15.93,14.14,8.88,12.63
2024-08-30,1283.87,1331.52,1321.49,1921.9,1432.87,2243.39,2057.42,2175.14,2300.99,237.56358,94.167564,23.27,33.55,12.17,8.7,16.52,21.06,19.88,17.86,16.0,14.14,8.9,12.66
2024-09-04,1275.8,1317.71,1309.65,1911.23,1426.11,2223.32,2027.23,2144.26,2274.1,236.1394,93.75005,22.99,33.1,12.0,8.75,16.35,20.63,19.64,17.62,15.79,13.92,9.0,12.52
2024-09-05,1268.21,1309.05,1300.33,1896.45,1419.85,2207.77,2010.61,2128.84,2249.76,234.95818,93.47199,22.89,32.92,11.9,8.75,16.3,20.59,19.57,17.64,15.68,13.85,8.75,12.52
2024-09-06,1273.96,1315.39,1305.19,1898.09,1418.84,2217.56,2017.45,2132.55,2252.36,234.64589,93.36797,22.92,32.96,11.84,8.15,16.31,20.7,19.61,17.58,15.78,13.9,8.73,12.36
2024-09-09,1267.73,1307.15,1298.41,1892.79,1412.36,2204.52,2003.18,2119.66,2243.31,233.45715,93.00341,22.85,32.73,11.81,8.72,16.24,20.5,19.56,17.52,15.76,13.66,8.7,12.35
2024-09-10,1255.23,1294.06,1285.92,1875.83,1401.64,2185.43,1979.96,2095.2,2223.61,231.69019,92.35856,22.75,32.58,11.75,8.71,16.11,20.3,19.34,17.52,15.5,13.65,8.61,12.19
2024-09-11,1253.27,1293.88,1284.29,1868.36,1398.73,2184.76,1980.84,2090.23,2223.84,231.4546,92.321815,22.71,32.53,11.67,8.71,16.08,20.35,19.38,17.44,15.5,13.65,8.62,12.19
2024-09-12,1256.35,1297.61,1286.78,1867.1,1400.11,2191.1,1988.96,2096.65,2238.27,231.90309,92.72643,22.72,32.79,11.75,8.71,16.12,20.42,19.49,17.46,15.58,13.66,8.67,12.19
2024-09-13,1251.71,1294.3,1285.49,1871.01,1401.35,2187.77,1987.0,2095.61,2241.67,232.41673,92.9549,22.61,32.79,11.75,9.16,16.13,20.34,19.42,17.38,15.58,13.75,8.62,12.17
2024-09-16,1239.26,1281.37,1272.45,1851.85,1391.14,2165.34,1974.73,2081.6,2224.93,230.83788,92.57093,22.54,32.48,11.7,9.16,16.15,20.3,19.27,17.4,15.55,13.68,8.58,12.17
2024-09-17,1258.95,1303.65,1293.78,1880.68,1402.55,2202.3,2008.64,2116.29,2251.81,232.2951,93.121254,22.82,32.99,11.8,9.16,16.2,20.5,19.5,17.41,15.68,13.83,8.59,12.31
2024-09-18,1264.9,1310.94,1300.16,1886.64,1408.66,2213.19,2023.61,2129.76,2266.35,232.95035,93.467575,22.94,33.18,11.81,9.16,16.35,20.75,19.63,17.6,15.8,13.95,8.75,12.35
2024-09-19,1271.27,1318.41,1307.15,1895.63,1416.83,2222.9,2033.3,2142.65,2272.87,233.76619,93.63168,23.0,33.2,11.84,9.16,16.36,20.79,19.75,17.63,15.8,13.87,8.8,12.48
2024-09-20,1272.04,1326.0,1313.3,1900.31,1415.65,2235.8,2055.23,2163.64,2287.44,234.29681,93.633415,23.2,33.36,11.9,8.53,16.54,21.08,19.84,17.75,15.81,13.99,8.82,12.49
2024-09-23,1268.48,1321.12,1308.65,1894.6,1412.63,2229.06,2049.53,2157.92,2285.07,233.38104,93.645256,23.11,33.28,11.89,8.53,16.5,21.15,19.85,17.74,15.85,14.04,8.84,12.49
2024-09-24,1276.99,1330.87,1318.53,1909.99,1417.79,2245.59,2072.11,2180.82,2297.7,234.3169,93.814415,23.28,33.45,12.0,8.51,16.54,21.25,19.85,17.8,15.98,14.14,8.96,12.7
2024-09-25,1287.48,1344.07,1331.9,1931.3,1427.31,2267.15,2108.16,2214.11,2316.83,235.83734,93.50465,23.46,33.72,12.1,8.56,16.71,21.59,20.07,17.99,16.14,14.12,9.0,12.73
2024-09-26,1291.49,1350.85,1338.15,1939.71,1426.52,2278.4,2124.62,2236.07,2326.79,235.9155,93.50279,23.7,34.0,12.18,8.62,16.88,21.85,20.2,18.16,16.21,14.12,9.08,13.08
2024-09-27,1290.92,1352.57,1339.45,1940.45,1424.75,2281.54,2140.28,2248.05,2323.57,235.70897,93.89693,23.68,33.87,12.15,9.14,16.89,22.0,20.2,18.0,16.28,14.14,9.01,13.07
2024-09-30,1287.94,1352.56,1340.04,1943.23,1425.53,2283.13,2146.72,2253.51,2322.74,234.90797,93.56222,23.65,34.0,12.15,9.13,16.88,22.02,20.2,18.1,16.23,14.18,9.02,13.07
2024-10-01,1292.2,1358.88,1344.98,1945.8,1436.11,2290.81,2151.12,2258.77,2326.88,236.04634,93.27862,23.81,34.08,12.23,9.17,17.03,22.16,20.44,18.25,16.32,14.26,9.1,13.15
2024-10-02,1287.84,1354.51,1338.8,1930.96,1428.23,2281.49,2146.76,2254.69,2323.9,235.0478,93.276436,23.78,34.05,12.17,9.17,16.88,22.1,20.23,18.18,16.28,14.26,9.04,13.15
2024-10-03,1278.1,1346.46,1328.69,1909.79,1410.62,2264.47,2140.28,2249.69,2305.32,233.35245,92.68156,23.68,33.9,12.11,9.05,16.89,22.08,20.35,18.14,16.33,14.25,9.0,13.18
2024-10-04,1270.6,1336.21,1320.26,1901.93,1400.73,2248.93,2117.51,2228.28,2283.71,232.67389,92.366936,23.38,33.45,11.92,8.59,16.73,21.85,20.14,17.98,16.08,14.07,8.96,13.08
2024-10-07,1269.93,1335.48,1321.63,1910.42,1403.48,2252.95,2131.73,2237.78,2283.65,232.46553,92.46983,23.41,33.4,11.9,8.6,16.63,21.94,20.07,17.89,16.03,14.0,8.9,13.08
2024-10-08,1271.98,1339.05,1325.88,1918.22,1407.67,2259.86,2139.12,2246.65,2280.09,231.52429,92.44683,23.5,33.45,12.05,8.6,16.64,22.01,20.0,18.03,16.11,14.0,8.9,13.08
2024-10-09,1281.85,1351.97,1337.92,1932.93,1414.8,2280.29,2160.13,2268.04,2296.29,231.77231,92.44905,23.72,34.25,12.07,8.6,16.99,22.2,20.23,18.2,16.29,14.07,9.1,13.24
2024-10-10,1286.36,1360.58,1342.91,1924.62,1412.78,2290.05,2155.2,2263.75,2317.73,231.28882,92.570595,23.8,33.88,11.98,9.0,16.97,22.15,20.4,18.23,16.39,14.19,9.1,13.17
2024-10-11,1288.39,1362.5,1344.63,1928.8,1421.28,2292.14,2157.27,2264.3,2313.78,231.37065,92.60281,23.83,33.84,12.09,8.97,16.93,22.24,20.32,18.2,16.37,14.09,9.1,13.17
2024-10-14,1286.34,1358.76,1338.56,1913.89,1417.93,2281.9,2149.89,2253.45,2301.06,230.71552,92.384895,23.77,33.64,12.01,8.7,17.0,22.11,20.35,18.18,16.37,14.09,9.14,13.06
2024-10-15,1281.08,1356.09,1332.47,1894.31,1407.88,2272.22,2141.03,2247.35,2290.37,228.95207,92.16834,23.72,33.6,11.8,8.52,16.84,22.07,20.38,18.06,16.3,14.1,9.05,13.06
2024-10-16,1279.48,1354.1,1328.95,1884.93,1410.0,2267.43,2134.21,2238.19,2282.95,228.2619,92.32267,23.7,33.41,11.82,8.98,16.85,22.0,20.79,18.07,16.29,14.05,9.05,13.06
2024-10-17,1286.52,1362.89,1339.42,1905.87,1416.28,2285.79,2160.39,2262.27,2290.99,230.11995,92.69837,23.78,33.58,12.0,8.98,16.85,22.2,20.33,18.1,16.37,14.08,9.14,13.15
2024-10-18,1285.46,1362.69,1338.25,1900.75,1411.42,2284.56,2165.33,2265.44,2283.13,229.20586,92.70023,23.93,33.53,11.96,8.98,17.03,22.31,20.35,18.18,16.43,14.08,9.18,13.15
2024-10-21,1279.77,1358.03,1333.41,1893.87,1399.03,2276.72,2154.4,2252.58,2264.51,227.4263,92.14418,23.7,33.34,11.95,8.95,16.98,22.17,20.25,18.08,16.38,13.98,9.15,13.15
2024-10-22,1269.89,1348.92,1324.86,1884.5,1395.43,2262.54,2143.37,2238.31,2250.9,225.50298,91.730675,23.68,33.25,11.81,8.95,16.83,22.09,20.24,18.03,16.21,13.78,9.04,12.94
2024-10-23,1270.9,1349.72,1327.65,1894.09,1400.87,2266.94,2149.24,2242.37,2260.85,226.5015,92.12213,23.62,33.2,11.95,8.93,16.87,22.15,20.24,17.98,16.21,13.83,9.0,13.08
2024-10-24,1257.41,1329.62,1310.55,1876.3,1390.58,2236.21,2102.51,2202.31,2242.61,224.69049,92.05715,23.29,32.7,11.83,8.95,16.65,21.67,19.9,17.82,16.13,13.88,8.98,12.83
2024-10-25,1252.72,1325.54,1306.53,1870.11,1390.61,2229.75,2096.69,2196.44,2235.75,224.62709,91.82001,23.31,32.8,11.68,8.5,16.54,21.6,19.92,17.75,15.99,13.76,8.89,12.83
2024-10-28,1254.77,1328.33,1309.56,1874.86,1397.58,2234.61,2102.02,2201.89,2246.07,224.59483,92.14654,23.18,32.89,11.87,8.5,16.55,21.55,20.3,17.71,15.94,13.73,8.88,12.71
2024-10-29,1261.78,1335.76,1317.2,1887.1,1404.63,2247.8,2113.32,2214.49,2274.36,225.5565,92.32423,23.31,33.13,11.82,8.99,16.57,21.75,20.0,17.78,16.09,13.77,8.98,12.9
2024-10-30,1258.63,1333.85,1315.62,1885.01,1404.88,2245.49,2117.33,2216.64,2276.12,225.87668,92.460106,23.35,33.18,11.78,8.5,16.57,21.72,20.3,17.77,16.04,13.99,8.92,12.9
2024-10-31,1264.48,1338.6,1319.6,1888.57,1406.16,2253.55,2131.06,2230.33,2274.61,226.36375,92.37721,23.43,33.3,11.89,8.5,16.7,21.89,19.98,17.9,16.14,13.99,8.99,12.91
2024-11-01,1254.89,1325.62,1306.72,1869.7,1398.25,2229.69,2105.84,2206.84,2236.04,225.41193,91.96392,23.23,33.01,11.73,8.87,16.64,21.71,20.7,17.74,16.05,13.78,8.88,12.91
2024-11-04,1244.71,1312.64,1294.46,1854.46,1391.42,2208.14,2084.04,2182.14,2218.15,224.45486,91.607506,23.0,33.0,11.64,8.35,16.4,21.46,19.66,17.6,15.81,13.65,8.8,12.65
2024-11-05,1245.76,1313.35,1295.76,1858.44,1390.26,2210.42,2084.7,2182.53,2219.23,224.85556,91.90456,23.0,32.85,11.63,8.35,16.4,21.47,19.65,17.75,15.88,13.65,8.85,12.65
2024-11-06,1261.28,1329.56,1312.88,1886.8,1408.9,2238.93,2114.24,2211.93,2244.12,227.76224,92.70655,23.33,33.0,11.88,8.4,16.6,21.75,19.99,17.79,16.0,13.78,8.95,12.91
2024-11-07,1259.75,1326.65,1311.22,1887.67,1413.62,2234.76,2108.03,2204.76,2241.3,227.49414,92.31722,23.27,32.71,11.9,8.4,16.58,21.65,19.9,17.76,15.94,13.8,8.9,12.91
2024-11-08,1252.56,1317.34,1303.59,1880.95,1411.25,2220.15,2091.16,2188.17,2231.61,226.87578,92.15364,23.04,32.55,11.97,8.86,16.49,21.51,19.68,17.62,15.84,13.68,8.9,12.91
2024-11-11,1250.32,1310.46,1298.4,1876.8,1415.84,2209.75,2056.15,2157.31,2220.67,226.85979,92.40043,23.0,32.36,11.72,8.6,16.36,21.17,19.56,17.45,15.83,13.54,8.74,12.55
2024-11-12,1244.82,1301.95,1291.84,1873.73,1408.81,2196.92,2048.03,2151.17,2206.71,226.68683,92.39085,22.9,32.28,11.72,8.6,16.5,21.3,19.9,17.46,15.65,13.5,8.76,12.53
2024-11-13,1246.04,1304.04,1293.69,1875.06,1403.8,2200.03,2049.23,2152.36,2213.44,226.21223,92.3482,22.93,32.33,11.95,8.6,16.25,21.0,19.5,17.47,15.54,13.62,8.77,12.53
2024-11-14,1231.89,1286.65,1275.8,1846.95,1395.45,2170.3,2012.96,2117.64,2192.53,223.81699,91.86773,22.75,32.15,11.55,8.5,16.22,20.75,19.35,17.3,15.5,13.62,8.61,12.53
2024-11-15,1218.57,1271.22,1260.23,1823.29,1379.2,2143.73,1985.14,2091.6,2159.18,221.53229,91.33421,22.35,31.73,11.8,8.5,15.89,20.47,19.1,17.12,15.4,13.28,8.57,12.53
2024-11-18,1217.12,1270.23,1259.53,1823.03,1383.74,2141.62,1991.4,2098.39,2148.75,221.78877,91.638405,22.48,31.69,11.89,8.5,15.89,20.8,19.98,17.13,15.4,13.27,8.56,12.29
2024-11-19,1205.15,1259.08,1245.32,1793.94,1360.23,2118.86,1971.88,2079.69,2120.83,219.68365,90.302284,22.25,31.01,11.75,8.4,15.99,20.6,18.85,16.91,15.26,13.1,8.43,12.29
2024-11-20,1216.54,1271.73,1259.16,1817.57,1367.83,2140.67,1997.24,2102.47,2140.9,221.28787,91.09264,22.13,31.16,11.36,8.35,15.8,20.37,19.05,17.0,15.34,13.08,8.52,12.29
2024-11-21,1228.33,1286.67,1272.84,1834.63,1376.52,2164.73,2026.46,2129.35,2174.43,221.75775,91.504036,22.5,31.73,11.41,8.35,15.93,20.74,19.15,17.11,15.48,13.32,8.61,12.4
2024-11-22,1228.1,1286.07,1270.87,1826.35,1375.45,2162.2,2023.11,2126.37,2171.73,221.29037,91.70441,22.5,31.74,11.38,8.35,16.08,20.73,19.15,17.19,15.52,13.37,8.66,12.4
2024-11-25,1234.7,1291.94,1277.14,1837.57,1382.28,2173.0,2028.38,2132.14,2175.99,222.25015,91.8176,22.58,31.83,11.45,8.35,16.04,20.75,19.02,17.26,15.55,13.37,8.64,12.4
2024-11-26,1242.13,1299.22,1284.87,1850.2,1393.14,2184.9,2039.46,2144.57,2192.8,223.70068,92.05932,22.72,32.09,11.53,8.0,16.2,20.91,19.4,17.37,15.77,13.52,8.75,12.4
2024-11-27,1241.97,1301.06,1286.67,1849.74,1392.14,2188.76,2039.07,2145.64,2199.71,223.09175,91.96066,22.73,32.19,11.52,8.09,16.23,20.88,19.12,17.47,15.62,13.43,8.68,12.4
2024-11-28,1242.11,1301.52,1287.02,1849.97,1396.96,2189.23,2040.0,2147.9,2205.57,223.56564,92.34542,22.7,32.2,11.52,8.04,16.15,20.97,19.38,17.65,15.77,13.61,8.68,12.4
2024-11-29,1250.46,1311.26,1296.08,1858.33,1403.08,2204.03,2047.13,2156.96,2224.81,224.64493,92.73799,22.92,32.49,11.6,8.6,16.28,21.15,19.54,17.5,15.85,13.71,8.81,12.57
2024-12-02,1251.21,1308.83,1295.86,1865.14,1406.54,2203.5,2050.75,2162.47,2217.68,225.32385,92.44046,22.84,32.39,11.54,8.35,16.4,21.0,19.54,17.51,15.74,13.65,8.75,12.57
2024-12-03,1249.83,1309.18,1296.98,1866.42,1405.02,2204.76,2046.22,2160.4,2220.08,225.28804,92.44409,22.89,32.45,11.6,8.16,16.3,21.0,19.55,17.53,15.79,13.69,8.75,12.57
2024-12-04,1240.41,1297.81,1285.33,1848.82,1402.34,2184.97,2029.55,2143.5,2204.38,224.62231,92.44093,22.78,32.31,11.6,8.16,16.17,20.79,19.43,17.39,15.66,13.69,8.75,12.57
2024-12-05,1267.53,1337.55,1322.4,1895.16,1427.51,2249.82,2097.61,2207.49,2269.91,229.60037,92.95163,23.35,33.07,11.83,8.32,16.51,21.4,19.95,17.8,16.16,13.98,8.91,12.7
2024-12-06,1270.14,1337.28,1323.54,1899.98,1428.2,2252.59,2095.67,2205.74,2275.25,228.93195,92.805336,23.35,33.19,11.9,8.79,16.63,21.44,20.02,17.85,16.13,14.0,8.91,12.72
2024-12-09,1273.84,1336.18,1324.48,1909.84,1443.91,2252.42,2099.16,2211.52,2272.54,229.21133,92.90545,23.35,33.27,11.83,8.79,16.58,21.55,19.97,17.84,16.2,13.99,8.99,12.72
2024-12-10,1272.07,1335.85,1324.0,1906.92,1444.24,2251.94,2092.87,2207.72,2275.4,229.23744,92.73983,23.36,33.2,11.86,8.79,16.54,21.45,19.94,17.88,16.19,13.98,8.92,12.72
2024-12-11,1268.86,1336.48,1323.33,1901.63,1443.84,2250.88,2095.4,2208.36,2271.11,228.17834,92.743965,23.39,33.3,11.89,8.28,16.59,21.43,19.9,17.9,16.16,13.97,8.93,12.72
2024-12-12,1267.35,1335.55,1322.05,1899.38,1438.86,2249.4,2097.35,2209.4,2272.33,227.98843,92.67984,23.42,33.26,11.85,8.41,16.66,21.5,19.97,17.9,16.14,13.98,8.94,12.89
2024-12-13,1262.57,1331.58,1316.87,1887.77,1429.49,2242.03,2092.27,2203.04,2271.24,227.00423,92.53644,23.31,33.18,11.83,8.26,16.58,21.45,19.91,17.82,16.04,13.96,8.92,12.85
2024-12-16,1263.79,1331.82,1318.26,1893.29,1427.82,2244.48,2092.82,2202.75,2272.95,227.03598,92.640045,23.27,33.22,11.93,8.27,16.59,21.4,19.9,17.8,16.04,13.95,8.88,12.85
2024-12-17,1261.72,1327.63,1314.91,1891.87,1430.29,2238.07,2089.73,2199.55,2261.54,226.88812,92.77132,23.22,33.13,11.73,8.29,16.58,21.37,19.86,17.75,15.99,13.95,8.88,12.85
2024-12-18,1266.0,1329.83,1319.06,1903.51,1442.67,2243.86,2094.93,2204.67,2264.87,227.42545,93.06964,23.35,33.23,11.75,8.3,16.55,21.41,19.85,17.8,16.12,13.99,8.88,12.85
2024-12-19,1254.67,1314.16,1305.12,1887.7,1435.86,2219.57,2069.63,2176.05,2246.85,227.53882,92.72526,23.05,32.84,11.75,8.81,16.41,21.14,19.56,17.65,15.92,13.85,8.77,12.6
2024-12-20,1257.5,1317.77,1306.81,1883.39,1448.64,2222.38,2070.77,2176.48,2254.93,227.07068,93.391,23.06,32.98,11.73,8.2,16.37,21.16,19.71,17.63,15.96,13.9,8.8,12.6
2024-12-23,1262.76,1323.02,1312.75,1894.56,1459.03,2231.27,2079.13,2186.83,2263.44,228.5137,93.71902,23.13,33.07,11.83,8.24,16.45,21.32,19.79,17.71,15.96,13.9,8.86,12.65
2024-12-24,1260.36,1323.27,1312.18,1890.58,1460.18,2231.95,2080.95,2187.42,2267.62,228.36023,94.02121,23.09,33.09,11.77,7.93,16.41,21.25,19.74,17.7,15.94,13.9,8.81,12.65
2024-12-25,1274.04,1342.48,1329.18,1909.35,1465.59,2262.18,2123.93,2227.6,2297.8,229.81343,94.5939,23.44,33.5,11.9,7.98,16.79,21.7,20.04,17.9,16.17,14.1,8.97,12.98
2024-12-26,1272.87,1342.68,1326.91,1899.16,1467.37,2259.65,2130.67,2231.84,2294.53,229.89949,94.41333,23.45,33.41,11.88,7.98,16.66,21.75,20.04,17.9,16.2,14.12,8.97,12.98
2024-12-27,1275.14,1346.84,1332.13,1907.9,1463.87,2272.06,2154.08,2258.53,2302.17,229.13301,94.4795,23.56,33.56,11.9,8.35,16.74,21.97,20.13,17.98,16.27,14.18,8.97,13.01
2024-12-30,1272.02,1347.35,1332.48,1906.45,1456.99,2273.92,2157.46,2263.37,2302.29,228.14381,95.00496,23.47,33.48,11.89,8.46,16.67,22.14,20.02,17.97,16.22,14.14,8.97,13.01
2024-12-31,1266.78,1344.75,1329.75,1900.74,1451.02,2269.09,2146.51,2252.39,2307.1,227.43118,95.05706,23.48,33.52,12.0,8.5,16.7,22.1,20.1,17.92,16.28,14.16,8.97,13.1
2025-01-02,1269.71,1343.2,1328.51,1900.09,1455.9,2265.99,2138.65,2244.31,2297.71,227.69182,95.05096,23.5,33.5,11.82,8.5,16.68,21.95,20.16,17.89,16.23,14.18,9.05,13.1
2025-01-03,1254.59,1320.58,1306.77,1871.89,1439.33,2227.31,2091.57,2197.85,2251.22,225.65735,94.34243,23.18,33.0,11.8,8.5,16.48,21.45,19.8,17.71,15.9,13.92,8.86,13.1
2025-01-06,1246.35,1313.04,1296.3,1846.13,1414.84,2212.0,2082.2,2188.32,2230.57,222.9453,93.61656,23.03,32.61,11.57,8.5,16.4,21.29,19.7,17.6,15.94,13.85,8.84,12.74
2025-01-07,1246.95,1315.28,1295.92,1836.21,1405.18,2211.3,2088.88,2195.04,2222.52,220.98134,93.00362,23.02,32.43,11.5,8.5,16.37,21.36,19.6,17.55,15.93,13.68,8.81,12.74
2025-01-08,1251.02,1316.63,1299.72,1850.8,1416.44,2215.46,2094.03,2201.39,2227.07,221.86754,93.53503,23.01,32.5,11.68,8.5,16.37,21.38,19.65,17.55,15.85,13.6,8.76,12.74
2025-01-09,1245.77,1310.8,1294.05,1842.46,1409.28,2205.81,2078.46,2184.23,2216.5,221.93527,93.08766,23.0,32.55,11.46,7.93,16.3,21.22,19.56,17.5,15.8,13.59,8.82,12.74
2025-01-10,1230.48,1293.23,1275.7,1812.67,1391.42,2175.53,2038.86,2149.28,2187.64,219.49396,92.1477,22.68,32.25,11.44,8.48,16.2,21.3,19.64,17.42,15.66,13.47,8.82,12.56
2025-01-13,1235.65,1298.34,1282.59,1828.13,1398.07,2187.23,2054.6,2165.18,2195.32,219.6175,92.21854,22.7,32.17,11.46,8.5,16.2,21.1,19.29,17.5,15.66,13.35,8.72,12.56
2025-01-14,1229.07,1289.23,1273.9,1817.29,1394.28,2172.13,2040.82,2151.5,2176.04,218.27034,92.11688,22.6,31.99,11.69,8.5,16.0,20.89,19.29,17.21,15.54,13.29,8.59,12.56
2025-01-15,1236.18,1297.64,1283.24,1834.41,1412.26,2186.67,2052.89,2166.36,2182.86,219.54594,92.2737,22.74,32.07,11.51,8.5,16.1,21.17,19.31,17.25,15.62,13.39,8.66,12.6
2025-01-16,1242.36,1303.25,1289.87,1846.69,1415.99,2198.88,2066.56,2179.33,2197.03,220.84206,92.41887,22.77,32.02,11.48,8.49,16.13,21.24,19.39,17.31,15.61,13.49,8.72,12.6
2025-01-17,1249.11,1313.48,1299.59,1858.03,1428.34,2216.36,2086.41,2198.89,2219.06,222.476,93.11176,22.93,32.37,11.56,8.5,16.55,21.28,19.65,17.52,15.86,13.65,8.72,12.6
2025-01-20,1249.55,1316.95,1301.43,1855.49,1424.08,2220.13,2092.43,2205.26,2228.79,221.68571,92.80201,23.0,32.48,11.59,8.4,16.35,21.35,19.7,17.6,15.86,13.65,8.76,12.82
2025-01-21,1246.09,1314.81,1299.52,1852.98,1416.96,2217.96,2088.68,2202.99,2222.28,221.68019,92.83747,23.06,32.5,11.69,8.01,16.39,21.5,19.77,17.59,15.89,13.65,8.77,12.82
2025-01-22,1242.53,1309.72,1297.08,1855.15,1409.72,2215.43,2088.92,2204.35,2213.96,220.67432,93.08075,22.9,32.31,11.55,8.01,16.3,21.3,19.6,17.49,15.89,13.66,8.83,12.75
2025-01-23,1259.63,1332.54,1321.22,1891.25,1420.82,2258.64,2137.68,2254.27,2258.71,222.6662,93.88115,23.29,32.88,11.89,8.5,16.56,21.8,19.92,17.8,16.09,13.94,8.98,13.02
2025-01-24,1265.05,1337.59,1328.12,1907.77,1421.26,2270.63,2149.66,2267.09,2277.71,223.01236,94.30256,23.4,33.1,11.93,7.92,16.65,22.04,20.1,17.88,16.2,14.01,9.0,13.18
2025-02-03,1253.03,1315.46,1309.0,1896.72,1424.98,2236.73,2118.29,2236.72,2236.89,223.48898,94.5145,22.98,32.31,11.8,7.92,16.31,21.76,19.82,17.62,15.85,13.73,8.79,12.88
2025-02-04,1264.68,1327.21,1322.03,1921.32,1444.39,2257.62,2149.71,2267.14,2253.07,226.60912,95.31171,23.2,32.78,11.89,8.44,16.47,21.98,19.95,17.76,16.03,13.82,8.85,13.03
2025-02-05,1269.61,1331.35,1326.89,1931.54,1456.73,2264.64,2157.56,2276.09,2260.8,227.98299,95.89685,23.26,32.86,11.98,8.48,16.53,22.01,20.1,17.88,16.13,13.82,8.87,13.1
2025-02-06,1271.48,1336.59,1330.11,1929.0,1460.29,2271.5,2173.26,2292.0,2265.85,229.12508,96.74088,23.35,33.0,12.01,9.01,16.6,22.21,20.1,17.97,16.1,13.82,8.93,13.33
2025-02-07,1275.2,1340.8,1332.45,1926.28,1463.06,2275.49,2185.2,2303.41,2268.37,229.48878,97.23533,23.42,32.79,12.03,9.6,16.67,22.35,20.15,17.99,16.2,13.9,8.94,13.33
2025-02-10,1263.26,1330.88,1319.52,1899.03,1447.61,2254.26,2189.14,2304.37,2236.14,227.97333,96.63451,23.3,32.76,11.86,9.4,16.55,22.41,20.04,17.84,16.0,13.61,8.9,13.29
2025-02-11,1268.45,1338.4,1327.53,1909.93,1454.96,2267.43,2198.22,2315.48,2238.61,228.8696,96.75223,23.34,32.6,11.87,9.5,16.56,22.42,19.99,17.81,16.07,13.69,8.9,13.46
2025-02-12,1266.91,1335.68,1326.0,1912.35,1458.68,2264.46,2193.09,2311.1,2232.21,229.31866,96.80487,23.35,32.54,11.9,9.5,16.62,22.43,20.05,17.9,16.07,13.79,8.96,13.4
2025-02-13,1270.35,1337.78,1328.18,1918.01,1467.57,2268.13,2203.82,2320.68,2225.31,229.51802,97.73681,23.37,32.4,11.89,9.5,16.61,22.48,20.07,17.9,16.09,13.7,8.81,13.33
2025-02-14,1276.08,1340.52,1331.93,1925.78,1475.43,2273.63,2204.07,2325.25,2233.67,231.21886,98.35027,23.41,32.51,11.98,9.4,16.68,22.53,20.15,17.92,16.12,13.71,9.01,13.51
2025-02-17,1272.72,1334.01,1328.53,1933.18,1483.14,2265.93,2200.05,2325.07,2215.62,233.1914,99.39322,23.34,32.41,12.0,9.4,16.62,22.48,20.07,17.9,16.05,13.64,8.9,13.53
2025-02-18,1278.14,1337.39,1332.45,1941.04,1487.03,2271.62,2204.99,2328.61,2216.62,235.84213,99.50731,23.4,32.5,12.06,9.5,16.62,22.55,20.15,17.92,16.13,13.66,8.9,13.55
2025-02-19,1288.56,1344.64,1343.21,1970.77,1504.43,2287.06,2220.61,2344.15,2242.68,237.78986,99.33944,23.48,32.61,12.14,9.5,16.72,22.65,20.15,18.0,16.29,13.76,8.9,13.55
2025-02-20,1292.98,1349.45,1346.76,1972.81,1505.79,2293.14,2228.24,2350.01,2251.35,238.0158,100.08408,23.54,32.64,12.28,8.84,16.75,22.79,20.29,18.13,16.23,13.78,8.95,13.55
2025-02-21,1296.75,1353.73,1348.68,1968.25,1506.81,2296.46,2237.01,2358.74,2260.63,237.56653,100.60847,23.6,32.88,12.24,9.3,16.8,22.84,20.3,18.14,16.26,13.94,9.0,13.55
2025-02-24,1304.56,1364.52,1357.98,1979.06,1507.64,2313.22,2254.51,2377.64,2266.55,238.48584,100.2066,23.8,33.0,12.3,9.3,16.9,22.96,20.25,18.28,16.33,13.84,9.05,13.83
2025-02-25,1303.16,1360.56,1355.1,1980.01,1512.78,2307.95,2252.09,2374.27,2258.43,238.30884,99.96753,23.76,32.9,12.3,8.7,16.88,22.97,20.01,18.26,16.35,13.84,9.1,13.83
2025-02-26,1302.96,1360.56,1356.04,1982.03,1514.47,2308.7,2241.5,2365.07,2261.46,238.6018,99.72564,23.79,32.88,12.31,8.7,16.88,22.95,20.2,18.24,16.39,13.87,9.07,13.83
2025-02-27,1307.8,1363.62,1360.4,1994.24,1525.02,2314.99,2243.6,2369.02,2262.01,239.39314,99.8137,23.76,32.93,12.4,8.7,16.88,22.96,20.26,18.27,16.39,13.79,9.07,13.83
2025-02-28,1305.36,1356.43,1355.34,1995.0,1522.58,2305.54,2235.33,2358.53,2251.59,239.19455,99.57839,23.74,32.7,12.4,8.9,16.86,22.9,20.47,18.3,16.34,13.79,9.05,13.75
2025-03-03,1309.37,1361.16,1360.08,2002.31,1517.87,2314.15,2240.8,2362.85,2254.15,238.3431,99.46241,23.76,32.82,12.48,9.02,16.93,22.81,20.47,18.32,16.38,13.85,9.08,13.64
2025-03-04,1311.91,1367.97,1364.61,2001.68,1514.12,2323.61,2262.33,2378.94,2272.24,237.34933,99.10321,23.83,33.05,12.45,9.28,16.98,23.03,20.55,18.39,16.44,13.93,9.15,13.81
2025-03-05,1304.71,1363.91,1357.07,1977.97,1497.0,2312.16,2253.33,2369.79,2259.42,235.41351,98.69227,23.88,32.92,12.38,9.28,16.97,23.01,20.59,18.39,16.55,13.96,9.11,13.82
2025-03-06,1318.22,1379.62,1374.06,2006.97,1507.69,2340.72,2283.94,2397.94,2293.27,238.00726,99.3453,24.06,33.38,12.45,9.3,17.1,23.26,20.66,18.5,16.59,14.15,9.13,13.73
2025-03-07,1326.05,1389.77,1380.67,2004.69,1508.5,2355.07,2296.55,2411.4,2305.0,238.40529,99.07918,24.15,33.38,12.5,9.19,17.1,23.46,20.7,18.5,16.69,14.21,9.18,14.04
2025-03-10,1330.28,1391.07,1379.71,1997.08,1507.05,2353.47,2296.44,2411.27,2301.84,239.50394,99.16149,24.3,33.64,12.47,9.41,17.22,23.55,20.79,18.65,16.75,14.21,9.25,14.03
2025-03-11,1332.54,1393.57,1382.28,2003.25,1510.97,2357.38,2307.24,2419.3,2305.23,240.57767,99.39514,24.28,33.52,12.54,9.5,17.25,23.5,20.72,18.59,16.74,14.09,9.26,14.04
2025-03-12,1334.41,1392.39,1379.53,1994.82,1511.32,2353.81,2305.35,2419.46,2281.38,241.86916,99.31577,24.32,33.3,12.4,9.5,17.3,23.54,20.87,18.63,16.74,14.09,9.28,14.09
2025-03-13,1326.27,1387.3,1371.38,1970.15,1488.63,2341.54,2276.44,2389.85,2257.24,241.30534,99.02433,24.24,32.92,12.3,9.69,17.2,23.24,20.73,18.59,16.78,14.09,9.27,13.9
2025-03-14,1326.15,1387.03,1368.45,1961.03,1481.44,2337.3,2283.58,2396.94,2235.26,242.7264,99.38115,24.24,32.88,12.21,9.33,17.22,23.3,20.74,18.5,16.75,13.82,9.27,13.94
2025-03-17,1336.26,1394.9,1378.63,1987.0,1484.56,2353.35,2304.19,2420.23,2253.09,246.77283,100.42977,24.36,32.9,12.34,9.65,17.25,24.0,20.94,18.88,16.74,13.76,9.28,14.05
2025-03-18,1330.97,1388.64,1373.22,1981.55,1482.33,2343.75,2293.76,2411.92,2248.24,247.03442,100.29344,24.29,32.63,12.35,9.79,17.25,23.47,20.73,18.55,16.74,13.76,9.28,14.04
2025-03-19,1324.63,1377.63,1363.26,1975.16,1478.01,2325.93,2283.79,2404.54,2218.35,245.2777,99.36405,24.11,32.2,12.29,9.12,17.13,23.7,20.59,18.45,16.55,13.6,9.17,14.04
2025-03-20,1323.93,1378.95,1363.47,1971.05,1470.37,2328.0,2293.9,2408.94,2227.29,245.76929,99.16489,24.1,32.32,12.2,9.12,17.06,23.39,20.49,18.35,16.6,13.64,9.2,13.98
2025-03-21,1321.88,1378.27,1362.13,1963.41,1469.97,2326.32,2283.31,2395.22,2230.77,245.8182,99.32275,24.04,32.48,12.15,9.7,17.06,23.3,20.55,18.34,16.66,13.75,9.2,13.93
2025-03-24,1330.32,1390.7,1371.19,1964.45,1462.32,2345.0,2299.63,2407.37,2236.44,245.99695,99.1816,24.26,32.55,12.2,9.7,17.22,23.5,20.8,18.49,16.73,13.75,9.2,13.93
2025-03-25,1331.92,1388.79,1369.77,1966.55,1469.5,2340.59,2293.1,2403.19,2228.92,244.56213,99.17154,24.33,32.53,12.23,9.31,17.25,23.47,20.78,18.5,16.74,13.65,9.29,13.88
2025-03-26,1326.09,1381.47,1361.44,1953.27,1466.71,2325.23,2278.2,2385.36,2214.45,241.32887,98.85016,24.24,32.38,12.23,9.31,17.15,23.37,20.79,18.46,16.66,13.58,9.3,13.9
2025-03-27,1323.81,1380.26,1360.77,1950.94,1465.03,2323.89,2267.83,2376.01,2209.94,239.53773,98.96337,24.15,32.33,12.18,9.4,17.2,23.28,20.55,18.38,16.5,13.52,9.27,13.9
2025-03-28,1317.46,1373.93,1353.66,1939.09,1463.4,2312.84,2264.47,2372.26,2188.21,238.19917,98.61986,24.15,32.0,12.14,9.79,17.01,24.1,20.71,18.89,16.5,13.44,9.25,13.9
2025-03-31,1306.86,1363.88,1344.57,1931.31,1451.56,2298.18,2256.34,2364.98,2180.48,235.06052,98.04742,23.82,31.84,12.06,9.78,16.88,23.3,20.29,18.1,16.4,13.41,9.1,13.61
2025-04-01,1317.33,1376.91,1355.08,1939.2,1454.07,2317.05,2284.71,2388.92,2191.18,236.4154,98.46891,23.81,31.84,12.13,9.5,16.95,23.3,20.38,18.17,16.53,13.41,9.22,13.84
2025-04-02,1317.83,1376.94,1355.47,1939.64,1455.69,2316.5,2282.34,2386.28,2183.22,238.13062,98.6382,24.0,31.8,12.11,9.4,17.08,23.3,20.77,18.29,16.54,13.36,9.21,13.9
2025-04-03,1229.84,1283.18,1263.67,1810.36,1362.5,2158.52,2125.45,2225.29,2032.14,220.94759,90.578,22.33,29.58,11.37,8.75,16.17,21.67,19.4,17.15,15.4,12.43,8.57,13.01
2025-04-04,1210.67,1280.52,1248.93,1743.47,1316.68,2141.51,2121.32,2221.48,1979.38,216.97302,91.13322,22.33,29.08,11.3,8.45,17.3,21.67,18.9,17.0,15.37,12.14,8.57,12.83
2025-04-08,1132.79,1197.51,1167.88,1630.58,1233.52,2000.37,1979.08,2076.6,1842.43,201.0416,84.49983,20.77,27.05,11.2,9.0,16.09,20.16,18.0,16.7,14.3,11.3,8.1,12.37
2025-04-09,1094.3,1168.68,1131.7,1546.32,1183.48,1940.78,1920.31,2016.27,1782.81,192.5764,84.41321,20.64,25.88,10.42,8.37,15.98,21.3,18.0,16.2,14.0,10.86,8.02,12.37
2025-04-10,1168.34,1249.29,1209.13,1649.7,1262.12,2075.0,2052.6,2155.31,1905.93,208.317,92.83977,22.08,27.69,11.14,8.95,17.09,22.79,19.26,17.33,14.98,11.62,8.58,13.2
2025-04-11,1222.46,1309.94,1266.42,1721.92,1301.69,2175.42,2158.64,2257.85,2006.39,213.34454,93.25041,22.8,29.1,11.03,9.5,16.1,22.0,20.48,17.52,15.76,12.26,8.79,13.02
2025-04-14,1241.44,1325.87,1285.22,1762.11,1316.5,2207.55,2165.27,2260.9,2032.19,215.0042,91.75842,23.14,29.3,11.08,9.5,16.34,22.15,20.35,17.49,15.93,12.45,8.87,13.16
2025-04-15,1227.79,1310.76,1268.15,1730.56,1306.59,2179.72,2129.62,2223.08,1997.21,210.24393,91.02618,22.8,29.2,11.0,9.5,16.47,21.79,19.95,17.2,15.89,12.15,8.8,12.67
2025-04-16,1210.3,1293.25,1249.89,1707.27,1300.2,2148.12,2118.96,2212.09,1959.11,209.4124,90.38591,22.5,28.52,10.8,9.0,16.15,21.6,19.95,17.1,15.64,12.0,8.69,12.72
2025-04-17,1217.25,1303.03,1259.58,1720.75,1306.2,2166.16,2127.31,2222.9,1976.17,209.58217,90.53183,22.59,28.6,10.89,9.6,15.91,21.56,19.7,17.11,15.73,12.12,8.76,12.77
2025-04-18,1219.12,1306.24,1267.27,1746.99,1320.95,2178.4,2152.82,2248.11,1999.35,213.09862,91.29974,22.76,29.19,11.29,9.6,16.2,21.8,19.7,17.23,15.82,12.4,8.73,13.11
2025-04-21,1207.07,1294.29,1255.9,1730.99,1313.37,2158.21,2141.43,2231.92,1981.52,211.473,90.90344,22.64,28.62,11.0,9.59,16.27,21.8,19.75,17.18,15.67,12.18,8.72,13.0
2025-04-22,1197.13,1290.38,1246.42,1697.03,1288.59,2146.02,2127.03,2217.02,1965.96,207.7131,89.67336,22.45,28.1,10.6,9.59,16.0,21.3,19.25,16.97,15.28,11.49,8.63,12.15
2025-04-23,1211.0,1303.04,1262.33,1734.07,1312.3,2170.62,2149.65,2235.91,2001.89,211.45229,91.46212,22.6,28.32,10.85,9.5,16.02,21.52,19.21,17.04,15.69,12.2,8.7,12.8
2025-04-24,1223.35,1311.66,1271.82,1750.56,1326.89,2185.53,2143.0,2232.09,2020.28,211.06978,91.8325,22.65,28.73,10.65,9.5,16.15,21.77,19.21,17.1,15.74,12.36,8.73,12.8
2025-04-25,1229.23,1317.18,1275.79,1750.83,1333.49,2192.13,2129.91,2215.39,2030.15,211.72478,92.27148,22.8,29.08,10.75,9.5,16.1,21.68,19.48,17.18,15.78,12.37,8.76,12.8
2025-04-28,1226.8,1312.32,1274.65,1753.27,1334.87,2189.39,2140.45,2227.25,2024.41,211.45163,92.24807,22.85,29.41,11.0,8.86,16.14,21.64,19.4,17.18,15.8,12.35,8.77,12.7
2025-04-29,1226.3,1309.73,1273.69,1755.42,1346.07,2186.69,2137.96,2223.66,2031.51,211.93729,92.42193,22.89,29.44,11.01,8.86,16.16,21.75,19.63,17.2,15.79,12.55,8.71,12.94
2025-05-05,1240.05,1320.41,1285.9,1792.43,1363.34,2204.8,2145.24,2232.34,2044.46,212.81,92.38,22.82,29.64,11.18,9.1,16.22,21.89,19.63,17.34,15.84,12.5,8.81,12.9
2025-05-06,1241.95,1319.66,1285.29,1788.94,1364.32,2203.86,2145.11,2231.07,2050.01,212.89,92.94,23.0,29.51,11.1,9.05,16.3,21.89,19.6,17.35,15.92,12.54,8.8,12.94
2025-05-07,1250.37,1324.8,1290.06,1799.87,1373.7,2211.84,2143.63,2230.2,2049.18,213.41,92.92,23.12,29.6,10.72,9.05,16.38,21.91,19.6,17.36,15.88,12.52,8.88,12.94
2025-05-08,1269.8,1351.1,1310.79,1818.39,1384.25,2249.25,2171.33,2258.86,2077.95,215.21,92.98,23.3,30.09,11.16,9.59,16.45,22.1,19.7,17.38,16.24,12.74,9.08,13.03
2025-05-09,1267.3,1352.25,1312.94,1816.38,1385.7,2253.18,2180.1,2266.61,2090.12,214.13,93.4,23.5,30.21,11.15,9.02,16.35,22.3,19.5,17.42,16.3,12.87,9.03,13.06
2025-05-12,1283.26,1372.04,1331.89,1830.41,1391.78,2288.41,2225.1,2308.06,2129.9,216.04,93.59,23.85,30.85,11.18,9.02,16.5,22.6,19.89,17.49,16.5,12.99,9.12,13.28
2025-05-13,1293.43,1382.78,1343.22,1852.46,1400.82,2307.2,2243.9,2323.73,2177.38,217.93,94.55,24.0,31.69,11.11,9.02,16.51,22.79,19.8,17.65,16.63,13.41,9.01,13.43
2025-05-14,1309.73,1397.87,1360.95,1869.7,1402.36,2340.93,2281.43,2360.08,2226.18,218.88,94.89,24.24,32.5,11.19,9.03,16.6,23.15,20.0,17.75,16.79,13.69,9.1,13.73
2025-05-15,1313.2,1401.49,1367.22,1870.63,1402.65,2353.14,2310.29,2393.37,2226.19,219.28,95.54,24.42,32.38,11.21,9.05,16.63,23.3,20.0,17.76,16.9,13.78,9.31,13.94
2025-05-16,1301.39,1384.44,1349.97,1855.67,1402.89,2320.94,2272.91,2355.74,2185.83,218.69,95.5,24.23,32.0,11.28,9.48,16.77,23.36,20.0,17.79,16.8,13.51,9.07,13.78
2025-05-19,1296.29,1379.75,1339.57,1843.57,1395.99,2303.9,2240.95,2319.45,2179.82,217.24,95.71,24.23,31.93,11.2,8.83,16.7,23.23,19.42,17.89,16.68,13.45,9.07,13.65
2025-05-20,1315.15,1407.52,1361.07,1864.67,1406.09,2342.7,2276.19,2352.0,2213.31,217.7,95.69,24.52,32.11,11.34,8.82,16.85,23.3,19.81,17.99,17.05,13.68,9.18,13.8
2025-05-21,1323.05,1419.36,1369.31,1870.69,1409.69,2358.15,2294.56,2364.56,2204.35,217.46,95.83,24.75,32.15,11.3,8.82,16.33,23.49,19.85,18.02,17.14,13.45,9.38,13.96
2025-05-22,1313.84,1409.56,1359.26,1862.32,1406.03,2339.91,2273.44,2346.36,2175.89,216.79,96.14,24.68,31.54,11.35,8.86,16.7,23.5,19.9,18.05,17.08,13.4,9.5,13.84
2025-05-23,1314.46,1409.4,1359.03,1867.59,1413.3,2337.6,2266.02,2338.93,2170.27,216.32,96.22,24.75,31.57,11.4,8.86,16.85,23.0,20.0,18.07,17.06,13.39,9.2,13.74
2025-05-26,1332.51,1423.85,1375.06,1906.07,1440.76,2363.1,2281.3,2356.28,2195.36,219.41,96.73,24.7,31.94,11.5,9.3,16.51,24.0,20.0,18.07,17.19,13.52,9.22,13.99
2025-05-27,1339.81,1427.45,1383.41,1935.8,1460.05,2375.31,2285.85,2361.58,2220.12,221.79,98.14,24.76,32.29,11.51,9.3,16.9,24.0,20.05,18.2,17.1,13.63,9.57,13.8
2025-05-28,1341.87,1432.19,1381.79,1925.02,1451.99,2374.31,2273.94,2350.82,2214.27,223.56,98.59,24.7,32.15,11.75,9.3,16.9,24.15,20.1,18.2,17.2,13.58,9.35,13.8
2025-05-29,1341.86,1431.57,1382.77,1935.34,1452.8,2376.15,2276.65,2350.93,2222.72,224.3,98.62,25.29,32.3,11.78,9.3,16.93,23.95,20.01,18.3,17.19,13.55,9.45,13.8
2025-05-30,1332.6,1423.68,1371.73,1913.71,1440.88,2358.88,2254.13,2327.6,2193.4,223.22,98.49,24.8,32.0,11.53,8.7,17.39,23.8,20.34,18.08,17.35,13.6,9.6,13.58
2025-06-02,1336.3,1423.04,1377.43,1933.48,1453.74,2366.06,2275.9,2348.88,2180.97,226.17,98.36,24.77,32.0,11.8,9.3,17.1,23.5,20.29,18.27,17.3,13.47,9.6,13.8
2025-06-03,1347.25,1437.87,1390.82,1950.06,1462.81,2391.75,2302.21,2373.32,2205.22,228.94,99.32,25.0,32.1,11.88,8.9,17.23,23.7,20.39,18.38,17.4,13.53,9.6,13.86
2025-06-04,1345.74,1435.28,1389.54,1960.94,1473.15,2388.72,2291.7,2365.34,2195.25,230.83,99.01,25.12,32.15,11.93,9.25,17.05,23.65,20.4,18.42,17.42,13.38,9.7,13.73
2025-06-05,1342.09,1432.38,1385.01,1952.32,1469.91,2380.16,2280.18,2352.73,2189.64,231.19,98.87,25.0,31.87,11.9,8.92,17.45,23.64,20.1,18.43,17.33,13.38,9.52,13.73
2025-06-06,1329.89,1418.97,1370.94,1927.99,1453.93,2355.91,2256.68,2329.64,2160.85,228.61,98.89,24.9,31.52,11.86,9.25,17.35,23.24,20.75,18.28,17.24,13.38,9.6,13.73
2025-06-09,1310.57,1396.56,1353.41,1899.76,1437.71,2326.0,2237.99,2309.34,2146.98,226.49,98.19,24.75,31.45,11.51,9.25,16.81,23.19,20.3,18.18,17.08,13.06,9.38,13.65
2025-06-10,1316.23,1404.82,1360.99,1912.31,1438.39,2339.23,2250.12,2320.04,2159.07,226.4,98.19,24.76,31.72,11.85,9.49,17.18,23.19,20.22,18.23,17.06,13.42,9.47,13.65
2025-06-11,1315.2,1405.15,1361.77,1910.37,1441.21,2339.07,2252.18,2321.02,2171.13,226.23,98.04,24.67,31.65,11.82,9.47,17.18,23.2,20.5,18.24,16.86,13.41,9.5,13.65
2025-06-12,1322.99,1412.16,1374.41,1935.12,1448.51,2360.2,2292.93,2358.47,2201.38,227.73,98.16,24.9,32.0,11.95,8.92,17.22,23.67,20.78,18.32,17.05,13.62,9.5,13.8
2025-06-13,1315.49,1401.2,1363.26,1907.08,1433.42,2343.26,2287.4,2349.84,2191.78,224.82,97.54,24.68,31.65,11.7,8.92,17.18,23.49,20.69,18.25,16.97,13.62,9.49,13.8
2025-06-16,1338.11,1420.35,1386.72,1950.06,1449.17,2383.91,2331.57,2391.75,2243.69,228.12,98.1,24.78,32.65,11.85,9.45,17.24,23.95,20.6,18.37,17.19,13.79,9.54,13.8
2025-06-17,1347.69,1431.39,1394.52,1956.98,1454.06,2398.08,2340.48,2401.42,2244.92,228.24,98.87,25.05,32.71,12.22,9.45,17.26,24.1,20.66,18.47,16.86,13.8,9.64,13.8
2025-06-18,1346.83,1432.99,1393.43,1948.51,1449.78,2395.82,2343.05,2400.33,2232.82,228.2,99.31,25.03,32.59,12.36,9.45,17.2,23.95,20.5,18.2,17.3,13.63,9.6,14.1
2025-06-19,1352.04,1439.3,1398.9,1949.45,1446.12,2405.53,2361.9,2415.7,2238.27,227.56,98.87,25.03,32.57,12.4,9.0,17.17,23.95,20.5,18.22,17.2,13.7,9.59,14.1
2025-06-20,1349.35,1435.19,1399.2,1956.16,1449.17,2404.74,2369.25,2422.62,2242.65,227.07,99.18,25.15,32.62,12.38,9.0,17.2,24.5,20.26,18.5,17.3,13.89,9.65,14.2
2025-06-23,1358.18,1448.32,1402.65,1951.18,1444.91,2411.43,2356.01,2408.58,2242.16,227.42,98.93,25.12,32.62,12.33,9.5,17.36,24.49,20.65,18.54,17.4,13.89,9.64,14.2
2025-06-24,1366.77,1462.8,1413.88,1967.55,1445.58,2430.87,2369.74,2423.36,2247.42,227.79,99.34,25.5,33.0,12.05,9.5,17.4,24.55,21.29,18.55,17.6,13.9,9.65,14.2
2025-06-25,1366.75,1465.36,1414.64,1968.12,1444.41,2432.24,2364.81,2418.88,2244.34,227.66,99.94,25.4,33.0,11.75,9.39,17.45,24.45,20.9,18.61,17.64,13.85,9.84,14.2
2025-06-26,1365.67,1463.57,1414.54,1969.57,1444.7,2431.43,2368.51,2420.55,2244.1,227.7,100.06,25.45,32.94,12.14,9.14,17.51,24.42,21.13,18.62,17.58,13.79,9.8,14.24
2025-06-27,1371.44,1475.89,1420.73,1973.64,1445.66,2442.25,2365.78,2419.53,2254.67,227.81,100.62,25.72,32.9,12.19,8.97,17.6,24.5,21.16,18.75,17.78,13.89,9.98,14.28
2025-06-30,1376.07,1477.56,1427.53,1995.4,1455.0,2452.35,2375.7,2430.07,2277.28,229.22,100.84,25.86,32.99,12.2,9.0,17.7,24.55,21.27,18.87,17.9,14.09,10.0,14.18
2025-07-01,1377.84,1476.16,1426.78,1988.25,1449.16,2451.3,2380.97,2435.31,2276.87,228.45,100.72,25.58,33.1,12.01,9.0,17.71,24.6,21.3,18.9,18.0,14.02,10.04,14.18
2025-07-02,1384.59,1482.76,1438.15,2017.45,1461.55,2469.38,2409.5,2463.45,2288.85,231.62,100.61,25.81,33.17,12.2,9.02,17.98,24.7,21.03,18.97,17.95,14.06,10.0,14.18
2025-07-03,1381.96,1481.2,1438.9,2025.08,1457.6,2472.28,2411.86,2466.95,2292.57,230.93,100.86,25.85,33.7,12.3,9.2,18.02,24.9,21.1,19.01,17.9,14.07,10.0,14.45
2025-07-04,1386.97,1488.77,1448.26,2037.52,1464.71,2487.41,2426.58,2482.75,2315.79,232.51,101.17,25.85,33.88,12.4,9.2,18.16,24.95,21.3,19.07,17.85,14.33,10.0,14.51
2025-07-07,1402.06,1508.66,1467.99,2054.35,1473.89,2522.7,2474.65,2532.24,2339.62,235.9,101.61,26.3,34.06,12.45,9.84,18.47,25.42,21.39,19.4,17.99,14.49,10.08,14.76
2025-07-08,1415.46,1529.27,1482.65,2071.91,1484.73,2548.6,2490.28,2547.17,2356.62,237.68,101.96,26.47,34.3,12.63,9.6,18.61,25.4,21.42,19.5,18.44,14.38,9.95,14.82
2025-07-09,1431.32,1543.27,1494.2,2084.47,1490.09,2568.82,2513.59,2573.7,2361.83,238.63,102.5,26.76,34.87,12.7,9.83,18.77,25.86,21.51,19.7,18.54,14.4,10.27,15.04
2025-07-10,1445.64,1569.34,1507.6,2086.38,1496.81,2592.94,2517.84,2579.07,2364.39,238.44,102.28,27.16,34.68,12.75,9.16,19.0,25.92,21.7,19.82,19.0,14.6,10.48,15.04
2025-07-11,1457.76,1594.01,1522.24,2092.68,1492.81,2622.38,2532.85,2594.68,2371.12,238.81,102.72,27.81,34.8,12.75,9.4,19.39,26.15,21.75,19.99,19.26,14.64,10.76,15.04
2025-07-14,1470.42,1605.66,1535.66,2125.76,1502.97,2642.39,2549.38,2609.34,2397.37,239.61,102.67,27.8,35.1,12.86,9.8,19.47,26.3,21.85,20.1,19.31,14.67,10.79,15.04
2025-07-15,1460.65,1593.84,1527.96,2123.02,1501.79,2627.8,2539.71,2601.44,2385.19,240.33,103.03,27.74,35.2,13.0,9.8,19.36,26.0,21.25,19.67,19.4,14.85,10.6,15.42
2025-07-16,1475.47,1614.42,1544.04,2142.8,1516.09,2656.23,2564.49,2624.47,2398.1,242.35,103.08,27.97,35.1,13.04,9.8,19.4,26.6,21.92,20.23,19.48,14.84,10.93,15.44
2025-07-17,1490.01,1634.7,1555.96,2151.78,1529.24,2678.87,2567.31,2624.79,2401.34,246.09,104.21,28.41,35.38,13.25,10.0,19.39,26.6,22.12,20.4,19.85,14.92,11.0,15.5
2025-07-18,1497.28,1643.91,1568.47,2166.29,1539.19,2699.26,2618.03,2665.7,2415.0,247.77,104.74,28.61,35.09,13.25,10.0,19.46,26.99,22.84,20.58,19.84,14.9,11.03,15.69
2025-07-21,1485.05,1628.06,1561.64,2162.5,1529.78,2685.75,2622.16,2671.78,2405.69,245.79,104.27,28.65,34.99,13.19,9.39,19.71,27.01,22.79,20.62,19.7,14.85,11.04,15.66
2025-07-22,1509.54,1655.98,1587.4,2211.89,1542.65,2728.57,2653.51,2706.6,2422.14,247.85,104.02,28.85,35.3,13.26,9.46,20.37,27.3,23.56,20.85,19.89,14.89,11.11,15.8
2025-07-23,1512.31,1653.01,1593.19,2242.86,1553.89,2734.13,2668.1,2720.64,2434.35,249.33,104.8,28.9,35.35,13.69,10.05,20.65,27.46,23.6,21.18,20.07,15.0,11.2,15.87
2025-07-24,1521.02,1661.23,1605.47,2265.41,1556.6,2751.57,2700.28,2754.35,2445.26,250.67,105.16,28.9,35.9,13.7,10.25,20.65,27.86,24.0,21.25,20.1,15.09,11.18,16.11
2025-07-25,1531.13,1669.33,1622.44,2316.78,1571.65,2778.21,2737.47,2792.36,2463.09,254.56,105.77,29.13,36.14,13.74,10.5,20.8,28.16,24.68,21.65,20.25,15.32,11.27,16.39
2025-07-28,1557.42,1695.63,1658.66,2397.62,1604.12,2837.24,2810.34,2870.34,2487.92,263.79,106.94,29.7,36.6,14.5,10.5,21.1,29.27,25.2,22.25,20.43,15.36,11.42,16.89
2025-07-29,1493.41,1621.29,1578.59,2270.71,1545.12,2702.99,2658.51,2715.63,2365.87,255.36,106.07,28.8,35.64,13.69,10.5,20.65,28.25,24.38,21.4,19.6,14.54,11.0,16.27
2025-07-30,1507.63,1630.78,1599.05,2310.0,1565.89,2738.47,2726.3,2774.13,2405.82,261.51,105.11,28.79,34.85,14.48,10.5,20.89,28.0,24.29,21.57,19.84,14.86,11.06,16.31
2025-07-31,1502.52,1615.23,1597.8,2335.5,1572.76,2731.3,2746.58,2790.56,2378.24,266.34,105.79,28.49,35.0,14.23,10.49,20.6,28.34,24.29,21.66,19.63,14.69,10.94,16.25
2025-08-01,1495.21,1614.11,1593.67,2315.64,1575.39,2724.48,2732.83,2777.44,2392.66,264.93,106.46,28.3,34.9,14.17,9.8,20.78,28.16,24.18,21.6,19.5,14.83,10.93,16.44
2025-08-04,1528.19,1653.22,1630.53,2354.31,1591.57,2790.79,2811.0,2851.73,2429.54,268.34,107.16,29.3,35.7,14.6,10.4,20.85,28.94,25.08,22.37,20.08,14.86,11.2,16.64
2025-08-05,1547.15,1690.43,1656.32,2348.06,1575.63,2845.45,2864.68,2894.07,2466.15,266.12,107.5,29.8,36.12,14.95,10.5,21.83,29.2,25.69,22.44,20.25,15.09,11.28,16.79
2025-08-06,1573.71,1723.31,1689.03,2392.14,1589.61,2901.55,2945.36,2970.06,2512.46,268.66,107.46,30.12,36.45,14.82,11.0,21.8,30.13,25.7,22.9,20.87,15.62,11.67,17.3
2025-08-07,1581.81,1734.85,1701.46,2417.69,1610.32,2920.74,2984.42,3003.35,2551.05,270.86,107.92,30.45,37.25,14.93,11.0,21.6,30.5,25.89,22.99,21.02,15.8,11.8,17.7
2025-08-08,1584.95,1729.08,1703.18,2443.02,1619.77,2919.98,2976.32,2996.59,2546.63,272.46,108.54,30.4,37.57,15.13,10.42,21.49,30.5,25.97,23.09,20.9,15.72,11.68,17.7
2025-08-11,1596.86,1741.9,1717.27,2473.25,1639.44,2943.12,3012.83,3029.76,2559.39,276.46,109.25,30.42,37.72,15.24,11.0,21.7,30.97,26.2,23.34,21.48,15.84,11.75,17.76
2025-08-12,1608.22,1755.25,1730.45,2494.86,1646.46,2962.55,3026.48,3049.37,2586.44,276.47,109.2,30.65,37.94,15.3,10.71,21.75,31.1,26.28,23.45,21.23,15.87,11.89,17.77
2025-08-13,1611.6,1753.71,1736.25,2520.88,1659.78,2969.36,3044.54,3072.28,2591.6,279.69,109.42,30.8,38.1,15.59,11.0,21.79,31.39,26.38,23.59,21.26,16.11,11.81,17.97
2025-08-14,1640.69,1793.78,1777.05,2553.01,1659.62,3041.23,3178.99,3200.16,2650.24,285.15,109.95,31.14,38.78,15.79,11.58,22.3,32.88,26.98,24.09,21.6,16.36,12.0,18.7
2025-08-15,1630.0,1783.25,1768.43,2546.14,1634.0,3024.55,3185.57,3195.76,2615.72,282.34,109.61,31.5,38.86,15.78,11.7,22.4,32.85,26.96,24.11,21.61,16.28,11.95,18.59
2025-08-18,1636.37,1786.37,1778.16,2581.88,1657.11,3036.54,3203.17,3216.88,2627.73,283.87,108.97,31.4,38.5,15.85,10.92,22.47,33.0,26.9,24.11,21.65,16.19,12.03,18.82
2025-08-19,1654.2,1810.46,1804.39,2594.04,1680.59,3088.94,3295.84,3309.89,2662.17,286.45,109.78,31.61,39.17,16.18,11.68,22.69,33.84,27.44,24.54,21.84,16.44,12.23,19.46
2025-08-20,1664.36,1828.46,1817.6,2565.04,1649.9,3121.21,3338.59,3356.96,2673.06,283.73,109.68,31.95,39.37,15.79,11.67,22.69,34.14,27.73,24.7,22.06,16.56,12.24,19.68
2025-08-21,1688.0,1874.91,1855.24,2553.27,1624.88,3200.17,3455.66,3478.09,2741.25,284.39,110.58,32.68,40.25,15.8,11.55,23.34,35.55,28.5,25.4,22.68,16.98,12.63,20.41
2025-08-22,1645.47,1814.02,1797.62,2495.4,1580.41,3093.81,3297.12,3341.29,2658.32,272.48,109.26,32.15,39.0,15.27,11.55,22.8,34.1,28.0,24.9,22.2,16.46,12.23,19.59
2025-08-25,1614.03,1783.12,1754.96,2419.76,1557.43,3020.66,3154.65,3194.29,2579.7,266.58,108.58,31.75,37.65,15.1,11.55,22.7,32.89,27.01,24.4,21.68,16.08,12.07,19.13
2025-08-26,1667.63,1849.05,1822.28,2519.49,1594.15,3139.02,3292.37,3326.03,2675.42,275.79,108.84,32.44,39.95,15.59,11.55,23.2,34.3,27.97,25.0,22.41,16.25,12.52,19.31
2025-08-27,1672.78,1848.55,1823.27,2535.09,1597.17,3137.69,3293.52,3319.66,2709.09,276.38,109.94,32.76,39.52,15.79,11.55,23.1,34.0,28.14,25.0,22.41,16.8,12.51,19.31
2025-08-28,1680.86,1861.2,1838.37,2568.85,1606.59,3164.04,3335.98,3360.77,2737.63,276.63,110.62,32.8,39.9,15.83,11.5,23.2,33.9,28.1,25.1,22.54,17.03,12.55,19.78
2025-08-29,1682.21,1865.38,1844.4,2574.28,1615.55,3180.05,3382.59,3402.77,2747.94,279.98,111.0,32.9,40.25,15.9,11.7,23.2,34.75,28.3,25.15,22.67,17.06,12.58,20.09
2025-09-03,1681.3,1859.59,1845.56,2608.57,1636.8,3175.15,3380.32,3396.58,2742.27,282.7,111.05,32.88,40.4,16.0,12.0,23.3,35.0,28.27,25.19,22.55,17.1,12.58,20.0
2025-09-04,1696.29,1883.59,1864.54,2632.59,1644.29,3208.63,3397.83,3424.07,2772.56,283.99,111.85,33.27,40.72,16.24,11.4,23.77,35.0,28.58,25.47,22.85,17.1,12.78,20.0
2025-09-05,1666.97,1845.48,1824.91,2572.78,1628.95,3138.79,3305.22,3329.71,2714.59,280.67,111.82,32.9,40.1,16.0,12.0,23.69,34.66,28.38,25.01,22.4,17.0,12.5,20.0
2025-09-08,1624.53,1807.22,1772.72,2469.19,1586.95,3051.01,3169.2,3191.7,2640.47,271.57,110.12,32.28,39.4,15.6,12.0,23.0,33.7,27.7,24.4,22.05,16.6,12.12,18.86
2025-09-09,1637.32,1825.17,1792.59,2501.13,1592.78,3085.41,3220.57,3229.0,2673.47,274.82,109.89,32.28,39.2,15.6,12.09,23.3,32.63,27.5,24.31,22.16,16.55,12.23,18.95
2025-09-10,1643.26,1828.63,1795.38,2496.5,1590.84,3090.05,3232.82,3236.29,2676.09,274.6,110.37,32.38,39.4,15.63,12.09,23.3,33.5,27.75,24.5,22.2,16.65,12.4,19.07
2025-09-11,1657.75,1855.08,1813.71,2502.42,1593.91,3124.08,3231.26,3243.11,2687.56,274.18,110.1,32.8,40.0,15.49,12.08,23.5,33.6,28.5,24.68,22.64,16.6,12.61,19.13
2025-09-12,1667.26,1865.45,1823.56,2535.73,1610.73,3138.27,3216.91,3235.01,2690.44,276.51,110.09,32.87,40.01,15.7,12.08,23.8,33.21,28.75,24.75,22.65,16.58,12.58,18.9
2025-09-15,1684.9,1876.75,1840.69,2586.54,1636.64,3160.48,3249.02,3266.95,2718.1,280.69,110.46,33.09,40.2,15.61,12.08,23.76,33.85,28.62,24.9,22.77,16.76,12.61,19.0
2025-09-16,1680.9,1875.39,1836.72,2564.36,1624.45,3155.72,3267.97,3280.08,2737.63,278.98,111.32,33.15,40.95,15.88,12.49,23.55,33.53,28.69,25.1,22.92,17.06,12.75,19.35
2025-09-17,1670.97,1868.85,1824.79,2520.11,1616.64,3139.62,3218.22,3237.38,2704.3,277.63,111.78,33.23,40.88,15.85,12.24,23.58,33.21,28.47,24.95,22.8,16.87,12.71,19.11
2025-09-18,1665.18,1861.74,1819.65,2517.88,1612.29,3128.87,3208.95,3223.74,2687.24,276.92,111.1,32.9,40.4,15.66,12.24,23.58,33.2,28.4,24.95,22.63,16.69,12.59,18.93
2025-09-19,1658.62,1859.53,1814.0,2496.2,1612.85,3122.19,3165.58,3188.67,2680.49,276.24,111.01,32.99,40.35,15.7,11.49,23.37,33.0,28.49,24.88,22.72,16.6,12.59,18.73
2025-09-22,1634.45,1819.6,1780.83,2469.77,1590.41,3059.06,3106.5,3134.0,2626.04,274.23,110.15,32.2,38.7,15.47,11.5,23.46,32.4,27.8,24.4,22.09,16.34,12.32,18.53
2025-09-23,1635.26,1821.45,1781.08,2462.6,1588.38,3059.13,3120.92,3146.62,2623.73,273.01,110.02,32.17,38.65,15.25,12.0,23.45,32.4,27.78,24.5,22.16,16.28,12.2,18.52
2025-09-24,1657.46,1853.48,1814.83,2504.97,1608.68,3120.87,3217.28,3235.48,2679.14,277.28,109.65,32.5,40.78,15.49,12.1,23.44,33.5,27.9,24.53,22.47,16.46,12.51,18.45
2025-09-25,1666.09,1858.67,1821.95,2521.96,1620.99,3129.45,3198.03,3222.89,2668.31,277.65,110.49,32.68,39.68,15.7,11.3,23.47,33.49,28.0,24.71,22.63,16.44,12.51,18.86
2025-09-26,1660.7,1852.65,1812.71,2494.26,1616.17,3115.88,3158.16,3187.6,2638.02,276.06,110.63,32.4,38.83,15.7,11.98,23.33,32.45,27.8,24.79,22.4,16.36,12.51,18.71
2025-09-29,1666.48,1862.23,1820.38,2488.01,1601.34,3134.02,3165.79,3191.99,2628.56,275.15,109.29,32.8,38.61,15.5,12.0,23.45,33.5,27.89,24.89,22.65,16.21,12.58,18.71
2025-09-30,1661.7,1863.13,1817.7,2463.63,1585.07,3134.01,3169.89,3200.64,2606.2,273.16,109.46,33.09,38.28,15.4,12.0,23.34,33.4,28.03,24.82,22.79,16.16,12.64,18.76
2025-10-01,1665.05,1870.63,1826.3,2476.47,1589.84,3146.65,3209.84,3242.15,2614.7,273.22,109.79,33.0,38.4,15.47,12.39,23.99,33.4,28.0,24.92,22.68,16.23,12.7,18.98
2025-10-02,1652.71,1859.8,1810.69,2430.57,1574.16,3123.19,3188.93,3223.93,2598.27,269.55,109.79,32.8,38.41,15.18,12.2,23.6,33.45,28.14,24.87,22.61,16.21,12.61,18.93
2025-10-03,1645.82,1859.51,1803.15,2394.74,1557.96,3112.48,3144.96,3190.35,2579.03,265.75,109.02,32.88,38.2,15.1,12.0,23.48,33.0,28.24,24.84,22.49,16.0,12.66,18.93
2025-10-06,1695.5,1918.97,1864.34,2488.17,1595.39,3219.5,3284.89,3315.4,2654.11,274.69,109.16,33.95,39.04,15.29,12.5,24.45,34.29,28.4,25.15,23.3,16.35,13.53,19.39
2025-10-07,1685.3,1909.65,1850.55,2454.81,1579.35,3198.37,3248.03,3282.63,2634.85,272.87,110.24,33.88,39.12,15.56,12.5,24.8,33.89,28.5,25.25,23.35,16.35,13.0,19.32
2025-10-08,1697.83,1922.95,1861.87,2474.36,1584.68,3216.46,3265.41,3296.96,2649.24,273.34,110.43,34.04,39.35,15.4,13.0,25.1,34.07,28.9,25.6,23.47,16.45,13.12,19.32
2025-10-09,1716.47,1940.89,1879.62,2491.55,1587.27,3249.23,3301.52,3323.16,2673.11,274.94,110.7,34.2,39.35,15.55,13.0,25.0,34.45,29.27,25.7,23.59,16.56,13.15,19.45
2025-10-10,1747.55,1980.57,1911.55,2513.3,1587.46,3307.34,3313.08,3335.06,2693.39,273.62,111.61,34.81,39.91,15.7,13.7,24.75,34.45,29.2,26.2,23.89,16.64,13.31,19.54
2025-10-13,1765.12,2012.28,1935.65,2518.66,1584.35,3352.79,3338.36,3353.99,2699.66,275.35,112.7,35.35,39.6,15.68,13.4,25.39,34.29,29.2,26.19,24.35,16.67,13.6,19.64
2025-10-14,1761.06,2013.69,1935.25,2511.92,1563.52,3354.07,3328.27,3335.02,2691.13,275.33,113.15,35.49,39.62,15.75,13.8,25.4,34.3,29.5,26.5,24.52,16.67,13.66,19.65
2025-10-15,1757.95,2009.64,1937.17,2532.16,1559.77,3356.43,3356.03,3355.45,2700.72,276.12,112.32,35.3,39.93,15.68,14.19,25.25,34.75,30.0,27.0,24.49,16.9,13.6,19.72
2025-10-16,1766.85,2022.27,1950.03,2570.12,1569.08,3377.03,3348.38,3350.71,2724.92,277.08,112.37,35.6,39.9,15.89,13.3,25.25,34.6,30.2,27.95,24.45,16.64,13.5,19.72
2025-10-17,1731.19,1977.14,1908.4,2532.93,1560.04,3299.89,3285.15,3283.04,2691.58,276.11,112.67,34.9,39.51,15.9,14.05,25.29,33.71,29.49,28.5,24.19,16.73,13.49,19.38
2025-10-20,1636.43,1870.86,1800.51,2376.18,1491.31,3111.62,3072.46,3081.07,2543.88,263.02,110.31,34.0,38.0,15.8,13.07,25.05,31.52,28.94,26.61,22.98,16.0,12.6,18.04
2025-10-21,1663.43,1915.9,1832.98,2374.35,1501.53,3176.22,3105.31,3120.1,2613.84,264.65,109.46,33.8,38.55,15.79,12.99,24.51,32.0,29.3,28.4,23.18,15.89,12.99,18.39
2025-10-22,1678.5,1930.88,1847.12,2397.18,1514.72,3198.64,3111.33,3130.69,2651.59,268.69,109.82,34.0,38.6,15.78,12.99,24.75,31.7,29.35,28.0,23.28,16.33,13.0,18.22
2025-10-23,1687.06,1945.78,1854.2,2379.3,1516.48,3216.27,3084.02,3113.07,2656.38,266.78,111.04,34.52,39.2,15.0,12.1,24.61,31.63,29.3,27.49,23.6,16.5,13.16,18.31
2025-10-24,1683.18,1944.6,1848.01,2363.85,1510.01,3207.66,3020.69,3068.79,2652.99,267.28,110.87,34.35,39.0,14.8,12.1,24.35,31.4,29.45,26.9,23.56,16.5,13.14,18.04
2025-10-27,1652.54,1900.76,1810.65,2330.7,1506.85,3138.61,2964.03,3021.58,2590.75,265.36,111.24,33.9,38.5,14.79,12.31,24.13,31.0,29.5,25.9,23.29,16.1,13.09,18.04
2025-10-28,1680.5,1949.28,1853.69,2375.43,1523.18,3216.01,3040.26,3091.94,2655.21,266.78,110.96,34.4,38.5,14.7,12.5,24.23,31.3,29.5,25.3,23.6,16.36,13.11,18.15
2025-10-29,1685.83,1949.76,1859.11,2400.97,1544.01,3222.59,3074.01,3126.78,2689.12,268.04,112.64,34.55,39.0,14.82,12.5,24.23,31.64,29.2,25.39,23.6,16.62,13.26,18.46
2025-10-30,1669.57,1925.18,1835.82,2380.39,1545.61,3180.7,3024.58,3074.95,2685.2,266.96,113.42,34.42,39.44,14.51,13.31,24.3,31.46,29.3,25.3,23.4,16.62,13.09,18.18
2025-10-31,1639.65,1885.36,1798.62,2346.31,1540.69,3113.44,2968.63,3022.02,2660.31,265.85,113.46,34.13,39.15,14.85,12.9,24.27,31.0,29.57,25.69,23.14,16.53,12.87,17.92
2025-11-03,1617.0,1857.64,1765.36,2278.14,1524.66,3053.99,2864.59,2940.87,2612.82,259.18,114.63,33.2,38.89,14.5,12.99,23.97,30.1,29.0,25.8,22.6,16.35,12.59,17.24
2025-11-04,1651.98,1897.71,1812.1,2345.44,1542.53,3139.45,2984.68,3046.4,2639.09,265.91,115.28,33.97,39.4,14.77,12.98,23.9,30.8,28.89,25.9,23.0,16.2,12.9,18.01
2025-11-05,1654.89,1886.47,1802.59,2323.32,1526.89,3123.76,2957.3,3020.37,2611.06,266.7,116.5,33.3,38.96,14.76,12.98,23.77,30.2,29.5,25.9,22.98,16.2,12.86,18.01
2025-11-06,1642.64,1869.6,1785.91,2303.18,1527.71,3092.4,2903.15,2975.7,2584.8,266.15,116.22,33.18,38.68,14.67,12.97,23.7,30.22,29.35,25.75,23.01,16.21,12.7,18.01
2025-11-07,1599.1,1824.71,1735.99,2239.14,1504.6,3003.17,2813.88,2890.96,2526.72,260.11,116.75,32.4,37.8,14.68,12.97,22.86,29.31,28.25,25.2,22.12,15.88,12.38,17.2
2025-11-10,1580.54,1804.18,1715.56,2200.08,1498.57,2967.53,2806.42,2874.08,2489.81,258.18,117.45,32.19,37.1,14.28,12.69,22.97,29.02,28.05,25.69,22.26,15.55,12.3,16.88
2025-11-11,1593.61,1821.6,1732.96,2229.24,1502.81,2999.43,2839.8,2895.08,2509.46,261.08,117.85,32.33,37.1,14.8,12.69,23.0,29.15,28.01,25.69,22.2,15.55,12.37,16.85
2025-11-12,1631.86,1872.27,1779.78,2280.39,1524.18,3082.78,2906.99,2958.27,2574.06,264.79,119.03,33.15,37.95,14.7,12.69,23.55,29.76,28.5,25.65,22.81,16.04,12.71,17.18
2025-11-13,1631.44,1864.23,1773.67,2280.26,1529.68,3070.42,2883.28,2938.91,2566.98,266.29,120.04,32.85,38.23,14.79,12.89,23.42,29.8,28.0,25.69,22.42,16.0,12.66,17.18
2025-11-14,1635.46,1871.54,1780.35,2296.95,1529.98,3083.09,2884.39,2941.9,2577.16,267.61,120.09,33.0,38.29,14.33,12.97,23.4,29.7,28.0,25.6,22.7,15.93,12.66,17.18
2025-11-17,1654.42,1893.54,1804.18,2335.81,1539.05,3124.15,2914.67,2972.39,2598.94,268.69,120.66,33.38,38.31,14.85,12.52,23.79,30.0,28.01,25.69,22.94,16.23,12.84,17.37
2025-11-18,1659.92,1898.07,1810.72,2339.17,1541.2,3136.89,2933.27,2984.89,2603.54,267.36,120.0,33.55,38.34,15.29,12.08,23.66,30.4,28.39,25.9,22.96,16.11,12.75,17.49
2025-11-19,1649.0,1886.2,1796.7,2305.95,1529.44,3113.69,2900.56,2958.87,2576.52,265.03,119.64,33.25,38.3,14.89,12.87,23.7,29.85,28.25,25.7,22.78,15.86,12.75,17.49
2025-11-20,1655.99,1897.46,1804.39,2296.26,1528.7,3128.4,2905.62,2959.52,2565.3,264.23,119.51,33.3,37.8,14.89,12.9,23.7,29.96,28.3,25.85,23.12,15.86,12.8,17.49
2025-11-21,1654.93,1899.89,1802.47,2280.74,1524.75,3125.36,2890.22,2942.26,2563.34,263.13,118.69,33.6,37.78,14.59,12.95,23.7,29.75,28.2,25.65,23.11,16.0,12.9,17.49
2025-11-24,1667.98,1916.36,1813.34,2272.46,1516.77,3146.72,2883.68,2935.24,2556.74,261.22,118.93,33.77,37.55,14.99,12.95,24.5,29.95,28.3,25.53,23.3,15.91,12.97,17.32
2025-11-25,1660.36,1909.6,1803.41,2247.13,1499.59,3129.79,2839.31,2900.12,2531.55,257.3,118.92,33.88,37.31,15.0,12.95,24.0,29.64,28.15,25.53,23.21,15.84,12.8,17.21
2025-11-26,1680.36,1923.55,1826.35,2305.23,1515.28,3169.07,2894.51,2947.65,2558.21,261.91,119.22,34.05,37.7,14.5,12.95,24.08,29.8,28.3,25.6,23.36,15.94,13.04,17.21
2025-11-27,1684.32,1921.18,1827.32,2310.75,1512.63,3169.93,2893.67,2949.4,2573.38,261.43,119.36,33.95,37.72,14.9,12.95,24.0,29.77,28.4,25.25,23.1,15.74,12.52,17.21
2025-11-28,1690.99,1923.92,1829.88,2295.67,1509.97,3176.25,2879.36,2932.56,2560.84,259.91,118.98,33.77,37.47,14.92,13.12,23.5,29.61,28.0,25.59,23.4,15.84,13.01,17.19
2025-12-01,1701.67,1933.56,1834.56,2282.47,1505.55,3183.28,2862.23,2911.55,2545.37,257.91,119.14,34.1,37.67,14.93,12.26,24.25,29.62,28.09,25.65,23.48,15.78,13.09,17.19
2025-12-02,1717.06,1950.12,1847.4,2285.96,1507.54,3206.4,2882.62,2927.59,2545.71,258.87,119.7,34.4,37.89,14.95,12.99,24.15,29.65,28.49,25.66,23.8,15.78,13.1,16.98
2025-12-03,1731.77,1971.99,1868.56,2310.55,1520.2,3243.09,2948.95,2995.31,2602.13,259.67,120.16,34.95,38.52,15.0,13.09,24.61,30.38,28.5,25.9,24.0,16.14,13.38,17.32
2025-12-04,1737.24,1979.53,1878.72,2328.21,1530.08,3262.24,2988.48,3032.57,2624.64,262.31,120.94,35.0,38.65,15.1,12.2,24.75,30.8,28.5,25.7,24.0,16.26,13.41,17.88
2025-12-05,1741.32,1975.5,1876.2,2309.86,1522.59,3258.18,2937.93,2984.7,2598.56,260.65,120.49,34.99,38.6,14.95,13.0,24.6,30.35,28.45,25.8,24.08,16.08,13.4,17.62
2025-12-08,1753.74,1983.82,1880.12,2276.25,1520.83,3265.14,2911.01,2951.33,2576.42,258.68,119.88,35.05,38.06,15.0,12.99,24.85,30.19,28.45,25.83,24.06,15.98,13.45,17.43
2025-12-09,1747.17,1973.02,1869.86,2258.67,1521.05,3247.14,2862.0,2899.44,2550.68,257.14,119.68,35.11,37.84,15.0,12.94,24.58,29.63,28.44,26.1,24.02,15.82,13.39,17.43
2025-12-10,1718.98,1946.98,1844.94,2239.97,1516.15,3203.42,2876.36,2913.23,2541.62,256.48,119.11,34.4,37.84,15.0,12.92,24.2,29.63,28.4,25.9,23.74,15.76,13.26,17.05
2025-12-11,1698.9,1924.29,1827.05,2238.19,1510.37,3170.16,2845.08,2888.61,2529.49,255.87,119.99,34.28,37.58,15.01,12.5,24.52,29.54,28.3,25.8,23.48,15.7,13.14,17.05
2025-12-12,1646.89,1867.03,1767.08,2142.29,1473.73,3064.55,2735.78,2790.34,2456.85,250.09,119.26,33.36,36.88,15.0,12.9,24.49,28.85,27.8,25.75,22.77,15.44,12.72,16.6
2025-12-15,1646.01,1869.84,1765.08,2133.47,1468.41,3062.95,2747.89,2789.95,2454.23,249.37,118.55,33.34,36.26,14.4,12.7,23.87,28.34,27.78,25.47,22.63,15.24,12.55,16.6
2025-12-16,1679.18,1909.87,1807.62,2204.0,1492.14,3138.28,2833.8,2875.34,2524.05,255.08,118.3,33.88,37.3,14.5,12.9,24.25,29.35,28.39,25.82,23.32,15.68,12.99,16.87
2025-12-17,1673.66,1897.95,1798.31,2195.26,1491.09,3121.75,2811.36,2855.74,2521.58,253.12,118.76,33.6,37.31,14.72,12.9,24.07,29.12,27.8,25.6,23.13,15.64,12.92,16.87
2025-12-18,1676.98,1903.47,1804.06,2197.15,1491.21,3131.76,2839.63,2875.94,2519.94,253.23,118.75,33.7,37.38,14.68,12.13,23.98,29.15,28.0,25.42,23.14,15.6,12.96,16.69
2025-12-19,1704.31,1933.28,1831.78,2213.98,1485.72,3185.49,2871.1,2901.72,2536.26,253.97,119.41,34.0,37.21,14.65,12.15,24.0,29.43,28.1,25.57,23.41,15.71,13.1,17.13
2025-12-22,1751.03,1985.28,1885.64,2259.15,1494.48,3283.47,2956.08,2977.28,2582.85,257.23,119.84,35.19,37.89,14.6,12.89,24.76,30.48,28.3,25.85,24.0,16.13,13.25,17.27
2025-12-23,1772.15,2012.87,1907.33,2244.64,1492.9,3325.91,2955.93,2965.36,2587.26,255.47,119.95,35.68,37.98,14.6,12.89,24.76,30.44,28.59,25.7,24.45,16.06,13.6,17.27
2025-12-24,1782.82,2023.13,1922.8,2252.07,1489.72,3355.06,3002.52,3005.86,2600.8,252.6,119.9,35.68,38.26,15.0,12.89,25.2,30.53,28.4,25.7,24.5,16.06,13.7,17.35
2025-12-25,1742.85,1976.21,1873.79,2220.68,1479.99,3264.1,2938.07,2949.3,2568.36,250.98,120.15,35.2,38.16,15.06,12.89,25.3,30.33,28.35,25.7,24.6,16.09,13.56,17.57
2025-12-26,1729.8,1965.97,1861.57,2210.52,1473.74,3241.87,2930.57,2940.88,2560.33,250.53,119.28,35.49,37.98,14.8,12.5,25.12,30.2,28.01,25.5,23.83,15.97,13.31,17.33
2025-12-29,1754.84,1990.66,1884.24,2223.27,1478.18,3283.61,2937.81,2949.9,2574.96,251.22,120.21,35.4,37.76,14.95,13.34,24.91,30.2,28.0,25.5,24.23,16.05,13.5,17.33
2025-12-30,1766.9,2009.7,1900.27,2230.45,1478.9,3312.32,2964.89,2972.62,2603.05,250.5,120.75,35.76,38.15,15.05,13.34,25.19,30.28,28.0,25.69,24.36,16.18,13.61,17.33
2025-12-31,1784.49,2030.63,1918.0,2217.21,1475.95,3345.82,2971.37,2979.56,2610.82,248.77,120.97,36.09,38.3,14.81,12.45,25.49,30.36,28.42,25.52,24.81,16.31,13.77,17.57
2026-01-05,1788.4,2028.68,1912.69,2183.61,1460.72,3339.53,2924.81,2933.24,2598.26,246.74,120.61,36.0,38.3,14.95,12.85,25.3,30.0,28.4,25.6,24.72,16.1,13.78,17.06
2026-01-06,1816.27,2055.96,1935.93,2186.79,1458.46,3382.46,2973.96,2978.0,2622.41,246.52,120.14,36.5,38.31,14.94,11.99,25.69,30.1,28.5,25.6,25.12,16.4,14.0,17.5
2026-01-07,1861.58,2096.76,1973.69,2227.87,1472.87,3448.71,2999.55,3009.93,2672.46,249.4,121.04,37.0,39.0,14.8,12.82,26.15,30.79,28.68,25.81,25.43,16.63,14.2,17.73
2026-01-08,1855.56,2074.03,1956.73,2220.81,1467.06,3418.17,3005.68,3019.36,2655.03,249.1,121.59,36.95,39.01,14.8,12.82,26.14,30.71,30.47,26.48,25.33,16.56,14.12,17.68
2026-01-09,1867.9,2066.21,1944.22,2175.65,1455.18,3394.64,2991.42,3009.88,2636.82,247.1,121.83,36.94,39.15,14.75,12.82,25.98,30.78,30.44,26.45,25.2,16.36,14.04,17.68
2026-01-12,1877.33,2080.24,1961.77,2236.28,1477.18,3423.42,3122.17,3132.84,2700.33,251.88,122.56,36.9,39.99,14.78,13.2,25.95,32.16,30.34,26.5,25.34,16.77,14.05,18.13
2026-01-13,1902.93,2089.21,1976.38,2274.23,1486.18,3447.16,3122.27,3131.6,2691.29,252.85,123.24,37.03,39.77,14.8,13.1,26.08,32.35,30.5,26.95,25.38,16.68,14.15,18.35
2026-01-14,1894.44,2067.1,1950.48,2266.7,1493.96,3394.64,3089.92,3104.4,2663.02,253.32,124.89,36.7,39.36,14.99,13.09,25.98,31.9,30.44,26.7,25.21,16.51,13.95,18.35
2026-01-15,1864.8,2047.48,1935.22,2280.63,1500.76,3362.83,3092.14,3107.64,2652.1,253.16,126.08,36.3,39.1,14.7,13.09,25.87,32.1,30.0,26.3,24.93,16.51,13.87,17.91
2026-01-16,1879.13,2080.35,1956.26,2277.93,1504.25,3402.92,3080.06,3098.02,2707.75,252.28,127.06,36.87,39.7,15.0,13.2,26.03,31.65,30.38,26.7,25.4,16.77,14.21,18.2
2026-01-19,1896.59,2094.24,1971.81,2297.36,1506.65,3432.46,3115.7,3123.39,2736.11,254.95,126.36,37.0,40.06,14.8,13.2,26.19,31.99,30.4,26.78,25.38,16.9,14.23,18.26
2026-01-20,1893.78,2085.61,1964.23,2284.13,1509.72,3418.43,3109.22,3120.88,2724.96,253.11,126.59,36.8,39.7,14.8,13.2,25.9,31.85,30.5,26.6,25.19,16.85,14.15,18.26
2026-01-21,1885.44,2080.38,1954.03,2245.6,1496.67,3405.96,3091.14,3107.22,2711.36,252.66,125.93,36.8,39.51,14.68,13.27,26.04,32.1,30.0,26.2,25.2,16.8,14.09,18.17
2026-01-22,1882.73,2082.35,1961.84,2277.85,1514.96,3416.73,3103.62,3121.22,2719.36,258.43,127.17,36.8,39.9,14.8,13.09,25.85,31.92,30.5,26.6,25.15,16.85,14.14,18.17
2026-01-23,1870.79,2077.76,1956.64,2248.06,1499.31,3411.34,3091.09,3103.57,2701.54,252.96,127.07,36.85,39.51,14.85,13.09,25.9,31.95,30.54,26.79,25.31,16.8,14.18,18.17
2026-01-26,1843.72,2032.28,1909.38,2182.19,1472.95,3325.8,3014.26,3036.95,2652.27,247.3,126.56,36.25,39.28,14.95,13.49,25.73,31.19,30.35,26.36,25.03,16.55,13.65,17.9
2026-01-27,1830.5,2019.88,1893.38,2184.25,1474.28,3292.91,3018.74,3043.55,2672.32,252.84,126.92,35.9,39.45,14.8,13.39,25.5,31.18,30.35,26.35,24.58,16.55,13.65,17.9
2026-01-28,1802.91,1997.13,1869.14,2187.77,1475.1,3249.19,3003.86,3026.03,2681.83,252.47,127.71,35.73,39.64,14.8,13.09,25.79,31.16,29.4,26.98,24.22,16.67,13.58,17.68
2026-01-29,1814.98,2018.98,1881.82,2203.76,1486.23,3271.77,3000.67,3020.24,2731.34,252.72,128.44,35.8,40.0,14.87,13.59,25.4,30.9,29.1,27.67,24.47,16.97,13.67,17.68
2026-01-30,1829.04,2029.81,1895.4,2227.23,1493.66,3298.69,3039.68,3054.82,2767.07,256.13,129.06,35.91,40.3,14.95,13.3,25.88,31.17,30.35,27.44,24.72,17.14,13.79,17.89
2026-02-02,1806.5,2004.31,1869.17,2217.83,1496.6,3249.88,3007.46,3033.37,2727.47,260.39,129.12,36.53,39.9,14.56,12.69,25.8,30.98,30.01,27.44,24.4,16.91,13.6,17.73
2026-02-03,1813.4,1997.69,1872.59,2257.39,1509.24,3251.56,3012.57,3036.44,2736.75,265.18,128.7,35.97,40.23,14.76,13.41,25.88,30.64,30.29,27.47,24.34,16.87,13.55,17.85
2026-02-04,1791.43,1988.19,1861.24,2261.0,1517.02,3231.65,3023.48,3046.63,2731.98,265.95,129.28,35.7,40.01,14.83,13.0,25.71,30.8,30.2,27.47,24.28,16.93,13.45,17.85
2026-02-05,1782.56,1969.27,1847.81,2221.56,1500.9,3209.91,2984.06,3001.08,2685.88,263.04,128.59,35.29,39.73,14.69,12.99,25.8,30.71,30.1,27.5,24.24,16.85,13.51,17.86
2026-02-06,1755.49,1943.6,1817.49,2154.2,1472.58,3158.38,2927.96,2951.25,2627.59,256.28,125.51,34.97,39.4,14.6,12.99,25.75,30.15,29.95,27.5,23.82,16.47,13.25,17.41
2026-02-09,1754.82,1947.75,1819.63,2160.15,1471.38,3162.78,2922.09,2946.11,2653.45,256.01,126.42,34.55,39.12,14.59,13.07,25.8,30.0,29.94,27.5,23.77,16.5,13.25,17.41
2026-02-10,1754.03,1951.58,1826.92,2149.34,1465.24,3179.77,2918.21,2936.05,2648.43,253.77,126.0,34.76,39.78,14.69,12.28,25.0,29.76,29.94,27.5,23.78,16.43,13.2,17.31
2026-02-11,1796.85,2000.9,1879.24,2208.27,1484.56,3274.54,3020.8,3026.4,2718.48,255.86,126.46,35.44,40.0,14.47,12.28,25.2,30.88,29.92,27.61,24.34,16.81,13.55,17.5
2026-02-12,1814.09,2016.47,1895.81,2220.94,1488.7,3305.57,3013.03,3021.91,2740.4,256.48,125.94,35.85,40.39,14.36,12.28,25.45,30.84,29.8,27.7,24.48,17.07,13.66,17.77
2026-02-13,1824.09,2018.64,1904.16,2243.4,1490.73,3319.74,3035.53,3044.53,2735.71,257.06,127.34,36.0,40.67,14.3,13.13,25.47,30.89,29.8,27.94,24.51,16.95,13.7,17.77
2026-02-23,1860.14,2039.8,1927.92,2284.47,1508.06,3357.2,3067.64,3078.65,2738.74,261.83,128.05,36.1,40.43,14.17,13.3,25.8,31.17,30.03,27.77,24.7,16.95,13.79,18.0
2026-02-24,1867.62,2050.85,1936.82,2304.24,1517.36,3374.05,3075.65,3085.51,2747.1,262.72,128.04,36.16,40.33,14.5,13.59,25.88,31.3,30.13,27.68,24.83,17.04,13.79,18.1
2026-02-25,1860.91,2049.64,1932.71,2293.16,1519.08,3368.87,3107.09,3110.08,2742.83,263.23,128.72,36.2,40.1,14.62,13.5,25.85,31.53,30.32,27.67,24.84,17.09,13.91,18.32
2026-02-26,1879.64,2069.82,1952.69,2302.01,1518.0,3404.37,3116.85,3122.96,2757.87,262.33,128.85,36.54,40.65,14.54,13.26,26.05,31.85,30.31,27.68,25.26,17.19,13.95,18.27
2026-02-27,1880.33,2061.75,1948.72,2300.03,1517.43,3397.19,3095.91,3103.83,2770.51,262.82,129.31,36.4,40.8,14.42,13.3,25.52,31.79,30.25,27.03,25.11,17.19,14.01,18.27
2026-03-02,1846.1,2010.75,1903.5,2273.86,1500.1,3311.53,3015.08,3026.27,2705.81,259.0,128.71,35.7,40.3,14.39,13.3,25.35,30.64,29.93,27.0,24.73,16.76,13.78,18.02
2026-03-03,1813.14,1959.35,1864.78,2273.36,1504.02,3241.72,2984.2,2998.65,2656.41,260.01,129.06,34.87,39.75,14.34,13.22,24.89,30.1,29.4,26.45,23.95,16.5,13.3,17.16
2026-03-04,1818.27,1956.53,1856.66,2247.12,1491.7,3228.64,2968.47,2991.25,2624.04,257.85,127.23,34.59,38.82,13.99,13.14,24.47,30.19,29.05,26.06,23.75,16.33,13.26,17.18
2026-03-05,1808.51,1942.76,1850.66,2225.85,1485.99,3218.65,2942.19,2971.86,2580.64,257.59,127.9,34.89,38.2,14.42,13.25,24.55,30.65,30.0,26.9,23.8,16.17,13.3,17.44
2026-03-06,1767.84,1904.19,1817.73,2200.78,1467.81,3160.02,2897.58,2928.83,2539.51,253.64,126.85,34.1,37.68,13.95,12.88,24.73,29.95,29.96,26.5,23.27,15.93,12.95,17.39
2026-03-09,1652.79,1780.71,1699.6,2058.13,1378.64,2952.28,2704.99,2740.28,2363.39,235.36,119.35,32.8,35.05,12.98,11.98,23.1,28.89,28.5,25.75,21.65,14.82,12.05,16.18
2026-03-10,1676.73,1836.96,1740.71,2076.51,1384.92,3032.21,2796.56,2832.46,2468.05,240.07,122.25,33.89,36.89,13.88,11.98,23.95,29.88,29.89,26.0,22.42,15.41,12.45,16.66
2026-03-11,1728.34,1889.94,1796.23,2169.33,1423.4,3128.57,2866.4,2901.47,2551.39,247.02,124.09,33.99,37.52,14.6,12.65,24.2,30.37,29.89,26.33,22.9,15.75,12.8,16.66
2026-03-12,1709.61,1859.8,1776.44,2169.16,1416.6,3090.15,2816.93,2855.9,2514.01,247.85,123.85,32.9,36.86,14.28,12.56,24.2,29.02,28.69,25.6,22.73,15.59,12.57,16.77
2026-03-13,1696.24,1853.6,1772.56,2161.06,1416.26,3082.64,2805.0,2850.57,2495.36,245.84,124.75,32.89,36.85,14.42,12.89,24.5,29.02,29.0,25.0,22.42,15.62,12.62,16.76
2026-03-16,1693.21,1852.99,1772.6,2151.46,1414.85,3085.89,2810.13,2855.44,2497.1,245.74,125.04,32.88,37.08,14.41,12.88,24.0,28.9,29.0,25.46,22.43,15.46,12.54,16.63
2026-03-17,1710.29,1873.65,1788.73,2156.31,1413.74,3117.48,2838.17,2890.14,2522.76,246.86,125.51,33.23,37.35,14.49,12.83,24.39,29.23,28.92,25.0,22.89,15.77,12.88,16.96
2026-03-18,1713.83,1868.84,1783.56,2154.22,1415.19,3105.22,2810.01,2867.78,2525.38,247.78,124.86,33.25,37.3,14.2,12.7,23.47,28.61,28.02,25.36,22.88,15.7,12.66,16.75
2026-03-19,1699.13,1854.19,1771.74,2136.07,1407.75,3083.04,2787.63,2848.58,2502.7,245.73,123.95,32.8,37.11,14.65,11.87,24.1,28.7,28.99,25.0,22.56,15.43,12.46,16.55
2026-03-20,1647.81,1797.99,1726.81,2111.97,1391.25,3002.93,2751.03,2797.41,2466.15,243.46,123.74,31.98,36.55,14.06,11.9,22.69,28.4,28.65,25.05,21.98,15.3,12.24,16.46
2026-03-23,1591.17,1741.05,1664.96,2019.95,1348.61,2893.32,2644.93,2706.53,2352.71,237.54,121.32,31.14,35.25,14.0,11.9,22.38,27.61,28.1,24.85,21.34,14.61,11.87,15.82
2026-03-24,1614.77,1770.16,1696.93,2076.57,1377.62,2950.52,2709.84,2770.85,2419.3,243.81,122.73,31.33,35.3,14.49,11.17,22.69,27.63,28.08,24.76,21.53,15.04,11.89,16.25
2026-03-25,1658.19,1814.73,1744.4,2143.91,1403.61,3031.91,2787.17,2836.87,2496.73,249.67,123.74,32.17,36.6,14.85,11.7,23.0,28.47,28.8,24.77,22.11,15.53,12.31,16.45
2026-03-26,1644.63,1791.25,1728.57,2140.17,1398.62,3000.95,2759.51,2811.02,2457.86,248.21,123.59,31.8,36.11,14.78,11.7,23.05,28.64,28.8,24.73,21.8,15.22,12.18,16.43
2026-03-27,1672.8,1821.53,1759.1,2190.66,1419.04,3053.22,2802.15,2849.07,2509.82,252.36,124.32,32.31,36.87,15.0,11.8,23.2,28.7,28.5,24.67,22.27,15.52,12.34,16.44
2026-03-30,1662.54,1811.92,1749.23,2181.71,1413.8,3035.46,2783.37,2834.46,2480.45,250.59,124.81,32.0,36.4,14.95,11.7,23.1,28.5,28.5,24.79,22.09,15.41,12.19,16.44
2026-03-31,1674.49,1829.59,1767.05,2195.29,1422.71,3067.69,2821.93,2865.47,2501.57,250.98,126.42,32.44,36.67,15.08,11.6,23.19,28.65,28.95,24.73,22.26,15.61,12.41,16.69
2026-04-01,1702.93,1861.84,1792.16,2202.12,1430.44,3115.11,2838.25,2886.07,2510.78,251.46,127.62,32.92,37.46,15.35,11.63,23.72,29.0,29.08,24.73,22.76,15.58,12.68,16.94
2026-04-02,1694.82,1852.99,1781.33,2177.37,1418.77,3095.5,2796.35,2847.29,2478.9,250.36,127.27,32.9,36.31,15.35,11.02,23.5,28.8,29.2,24.64,22.49,15.37,12.55,16.72
2026-04-03,1684.04,1837.43,1766.97,2141.97,1406.6,3073.19,2770.11,2829.73,2434.54,248.68,126.53,32.7,35.81,15.35,10.53,23.45,28.68,29.17,24.5,22.41,15.15,12.43,16.55
2026-04-06,1674.99,1836.25,1760.97,2115.92,1389.84,3064.71,2747.96,2828.99,2405.99,245.03,125.83,32.4,35.53,15.35,11.25,23.6,28.0,28.49,23.8,22.34,14.93,12.41,16.63
2026-04-07,1677.54,1840.96,1769.19,2134.68,1389.45,3079.76,2771.22,2853.43,2392.6,246.7,125.64,32.69,35.33,15.3,11.25,23.49,28.1,29.9,24.2,22.37,14.86,12.47,16.63
2026-04-08,1756.55,1931.01,1856.15,2234.53,1426.12,3235.72,2920.56,2983.37,2520.13,253.32,127.7,34.96,37.05,16.0,12.03,24.27,29.64,30.83,25.4,23.52,15.65,12.93,17.41
2026-04-09,1736.68,1915.01,1843.49,2233.44,1427.45,3213.85,2903.13,2965.26,2507.62,250.98,127.5,34.1,36.92,15.99,12.83,23.85,29.7,30.7,25.3,23.38,15.54,12.98,17.33
2026-04-10,1750.0,1928.23,1856.76,2242.64,1425.33,3238.48,2931.11,2997.58,2518.57,251.91,127.38,34.2,37.29,16.1,12.97,24.13,30.04,30.69,25.32,23.45,15.66,13.03,17.54
2026-04-13,1758.96,1925.66,1860.33,2254.76,1423.92,3242.7,2905.61,2973.83,2509.51,251.66,127.7,34.05,37.14,14.98,12.87,24.1,29.87,30.49,25.35,23.48,15.54,13.02,17.3
2026-04-14,1775.65,1946.55,1878.19,2258.59,1428.22,3275.27,2921.17,2984.58,2522.95,252.41,127.96,34.38,37.06,14.8,12.85,24.18,29.97,30.4,25.47,23.55,15.64,13.14,17.42
2026-04-15,1800.65,1961.6,1892.92,2247.84,1421.94,3302.54,2916.19,2974.32,2504.65,252.72,128.85,34.64,37.0,14.8,12.85,24.35,29.9,29.8,25.9,23.74,15.52,13.25,17.42
2026-04-16,1819.83,1979.19,1908.08,2238.44,1416.27,3330.54,2907.76,2959.88,2501.28,256.49,128.22,34.9,36.85,14.89,13.0,24.79,29.82,30.0,25.8,24.0,15.47,13.35,17.32
2026-04-17,1817.17,1988.11,1907.34,2235.94,1417.22,3330.93,2915.64,2962.98,2551.03,260.0,128.37,35.0,37.41,14.47,13.0,24.72,29.86,30.0,25.9,24.3,15.93,13.48,17.39
2026-04-20,1837.11,2009.04,1927.96,2247.67,1419.18,3367.94,2928.91,2977.56,2577.4,257.33,129.49,35.33,37.64,14.79,13.0,24.85,29.82,29.53,26.0,24.29,15.98,13.5,17.43
2026-04-21,1833.48,2007.08,1925.79,2228.94,1412.16,3365.84,2921.22,2977.65,2542.84,253.27,129.23,35.43,37.65,14.48,12.99,25.07,29.86,29.92,26.36,24.47,15.9,13.61,17.43
2026-04-22,1857.3,2025.41,1943.91,2229.82,1412.09,3397.86,2915.64,2972.18,2539.11,255.36,128.86,35.5,37.24,14.84,13.19,24.9,29.6,29.99,26.1,24.52,15.9,13.71,17.43
2026-04-23,1870.36,2024.74,1944.05,2212.42,1407.32,3396.94,2907.23,2966.9,2523.12,253.23,128.31,35.97,36.98,14.42,13.19,25.15,29.64,29.9,26.4,24.53,15.82,13.74,17.43
2026-04-24,1853.29,2011.42,1930.67,2206.44,1408.69,3372.51,2903.77,2961.09,2513.16,251.95,127.54,35.77,37.2,14.48,12.8,24.99,29.65,30.0,26.2,24.54,15.43,13.6,17.43
2026-04-28,1875.84,2041.4,1952.67,2182.07,1402.22,3416.43,2900.2,2955.33,2505.83,249.44,127.68,35.8,36.9,14.12,12.8,25.25,29.75,29.95,26.29,24.68,15.45,13.79,17.43
2026-04-29,1854.1,2022.75,1936.31,2194.26,1407.28,3385.61,2887.15,2950.33,2498.86,250.66,127.49,35.87,36.82,14.01,12.99,25.2,29.6,30.04,26.41,24.47,15.51,13.66,17.2
2026-05-04,1854.06,2014.62,1928.89,2198.17,1410.0,3370.22,2882.26,2944.05,2497.35,250.04,127.71,35.87,37.1,13.95,12.9,25.15,29.77,29.98,26.39,24.48,15.51,13.62,17.65
2026-05-05,1874.85,2032.3,1944.47,2187.48,1404.66,3397.94,2876.02,2940.77,2499.31,247.42,127.26,36.0,36.93,13.85,12.9,25.11,29.2,30.0,26.26,24.54,15.5,13.8,17.28
2026-05-06,1891.2,2053.41,1967.64,2224.83,1412.37,3440.74,2930.38,2995.52,2515.88,248.46,127.65,36.27,36.85,13.81,13.05,25.36,29.79,30.68,26.5,24.86,15.6,13.88,17.59
2026-05-07,1909.01,2079.1,1992.48,2222.46,1407.47,3491.06,2961.24,3030.94,2521.68,247.76,128.18,36.69,37.25,13.8,13.05,25.55,30.18,30.5,26.79,25.27,15.79,14.05,17.7
2026-05-08,1915.37,2074.06,1997.02,2237.7,1401.01,3502.03,2972.55,3043.41,2514.54,246.49,127.33,36.68,37.04,13.79,12.8,25.7,30.23,30.49,26.7,25.15,15.7,14.0,17.75
2026-05-11,1895.5,2040.51,1978.37,2243.79,1393.96,3467.79,2962.01,3036.12,2488.16,248.06,127.23,36.26,36.6,13.84,12.8,25.66,30.27,29.92,26.75,25.0,15.43,13.95,17.75
2026-05-12,1901.1,2053.97,1988.39,2247.13,1394.39,3488.29,2978.93,3061.31,2500.42,253.28,126.6,36.35,36.6,13.82,13.0,25.69,30.3,30.6,26.98,25.05,15.54,13.96,17.74
2026-05-13,1898.37,2043.51,1976.98,2249.55,1395.29,3463.11,2957.31,3046.46,2497.44,254.62,126.28,36.35,36.6,13.8,13.0,25.49,30.21,30.58,26.9,24.98,15.54,13.93,17.74
2026-05-14,1925.46,2068.62,1996.22,2251.3,1395.04,3500.05,2982.93,3056.58,2529.67,255.07,126.35,36.68,36.82,13.8,12.8,25.7,30.01,30.12,27.05,25.24,15.75,13.98,17.86
2026-05-15,1921.6,2050.58,1982.89,2242.25,1392.54,3474.06,2955.2,3034.72,2495.06,257.42,126.4,36.52,36.65,13.75,12.02,25.63,30.21,30.9,26.44,25.0,15.64,13.99,17.86
2026-05-18,1927.94,2046.37,1978.45,2243.79,1393.03,3463.94,2955.11,3042.73,2474.11,259.25,125.9,36.42,36.3,13.77,12.86,25.63,30.18,30.67,26.99,25.0,15.49,13.93,17.86
2026-05-19,1912.93,2027.45,1965.64,2243.36,1381.25,3440.93,2913.73,3007.5,2445.04,259.5,126.19,36.17,36.29,13.8,13.72,25.31,30.0,30.6,26.91,24.94,15.37,13.91,17.73
2026-05-20,1913.23,2028.94,1958.35,2208.87,1370.77,3430.01,2880.27,2981.28,2443.7,261.33,125.2,35.93,35.82,13.76,13.4,25.5,29.6,30.2,26.77,24.92,15.31,13.9,17.73
2026-05-21,1896.89,2027.51,1952.0,2192.94,1370.97,3418.63,2885.84,2990.32,2439.1,264.37,126.02,36.0,35.84,13.54,12.57,25.45,29.76,30.5,26.78,24.76,15.24,13.91,17.73
2026-05-22,1877.13,2010.93,1937.14,2181.34,1371.29,3390.92,2878.32,2985.14,2426.0,267.51,125.65,35.82,35.9,13.6,13.2,25.32,29.2,30.3,26.6,24.51,15.24,13.68,17.73
2026-05-25,1886.03,2021.72,1950.39,2183.93,1366.54,3416.97,2894.99,3007.13,2428.12,271.8,126.11,35.89,36.12,13.7,13.2,25.37,29.79,30.34,26.8,24.74,15.25,13.85,17.73
2026-05-26,1884.18,2027.9,1956.87,2200.38,1370.15,3429.39,2935.08,3047.41,2462.98,278.15,126.05,36.04,36.45,13.7,13.2,25.52,29.97,30.39,26.85,24.93,15.45,13.85,18.1
2026-05-27,1874.43,2022.46,1951.75,2199.57,1369.81,3419.7,2949.17,3064.52,2477.66,282.23,126.1,35.9,36.5,13.7,13.2,25.45,30.3,30.2,26.94,24.75,15.47,13.84,18.1
2026-05-28,1863.67,1999.82,1933.02,2169.55,1363.14,3387.92,2887.7,3004.63,2426.44,285.56,125.63,35.79,36.0,13.6,13.3,25.5,29.84,30.29,26.8,24.73,15.37,13.67,17.92
2026-05-29,1863.49,1997.06,1925.55,2149.68,1360.55,3376.88,2883.2,2991.04,2422.07,294.94,125.21,35.75,35.93,13.61,12.81,25.4,29.67,30.15,26.77,24.62,15.25,13.7,17.74
2026-06-01,1844.54,1989.71,1915.27,2152.33,1364.69,3357.27,2871.48,2978.96,2433.49,305.18,125.77,35.6,36.1,13.61,13.01,25.36,29.77,30.15,26.9,24.45,15.27,13.62,17.69
2026-06-02,1826.47,1972.99,1894.18,2115.69,1356.63,3319.16,2827.61,2939.31,2417.32,314.79,125.99,35.39,36.28,13.5,13.1,25.1,29.38,29.55,26.75,24.25,15.23,13.49,17.49
2026-06-03,1819.01,1974.6,1893.09,2133.63,1358.41,3316.08,2847.3,2945.23,2444.73,317.48,125.62,35.13,36.16,13.5,13.92,25.14,29.37,29.6,26.8,24.25,15.34,13.51,17.49
2026-06-04,1831.55,1982.29,1902.15,2140.73,1355.3,3333.72,2866.5,2959.56,2450.15,304.86,125.86,35.49,36.25,13.5,13.69,24.94,29.37,29.55,26.59,24.17,15.41,13.54,17.49
2026-06-05,1838.9,1986.28,1904.58,2127.48,1350.72,3338.83,2864.2,2950.37,2446.61,293.79,125.09,35.49,36.3,13.47,13.99,25.0,29.48,29.6,26.75,24.37,15.2,13.55,17.49
2026-06-08,1790.53,1936.81,1859.67,2089.28,1336.36,3258.11,2801.46,2896.95,2396.23,298.36,124.73,34.94,36.05,13.22,13.6,24.48,28.97,29.44,25.76,23.86,15.1,13.2,17.49
2026-06-09,1793.05,1951.92,1871.55,2098.1,1338.0,3280.77,2833.15,2930.88,2418.7,305.74,125.13,34.98,35.72,13.25,13.99,24.43,28.61,29.1,25.54,24.0,15.14,13.24,17.33
2026-06-10,1803.71,1960.97,1881.42,2116.78,1342.82,3296.1,2833.73,2934.84,2427.09,301.15,125.73,35.0,35.91,13.27,13.99,24.65,28.99,29.55,25.97,24.12,15.1,13.44,17.37
2026-06-11,1798.61,1947.28,1871.39,2107.59,1343.38,3275.15,2824.75,2926.74,2405.35,300.09,126.41,34.95,35.75,13.4,13.99,24.55,29.02,29.1,25.79,23.97,15.11,13.29,17.37
2026-06-12,1791.65,1944.36,1865.93,2103.89,1342.3,3265.91,2834.31,2933.59,2408.9,302.49,126.35,34.94,35.95,13.4,13.5,24.93,29.19,29.4,25.76,23.94,15.16,13.23,17.37
2026-06-15,1799.31,1962.48,1882.63,2146.62,1349.96,3295.24,2867.37,2962.98,2452.04,310.91,126.7,35.1,36.25,13.54,13.5,24.83,29.3,29.25,25.75,24.1,15.29,13.42,18.58
2026-06-16,1807.94,1960.19,1887.98,2172.93,1357.06,3302.62,2873.72,2966.68,2463.89,319.62,126.75,35.15,36.57,13.69,13.51,24.68,29.45,29.59,25.99,24.15,15.4,13.45,17.66
2026-06-17,1806.2,1957.17,1887.29,2177.82,1365.89,3299.88,2881.21,2977.57,2455.2,330.2,127.07,34.98,36.45,13.7,13.97,24.88,29.74,29.2,25.96,24.12,15.42,13.33,17.74
2026-06-18,1830.47,1967.22,1899.67,2164.06,1358.04,3322.74,2864.94,2966.48,2444.55,336.16,128.23,35.33,36.69,13.7,13.97,24.76,29.48,29.6,25.95,24.27,15.29,13.4,17.54
2026-06-19,1824.53,1963.57,1894.86,2149.37,1350.95,3314.17,2848.71,2959.65,2426.97,324.83,127.52,35.3,36.38,13.63,13.97,24.74,29.11,29.69,25.96,24.2,15.28,13.39,17.54
2026-06-22,1857.91,1980.13,1915.25,2149.3,1347.62,3350.65,2843.01,2961.17,2409.13,321.06,127.76,35.47,35.81,13.57,13.85,24.92,29.12,29.7,26.39,24.29,15.18,13.5,17.54
2026-06-23,1869.04,1995.12,1928.14,2120.21,1340.76,3377.94,2869.31,3001.19,2413.88,326.38,127.43,35.5,36.06,13.6,13.85,25.15,29.64,30.3,26.25,24.45,15.22,13.56,18.0
2026-06-24,1878.02,2010.15,1940.44,2119.61,1341.29,3401.68,2871.17,3018.91,2422.47,318.24,127.38,35.85,35.8,13.29,13.84,25.2,29.54,30.29,26.36,24.77,15.22,13.68,18.0
2026-06-25,1863.07,2004.62,1932.68,2108.29,1342.72,3388.1,2880.15,3029.02,2415.63,319.44,128.7,35.79,36.0,13.26,13.5,25.2,29.6,30.29,26.42,24.66,15.24,13.65,18.0
2026-06-26,1871.91,2008.57,1937.79,2106.56,1340.44,3397.06,2887.64,3023.97,2421.81,317.83,128.92,36.0,35.99,13.25,13.85,25.2,29.6,30.29,26.54,24.72,15.1,13.57,17.58
2026-06-29,1854.97,2004.29,1933.17,2121.17,1339.23,3387.64,2917.98,3062.83,2436.38,317.99,129.32,35.87,36.18,13.23,13.97,25.38,29.96,29.53,26.67,24.71,15.34,13.67,18.12
2026-06-30,1860.01,1995.71,1931.52,2130.54,1343.11,3382.3,2910.58,3051.92,2427.85,313.16,129.94,35.87,36.26,13.23,13.97,25.34,29.91,30.3,26.62,24.65,15.31,13.73,18.12
2026-07-01,1867.21,2013.35,1942.19,2139.55,1345.39,3403.18,2953.29,3085.3,2470.09,313.16,129.57,36.08,36.45,13.4,14.0,25.26,30.25,30.3,26.67,24.86,15.53,13.75,18.33
2026-07-02,1866.35,2009.04,1938.99,2135.14,1343.54,3397.23,2938.21,3068.28,2464.89,306.73,128.66,36.0,36.5,13.45,14.0,25.29,30.15,30.3,26.67,24.85,15.5,13.75,18.33
2026-07-03,1862.08,2002.56,1932.28,2120.69,1340.93,3386.94,2937.34,3061.64,2442.97,307.57,128.01,35.99,36.54,13.53,14.28,25.29,30.22,30.2,26.68,24.74,15.4,13.78,18.2
2026-07-06,1843.5,1991.11,1914.29,2069.86,1325.27,3358.88,2900.25,3028.52,2414.65,296.51,127.77,35.75,35.97,13.42,14.26,25.11,29.99,30.19,26.25,24.56,15.16,13.63,18.62
2026-07-07,1848.25,1995.91,1922.44,2082.46,1328.92,3374.36,2929.26,3070.56,2409.49,293.74,127.39,35.77,35.69,13.05,14.26,25.0,29.86,30.19,26.36,24.61,15.16,13.71,18.61
2026-07-08,1853.7,1998.44,1926.12,2092.86,1331.63,3378.86,2934.2,3071.79,2419.07,300.39,128.01,35.8,36.0,13.33,13.61,25.15,30.0,30.19,26.66,24.7,15.2,13.75,18.14
2026-07-09,1840.7,1987.11,1908.47,2063.26,1326.66,3347.15,2889.37,3031.64,2386.0,306.67,128.61,35.74,35.6,13.1,13.9,25.08,29.99,30.19,26.51,24.45,15.17,13.69,18.0
2026-07-10,1828.34,1970.82,1891.94,2033.86,1320.98,3315.25,2848.21,3002.48,2339.12,303.76,128.33,35.57,35.2,13.04,13.8,24.79,29.45,29.99,26.2,24.42,15.19,13.84,18.17
2026-07-13,1800.54,1939.84,1861.08,2001.95,1304.54,3258.66,2793.22,2944.11,2316.09,291.9,126.49,34.99,34.91,12.7,13.46,24.63,28.75,29.3,25.94,23.95,14.6,13.34,17.95
2026-07-14,1806.63,1946.06,1868.47,2023.79,1305.85,3270.49,2811.19,2963.21,2341.88,297.34,126.03,34.93,34.74,12.96,13.46,24.53,29.09,30.26,25.89,24.03,14.69,13.34,17.64
2026-07-15,1782.12,1916.05,1839.44,1988.98,1290.89,3216.86,2758.39,2924.02,2292.11,291.07,126.48,34.68,34.5,12.5,13.58,24.55,28.55,28.9,25.81,23.77,14.51,13.24,17.64
2026-07-16,1804.24,1941.65,1864.31,1993.33,1289.69,3264.54,2796.18,2962.36,2308.46,288.32,126.62,34.85,34.37,12.68,14.29,24.28,28.84,28.81,25.9,23.99,14.55,13.31,17.53
2026-07-17,1787.45,1931.65,1852.65,1977.05,1280.07,3246.3,2780.22,2954.34,2298.41,291.7,127.38,34.67,34.47,12.64,14.29,24.47,28.57,29.45,25.9,23.85,14.42,13.29,17.53
2026-07-20,1743.51,1887.32,1805.16,1904.6,1246.82,3163.54,2678.84,2870.2,2239.92,284.41,126.34,34.1,33.55,11.98,14.29,24.2,27.79,28.5,25.55,23.33,14.2,12.99,17.1
2026-07-21,1730.56,1881.32,1797.8,1881.48,1235.69,3153.72,2682.43,2875.3,2219.19,280.74,125.42,34.0,33.48,12.03,14.29,23.85,27.87,28.53,25.19,23.29,14.04,12.88,17.1
2026-07-22,1668.53,1826.9,1743.88,1841.49,1224.5,3055.02,2620.14,2814.37,2144.34,275.49,124.77,33.2,32.0,12.12,13.38,23.36,27.45,28.5,24.77,22.46,13.6,12.57,17.1
2026-07-23,1699.38,1845.32,1767.7,1871.91,1229.09,3096.82,2648.13,2831.33,2139.49,281.07,125.53,33.25,31.95,11.91,12.62,23.41,27.4,28.5,24.69,22.84,13.47,12.6,17.1
2026-07-24,1686.11,1829.36,1751.49,1845.8,1218.77,3068.52,2626.16,2808.8,2099.5,272.99,125.89,33.0,31.73,11.35,12.62,24.14,26.95,28.1,24.86,22.9,14.28,12.5,17.1
2026-07-27,1669.01,1806.5,1729.22,1798.01,1200.95,3029.48,2577.1,2773.38,2064.35,269.35,126.26,32.69,31.45,11.7,12.62,23.66,26.72,28.45,24.79,22.52,13.77,12.54,18.28
2026-07-28,1680.62,1824.35,1745.18,1826.22,1208.92,3060.19,2603.84,2793.94,2087.88,269.45,125.74,32.88,31.4,11.71,12.62,23.34,26.98,28.2,25.15,22.53,13.2,12.53,17.01
2026-07-29,1704.68,1849.12,1762.6,1831.47,1215.75,3092.43,2595.01,2783.8,2105.33,271.68,126.15,33.31,31.48,11.9,12.13,24.1,26.79,29.8,24.9,22.9,13.39,13.19,16.62
2026-07-30,1744.66,1886.27,1800.95,1882.59,1239.62,3159.76,2657.55,2837.52,2156.47,275.05,126.5,34.0,32.48,11.92,12.13,24.28,27.68,29.38,25.3,23.2,13.53,12.98,16.81
2026-07-31,1735.78,1872.07,1786.9,1873.4,1232.51,3134.65,2634.9,2814.0,2149.69,271.25,126.59,33.7,32.44,11.92,12.92,24.16,27.36,29.99,25.6,23.19,13.57,13.57,16.88
2026-08-03,1762.84,1917.69,1825.3,1913.16,1250.02,3207.18,2715.04,2889.0,2229.49,279.28,126.67,34.4,33.49,12.18,12.92,24.2,27.93,29.0,25.5,22.82,14.02,13.15,17.34
2026-08-04,1777.23,1927.35,1841.63,1930.06,1256.58,3238.34,2739.08,2912.08,2240.31,286.41,127.2,34.53,33.58,12.38,13.0,24.42,28.3,30.0,25.24,23.86,14.17,13.16,16.13
2026-08-05,1776.46,1916.88,1836.22,1932.34,1253.65,3229.99,2728.56,2898.26,2240.42,293.59,127.15,34.4,33.55,12.35,13.08,24.25,28.16,29.95,25.59,23.7,14.2,13.14,16.13
2026-08-06,1764.78,1902.79,1822.07,1916.23,1250.39,3203.84,2700.06,2866.26,2222.36,292.64,126.82,34.29,33.25,12.2,13.08,24.1,27.95,29.88,25.57,23.63,14.07,13.1,16.89
2026-08-07,1768.06,1911.09,1823.7,1917.47,1252.09,3208.11,2720.59,2893.57,2228.75,293.44,126.88,34.25,33.39,12.24,13.64,24.69,28.27,29.6,25.6,23.64,14.0,13.12,17.0
2026-08-10,1776.77,1925.18,1838.02,1949.91,1265.58,3232.49,2777.72,2937.25,2268.49,287.68,127.32,34.49,33.34,12.28,13.59,24.39,28.64,29.65,25.59,23.74,14.27,13.22,17.0
2026-08-11,1773.41,1922.53,1837.69,1950.93,1267.66,3231.87,2768.22,2937.97,2255.18,290.91,127.18,34.5,33.78,12.29,13.59,24.29,28.5,29.6,25.59,23.79,14.33,13.22,17.51
2026-08-12,1793.18,1936.46,1850.94,1952.4,1268.38,3255.29,2780.85,2947.99,2263.55,288.45,127.51,34.71,33.66,12.28,13.59,25.24,28.65,29.59,25.58,23.8,14.3,13.29,17.51
2026-08-13,1765.63,1909.23,1824.51,1930.55,1260.33,3206.88,2747.27,2915.94,2246.25,283.34,128.06,34.54,33.65,12.32,13.59,25.1,28.59,28.96,25.52,23.56,14.25,13.14,17.51
2026-08-14,1729.08,1876.81,1795.69,1916.18,1250.83,3153.4,2722.85,2886.35,2237.48,279.99,127.17,33.9,33.5,12.24,13.58,24.09,28.25,28.97,25.19,23.22,14.15,12.92,17.56
2026-08-17,1727.46,1877.68,1793.86,1919.95,1251.26,3147.55,2714.43,2873.72,2241.14,278.64,128.18,33.8,33.88,12.18,13.39,24.38,28.35,27.36,24.9,23.26,14.22,12.87,17.56
2026-08-18,1732.02,1876.14,1791.35,1910.13,1249.01,3142.04,2703.58,2857.66,2227.87,282.32,127.46,33.8,33.15,12.1,13.37,24.38,27.77,29.06,24.71,23.19,14.55,12.92,17.3
2026-08-19,1726.69,1875.73,1788.39,1899.7,1244.54,3137.02,2694.27,2852.89,2223.64,279.98,126.88,33.78,33.37,12.08,13.33,24.2,27.93,28.98,24.85,23.23,14.13,12.91,17.07
2026-08-20,1734.24,1887.06,1795.57,1900.51,1245.04,3151.77,2706.71,2859.83,2239.04,278.55,127.24,33.8,33.5,12.0,13.33,24.1,28.0,29.0,24.85,23.44,14.19,13.01,16.93
2026-08-21,1768.12,1927.79,1837.77,1956.52,1263.65,3229.31,2785.52,2927.73,2300.94,284.07,127.52,34.75,34.2,12.27,13.33,24.8,28.55,28.3,25.26,23.74,14.78,13.21,16.93
2026-08-24,1788.78,1942.0,1853.99,1972.74,1271.91,3256.62,2802.82,2929.84,2312.42,283.19,127.75,34.85,34.53,12.45,13.33,24.5,28.97,28.64,25.58,23.9,14.68,13.28,17.44
2026-08-25,1791.41,1936.15,1851.76,1965.41,1265.63,3250.51,2792.39,2920.87,2295.52,282.65,126.78,34.94,34.51,12.31,12.53,24.69,28.88,28.91,25.65,24.0,14.76,13.37,17.44
2026-08-26,1821.32,1970.01,1879.52,1976.12,1267.29,3302.92,2845.08,2962.14,2341.77,281.96,126.89,35.29,34.85,12.14,12.57,24.95,29.1,29.19,25.75,24.25,14.79,14.0,17.44
2026-08-27,1831.56,1979.23,1888.06,1975.73,1263.37,3318.78,2854.68,2971.92,2348.37,282.64,127.16,35.5,34.98,12.24,12.57,24.95,29.49,29.25,25.97,24.36,14.79,13.99,16.26
2026-08-28,1832.12,1982.96,1891.44,1975.19,1263.39,3322.55,2867.24,2988.6,2347.72,284.77,127.5,35.67,34.98,12.36,12.57,25.08,29.6,29.3,26.15,24.47,14.88,13.63,17.39
2026-09-03,1827.72,1961.57,1874.2,1956.77,1254.09,3285.12,2804.97,2933.94,2293.89,282.24,127.78,35.24,34.0,12.34,13.4,24.58,28.61,29.5,25.94,24.16,14.51,13.48,17.5
2026-09-04,1853.08,1984.89,1894.93,1952.35,1251.81,3326.83,2838.77,2957.34,2306.79,282.53,127.94,35.34,34.45,12.32,13.4,25.0,29.24,29.9,25.91,24.49,14.63,13.71,18.19
2026-09-07,1821.64,1963.01,1870.98,1924.66,1244.29,3281.96,2802.59,2932.69,2279.74,280.6,127.64,35.4,34.1,12.29,13.34,24.94,28.94,29.89,25.92,24.37,14.32,13.72,18.19
