Date,VNINDEX,VN30,VN100,VNMIDCAP,VNSMALLCAP,VNX50,VNFINLEAD,VNFINSELECT,VNDIAMOND,HNXINDEX,UPCOMINDEX,E1VFVN30,FUEVFVND,FUEDCMID,FUEIP100,FUESSV30,FUESSVFL,FUESSV50,FUEVN100,FUEMAV30,FUEMAVND,FUEKIV30,FUEKIVFS
2010-01-04,0.0,0.0,0.0,0.0,0.0,0.0,0.0,0.0,0.0,0.0,0.0,0.0,0.0,0.0,0.0,0.0,0.0,0.0,0.0,0.0,0.0,0.0,0.0
2010-01-05,0.0,0.0,0.0,0.0,0.0,0.0,0.0,0.0,0.0,0.0,0.0,0.0,0.0,0.0,0.0,0.0,0.0,0.0,0.0,0.0,0.0,0.0,0.0
2010-01-06,0.0,0.0,0.0,0.0,0.0,0.0,0.0,0.0,0.0,0.0,0.0,0.0,0.0,0.0,0.0,0.0,0.0,0.0,0.0,0.0,0.0,0.0,0.0
2010-01-07,0.0,0.0,0.0,0.0,0.0,0.0,0.0,0.0,0.0,0.0,0.0,0.0,0.0,0.0,0.0,0.0,0.0,0.0,0.0,0.0,0.0,0.0,0.0
2010-01-08,0.0,0.0,0.0,0.0,0.0,0.0,0.0,0.0,0.0,0.0,0.0,0.0,0.0,0.0,0.0,0.0,0.0,0.0,0.0,0.0,0.0,0.0,0.0
2010-01-11,0.0,0.0,0.0,0.0,0.0,0.0,0.0,0.0,0.0,0.0,0.0,0.0,0.0,0.0,0.0,0.0,0.0,0.0,0.0,0.0,0.0,0.0,0.0
2010-01-12,0.0,0.0,0.0,0.0,0.0,0.0,0.0,0.0,0.0,0.0,0.0,0.0,0.0,0.0,0.0,0.0,0.0,0.0,0.0,0.0,0.0,0.0,0.0
2010-01-13,0.0,0.0,0.0,0.0,0.0,0.0,0.0,0.0,0.0,0.0,0.0,0.0,0.0,0.0,0.0,0.0,0.0,0.0,0.0,0.0,0.0,0.0,0.0
2010-01-14,0.0,0.0,0.0,0.0,0.0,0.0,0.0,0.0,0.0,0.0,0.0,0.0,0.0,0.0,0.0,0.0,0.0,0.0,0.0,0.0,0.0,0.0,0.0
2010-01-15,0.0,0.0,0.0,0.0,0.0,0.0,0.0,0.0,0.0,0.0,0.0,0.0,0.0,0.0,0.0,0.0,0.0,0.0,0.0,0.0,0.0,0.0,0.0
2010-01-18,0.0,0.0,0.0,0.0,0.0,0.0,0.0,0.0,0.0,0.0,0.0,0.0,0.0,0.0,0.0,0.0,0.0,0.0,0.0,0.0,0.0,0.0,0.0
2010-01-19,0.0,0.0,0.0,0.0,0.0,0.0,0.0,0.0,0.0,0.0,0.0,0.0,0.0,0.0,0.0,0.0,0.0,0.0,0.0,0.0,0.0,0.0,0.0
2010-01-20,0.0,0.0,0.0,0.0,0.0,0.0,0.0,0.0,0.0,0.0,0.0,0.0,0.0,0.0,0.0,0.0,0.0,0.0,0.0,0.0,0.0,0.0,0.0
2010-01-21,0.0,0.0,0.0,0.0,0.0,0.0,0.0,0.0,0.0,0.0,0.0,0.0,0.0,0.0,0.0,0.0,0.0,0.0,0.0,0.0,0.0,0.0,0.0
2010-01-22,0.0,0.0,0.0,0.0,0.0,0.0,0.0,0.0,0.0,0.0,0.0,0.0,0.0,0.0,0.0,0.0,0.0,0.0,0.0,0.0,0.0,0.0,0.0
2010-01-25,0.0,0.0,0.0,0.0,0.0,0.0,0.0,0.0,0.0,0.0,0.0,0.0,0.0,0.0,0.0,0.0,0.0,0.0,0.0,0.0,0.0,0.0,0.0
2010-01-26,0.0,0.0,0.0,0.0,0.0,0.0,0.0,0.0,0.0,0.0,0.0,0.0,0.0,0.0,0.0,0.0,0.0,0.0,0.0,0.0,0.0,0.0,0.0
2010-01-27,0.0,0.0,0.0,0.0,0.0,0.0,0.0,0.0,0.0,0.0,0.0,0.0,0.0,0.0,0.0,0.0,0.0,0.0,0.0,0.0,0.0,0.0,0.0
2010-01-28,0.0,0.0,0.0,0.0,0.0,0.0,0.0,0.0,0.0,0.0,0.0,0.0,0.0,0.0,0.0,0.0,0.0,0.0,0.0,0.0,0.0,0.0,0.0
2010-01-29,0.0,0.0,0.0,0.0,0.0,0.0,0.0,0.0,0.0,0.0,0.0,0.0,0.0,0.0,0.0,0.0,0.0,0.0,0.0,0.0,0.0,0.0,0.0
2010-02-01,0.0,0.0,0.0,0.0,0.0,0.0,0.0,0.0,0.0,0.0,0.0,0.0,0.0,0.0,0.0,0.0,0.0,0.0,0.0,0.0,0.0,0.0,0.0
2010-02-02,0.0,0.0,0.0,0.0,0.0,0.0,0.0,0.0,0.0,0.0,0.0,0.0,0.0,0.0,0.0,0.0,0.0,0.0,0.0,0.0,0.0,0.0,0.0
2010-02-03,0.0,0.0,0.0,0.0,0.0,0.0,0.0,0.0,0.0,0.0,0.0,0.0,0.0,0.0,0.0,0.0,0.0,0.0,0.0,0.0,0.0,0.0,0.0
2010-02-04,0.0,0.0,0.0,0.0,0.0,0.0,0.0,0.0,0.0,0.0,0.0,0.0,0.0,0.0,0.0,0.0,0.0,0.0,0.0,0.0,0.0,0.0,0.0
2010-02-05,0.0,0.0,0.0,0.0,0.0,0.0,0.0,0.0,0.0,0.0,0.0,0.0,0.0,0.0,0.0,0.0,0.0,0.0,0.0,0.0,0.0,0.0,0.0
2010-02-08,0.0,0.0,0.0,0.0,0.0,0.0,0.0,0.0,0.0,0.0,0.0,0.0,0.0,0.0,0.0,0.0,0.0,0.0,0.0,0.0,0.0,0.0,0.0
2010-02-09,0.0,0.0,0.0,0.0,0.0,0.0,0.0,0.0,0.0,0.0,0.0,0.0,0.0,0.0,0.0,0.0,0.0,0.0,0.0,0.0,0.0,0.0,0.0
2010-02-10,0.0,0.0,0.0,0.0,0.0,0.0,0.0,0.0,0.0,0.0,0.0,0.0,0.0,0.0,0.0,0.0,0.0,0.0,0.0,0.0,0.0,0.0,0.0
2010-02-11,0.0,0.0,0.0,0.0,0.0,0.0,0.0,0.0,0.0,0.0,0.0,0.0,0.0,0.0,0.0,0.0,0.0,0.0,0.0,0.0,0.0,0.0,0.0
2010-02-12,0.0,0.0,0.0,0.0,0.0,0.0,0.0,0.0,0.0,0.0,0.0,0.0,0.0,0.0,0.0,0.0,0.0,0.0,0.0,0.0,0.0,0.0,0.0
2010-02-15,0.0,0.0,0.0,0.0,0.0,0.0,0.0,0.0,0.0,0.0,0.0,0.0,0.0,0.0,0.0,0.0,0.0,0.0,0.0,0.0,0.0,0.0,0.0
2010-02-16,0.0,0.0,0.0,0.0,0.0,0.0,0.0,0.0,0.0,0.0,0.0,0.0,0.0,0.0,0.0,0.0,0.0,0.0,0.0,0.0,0.0,0.0,0.0
2010-02-17,0.0,0.0,0.0,0.0,0.0,0.0,0.0,0.0,0.0,0.0,0.0,0.0,0.0,0.0,0.0,0.0,0.0,0.0,0.0,0.0,0.0,0.0,0.0
2010-02-18,0.0,0.0,0.0,0.0,0.0,0.0,0.0,0.0,0.0,0.0,0.0,0.0,0.0,0.0,0.0,0.0,0.0,0.0,0.0,0.0,0.0,0.0,0.0
2010-02-19,0.0,0.0,0.0,0.0,0.0,0.0,0.0,0.0,0.0,0.0,0.0,0.0,0.0,0.0,0.0,0.0,0.0,0.0,0.0,0.0,0.0,0.0,0.0
2010-02-22,0.0,0.0,0.0,0.0,0.0,0.0,0.0,0.0,0.0,0.0,0.0,0.0,0.0,0.0,0.0,0.0,0.0,0.0,0.0,0.0,0.0,0.0,0.0
2010-02-23,0.0,0.0,0.0,0.0,0.0,0.0,0.0,0.0,0.0,0.0,0.0,0.0,0.0,0.0,0.0,0.0,0.0,0.0,0.0,0.0,0.0,0.0,0.0
2010-02-24,0.0,0.0,0.0,0.0,0.0,0.0,0.0,0.0,0.0,0.0,0.0,0.0,0.0,0.0,0.0,0.0,0.0,0.0,0.0,0.0,0.0,0.0,0.0
2010-02-25,0.0,0.0,0.0,0.0,0.0,0.0,0.0,0.0,0.0,0.0,0.0,0.0,0.0,0.0,0.0,0.0,0.0,0.0,0.0,0.0,0.0,0.0,0.0
2010-02-26,0.0,0.0,0.0,0.0,0.0,0.0,0.0,0.0,0.0,0.0,0.0,0.0,0.0,0.0,0.0,0.0,0.0,0.0,0.0,0.0,0.0,0.0,0.0
2010-03-01,0.0,0.0,0.0,0.0,0.0,0.0,0.0,0.0,0.0,0.0,0.0,0.0,0.0,0.0,0.0,0.0,0.0,0.0,0.0,0.0,0.0,0.0,0.0
2010-03-02,0.0,0.0,0.0,0.0,0.0,0.0,0.0,0.0,0.0,0.0,0.0,0.0,0.0,0.0,0.0,0.0,0.0,0.0,0.0,0.0,0.0,0.0,0.0
2010-03-03,0.0,0.0,0.0,0.0,0.0,0.0,0.0,0.0,0.0,0.0,0.0,0.0,0.0,0.0,0.0,0.0,0.0,0.0,0.0,0.0,0.0,0.0,0.0
2010-03-04,0.0,0.0,0.0,0.0,0.0,0.0,0.0,0.0,0.0,0.0,0.0,0.0,0.0,0.0,0.0,0.0,0.0,0.0,0.0,0.0,0.0,0.0,0.0
2010-03-05,0.0,0.0,0.0,0.0,0.0,0.0,0.0,0.0,0.0,0.0,0.0,0.0,0.0,0.0,0.0,0.0,0.0,0.0,0.0,0.0,0.0,0.0,0.0
2010-03-08,0.0,0.0,0.0,0.0,0.0,0.0,0.0,0.0,0.0,0.0,0.0,0.0,0.0,0.0,0.0,0.0,0.0,0.0,0.0,0.0,0.0,0.0,0.0
2010-03-09,0.0,0.0,0.0,0.0,0.0,0.0,0.0,0.0,0.0,0.0,0.0,0.0,0.0,0.0,0.0,0.0,0.0,0.0,0.0,0.0,0.0,0.0,0.0
2010-03-10,0.0,0.0,0.0,0.0,0.0,0.0,0.0,0.0,0.0,0.0,0.0,0.0,0.0,0.0,0.0,0.0,0.0,0.0,0.0,0.0,0.0,0.0,0.0
2010-03-11,0.0,0.0,0.0,0.0,0.0,0.0,0.0,0.0,0.0,0.0,0.0,0.0,0.0,0.0,0.0,0.0,0.0,0.0,0.0,0.0,0.0,0.0,0.0
2010-03-12,0.0,0.0,0.0,0.0,0.0,0.0,0.0,0.0,0.0,0.0,0.0,0.0,0.0,0.0,0.0,0.0,0.0,0.0,0.0,0.0,0.0,0.0,0.0
2010-03-15,0.0,0.0,0.0,0.0,0.0,0.0,0.0,0.0,0.0,0.0,0.0,0.0,0.0,0.0,0.0,0.0,0.0,0.0,0.0,0.0,0.0,0.0,0.0
2010-03-16,0.0,0.0,0.0,0.0,0.0,0.0,0.0,0.0,0.0,0.0,0.0,0.0,0.0,0.0,0.0,0.0,0.0,0.0,0.0,0.0,0.0,0.0,0.0
2010-03-17,0.0,0.0,0.0,0.0,0.0,0.0,0.0,0.0,0.0,0.0,0.0,0.0,0.0,0.0,0.0,0.0,0.0,0.0,0.0,0.0,0.0,0.0,0.0
2010-03-18,0.0,0.0,0.0,0.0,0.0,0.0,0.0,0.0,0.0,0.0,0.0,0.0,0.0,0.0,0.0,0.0,0.0,0.0,0.0,0.0,0.0,0.0,0.0
2010-03-19,0.0,0.0,0.0,0.0,0.0,0.0,0.0,0.0,0.0,0.0,0.0,0.0,0.0,0.0,0.0,0.0,0.0,0.0,0.0,0.0,0.0,0.0,0.0
2010-03-22,0.0,0.0,0.0,0.0,0.0,0.0,0.0,0.0,0.0,0.0,0.0,0.0,0.0,0.0,0.0,0.0,0.0,0.0,0.0,0.0,0.0,0.0,0.0
2010-03-23,0.0,0.0,0.0,0.0,0.0,0.0,0.0,0.0,0.0,0.0,0.0,0.0,0.0,0.0,0.0,0.0,0.0,0.0,0.0,0.0,0.0,0.0,0.0
2010-03-24,0.0,0.0,0.0,0.0,0.0,0.0,0.0,0.0,0.0,0.0,0.0,0.0,0.0,0.0,0.0,0.0,0.0,0.0,0.0,0.0,0.0,0.0,0.0
2010-03-25,0.0,0.0,0.0,0.0,0.0,0.0,0.0,0.0,0.0,0.0,0.0,0.0,0.0,0.0,0.0,0.0,0.0,0.0,0.0,0.0,0.0,0.0,0.0
2010-03-26,0.0,0.0,0.0,0.0,0.0,0.0,0.0,0.0,0.0,0.0,0.0,0.0,0.0,0.0,0.0,0.0,0.0,0.0,0.0,0.0,0.0,0.0,0.0
2010-03-29,0.0,0.0,0.0,0.0,0.0,0.0,0.0,0.0,0.0,0.0,0.0,0.0,0.0,0.0,0.0,0.0,0.0,0.0,0.0,0.0,0.0,0.0,0.0
2010-03-30,0.0,0.0,0.0,0.0,0.0,0.0,0.0,0.0,0.0,0.0,0.0,0.0,0.0,0.0,0.0,0.0,0.0,0.0,0.0,0.0,0.0,0.0,0.0
2010-03-31,0.0,0.0,0.0,0.0,0.0,0.0,0.0,0.0,0.0,0.0,0.0,0.0,0.0,0.0,0.0,0.0,0.0,0.0,0.0,0.0,0.0,0.0,0.0
2010-04-01,0.0,0.0,0.0,0.0,0.0,0.0,0.0,0.0,0.0,0.0,0.0,0.0,0.0,0.0,0.0,0.0,0.0,0.0,0.0,0.0,0.0,0.0,0.0
2010-04-02,0.0,0.0,0.0,0.0,0.0,0.0,0.0,0.0,0.0,0.0,0.0,0.0,0.0,0.0,0.0,0.0,0.0,0.0,0.0,0.0,0.0,0.0,0.0
2010-04-05,0.0,0.0,0.0,0.0,0.0,0.0,0.0,0.0,0.0,0.0,0.0,0.0,0.0,0.0,0.0,0.0,0.0,0.0,0.0,0.0,0.0,0.0,0.0
2010-04-06,0.0,0.0,0.0,0.0,0.0,0.0,0.0,0.0,0.0,0.0,0.0,0.0,0.0,0.0,0.0,0.0,0.0,0.0,0.0,0.0,0.0,0.0,0.0
2010-04-07,0.0,0.0,0.0,0.0,0.0,0.0,0.0,0.0,0.0,0.0,0.0,0.0,0.0,0.0,0.0,0.0,0.0,0.0,0.0,0.0,0.0,0.0,0.0
2010-04-08,0.0,0.0,0.0,0.0,0.0,0.0,0.0,0.0,0.0,0.0,0.0,0.0,0.0,0.0,0.0,0.0,0.0,0.0,0.0,0.0,0.0,0.0,0.0
2010-04-09,0.0,0.0,0.0,0.0,0.0,0.0,0.0,0.0,0.0,0.0,0.0,0.0,0.0,0.0,0.0,0.0,0.0,0.0,0.0,0.0,0.0,0.0,0.0
2010-04-12,0.0,0.0,0.0,0.0,0.0,0.0,0.0,0.0,0.0,0.0,0.0,0.0,0.0,0.0,0.0,0.0,0.0,0.0,0.0,0.0,0.0,0.0,0.0
2010-04-13,0.0,0.0,0.0,0.0,0.0,0.0,0.0,0.0,0.0,0.0,0.0,0.0,0.0,0.0,0.0,0.0,0.0,0.0,0.0,0.0,0.0,0.0,0.0
2010-04-14,0.0,0.0,0.0,0.0,0.0,0.0,0.0,0.0,0.0,0.0,0.0,0.0,0.0,0.0,0.0,0.0,0.0,0.0,0.0,0.0,0.0,0.0,0.0
2010-04-15,0.0,0.0,0.0,0.0,0.0,0.0,0.0,0.0,0.0,0.0,0.0,0.0,0.0,0.0,0.0,0.0,0.0,0.0,0.0,0.0,0.0,0.0,0.0
2010-04-16,0.0,0.0,0.0,0.0,0.0,0.0,0.0,0.0,0.0,0.0,0.0,0.0,0.0,0.0,0.0,0.0,0.0,0.0,0.0,0.0,0.0,0.0,0.0
2010-04-19,0.0,0.0,0.0,0.0,0.0,0.0,0.0,0.0,0.0,0.0,0.0,0.0,0.0,0.0,0.0,0.0,0.0,0.0,0.0,0.0,0.0,0.0,0.0
2010-04-20,0.0,0.0,0.0,0.0,0.0,0.0,0.0,0.0,0.0,0.0,0.0,0.0,0.0,0.0,0.0,0.0,0.0,0.0,0.0,0.0,0.0,0.0,0.0
2010-04-21,0.0,0.0,0.0,0.0,0.0,0.0,0.0,0.0,0.0,0.0,0.0,0.0,0.0,0.0,0.0,0.0,0.0,0.0,0.0,0.0,0.0,0.0,0.0
2010-04-22,0.0,0.0,0.0,0.0,0.0,0.0,0.0,0.0,0.0,0.0,0.0,0.0,0.0,0.0,0.0,0.0,0.0,0.0,0.0,0.0,0.0,0.0,0.0
2010-04-23,0.0,0.0,0.0,0.0,0.0,0.0,0.0,0.0,0.0,0.0,0.0,0.0,0.0,0.0,0.0,0.0,0.0,0.0,0.0,0.0,0.0,0.0,0.0
2010-04-26,0.0,0.0,0.0,0.0,0.0,0.0,0.0,0.0,0.0,0.0,0.0,0.0,0.0,0.0,0.0,0.0,0.0,0.0,0.0,0.0,0.0,0.0,0.0
2010-04-27,0.0,0.0,0.0,0.0,0.0,0.0,0.0,0.0,0.0,0.0,0.0,0.0,0.0,0.0,0.0,0.0,0.0,0.0,0.0,0.0,0.0,0.0,0.0
2010-04-28,0.0,0.0,0.0,0.0,0.0,0.0,0.0,0.0,0.0,0.0,0.0,0.0,0.0,0.0,0.0,0.0,0.0,0.0,0.0,0.0,0.0,0.0,0.0
2010-04-29,0.0,0.0,0.0,0.0,0.0,0.0,0.0,0.0,0.0,0.0,0.0,0.0,0.0,0.0,0.0,0.0,0.0,0.0,0.0,0.0,0.0,0.0,0.0
2010-04-30,0.0,0.0,0.0,0.0,0.0,0.0,0.0,0.0,0.0,0.0,0.0,0.0,0.0,0.0,0.0,0.0,0.0,0.0,0.0,0.0,0.0,0.0,0.0
2010-05-03,0.0,0.0,0.0,0.0,0.0,0.0,0.0,0.0,0.0,0.0,0.0,0.0,0.0,0.0,0.0,0.0,0.0,0.0,0.0,0.0,0.0,0.0,0.0
2010-05-04,0.0,0.0,0.0,0.0,0.0,0.0,0.0,0.0,0.0,0.0,0.0,0.0,0.0,0.0,0.0,0.0,0.0,0.0,0.0,0.0,0.0,0.0,0.0
2010-05-05,0.0,0.0,0.0,0.0,0.0,0.0,0.0,0.0,0.0,0.0,0.0,0.0,0.0,0.0,0.0,0.0,0.0,0.0,0.0,0.0,0.0,0.0,0.0
2010-05-06,0.0,0.0,0.0,0.0,0.0,0.0,0.0,0.0,0.0,0.0,0.0,0.0,0.0,0.0,0.0,0.0,0.0,0.0,0.0,0.0,0.0,0.0,0.0
2010-05-07,0.0,0.0,0.0,0.0,0.0,0.0,0.0,0.0,0.0,0.0,0.0,0.0,0.0,0.0,0.0,0.0,0.0,0.0,0.0,0.0,0.0,0.0,0.0
2010-05-10,0.0,0.0,0.0,0.0,0.0,0.0,0.0,0.0,0.0,0.0,0.0,0.0,0.0,0.0,0.0,0.0,0.0,0.0,0.0,0.0,0.0,0.0,0.0
2010-05-11,0.0,0.0,0.0,0.0,0.0,0.0,0.0,0.0,0.0,0.0,0.0,0.0,0.0,0.0,0.0,0.0,0.0,0.0,0.0,0.0,0.0,0.0,0.0
2010-05-12,0.0,0.0,0.0,0.0,0.0,0.0,0.0,0.0,0.0,0.0,0.0,0.0,0.0,0.0,0.0,0.0,0.0,0.0,0.0,0.0,0.0,0.0,0.0
2010-05-13,0.0,0.0,0.0,0.0,0.0,0.0,0.0,0.0,0.0,0.0,0.0,0.0,0.0,0.0,0.0,0.0,0.0,0.0,0.0,0.0,0.0,0.0,0.0
2010-05-14,0.0,0.0,0.0,0.0,0.0,0.0,0.0,0.0,0.0,0.0,0.0,0.0,0.0,0.0,0.0,0.0,0.0,0.0,0.0,0.0,0.0,0.0,0.0
2010-05-17,0.0,0.0,0.0,0.0,0.0,0.0,0.0,0.0,0.0,0.0,0.0,0.0,0.0,0.0,0.0,0.0,0.0,0.0,0.0,0.0,0.0,0.0,0.0
2010-05-18,0.0,0.0,0.0,0.0,0.0,0.0,0.0,0.0,0.0,0.0,0.0,0.0,0.0,0.0,0.0,0.0,0.0,0.0,0.0,0.0,0.0,0.0,0.0
2010-05-19,0.0,0.0,0.0,0.0,0.0,0.0,0.0,0.0,0.0,0.0,0.0,0.0,0.0,0.0,0.0,0.0,0.0,0.0,0.0,0.0,0.0,0.0,0.0
2010-05-20,0.0,0.0,0.0,0.0,0.0,0.0,0.0,0.0,0.0,0.0,0.0,0.0,0.0,0.0,0.0,0.0,0.0,0.0,0.0,0.0,0.0,0.0,0.0
2010-05-21,0.0,0.0,0.0,0.0,0.0,0.0,0.0,0.0,0.0,0.0,0.0,0.0,0.0,0.0,0.0,0.0,0.0,0.0,0.0,0.0,0.0,0.0,0.0
2010-05-24,0.0,0.0,0.0,0.0,0.0,0.0,0.0,0.0,0.0,0.0,0.0,0.0,0.0,0.0,0.0,0.0,0.0,0.0,0.0,0.0,0.0,0.0,0.0
2010-05-25,0.0,0.0,0.0,0.0,0.0,0.0,0.0,0.0,0.0,0.0,0.0,0.0,0.0,0.0,0.0,0.0,0.0,0.0,0.0,0.0,0.0,0.0,0.0
2010-05-26,0.0,0.0,0.0,0.0,0.0,0.0,0.0,0.0,0.0,0.0,0.0,0.0,0.0,0.0,0.0,0.0,0.0,0.0,0.0,0.0,0.0,0.0,0.0
2010-05-27,0.0,0.0,0.0,0.0,0.0,0.0,0.0,0.0,0.0,0.0,0.0,0.0,0.0,0.0,0.0,0.0,0.0,0.0,0.0,0.0,0.0,0.0,0.0
2010-05-28,0.0,0.0,0.0,0.0,0.0,0.0,0.0,0.0,0.0,0.0,0.0,0.0,0.0,0.0,0.0,0.0,0.0,0.0,0.0,0.0,0.0,0.0,0.0
2010-05-31,0.0,0.0,0.0,0.0,0.0,0.0,0.0,0.0,0.0,0.0,0.0,0.0,0.0,0.0,0.0,0.0,0.0,0.0,0.0,0.0,0.0,0.0,0.0
2010-06-01,0.0,0.0,0.0,0.0,0.0,0.0,0.0,0.0,0.0,0.0,0.0,0.0,0.0,0.0,0.0,0.0,0.0,0.0,0.0,0.0,0.0,0.0,0.0
2010-06-02,0.0,0.0,0.0,0.0,0.0,0.0,0.0,0.0,0.0,0.0,0.0,0.0,0.0,0.0,0.0,0.0,0.0,0.0,0.0,0.0,0.0,0.0,0.0
2010-06-03,0.0,0.0,0.0,0.0,0.0,0.0,0.0,0.0,0.0,0.0,0.0,0.0,0.0,0.0,0.0,0.0,0.0,0.0,0.0,0.0,0.0,0.0,0.0
2010-06-04,0.0,0.0,0.0,0.0,0.0,0.0,0.0,0.0,0.0,0.0,0.0,0.0,0.0,0.0,0.0,0.0,0.0,0.0,0.0,0.0,0.0,0.0,0.0
2010-06-07,0.0,0.0,0.0,0.0,0.0,0.0,0.0,0.0,0.0,0.0,0.0,0.0,0.0,0.0,0.0,0.0,0.0,0.0,0.0,0.0,0.0,0.0,0.0
2010-06-08,0.0,0.0,0.0,0.0,0.0,0.0,0.0,0.0,0.0,0.0,0.0,0.0,0.0,0.0,0.0,0.0,0.0,0.0,0.0,0.0,0.0,0.0,0.0
2010-06-09,0.0,0.0,0.0,0.0,0.0,0.0,0.0,0.0,0.0,0.0,0.0,0.0,0.0,0.0,0.0,0.0,0.0,0.0,0.0,0.0,0.0,0.0,0.0
2010-06-10,0.0,0.0,0.0,0.0,0.0,0.0,0.0,0.0,0.0,0.0,0.0,0.0,0.0,0.0,0.0,0.0,0.0,0.0,0.0,0.0,0.0,0.0,0.0
2010-06-11,0.0,0.0,0.0,0.0,0.0,0.0,0.0,0.0,0.0,0.0,0.0,0.0,0.0,0.0,0.0,0.0,0.0,0.0,0.0,0.0,0.0,0.0,0.0
2010-06-14,0.0,0.0,0.0,0.0,0.0,0.0,0.0,0.0,0.0,0.0,0.0,0.0,0.0,0.0,0.0,0.0,0.0,0.0,0.0,0.0,0.0,0.0,0.0
2010-06-15,0.0,0.0,0.0,0.0,0.0,0.0,0.0,0.0,0.0,0.0,0.0,0.0,0.0,0.0,0.0,0.0,0.0,0.0,0.0,0.0,0.0,0.0,0.0
2010-06-16,0.0,0.0,0.0,0.0,0.0,0.0,0.0,0.0,0.0,0.0,0.0,0.0,0.0,0.0,0.0,0.0,0.0,0.0,0.0,0.0,0.0,0.0,0.0
2010-06-17,0.0,0.0,0.0,0.0,0.0,0.0,0.0,0.0,0.0,0.0,0.0,0.0,0.0,0.0,0.0,0.0,0.0,0.0,0.0,0.0,0.0,0.0,0.0
2010-06-18,0.0,0.0,0.0,0.0,0.0,0.0,0.0,0.0,0.0,0.0,0.0,0.0,0.0,0.0,0.0,0.0,0.0,0.0,0.0,0.0,0.0,0.0,0.0
2010-06-21,0.0,0.0,0.0,0.0,0.0,0.0,0.0,0.0,0.0,0.0,0.0,0.0,0.0,0.0,0.0,0.0,0.0,0.0,0.0,0.0,0.0,0.0,0.0
2010-06-22,0.0,0.0,0.0,0.0,0.0,0.0,0.0,0.0,0.0,0.0,0.0,0.0,0.0,0.0,0.0,0.0,0.0,0.0,0.0,0.0,0.0,0.0,0.0
2010-06-23,0.0,0.0,0.0,0.0,0.0,0.0,0.0,0.0,0.0,0.0,0.0,0.0,0.0,0.0,0.0,0.0,0.0,0.0,0.0,0.0,0.0,0.0,0.0
2010-06-24,0.0,0.0,0.0,0.0,0.0,0.0,0.0,0.0,0.0,0.0,0.0,0.0,0.0,0.0,0.0,0.0,0.0,0.0,0.0,0.0,0.0,0.0,0.0
2010-06-25,0.0,0.0,0.0,0.0,0.0,0.0,0.0,0.0,0.0,0.0,0.0,0.0,0.0,0.0,0.0,0.0,0.0,0.0,0.0,0.0,0.0,0.0,0.0
2010-06-28,0.0,0.0,0.0,0.0,0.0,0.0,0.0,0.0,0.0,0.0,0.0,0.0,0.0,0.0,0.0,0.0,0.0,0.0,0.0,0.0,0.0,0.0,0.0
2010-06-29,0.0,0.0,0.0,0.0,0.0,0.0,0.0,0.0,0.0,0.0,0.0,0.0,0.0,0.0,0.0,0.0,0.0,0.0,0.0,0.0,0.0,0.0,0.0
2010-06-30,0.0,0.0,0.0,0.0,0.0,0.0,0.0,0.0,0.0,0.0,0.0,0.0,0.0,0.0,0.0,0.0,0.0,0.0,0.0,0.0,0.0,0.0,0.0
2010-07-01,0.0,0.0,0.0,0.0,0.0,0.0,0.0,0.0,0.0,0.0,0.0,0.0,0.0,0.0,0.0,0.0,0.0,0.0,0.0,0.0,0.0,0.0,0.0
2010-07-02,0.0,0.0,0.0,0.0,0.0,0.0,0.0,0.0,0.0,0.0,0.0,0.0,0.0,0.0,0.0,0.0,0.0,0.0,0.0,0.0,0.0,0.0,0.0
2010-07-05,0.0,0.0,0.0,0.0,0.0,0.0,0.0,0.0,0.0,0.0,0.0,0.0,0.0,0.0,0.0,0.0,0.0,0.0,0.0,0.0,0.0,0.0,0.0
2010-07-06,0.0,0.0,0.0,0.0,0.0,0.0,0.0,0.0,0.0,0.0,0.0,0.0,0.0,0.0,0.0,0.0,0.0,0.0,0.0,0.0,0.0,0.0,0.0
2010-07-07,0.0,0.0,0.0,0.0,0.0,0.0,0.0,0.0,0.0,0.0,0.0,0.0,0.0,0.0,0.0,0.0,0.0,0.0,0.0,0.0,0.0,0.0,0.0
2010-07-08,0.0,0.0,0.0,0.0,0.0,0.0,0.0,0.0,0.0,0.0,0.0,0.0,0.0,0.0,0.0,0.0,0.0,0.0,0.0,0.0,0.0,0.0,0.0
2010-07-09,0.0,0.0,0.0,0.0,0.0,0.0,0.0,0.0,0.0,0.0,0.0,0.0,0.0,0.0,0.0,0.0,0.0,0.0,0.0,0.0,0.0,0.0,0.0
2010-07-12,0.0,0.0,0.0,0.0,0.0,0.0,0.0,0.0,0.0,0.0,0.0,0.0,0.0,0.0,0.0,0.0,0.0,0.0,0.0,0.0,0.0,0.0,0.0
2010-07-13,0.0,0.0,0.0,0.0,0.0,0.0,0.0,0.0,0.0,0.0,0.0,0.0,0.0,0.0,0.0,0.0,0.0,0.0,0.0,0.0,0.0,0.0,0.0
2010-07-14,0.0,0.0,0.0,0.0,0.0,0.0,0.0,0.0,0.0,0.0,0.0,0.0,0.0,0.0,0.0,0.0,0.0,0.0,0.0,0.0,0.0,0.0,0.0
2010-07-15,0.0,0.0,0.0,0.0,0.0,0.0,0.0,0.0,0.0,0.0,0.0,0.0,0.0,0.0,0.0,0.0,0.0,0.0,0.0,0.0,0.0,0.0,0.0
2010-07-16,0.0,0.0,0.0,0.0,0.0,0.0,0.0,0.0,0.0,0.0,0.0,0.0,0.0,0.0,0.0,0.0,0.0,0.0,0.0,0.0,0.0,0.0,0.0
2010-07-19,0.0,0.0,0.0,0.0,0.0,0.0,0.0,0.0,0.0,0.0,0.0,0.0,0.0,0.0,0.0,0.0,0.0,0.0,0.0,0.0,0.0,0.0,0.0
2010-07-20,0.0,0.0,0.0,0.0,0.0,0.0,0.0,0.0,0.0,0.0,0.0,0.0,0.0,0.0,0.0,0.0,0.0,0.0,0.0,0.0,0.0,0.0,0.0
2010-07-21,0.0,0.0,0.0,0.0,0.0,0.0,0.0,0.0,0.0,0.0,0.0,0.0,0.0,0.0,0.0,0.0,0.0,0.0,0.0,0.0,0.0,0.0,0.0
2010-07-22,0.0,0.0,0.0,0.0,0.0,0.0,0.0,0.0,0.0,0.0,0.0,0.0,0.0,0.0,0.0,0.0,0.0,0.0,0.0,0.0,0.0,0.0,0.0
2010-07-23,0.0,0.0,0.0,0.0,0.0,0.0,0.0,0.0,0.0,0.0,0.0,0.0,0.0,0.0,0.0,0.0,0.0,0.0,0.0,0.0,0.0,0.0,0.0
2010-07-26,0.0,0.0,0.0,0.0,0.0,0.0,0.0,0.0,0.0,0.0,0.0,0.0,0.0,0.0,0.0,0.0,0.0,0.0,0.0,0.0,0.0,0.0,0.0
2010-07-27,0.0,0.0,0.0,0.0,0.0,0.0,0.0,0.0,0.0,0.0,0.0,0.0,0.0,0.0,0.0,0.0,0.0,0.0,0.0,0.0,0.0,0.0,0.0
2010-07-28,0.0,0.0,0.0,0.0,0.0,0.0,0.0,0.0,0.0,0.0,0.0,0.0,0.0,0.0,0.0,0.0,0.0,0.0,0.0,0.0,0.0,0.0,0.0
2010-07-29,0.0,0.0,0.0,0.0,0.0,0.0,0.0,0.0,0.0,0.0,0.0,0.0,0.0,0.0,0.0,0.0,0.0,0.0,0.0,0.0,0.0,0.0,0.0
2010-07-30,0.0,0.0,0.0,0.0,0.0,0.0,0.0,0.0,0.0,0.0,0.0,0.0,0.0,0.0,0.0,0.0,0.0,0.0,0.0,0.0,0.0,0.0,0.0
2010-08-02,0.0,0.0,0.0,0.0,0.0,0.0,0.0,0.0,0.0,0.0,0.0,0.0,0.0,0.0,0.0,0.0,0.0,0.0,0.0,0.0,0.0,0.0,0.0
2010-08-03,0.0,0.0,0.0,0.0,0.0,0.0,0.0,0.0,0.0,0.0,0.0,0.0,0.0,0.0,0.0,0.0,0.0,0.0,0.0,0.0,0.0,0.0,0.0
2010-08-04,0.0,0.0,0.0,0.0,0.0,0.0,0.0,0.0,0.0,0.0,0.0,0.0,0.0,0.0,0.0,0.0,0.0,0.0,0.0,0.0,0.0,0.0,0.0
2010-08-05,0.0,0.0,0.0,0.0,0.0,0.0,0.0,0.0,0.0,0.0,0.0,0.0,0.0,0.0,0.0,0.0,0.0,0.0,0.0,0.0,0.0,0.0,0.0
2010-08-06,0.0,0.0,0.0,0.0,0.0,0.0,0.0,0.0,0.0,0.0,0.0,0.0,0.0,0.0,0.0,0.0,0.0,0.0,0.0,0.0,0.0,0.0,0.0
2010-08-09,0.0,0.0,0.0,0.0,0.0,0.0,0.0,0.0,0.0,0.0,0.0,0.0,0.0,0.0,0.0,0.0,0.0,0.0,0.0,0.0,0.0,0.0,0.0
2010-08-10,0.0,0.0,0.0,0.0,0.0,0.0,0.0,0.0,0.0,0.0,0.0,0.0,0.0,0.0,0.0,0.0,0.0,0.0,0.0,0.0,0.0,0.0,0.0
2010-08-11,0.0,0.0,0.0,0.0,0.0,0.0,0.0,0.0,0.0,0.0,0.0,0.0,0.0,0.0,0.0,0.0,0.0,0.0,0.0,0.0,0.0,0.0,0.0
2010-08-12,0.0,0.0,0.0,0.0,0.0,0.0,0.0,0.0,0.0,0.0,0.0,0.0,0.0,0.0,0.0,0.0,0.0,0.0,0.0,0.0,0.0,0.0,0.0
2010-08-13,0.0,0.0,0.0,0.0,0.0,0.0,0.0,0.0,0.0,0.0,0.0,0.0,0.0,0.0,0.0,0.0,0.0,0.0,0.0,0.0,0.0,0.0,0.0
2010-08-16,0.0,0.0,0.0,0.0,0.0,0.0,0.0,0.0,0.0,0.0,0.0,0.0,0.0,0.0,0.0,0.0,0.0,0.0,0.0,0.0,0.0,0.0,0.0
2010-08-17,0.0,0.0,0.0,0.0,0.0,0.0,0.0,0.0,0.0,0.0,0.0,0.0,0.0,0.0,0.0,0.0,0.0,0.0,0.0,0.0,0.0,0.0,0.0
2010-08-18,0.0,0.0,0.0,0.0,0.0,0.0,0.0,0.0,0.0,0.0,0.0,0.0,0.0,0.0,0.0,0.0,0.0,0.0,0.0,0.0,0.0,0.0,0.0
2010-08-19,0.0,0.0,0.0,0.0,0.0,0.0,0.0,0.0,0.0,0.0,0.0,0.0,0.0,0.0,0.0,0.0,0.0,0.0,0.0,0.0,0.0,0.0,0.0
2010-08-20,0.0,0.0,0.0,0.0,0.0,0.0,0.0,0.0,0.0,0.0,0.0,0.0,0.0,0.0,0.0,0.0,0.0,0.0,0.0,0.0,0.0,0.0,0.0
2010-08-23,0.0,0.0,0.0,0.0,0.0,0.0,0.0,0.0,0.0,0.0,0.0,0.0,0.0,0.0,0.0,0.0,0.0,0.0,0.0,0.0,0.0,0.0,0.0
2010-08-24,0.0,0.0,0.0,0.0,0.0,0.0,0.0,0.0,0.0,0.0,0.0,0.0,0.0,0.0,0.0,0.0,0.0,0.0,0.0,0.0,0.0,0.0,0.0
2010-08-25,0.0,0.0,0.0,0.0,0.0,0.0,0.0,0.0,0.0,0.0,0.0,0.0,0.0,0.0,0.0,0.0,0.0,0.0,0.0,0.0,0.0,0.0,0.0
2010-08-26,0.0,0.0,0.0,0.0,0.0,0.0,0.0,0.0,0.0,0.0,0.0,0.0,0.0,0.0,0.0,0.0,0.0,0.0,0.0,0.0,0.0,0.0,0.0
2010-08-27,0.0,0.0,0.0,0.0,0.0,0.0,0.0,0.0,0.0,0.0,0.0,0.0,0.0,0.0,0.0,0.0,0.0,0.0,0.0,0.0,0.0,0.0,0.0
2010-08-30,0.0,0.0,0.0,0.0,0.0,0.0,0.0,0.0,0.0,0.0,0.0,0.0,0.0,0.0,0.0,0.0,0.0,0.0,0.0,0.0,0.0,0.0,0.0
2010-08-31,0.0,0.0,0.0,0.0,0.0,0.0,0.0,0.0,0.0,0.0,0.0,0.0,0.0,0.0,0.0,0.0,0.0,0.0,0.0,0.0,0.0,0.0,0.0
2010-09-01,0.0,0.0,0.0,0.0,0.0,0.0,0.0,0.0,0.0,0.0,0.0,0.0,0.0,0.0,0.0,0.0,0.0,0.0,0.0,0.0,0.0,0.0,0.0
2010-09-02,0.0,0.0,0.0,0.0,0.0,0.0,0.0,0.0,0.0,0.0,0.0,0.0,0.0,0.0,0.0,0.0,0.0,0.0,0.0,0.0,0.0,0.0,0.0
2010-09-03,0.0,0.0,0.0,0.0,0.0,0.0,0.0,0.0,0.0,0.0,0.0,0.0,0.0,0.0,0.0,0.0,0.0,0.0,0.0,0.0,0.0,0.0,0.0
2010-09-06,0.0,0.0,0.0,0.0,0.0,0.0,0.0,0.0,0.0,0.0,0.0,0.0,0.0,0.0,0.0,0.0,0.0,0.0,0.0,0.0,0.0,0.0,0.0
2010-09-07,0.0,0.0,0.0,0.0,0.0,0.0,0.0,0.0,0.0,0.0,0.0,0.0,0.0,0.0,0.0,0.0,0.0,0.0,0.0,0.0,0.0,0.0,0.0
2010-09-08,0.0,0.0,0.0,0.0,0.0,0.0,0.0,0.0,0.0,0.0,0.0,0.0,0.0,0.0,0.0,0.0,0.0,0.0,0.0,0.0,0.0,0.0,0.0
2010-09-09,0.0,0.0,0.0,0.0,0.0,0.0,0.0,0.0,0.0,0.0,0.0,0.0,0.0,0.0,0.0,0.0,0.0,0.0,0.0,0.0,0.0,0.0,0.0
2010-09-10,0.0,0.0,0.0,0.0,0.0,0.0,0.0,0.0,0.0,0.0,0.0,0.0,0.0,0.0,0.0,0.0,0.0,0.0,0.0,0.0,0.0,0.0,0.0
2010-09-13,0.0,0.0,0.0,0.0,0.0,0.0,0.0,0.0,0.0,0.0,0.0,0.0,0.0,0.0,0.0,0.0,0.0,0.0,0.0,0.0,0.0,0.0,0.0
2010-09-14,0.0,0.0,0.0,0.0,0.0,0.0,0.0,0.0,0.0,0.0,0.0,0.0,0.0,0.0,0.0,0.0,0.0,0.0,0.0,0.0,0.0,0.0,0.0
2010-09-15,0.0,0.0,0.0,0.0,0.0,0.0,0.0,0.0,0.0,0.0,0.0,0.0,0.0,0.0,0.0,0.0,0.0,0.0,0.0,0.0,0.0,0.0,0.0
2010-09-16,0.0,0.0,0.0,0.0,0.0,0.0,0.0,0.0,0.0,0.0,0.0,0.0,0.0,0.0,0.0,0.0,0.0,0.0,0.0,0.0,0.0,0.0,0.0
2010-09-17,0.0,0.0,0.0,0.0,0.0,0.0,0.0,0.0,0.0,0.0,0.0,0.0,0.0,0.0,0.0,0.0,0.0,0.0,0.0,0.0,0.0,0.0,0.0
2010-09-20,0.0,0.0,0.0,0.0,0.0,0.0,0.0,0.0,0.0,0.0,0.0,0.0,0.0,0.0,0.0,0.0,0.0,0.0,0.0,0.0,0.0,0.0,0.0
2010-09-21,0.0,0.0,0.0,0.0,0.0,0.0,0.0,0.0,0.0,0.0,0.0,0.0,0.0,0.0,0.0,0.0,0.0,0.0,0.0,0.0,0.0,0.0,0.0
2010-09-22,0.0,0.0,0.0,0.0,0.0,0.0,0.0,0.0,0.0,0.0,0.0,0.0,0.0,0.0,0.0,0.0,0.0,0.0,0.0,0.0,0.0,0.0,0.0
2010-09-23,0.0,0.0,0.0,0.0,0.0,0.0,0.0,0.0,0.0,0.0,0.0,0.0,0.0,0.0,0.0,0.0,0.0,0.0,0.0,0.0,0.0,0.0,0.0
2010-09-24,0.0,0.0,0.0,0.0,0.0,0.0,0.0,0.0,0.0,0.0,0.0,0.0,0.0,0.0,0.0,0.0,0.0,0.0,0.0,0.0,0.0,0.0,0.0
2010-09-27,0.0,0.0,0.0,0.0,0.0,0.0,0.0,0.0,0.0,0.0,0.0,0.0,0.0,0.0,0.0,0.0,0.0,0.0,0.0,0.0,0.0,0.0,0.0
2010-09-28,0.0,0.0,0.0,0.0,0.0,0.0,0.0,0.0,0.0,0.0,0.0,0.0,0.0,0.0,0.0,0.0,0.0,0.0,0.0,0.0,0.0,0.0,0.0
2010-09-29,0.0,0.0,0.0,0.0,0.0,0.0,0.0,0.0,0.0,0.0,0.0,0.0,0.0,0.0,0.0,0.0,0.0,0.0,0.0,0.0,0.0,0.0,0.0
2010-09-30,0.0,0.0,0.0,0.0,0.0,0.0,0.0,0.0,0.0,0.0,0.0,0.0,0.0,0.0,0.0,0.0,0.0,0.0,0.0,0.0,0.0,0.0,0.0
2010-10-01,0.0,0.0,0.0,0.0,0.0,0.0,0.0,0.0,0.0,0.0,0.0,0.0,0.0,0.0,0.0,0.0,0.0,0.0,0.0,0.0,0.0,0.0,0.0
2010-10-04,0.0,0.0,0.0,0.0,0.0,0.0,0.0,0.0,0.0,0.0,0.0,0.0,0.0,0.0,0.0,0.0,0.0,0.0,0.0,0.0,0.0,0.0,0.0
2010-10-05,0.0,0.0,0.0,0.0,0.0,0.0,0.0,0.0,0.0,0.0,0.0,0.0,0.0,0.0,0.0,0.0,0.0,0.0,0.0,0.0,0.0,0.0,0.0
2010-10-06,0.0,0.0,0.0,0.0,0.0,0.0,0.0,0.0,0.0,0.0,0.0,0.0,0.0,0.0,0.0,0.0,0.0,0.0,0.0,0.0,0.0,0.0,0.0
2010-10-07,0.0,0.0,0.0,0.0,0.0,0.0,0.0,0.0,0.0,0.0,0.0,0.0,0.0,0.0,0.0,0.0,0.0,0.0,0.0,0.0,0.0,0.0,0.0
2010-10-08,0.0,0.0,0.0,0.0,0.0,0.0,0.0,0.0,0.0,0.0,0.0,0.0,0.0,0.0,0.0,0.0,0.0,0.0,0.0,0.0,0.0,0.0,0.0
2010-10-11,0.0,0.0,0.0,0.0,0.0,0.0,0.0,0.0,0.0,0.0,0.0,0.0,0.0,0.0,0.0,0.0,0.0,0.0,0.0,0.0,0.0,0.0,0.0
2010-10-12,0.0,0.0,0.0,0.0,0.0,0.0,0.0,0.0,0.0,0.0,0.0,0.0,0.0,0.0,0.0,0.0,0.0,0.0,0.0,0.0,0.0,0.0,0.0
2010-10-13,0.0,0.0,0.0,0.0,0.0,0.0,0.0,0.0,0.0,0.0,0.0,0.0,0.0,0.0,0.0,0.0,0.0,0.0,0.0,0.0,0.0,0.0,0.0
2010-10-14,0.0,0.0,0.0,0.0,0.0,0.0,0.0,0.0,0.0,0.0,0.0,0.0,0.0,0.0,0.0,0.0,0.0,0.0,0.0,0.0,0.0,0.0,0.0
2010-10-15,0.0,0.0,0.0,0.0,0.0,0.0,0.0,0.0,0.0,0.0,0.0,0.0,0.0,0.0,0.0,0.0,0.0,0.0,0.0,0.0,0.0,0.0,0.0
2010-10-18,0.0,0.0,0.0,0.0,0.0,0.0,0.0,0.0,0.0,0.0,0.0,0.0,0.0,0.0,0.0,0.0,0.0,0.0,0.0,0.0,0.0,0.0,0.0
2010-10-19,0.0,0.0,0.0,0.0,0.0,0.0,0.0,0.0,0.0,0.0,0.0,0.0,0.0,0.0,0.0,0.0,0.0,0.0,0.0,0.0,0.0,0.0,0.0
2010-10-20,0.0,0.0,0.0,0.0,0.0,0.0,0.0,0.0,0.0,0.0,0.0,0.0,0.0,0.0,0.0,0.0,0.0,0.0,0.0,0.0,0.0,0.0,0.0
2010-10-21,0.0,0.0,0.0,0.0,0.0,0.0,0.0,0.0,0.0,0.0,0.0,0.0,0.0,0.0,0.0,0.0,0.0,0.0,0.0,0.0,0.0,0.0,0.0
2010-10-22,0.0,0.0,0.0,0.0,0.0,0.0,0.0,0.0,0.0,0.0,0.0,0.0,0.0,0.0,0.0,0.0,0.0,0.0,0.0,0.0,0.0,0.0,0.0
2010-10-25,0.0,0.0,0.0,0.0,0.0,0.0,0.0,0.0,0.0,0.0,0.0,0.0,0.0,0.0,0.0,0.0,0.0,0.0,0.0,0.0,0.0,0.0,0.0
2010-10-26,0.0,0.0,0.0,0.0,0.0,0.0,0.0,0.0,0.0,0.0,0.0,0.0,0.0,0.0,0.0,0.0,0.0,0.0,0.0,0.0,0.0,0.0,0.0
2010-10-27,0.0,0.0,0.0,0.0,0.0,0.0,0.0,0.0,0.0,0.0,0.0,0.0,0.0,0.0,0.0,0.0,0.0,0.0,0.0,0.0,0.0,0.0,0.0
2010-10-28,0.0,0.0,0.0,0.0,0.0,0.0,0.0,0.0,0.0,0.0,0.0,0.0,0.0,0.0,0.0,0.0,0.0,0.0,0.0,0.0,0.0,0.0,0.0
2010-10-29,0.0,0.0,0.0,0.0,0.0,0.0,0.0,0.0,0.0,0.0,0.0,0.0,0.0,0.0,0.0,0.0,0.0,0.0,0.0,0.0,0.0,0.0,0.0
2010-11-01,0.0,0.0,0.0,0.0,0.0,0.0,0.0,0.0,0.0,0.0,0.0,0.0,0.0,0.0,0.0,0.0,0.0,0.0,0.0,0.0,0.0,0.0,0.0
2010-11-02,0.0,0.0,0.0,0.0,0.0,0.0,0.0,0.0,0.0,0.0,0.0,0.0,0.0,0.0,0.0,0.0,0.0,0.0,0.0,0.0,0.0,0.0,0.0
2010-11-03,0.0,0.0,0.0,0.0,0.0,0.0,0.0,0.0,0.0,0.0,0.0,0.0,0.0,0.0,0.0,0.0,0.0,0.0,0.0,0.0,0.0,0.0,0.0
2010-11-04,0.0,0.0,0.0,0.0,0.0,0.0,0.0,0.0,0.0,0.0,0.0,0.0,0.0,0.0,0.0,0.0,0.0,0.0,0.0,0.0,0.0,0.0,0.0
2010-11-05,0.0,0.0,0.0,0.0,0.0,0.0,0.0,0.0,0.0,0.0,0.0,0.0,0.0,0.0,0.0,0.0,0.0,0.0,0.0,0.0,0.0,0.0,0.0
2010-11-08,0.0,0.0,0.0,0.0,0.0,0.0,0.0,0.0,0.0,0.0,0.0,0.0,0.0,0.0,0.0,0.0,0.0,0.0,0.0,0.0,0.0,0.0,0.0
2010-11-09,0.0,0.0,0.0,0.0,0.0,0.0,0.0,0.0,0.0,0.0,0.0,0.0,0.0,0.0,0.0,0.0,0.0,0.0,0.0,0.0,0.0,0.0,0.0
2010-11-10,0.0,0.0,0.0,0.0,0.0,0.0,0.0,0.0,0.0,0.0,0.0,0.0,0.0,0.0,0.0,0.0,0.0,0.0,0.0,0.0,0.0,0.0,0.0
2010-11-11,0.0,0.0,0.0,0.0,0.0,0.0,0.0,0.0,0.0,0.0,0.0,0.0,0.0,0.0,0.0,0.0,0.0,0.0,0.0,0.0,0.0,0.0,0.0
2010-11-12,0.0,0.0,0.0,0.0,0.0,0.0,0.0,0.0,0.0,0.0,0.0,0.0,0.0,0.0,0.0,0.0,0.0,0.0,0.0,0.0,0.0,0.0,0.0
2010-11-15,0.0,0.0,0.0,0.0,0.0,0.0,0.0,0.0,0.0,0.0,0.0,0.0,0.0,0.0,0.0,0.0,0.0,0.0,0.0,0.0,0.0,0.0,0.0
2010-11-16,0.0,0.0,0.0,0.0,0.0,0.0,0.0,0.0,0.0,0.0,0.0,0.0,0.0,0.0,0.0,0.0,0.0,0.0,0.0,0.0,0.0,0.0,0.0
2010-11-17,0.0,0.0,0.0,0.0,0.0,0.0,0.0,0.0,0.0,0.0,0.0,0.0,0.0,0.0,0.0,0.0,0.0,0.0,0.0,0.0,0.0,0.0,0.0
2010-11-18,0.0,0.0,0.0,0.0,0.0,0.0,0.0,0.0,0.0,0.0,0.0,0.0,0.0,0.0,0.0,0.0,0.0,0.0,0.0,0.0,0.0,0.0,0.0
2010-11-19,0.0,0.0,0.0,0.0,0.0,0.0,0.0,0.0,0.0,0.0,0.0,0.0,0.0,0.0,0.0,0.0,0.0,0.0,0.0,0.0,0.0,0.0,0.0
2010-11-22,0.0,0.0,0.0,0.0,0.0,0.0,0.0,0.0,0.0,0.0,0.0,0.0,0.0,0.0,0.0,0.0,0.0,0.0,0.0,0.0,0.0,0.0,0.0
2010-11-23,0.0,0.0,0.0,0.0,0.0,0.0,0.0,0.0,0.0,0.0,0.0,0.0,0.0,0.0,0.0,0.0,0.0,0.0,0.0,0.0,0.0,0.0,0.0
2010-11-24,0.0,0.0,0.0,0.0,0.0,0.0,0.0,0.0,0.0,0.0,0.0,0.0,0.0,0.0,0.0,0.0,0.0,0.0,0.0,0.0,0.0,0.0,0.0
2010-11-25,0.0,0.0,0.0,0.0,0.0,0.0,0.0,0.0,0.0,0.0,0.0,0.0,0.0,0.0,0.0,0.0,0.0,0.0,0.0,0.0,0.0,0.0,0.0
2010-11-26,0.0,0.0,0.0,0.0,0.0,0.0,0.0,0.0,0.0,0.0,0.0,0.0,0.0,0.0,0.0,0.0,0.0,0.0,0.0,0.0,0.0,0.0,0.0
2010-11-29,0.0,0.0,0.0,0.0,0.0,0.0,0.0,0.0,0.0,0.0,0.0,0.0,0.0,0.0,0.0,0.0,0.0,0.0,0.0,0.0,0.0,0.0,0.0
2010-11-30,0.0,0.0,0.0,0.0,0.0,0.0,0.0,0.0,0.0,0.0,0.0,0.0,0.0,0.0,0.0,0.0,0.0,0.0,0.0,0.0,0.0,0.0,0.0
2010-12-01,0.0,0.0,0.0,0.0,0.0,0.0,0.0,0.0,0.0,0.0,0.0,0.0,0.0,0.0,0.0,0.0,0.0,0.0,0.0,0.0,0.0,0.0,0.0
2010-12-02,0.0,0.0,0.0,0.0,0.0,0.0,0.0,0.0,0.0,0.0,0.0,0.0,0.0,0.0,0.0,0.0,0.0,0.0,0.0,0.0,0.0,0.0,0.0
2010-12-03,0.0,0.0,0.0,0.0,0.0,0.0,0.0,0.0,0.0,0.0,0.0,0.0,0.0,0.0,0.0,0.0,0.0,0.0,0.0,0.0,0.0,0.0,0.0
2010-12-06,0.0,0.0,0.0,0.0,0.0,0.0,0.0,0.0,0.0,0.0,0.0,0.0,0.0,0.0,0.0,0.0,0.0,0.0,0.0,0.0,0.0,0.0,0.0
2010-12-07,0.0,0.0,0.0,0.0,0.0,0.0,0.0,0.0,0.0,0.0,0.0,0.0,0.0,0.0,0.0,0.0,0.0,0.0,0.0,0.0,0.0,0.0,0.0
2010-12-08,0.0,0.0,0.0,0.0,0.0,0.0,0.0,0.0,0.0,0.0,0.0,0.0,0.0,0.0,0.0,0.0,0.0,0.0,0.0,0.0,0.0,0.0,0.0
2010-12-09,0.0,0.0,0.0,0.0,0.0,0.0,0.0,0.0,0.0,0.0,0.0,0.0,0.0,0.0,0.0,0.0,0.0,0.0,0.0,0.0,0.0,0.0,0.0
2010-12-10,0.0,0.0,0.0,0.0,0.0,0.0,0.0,0.0,0.0,0.0,0.0,0.0,0.0,0.0,0.0,0.0,0.0,0.0,0.0,0.0,0.0,0.0,0.0
2010-12-13,0.0,0.0,0.0,0.0,0.0,0.0,0.0,0.0,0.0,0.0,0.0,0.0,0.0,0.0,0.0,0.0,0.0,0.0,0.0,0.0,0.0,0.0,0.0
2010-12-14,0.0,0.0,0.0,0.0,0.0,0.0,0.0,0.0,0.0,0.0,0.0,0.0,0.0,0.0,0.0,0.0,0.0,0.0,0.0,0.0,0.0,0.0,0.0
2010-12-15,0.0,0.0,0.0,0.0,0.0,0.0,0.0,0.0,0.0,0.0,0.0,0.0,0.0,0.0,0.0,0.0,0.0,0.0,0.0,0.0,0.0,0.0,0.0
2010-12-16,0.0,0.0,0.0,0.0,0.0,0.0,0.0,0.0,0.0,0.0,0.0,0.0,0.0,0.0,0.0,0.0,0.0,0.0,0.0,0.0,0.0,0.0,0.0
2010-12-17,0.0,0.0,0.0,0.0,0.0,0.0,0.0,0.0,0.0,0.0,0.0,0.0,0.0,0.0,0.0,0.0,0.0,0.0,0.0,0.0,0.0,0.0,0.0
2010-12-20,0.0,0.0,0.0,0.0,0.0,0.0,0.0,0.0,0.0,0.0,0.0,0.0,0.0,0.0,0.0,0.0,0.0,0.0,0.0,0.0,0.0,0.0,0.0
2010-12-21,0.0,0.0,0.0,0.0,0.0,0.0,0.0,0.0,0.0,0.0,0.0,0.0,0.0,0.0,0.0,0.0,0.0,0.0,0.0,0.0,0.0,0.0,0.0
2010-12-22,0.0,0.0,0.0,0.0,0.0,0.0,0.0,0.0,0.0,0.0,0.0,0.0,0.0,0.0,0.0,0.0,0.0,0.0,0.0,0.0,0.0,0.0,0.0
2010-12-23,0.0,0.0,0.0,0.0,0.0,0.0,0.0,0.0,0.0,0.0,0.0,0.0,0.0,0.0,0.0,0.0,0.0,0.0,0.0,0.0,0.0,0.0,0.0
2010-12-24,0.0,0.0,0.0,0.0,0.0,0.0,0.0,0.0,0.0,0.0,0.0,0.0,0.0,0.0,0.0,0.0,0.0,0.0,0.0,0.0,0.0,0.0,0.0
2010-12-27,0.0,0.0,0.0,0.0,0.0,0.0,0.0,0.0,0.0,0.0,0.0,0.0,0.0,0.0,0.0,0.0,0.0,0.0,0.0,0.0,0.0,0.0,0.0
2010-12-28,0.0,0.0,0.0,0.0,0.0,0.0,0.0,0.0,0.0,0.0,0.0,0.0,0.0,0.0,0.0,0.0,0.0,0.0,0.0,0.0,0.0,0.0,0.0
2010-12-29,0.0,0.0,0.0,0.0,0.0,0.0,0.0,0.0,0.0,0.0,0.0,0.0,0.0,0.0,0.0,0.0,0.0,0.0,0.0,0.0,0.0,0.0,0.0
2010-12-30,0.0,0.0,0.0,0.0,0.0,0.0,0.0,0.0,0.0,0.0,0.0,0.0,0.0,0.0,0.0,0.0,0.0,0.0,0.0,0.0,0.0,0.0,0.0
2010-12-31,0.0,0.0,0.0,0.0,0.0,0.0,0.0,0.0,0.0,0.0,0.0,0.0,0.0,0.0,0.0,0.0,0.0,0.0,0.0,0.0,0.0,0.0,0.0
2011-01-03,0.0,0.0,0.0,0.0,0.0,0.0,0.0,0.0,0.0,0.0,0.0,0.0,0.0,0.0,0.0,0.0,0.0,0.0,0.0,0.0,0.0,0.0,0.0
2011-01-04,0.0,0.0,0.0,0.0,0.0,0.0,0.0,0.0,0.0,0.0,0.0,0.0,0.0,0.0,0.0,0.0,0.0,0.0,0.0,0.0,0.0,0.0,0.0
2011-01-05,0.0,0.0,0.0,0.0,0.0,0.0,0.0,0.0,0.0,0.0,0.0,0.0,0.0,0.0,0.0,0.0,0.0,0.0,0.0,0.0,0.0,0.0,0.0
2011-01-06,0.0,0.0,0.0,0.0,0.0,0.0,0.0,0.0,0.0,0.0,0.0,0.0,0.0,0.0,0.0,0.0,0.0,0.0,0.0,0.0,0.0,0.0,0.0
2011-01-07,0.0,0.0,0.0,0.0,0.0,0.0,0.0,0.0,0.0,0.0,0.0,0.0,0.0,0.0,0.0,0.0,0.0,0.0,0.0,0.0,0.0,0.0,0.0
2011-01-10,0.0,0.0,0.0,0.0,0.0,0.0,0.0,0.0,0.0,0.0,0.0,0.0,0.0,0.0,0.0,0.0,0.0,0.0,0.0,0.0,0.0,0.0,0.0
2011-01-11,0.0,0.0,0.0,0.0,0.0,0.0,0.0,0.0,0.0,0.0,0.0,0.0,0.0,0.0,0.0,0.0,0.0,0.0,0.0,0.0,0.0,0.0,0.0
2011-01-12,0.0,0.0,0.0,0.0,0.0,0.0,0.0,0.0,0.0,0.0,0.0,0.0,0.0,0.0,0.0,0.0,0.0,0.0,0.0,0.0,0.0,0.0,0.0
2011-01-13,0.0,0.0,0.0,0.0,0.0,0.0,0.0,0.0,0.0,0.0,0.0,0.0,0.0,0.0,0.0,0.0,0.0,0.0,0.0,0.0,0.0,0.0,0.0
2011-01-14,0.0,0.0,0.0,0.0,0.0,0.0,0.0,0.0,0.0,0.0,0.0,0.0,0.0,0.0,0.0,0.0,0.0,0.0,0.0,0.0,0.0,0.0,0.0
2011-01-17,0.0,0.0,0.0,0.0,0.0,0.0,0.0,0.0,0.0,0.0,0.0,0.0,0.0,0.0,0.0,0.0,0.0,0.0,0.0,0.0,0.0,0.0,0.0
2011-01-18,0.0,0.0,0.0,0.0,0.0,0.0,0.0,0.0,0.0,0.0,0.0,0.0,0.0,0.0,0.0,0.0,0.0,0.0,0.0,0.0,0.0,0.0,0.0
2011-01-19,0.0,0.0,0.0,0.0,0.0,0.0,0.0,0.0,0.0,0.0,0.0,0.0,0.0,0.0,0.0,0.0,0.0,0.0,0.0,0.0,0.0,0.0,0.0
2011-01-20,0.0,0.0,0.0,0.0,0.0,0.0,0.0,0.0,0.0,0.0,0.0,0.0,0.0,0.0,0.0,0.0,0.0,0.0,0.0,0.0,0.0,0.0,0.0
2011-01-21,0.0,0.0,0.0,0.0,0.0,0.0,0.0,0.0,0.0,0.0,0.0,0.0,0.0,0.0,0.0,0.0,0.0,0.0,0.0,0.0,0.0,0.0,0.0
2011-01-24,0.0,0.0,0.0,0.0,0.0,0.0,0.0,0.0,0.0,0.0,0.0,0.0,0.0,0.0,0.0,0.0,0.0,0.0,0.0,0.0,0.0,0.0,0.0
2011-01-25,0.0,0.0,0.0,0.0,0.0,0.0,0.0,0.0,0.0,0.0,0.0,0.0,0.0,0.0,0.0,0.0,0.0,0.0,0.0,0.0,0.0,0.0,0.0
2011-01-26,0.0,0.0,0.0,0.0,0.0,0.0,0.0,0.0,0.0,0.0,0.0,0.0,0.0,0.0,0.0,0.0,0.0,0.0,0.0,0.0,0.0,0.0,0.0
2011-01-27,0.0,0.0,0.0,0.0,0.0,0.0,0.0,0.0,0.0,0.0,0.0,0.0,0.0,0.0,0.0,0.0,0.0,0.0,0.0,0.0,0.0,0.0,0.0
2011-01-28,0.0,0.0,0.0,0.0,0.0,0.0,0.0,0.0,0.0,0.0,0.0,0.0,0.0,0.0,0.0,0.0,0.0,0.0,0.0,0.0,0.0,0.0,0.0
2011-01-31,0.0,0.0,0.0,0.0,0.0,0.0,0.0,0.0,0.0,0.0,0.0,0.0,0.0,0.0,0.0,0.0,0.0,0.0,0.0,0.0,0.0,0.0,0.0
2011-02-01,0.0,0.0,0.0,0.0,0.0,0.0,0.0,0.0,0.0,0.0,0.0,0.0,0.0,0.0,0.0,0.0,0.0,0.0,0.0,0.0,0.0,0.0,0.0
2011-02-02,0.0,0.0,0.0,0.0,0.0,0.0,0.0,0.0,0.0,0.0,0.0,0.0,0.0,0.0,0.0,0.0,0.0,0.0,0.0,0.0,0.0,0.0,0.0
2011-02-03,0.0,0.0,0.0,0.0,0.0,0.0,0.0,0.0,0.0,0.0,0.0,0.0,0.0,0.0,0.0,0.0,0.0,0.0,0.0,0.0,0.0,0.0,0.0
2011-02-04,0.0,0.0,0.0,0.0,0.0,0.0,0.0,0.0,0.0,0.0,0.0,0.0,0.0,0.0,0.0,0.0,0.0,0.0,0.0,0.0,0.0,0.0,0.0
2011-02-07,0.0,0.0,0.0,0.0,0.0,0.0,0.0,0.0,0.0,0.0,0.0,0.0,0.0,0.0,0.0,0.0,0.0,0.0,0.0,0.0,0.0,0.0,0.0
2011-02-08,0.0,0.0,0.0,0.0,0.0,0.0,0.0,0.0,0.0,0.0,0.0,0.0,0.0,0.0,0.0,0.0,0.0,0.0,0.0,0.0,0.0,0.0,0.0
2011-02-09,0.0,0.0,0.0,0.0,0.0,0.0,0.0,0.0,0.0,0.0,0.0,0.0,0.0,0.0,0.0,0.0,0.0,0.0,0.0,0.0,0.0,0.0,0.0
2011-02-10,0.0,0.0,0.0,0.0,0.0,0.0,0.0,0.0,0.0,0.0,0.0,0.0,0.0,0.0,0.0,0.0,0.0,0.0,0.0,0.0,0.0,0.0,0.0
2011-02-11,0.0,0.0,0.0,0.0,0.0,0.0,0.0,0.0,0.0,0.0,0.0,0.0,0.0,0.0,0.0,0.0,0.0,0.0,0.0,0.0,0.0,0.0,0.0
2011-02-14,0.0,0.0,0.0,0.0,0.0,0.0,0.0,0.0,0.0,0.0,0.0,0.0,0.0,0.0,0.0,0.0,0.0,0.0,0.0,0.0,0.0,0.0,0.0
2011-02-15,0.0,0.0,0.0,0.0,0.0,0.0,0.0,0.0,0.0,0.0,0.0,0.0,0.0,0.0,0.0,0.0,0.0,0.0,0.0,0.0,0.0,0.0,0.0
2011-02-16,0.0,0.0,0.0,0.0,0.0,0.0,0.0,0.0,0.0,0.0,0.0,0.0,0.0,0.0,0.0,0.0,0.0,0.0,0.0,0.0,0.0,0.0,0.0
2011-02-17,0.0,0.0,0.0,0.0,0.0,0.0,0.0,0.0,0.0,0.0,0.0,0.0,0.0,0.0,0.0,0.0,0.0,0.0,0.0,0.0,0.0,0.0,0.0
2011-02-18,0.0,0.0,0.0,0.0,0.0,0.0,0.0,0.0,0.0,0.0,0.0,0.0,0.0,0.0,0.0,0.0,0.0,0.0,0.0,0.0,0.0,0.0,0.0
2011-02-21,0.0,0.0,0.0,0.0,0.0,0.0,0.0,0.0,0.0,0.0,0.0,0.0,0.0,0.0,0.0,0.0,0.0,0.0,0.0,0.0,0.0,0.0,0.0
2011-02-22,0.0,0.0,0.0,0.0,0.0,0.0,0.0,0.0,0.0,0.0,0.0,0.0,0.0,0.0,0.0,0.0,0.0,0.0,0.0,0.0,0.0,0.0,0.0
2011-02-23,0.0,0.0,0.0,0.0,0.0,0.0,0.0,0.0,0.0,0.0,0.0,0.0,0.0,0.0,0.0,0.0,0.0,0.0,0.0,0.0,0.0,0.0,0.0
2011-02-24,0.0,0.0,0.0,0.0,0.0,0.0,0.0,0.0,0.0,0.0,0.0,0.0,0.0,0.0,0.0,0.0,0.0,0.0,0.0,0.0,0.0,0.0,0.0
2011-02-25,0.0,0.0,0.0,0.0,0.0,0.0,0.0,0.0,0.0,0.0,0.0,0.0,0.0,0.0,0.0,0.0,0.0,0.0,0.0,0.0,0.0,0.0,0.0
2011-02-28,0.0,0.0,0.0,0.0,0.0,0.0,0.0,0.0,0.0,0.0,0.0,0.0,0.0,0.0,0.0,0.0,0.0,0.0,0.0,0.0,0.0,0.0,0.0
2011-03-01,0.0,0.0,0.0,0.0,0.0,0.0,0.0,0.0,0.0,0.0,0.0,0.0,0.0,0.0,0.0,0.0,0.0,0.0,0.0,0.0,0.0,0.0,0.0
2011-03-02,0.0,0.0,0.0,0.0,0.0,0.0,0.0,0.0,0.0,0.0,0.0,0.0,0.0,0.0,0.0,0.0,0.0,0.0,0.0,0.0,0.0,0.0,0.0
2011-03-03,0.0,0.0,0.0,0.0,0.0,0.0,0.0,0.0,0.0,0.0,0.0,0.0,0.0,0.0,0.0,0.0,0.0,0.0,0.0,0.0,0.0,0.0,0.0
2011-03-04,0.0,0.0,0.0,0.0,0.0,0.0,0.0,0.0,0.0,0.0,0.0,0.0,0.0,0.0,0.0,0.0,0.0,0.0,0.0,0.0,0.0,0.0,0.0
2011-03-07,0.0,0.0,0.0,0.0,0.0,0.0,0.0,0.0,0.0,0.0,0.0,0.0,0.0,0.0,0.0,0.0,0.0,0.0,0.0,0.0,0.0,0.0,0.0
2011-03-08,0.0,0.0,0.0,0.0,0.0,0.0,0.0,0.0,0.0,0.0,0.0,0.0,0.0,0.0,0.0,0.0,0.0,0.0,0.0,0.0,0.0,0.0,0.0
2011-03-09,0.0,0.0,0.0,0.0,0.0,0.0,0.0,0.0,0.0,0.0,0.0,0.0,0.0,0.0,0.0,0.0,0.0,0.0,0.0,0.0,0.0,0.0,0.0
2011-03-10,0.0,0.0,0.0,0.0,0.0,0.0,0.0,0.0,0.0,0.0,0.0,0.0,0.0,0.0,0.0,0.0,0.0,0.0,0.0,0.0,0.0,0.0,0.0
2011-03-11,0.0,0.0,0.0,0.0,0.0,0.0,0.0,0.0,0.0,0.0,0.0,0.0,0.0,0.0,0.0,0.0,0.0,0.0,0.0,0.0,0.0,0.0,0.0
2011-03-14,0.0,0.0,0.0,0.0,0.0,0.0,0.0,0.0,0.0,0.0,0.0,0.0,0.0,0.0,0.0,0.0,0.0,0.0,0.0,0.0,0.0,0.0,0.0
2011-03-15,0.0,0.0,0.0,0.0,0.0,0.0,0.0,0.0,0.0,0.0,0.0,0.0,0.0,0.0,0.0,0.0,0.0,0.0,0.0,0.0,0.0,0.0,0.0
2011-03-16,0.0,0.0,0.0,0.0,0.0,0.0,0.0,0.0,0.0,0.0,0.0,0.0,0.0,0.0,0.0,0.0,0.0,0.0,0.0,0.0,0.0,0.0,0.0
2011-03-17,0.0,0.0,0.0,0.0,0.0,0.0,0.0,0.0,0.0,0.0,0.0,0.0,0.0,0.0,0.0,0.0,0.0,0.0,0.0,0.0,0.0,0.0,0.0
2011-03-18,0.0,0.0,0.0,0.0,0.0,0.0,0.0,0.0,0.0,0.0,0.0,0.0,0.0,0.0,0.0,0.0,0.0,0.0,0.0,0.0,0.0,0.0,0.0
2011-03-21,0.0,0.0,0.0,0.0,0.0,0.0,0.0,0.0,0.0,0.0,0.0,0.0,0.0,0.0,0.0,0.0,0.0,0.0,0.0,0.0,0.0,0.0,0.0
2011-03-22,0.0,0.0,0.0,0.0,0.0,0.0,0.0,0.0,0.0,0.0,0.0,0.0,0.0,0.0,0.0,0.0,0.0,0.0,0.0,0.0,0.0,0.0,0.0
2011-03-23,0.0,0.0,0.0,0.0,0.0,0.0,0.0,0.0,0.0,0.0,0.0,0.0,0.0,0.0,0.0,0.0,0.0,0.0,0.0,0.0,0.0,0.0,0.0
2011-03-24,0.0,0.0,0.0,0.0,0.0,0.0,0.0,0.0,0.0,0.0,0.0,0.0,0.0,0.0,0.0,0.0,0.0,0.0,0.0,0.0,0.0,0.0,0.0
2011-03-25,0.0,0.0,0.0,0.0,0.0,0.0,0.0,0.0,0.0,0.0,0.0,0.0,0.0,0.0,0.0,0.0,0.0,0.0,0.0,0.0,0.0,0.0,0.0
2011-03-28,0.0,0.0,0.0,0.0,0.0,0.0,0.0,0.0,0.0,0.0,0.0,0.0,0.0,0.0,0.0,0.0,0.0,0.0,0.0,0.0,0.0,0.0,0.0
2011-03-29,0.0,0.0,0.0,0.0,0.0,0.0,0.0,0.0,0.0,0.0,0.0,0.0,0.0,0.0,0.0,0.0,0.0,0.0,0.0,0.0,0.0,0.0,0.0
2011-03-30,0.0,0.0,0.0,0.0,0.0,0.0,0.0,0.0,0.0,0.0,0.0,0.0,0.0,0.0,0.0,0.0,0.0,0.0,0.0,0.0,0.0,0.0,0.0
2011-03-31,0.0,0.0,0.0,0.0,0.0,0.0,0.0,0.0,0.0,0.0,0.0,0.0,0.0,0.0,0.0,0.0,0.0,0.0,0.0,0.0,0.0,0.0,0.0
2011-04-01,0.0,0.0,0.0,0.0,0.0,0.0,0.0,0.0,0.0,0.0,0.0,0.0,0.0,0.0,0.0,0.0,0.0,0.0,0.0,0.0,0.0,0.0,0.0
2011-04-04,0.0,0.0,0.0,0.0,0.0,0.0,0.0,0.0,0.0,0.0,0.0,0.0,0.0,0.0,0.0,0.0,0.0,0.0,0.0,0.0,0.0,0.0,0.0
2011-04-05,0.0,0.0,0.0,0.0,0.0,0.0,0.0,0.0,0.0,0.0,0.0,0.0,0.0,0.0,0.0,0.0,0.0,0.0,0.0,0.0,0.0,0.0,0.0
2011-04-06,0.0,0.0,0.0,0.0,0.0,0.0,0.0,0.0,0.0,0.0,0.0,0.0,0.0,0.0,0.0,0.0,0.0,0.0,0.0,0.0,0.0,0.0,0.0
2011-04-07,0.0,0.0,0.0,0.0,0.0,0.0,0.0,0.0,0.0,0.0,0.0,0.0,0.0,0.0,0.0,0.0,0.0,0.0,0.0,0.0,0.0,0.0,0.0
2011-04-08,0.0,0.0,0.0,0.0,0.0,0.0,0.0,0.0,0.0,0.0,0.0,0.0,0.0,0.0,0.0,0.0,0.0,0.0,0.0,0.0,0.0,0.0,0.0
2011-04-11,0.0,0.0,0.0,0.0,0.0,0.0,0.0,0.0,0.0,0.0,0.0,0.0,0.0,0.0,0.0,0.0,0.0,0.0,0.0,0.0,0.0,0.0,0.0
2011-04-12,0.0,0.0,0.0,0.0,0.0,0.0,0.0,0.0,0.0,0.0,0.0,0.0,0.0,0.0,0.0,0.0,0.0,0.0,0.0,0.0,0.0,0.0,0.0
2011-04-13,0.0,0.0,0.0,0.0,0.0,0.0,0.0,0.0,0.0,0.0,0.0,0.0,0.0,0.0,0.0,0.0,0.0,0.0,0.0,0.0,0.0,0.0,0.0
2011-04-14,0.0,0.0,0.0,0.0,0.0,0.0,0.0,0.0,0.0,0.0,0.0,0.0,0.0,0.0,0.0,0.0,0.0,0.0,0.0,0.0,0.0,0.0,0.0
2011-04-15,0.0,0.0,0.0,0.0,0.0,0.0,0.0,0.0,0.0,0.0,0.0,0.0,0.0,0.0,0.0,0.0,0.0,0.0,0.0,0.0,0.0,0.0,0.0
2011-04-18,0.0,0.0,0.0,0.0,0.0,0.0,0.0,0.0,0.0,0.0,0.0,0.0,0.0,0.0,0.0,0.0,0.0,0.0,0.0,0.0,0.0,0.0,0.0
2011-04-19,0.0,0.0,0.0,0.0,0.0,0.0,0.0,0.0,0.0,0.0,0.0,0.0,0.0,0.0,0.0,0.0,0.0,0.0,0.0,0.0,0.0,0.0,0.0
2011-04-20,0.0,0.0,0.0,0.0,0.0,0.0,0.0,0.0,0.0,0.0,0.0,0.0,0.0,0.0,0.0,0.0,0.0,0.0,0.0,0.0,0.0,0.0,0.0
2011-04-21,0.0,0.0,0.0,0.0,0.0,0.0,0.0,0.0,0.0,0.0,0.0,0.0,0.0,0.0,0.0,0.0,0.0,0.0,0.0,0.0,0.0,0.0,0.0
2011-04-22,0.0,0.0,0.0,0.0,0.0,0.0,0.0,0.0,0.0,0.0,0.0,0.0,0.0,0.0,0.0,0.0,0.0,0.0,0.0,0.0,0.0,0.0,0.0
2011-04-25,0.0,0.0,0.0,0.0,0.0,0.0,0.0,0.0,0.0,0.0,0.0,0.0,0.0,0.0,0.0,0.0,0.0,0.0,0.0,0.0,0.0,0.0,0.0
2011-04-26,0.0,0.0,0.0,0.0,0.0,0.0,0.0,0.0,0.0,0.0,0.0,0.0,0.0,0.0,0.0,0.0,0.0,0.0,0.0,0.0,0.0,0.0,0.0
2011-04-27,0.0,0.0,0.0,0.0,0.0,0.0,0.0,0.0,0.0,0.0,0.0,0.0,0.0,0.0,0.0,0.0,0.0,0.0,0.0,0.0,0.0,0.0,0.0
2011-04-28,0.0,0.0,0.0,0.0,0.0,0.0,0.0,0.0,0.0,0.0,0.0,0.0,0.0,0.0,0.0,0.0,0.0,0.0,0.0,0.0,0.0,0.0,0.0
2011-04-29,0.0,0.0,0.0,0.0,0.0,0.0,0.0,0.0,0.0,0.0,0.0,0.0,0.0,0.0,0.0,0.0,0.0,0.0,0.0,0.0,0.0,0.0,0.0
2011-05-02,0.0,0.0,0.0,0.0,0.0,0.0,0.0,0.0,0.0,0.0,0.0,0.0,0.0,0.0,0.0,0.0,0.0,0.0,0.0,0.0,0.0,0.0,0.0
2011-05-03,0.0,0.0,0.0,0.0,0.0,0.0,0.0,0.0,0.0,0.0,0.0,0.0,0.0,0.0,0.0,0.0,0.0,0.0,0.0,0.0,0.0,0.0,0.0
2011-05-04,0.0,0.0,0.0,0.0,0.0,0.0,0.0,0.0,0.0,0.0,0.0,0.0,0.0,0.0,0.0,0.0,0.0,0.0,0.0,0.0,0.0,0.0,0.0
2011-05-05,0.0,0.0,0.0,0.0,0.0,0.0,0.0,0.0,0.0,0.0,0.0,0.0,0.0,0.0,0.0,0.0,0.0,0.0,0.0,0.0,0.0,0.0,0.0
2011-05-06,0.0,0.0,0.0,0.0,0.0,0.0,0.0,0.0,0.0,0.0,0.0,0.0,0.0,0.0,0.0,0.0,0.0,0.0,0.0,0.0,0.0,0.0,0.0
2011-05-09,0.0,0.0,0.0,0.0,0.0,0.0,0.0,0.0,0.0,0.0,0.0,0.0,0.0,0.0,0.0,0.0,0.0,0.0,0.0,0.0,0.0,0.0,0.0
2011-05-10,0.0,0.0,0.0,0.0,0.0,0.0,0.0,0.0,0.0,0.0,0.0,0.0,0.0,0.0,0.0,0.0,0.0,0.0,0.0,0.0,0.0,0.0,0.0
2011-05-11,0.0,0.0,0.0,0.0,0.0,0.0,0.0,0.0,0.0,0.0,0.0,0.0,0.0,0.0,0.0,0.0,0.0,0.0,0.0,0.0,0.0,0.0,0.0
2011-05-12,0.0,0.0,0.0,0.0,0.0,0.0,0.0,0.0,0.0,0.0,0.0,0.0,0.0,0.0,0.0,0.0,0.0,0.0,0.0,0.0,0.0,0.0,0.0
2011-05-13,0.0,0.0,0.0,0.0,0.0,0.0,0.0,0.0,0.0,0.0,0.0,0.0,0.0,0.0,0.0,0.0,0.0,0.0,0.0,0.0,0.0,0.0,0.0
2011-05-16,0.0,0.0,0.0,0.0,0.0,0.0,0.0,0.0,0.0,0.0,0.0,0.0,0.0,0.0,0.0,0.0,0.0,0.0,0.0,0.0,0.0,0.0,0.0
2011-05-17,0.0,0.0,0.0,0.0,0.0,0.0,0.0,0.0,0.0,0.0,0.0,0.0,0.0,0.0,0.0,0.0,0.0,0.0,0.0,0.0,0.0,0.0,0.0
2011-05-18,0.0,0.0,0.0,0.0,0.0,0.0,0.0,0.0,0.0,0.0,0.0,0.0,0.0,0.0,0.0,0.0,0.0,0.0,0.0,0.0,0.0,0.0,0.0
2011-05-19,0.0,0.0,0.0,0.0,0.0,0.0,0.0,0.0,0.0,0.0,0.0,0.0,0.0,0.0,0.0,0.0,0.0,0.0,0.0,0.0,0.0,0.0,0.0
2011-05-20,0.0,0.0,0.0,0.0,0.0,0.0,0.0,0.0,0.0,0.0,0.0,0.0,0.0,0.0,0.0,0.0,0.0,0.0,0.0,0.0,0.0,0.0,0.0
2011-05-23,0.0,0.0,0.0,0.0,0.0,0.0,0.0,0.0,0.0,0.0,0.0,0.0,0.0,0.0,0.0,0.0,0.0,0.0,0.0,0.0,0.0,0.0,0.0
2011-05-24,0.0,0.0,0.0,0.0,0.0,0.0,0.0,0.0,0.0,0.0,0.0,0.0,0.0,0.0,0.0,0.0,0.0,0.0,0.0,0.0,0.0,0.0,0.0
2011-05-25,0.0,0.0,0.0,0.0,0.0,0.0,0.0,0.0,0.0,0.0,0.0,0.0,0.0,0.0,0.0,0.0,0.0,0.0,0.0,0.0,0.0,0.0,0.0
2011-05-26,0.0,0.0,0.0,0.0,0.0,0.0,0.0,0.0,0.0,0.0,0.0,0.0,0.0,0.0,0.0,0.0,0.0,0.0,0.0,0.0,0.0,0.0,0.0
2011-05-27,0.0,0.0,0.0,0.0,0.0,0.0,0.0,0.0,0.0,0.0,0.0,0.0,0.0,0.0,0.0,0.0,0.0,0.0,0.0,0.0,0.0,0.0,0.0
2011-05-30,0.0,0.0,0.0,0.0,0.0,0.0,0.0,0.0,0.0,0.0,0.0,0.0,0.0,0.0,0.0,0.0,0.0,0.0,0.0,0.0,0.0,0.0,0.0
2011-05-31,0.0,0.0,0.0,0.0,0.0,0.0,0.0,0.0,0.0,0.0,0.0,0.0,0.0,0.0,0.0,0.0,0.0,0.0,0.0,0.0,0.0,0.0,0.0
2011-06-01,0.0,0.0,0.0,0.0,0.0,0.0,0.0,0.0,0.0,0.0,0.0,0.0,0.0,0.0,0.0,0.0,0.0,0.0,0.0,0.0,0.0,0.0,0.0
2011-06-02,0.0,0.0,0.0,0.0,0.0,0.0,0.0,0.0,0.0,0.0,0.0,0.0,0.0,0.0,0.0,0.0,0.0,0.0,0.0,0.0,0.0,0.0,0.0
2011-06-03,0.0,0.0,0.0,0.0,0.0,0.0,0.0,0.0,0.0,0.0,0.0,0.0,0.0,0.0,0.0,0.0,0.0,0.0,0.0,0.0,0.0,0.0,0.0
2011-06-06,0.0,0.0,0.0,0.0,0.0,0.0,0.0,0.0,0.0,0.0,0.0,0.0,0.0,0.0,0.0,0.0,0.0,0.0,0.0,0.0,0.0,0.0,0.0
2011-06-07,0.0,0.0,0.0,0.0,0.0,0.0,0.0,0.0,0.0,0.0,0.0,0.0,0.0,0.0,0.0,0.0,0.0,0.0,0.0,0.0,0.0,0.0,0.0
2011-06-08,0.0,0.0,0.0,0.0,0.0,0.0,0.0,0.0,0.0,0.0,0.0,0.0,0.0,0.0,0.0,0.0,0.0,0.0,0.0,0.0,0.0,0.0,0.0
2011-06-09,0.0,0.0,0.0,0.0,0.0,0.0,0.0,0.0,0.0,0.0,0.0,0.0,0.0,0.0,0.0,0.0,0.0,0.0,0.0,0.0,0.0,0.0,0.0
2011-06-10,0.0,0.0,0.0,0.0,0.0,0.0,0.0,0.0,0.0,0.0,0.0,0.0,0.0,0.0,0.0,0.0,0.0,0.0,0.0,0.0,0.0,0.0,0.0
2011-06-13,0.0,0.0,0.0,0.0,0.0,0.0,0.0,0.0,0.0,0.0,0.0,0.0,0.0,0.0,0.0,0.0,0.0,0.0,0.0,0.0,0.0,0.0,0.0
2011-06-14,0.0,0.0,0.0,0.0,0.0,0.0,0.0,0.0,0.0,0.0,0.0,0.0,0.0,0.0,0.0,0.0,0.0,0.0,0.0,0.0,0.0,0.0,0.0
2011-06-15,0.0,0.0,0.0,0.0,0.0,0.0,0.0,0.0,0.0,0.0,0.0,0.0,0.0,0.0,0.0,0.0,0.0,0.0,0.0,0.0,0.0,0.0,0.0
2011-06-16,0.0,0.0,0.0,0.0,0.0,0.0,0.0,0.0,0.0,0.0,0.0,0.0,0.0,0.0,0.0,0.0,0.0,0.0,0.0,0.0,0.0,0.0,0.0
2011-06-17,0.0,0.0,0.0,0.0,0.0,0.0,0.0,0.0,0.0,0.0,0.0,0.0,0.0,0.0,0.0,0.0,0.0,0.0,0.0,0.0,0.0,0.0,0.0
2011-06-20,0.0,0.0,0.0,0.0,0.0,0.0,0.0,0.0,0.0,0.0,0.0,0.0,0.0,0.0,0.0,0.0,0.0,0.0,0.0,0.0,0.0,0.0,0.0
2011-06-21,0.0,0.0,0.0,0.0,0.0,0.0,0.0,0.0,0.0,0.0,0.0,0.0,0.0,0.0,0.0,0.0,0.0,0.0,0.0,0.0,0.0,0.0,0.0
2011-06-22,0.0,0.0,0.0,0.0,0.0,0.0,0.0,0.0,0.0,0.0,0.0,0.0,0.0,0.0,0.0,0.0,0.0,0.0,0.0,0.0,0.0,0.0,0.0
2011-06-23,0.0,0.0,0.0,0.0,0.0,0.0,0.0,0.0,0.0,0.0,0.0,0.0,0.0,0.0,0.0,0.0,0.0,0.0,0.0,0.0,0.0,0.0,0.0
2011-06-24,0.0,0.0,0.0,0.0,0.0,0.0,0.0,0.0,0.0,0.0,0.0,0.0,0.0,0.0,0.0,0.0,0.0,0.0,0.0,0.0,0.0,0.0,0.0
2011-06-27,0.0,0.0,0.0,0.0,0.0,0.0,0.0,0.0,0.0,0.0,0.0,0.0,0.0,0.0,0.0,0.0,0.0,0.0,0.0,0.0,0.0,0.0,0.0
2011-06-28,0.0,0.0,0.0,0.0,0.0,0.0,0.0,0.0,0.0,0.0,0.0,0.0,0.0,0.0,0.0,0.0,0.0,0.0,0.0,0.0,0.0,0.0,0.0
2011-06-29,0.0,0.0,0.0,0.0,0.0,0.0,0.0,0.0,0.0,0.0,0.0,0.0,0.0,0.0,0.0,0.0,0.0,0.0,0.0,0.0,0.0,0.0,0.0
2011-06-30,0.0,0.0,0.0,0.0,0.0,0.0,0.0,0.0,0.0,0.0,0.0,0.0,0.0,0.0,0.0,0.0,0.0,0.0,0.0,0.0,0.0,0.0,0.0
2011-07-01,0.0,0.0,0.0,0.0,0.0,0.0,0.0,0.0,0.0,0.0,0.0,0.0,0.0,0.0,0.0,0.0,0.0,0.0,0.0,0.0,0.0,0.0,0.0
2011-07-04,0.0,0.0,0.0,0.0,0.0,0.0,0.0,0.0,0.0,0.0,0.0,0.0,0.0,0.0,0.0,0.0,0.0,0.0,0.0,0.0,0.0,0.0,0.0
2011-07-05,0.0,0.0,0.0,0.0,0.0,0.0,0.0,0.0,0.0,0.0,0.0,0.0,0.0,0.0,0.0,0.0,0.0,0.0,0.0,0.0,0.0,0.0,0.0
2011-07-06,0.0,0.0,0.0,0.0,0.0,0.0,0.0,0.0,0.0,0.0,0.0,0.0,0.0,0.0,0.0,0.0,0.0,0.0,0.0,0.0,0.0,0.0,0.0
2011-07-07,0.0,0.0,0.0,0.0,0.0,0.0,0.0,0.0,0.0,0.0,0.0,0.0,0.0,0.0,0.0,0.0,0.0,0.0,0.0,0.0,0.0,0.0,0.0
2011-07-08,0.0,0.0,0.0,0.0,0.0,0.0,0.0,0.0,0.0,0.0,0.0,0.0,0.0,0.0,0.0,0.0,0.0,0.0,0.0,0.0,0.0,0.0,0.0
2011-07-11,0.0,0.0,0.0,0.0,0.0,0.0,0.0,0.0,0.0,0.0,0.0,0.0,0.0,0.0,0.0,0.0,0.0,0.0,0.0,0.0,0.0,0.0,0.0
2011-07-12,0.0,0.0,0.0,0.0,0.0,0.0,0.0,0.0,0.0,0.0,0.0,0.0,0.0,0.0,0.0,0.0,0.0,0.0,0.0,0.0,0.0,0.0,0.0
2011-07-13,0.0,0.0,0.0,0.0,0.0,0.0,0.0,0.0,0.0,0.0,0.0,0.0,0.0,0.0,0.0,0.0,0.0,0.0,0.0,0.0,0.0,0.0,0.0
2011-07-14,0.0,0.0,0.0,0.0,0.0,0.0,0.0,0.0,0.0,0.0,0.0,0.0,0.0,0.0,0.0,0.0,0.0,0.0,0.0,0.0,0.0,0.0,0.0
2011-07-15,0.0,0.0,0.0,0.0,0.0,0.0,0.0,0.0,0.0,0.0,0.0,0.0,0.0,0.0,0.0,0.0,0.0,0.0,0.0,0.0,0.0,0.0,0.0
2011-07-18,0.0,0.0,0.0,0.0,0.0,0.0,0.0,0.0,0.0,0.0,0.0,0.0,0.0,0.0,0.0,0.0,0.0,0.0,0.0,0.0,0.0,0.0,0.0
2011-07-19,0.0,0.0,0.0,0.0,0.0,0.0,0.0,0.0,0.0,0.0,0.0,0.0,0.0,0.0,0.0,0.0,0.0,0.0,0.0,0.0,0.0,0.0,0.0
2011-07-20,0.0,0.0,0.0,0.0,0.0,0.0,0.0,0.0,0.0,0.0,0.0,0.0,0.0,0.0,0.0,0.0,0.0,0.0,0.0,0.0,0.0,0.0,0.0
2011-07-21,0.0,0.0,0.0,0.0,0.0,0.0,0.0,0.0,0.0,0.0,0.0,0.0,0.0,0.0,0.0,0.0,0.0,0.0,0.0,0.0,0.0,0.0,0.0
2011-07-22,0.0,0.0,0.0,0.0,0.0,0.0,0.0,0.0,0.0,0.0,0.0,0.0,0.0,0.0,0.0,0.0,0.0,0.0,0.0,0.0,0.0,0.0,0.0
2011-07-25,0.0,0.0,0.0,0.0,0.0,0.0,0.0,0.0,0.0,0.0,0.0,0.0,0.0,0.0,0.0,0.0,0.0,0.0,0.0,0.0,0.0,0.0,0.0
2011-07-26,0.0,0.0,0.0,0.0,0.0,0.0,0.0,0.0,0.0,0.0,0.0,0.0,0.0,0.0,0.0,0.0,0.0,0.0,0.0,0.0,0.0,0.0,0.0
2011-07-27,0.0,0.0,0.0,0.0,0.0,0.0,0.0,0.0,0.0,0.0,0.0,0.0,0.0,0.0,0.0,0.0,0.0,0.0,0.0,0.0,0.0,0.0,0.0
2011-07-28,0.0,0.0,0.0,0.0,0.0,0.0,0.0,0.0,0.0,0.0,0.0,0.0,0.0,0.0,0.0,0.0,0.0,0.0,0.0,0.0,0.0,0.0,0.0
2011-07-29,0.0,0.0,0.0,0.0,0.0,0.0,0.0,0.0,0.0,0.0,0.0,0.0,0.0,0.0,0.0,0.0,0.0,0.0,0.0,0.0,0.0,0.0,0.0
2011-08-01,0.0,0.0,0.0,0.0,0.0,0.0,0.0,0.0,0.0,0.0,0.0,0.0,0.0,0.0,0.0,0.0,0.0,0.0,0.0,0.0,0.0,0.0,0.0
2011-08-02,0.0,0.0,0.0,0.0,0.0,0.0,0.0,0.0,0.0,0.0,0.0,0.0,0.0,0.0,0.0,0.0,0.0,0.0,0.0,0.0,0.0,0.0,0.0
2011-08-03,0.0,0.0,0.0,0.0,0.0,0.0,0.0,0.0,0.0,0.0,0.0,0.0,0.0,0.0,0.0,0.0,0.0,0.0,0.0,0.0,0.0,0.0,0.0
2011-08-04,0.0,0.0,0.0,0.0,0.0,0.0,0.0,0.0,0.0,0.0,0.0,0.0,0.0,0.0,0.0,0.0,0.0,0.0,0.0,0.0,0.0,0.0,0.0
2011-08-05,0.0,0.0,0.0,0.0,0.0,0.0,0.0,0.0,0.0,0.0,0.0,0.0,0.0,0.0,0.0,0.0,0.0,0.0,0.0,0.0,0.0,0.0,0.0
2011-08-08,0.0,0.0,0.0,0.0,0.0,0.0,0.0,0.0,0.0,0.0,0.0,0.0,0.0,0.0,0.0,0.0,0.0,0.0,0.0,0.0,0.0,0.0,0.0
2011-08-09,0.0,0.0,0.0,0.0,0.0,0.0,0.0,0.0,0.0,0.0,0.0,0.0,0.0,0.0,0.0,0.0,0.0,0.0,0.0,0.0,0.0,0.0,0.0
2011-08-10,0.0,0.0,0.0,0.0,0.0,0.0,0.0,0.0,0.0,0.0,0.0,0.0,0.0,0.0,0.0,0.0,0.0,0.0,0.0,0.0,0.0,0.0,0.0
2011-08-11,0.0,0.0,0.0,0.0,0.0,0.0,0.0,0.0,0.0,0.0,0.0,0.0,0.0,0.0,0.0,0.0,0.0,0.0,0.0,0.0,0.0,0.0,0.0
2011-08-12,0.0,0.0,0.0,0.0,0.0,0.0,0.0,0.0,0.0,0.0,0.0,0.0,0.0,0.0,0.0,0.0,0.0,0.0,0.0,0.0,0.0,0.0,0.0
2011-08-15,0.0,0.0,0.0,0.0,0.0,0.0,0.0,0.0,0.0,0.0,0.0,0.0,0.0,0.0,0.0,0.0,0.0,0.0,0.0,0.0,0.0,0.0,0.0
2011-08-16,0.0,0.0,0.0,0.0,0.0,0.0,0.0,0.0,0.0,0.0,0.0,0.0,0.0,0.0,0.0,0.0,0.0,0.0,0.0,0.0,0.0,0.0,0.0
2011-08-17,0.0,0.0,0.0,0.0,0.0,0.0,0.0,0.0,0.0,0.0,0.0,0.0,0.0,0.0,0.0,0.0,0.0,0.0,0.0,0.0,0.0,0.0,0.0
2011-08-18,0.0,0.0,0.0,0.0,0.0,0.0,0.0,0.0,0.0,0.0,0.0,0.0,0.0,0.0,0.0,0.0,0.0,0.0,0.0,0.0,0.0,0.0,0.0
2011-08-19,0.0,0.0,0.0,0.0,0.0,0.0,0.0,0.0,0.0,0.0,0.0,0.0,0.0,0.0,0.0,0.0,0.0,0.0,0.0,0.0,0.0,0.0,0.0
2011-08-22,0.0,0.0,0.0,0.0,0.0,0.0,0.0,0.0,0.0,0.0,0.0,0.0,0.0,0.0,0.0,0.0,0.0,0.0,0.0,0.0,0.0,0.0,0.0
2011-08-23,0.0,0.0,0.0,0.0,0.0,0.0,0.0,0.0,0.0,0.0,0.0,0.0,0.0,0.0,0.0,0.0,0.0,0.0,0.0,0.0,0.0,0.0,0.0
2011-08-24,0.0,0.0,0.0,0.0,0.0,0.0,0.0,0.0,0.0,0.0,0.0,0.0,0.0,0.0,0.0,0.0,0.0,0.0,0.0,0.0,0.0,0.0,0.0
2011-08-25,0.0,0.0,0.0,0.0,0.0,0.0,0.0,0.0,0.0,0.0,0.0,0.0,0.0,0.0,0.0,0.0,0.0,0.0,0.0,0.0,0.0,0.0,0.0
2011-08-26,0.0,0.0,0.0,0.0,0.0,0.0,0.0,0.0,0.0,0.0,0.0,0.0,0.0,0.0,0.0,0.0,0.0,0.0,0.0,0.0,0.0,0.0,0.0
2011-08-29,0.0,0.0,0.0,0.0,0.0,0.0,0.0,0.0,0.0,0.0,0.0,0.0,0.0,0.0,0.0,0.0,0.0,0.0,0.0,0.0,0.0,0.0,0.0
2011-08-30,0.0,0.0,0.0,0.0,0.0,0.0,0.0,0.0,0.0,0.0,0.0,0.0,0.0,0.0,0.0,0.0,0.0,0.0,0.0,0.0,0.0,0.0,0.0
2011-08-31,0.0,0.0,0.0,0.0,0.0,0.0,0.0,0.0,0.0,0.0,0.0,0.0,0.0,0.0,0.0,0.0,0.0,0.0,0.0,0.0,0.0,0.0,0.0
2011-09-01,0.0,0.0,0.0,0.0,0.0,0.0,0.0,0.0,0.0,0.0,0.0,0.0,0.0,0.0,0.0,0.0,0.0,0.0,0.0,0.0,0.0,0.0,0.0
2011-09-02,0.0,0.0,0.0,0.0,0.0,0.0,0.0,0.0,0.0,0.0,0.0,0.0,0.0,0.0,0.0,0.0,0.0,0.0,0.0,0.0,0.0,0.0,0.0
2011-09-05,0.0,0.0,0.0,0.0,0.0,0.0,0.0,0.0,0.0,0.0,0.0,0.0,0.0,0.0,0.0,0.0,0.0,0.0,0.0,0.0,0.0,0.0,0.0
2011-09-06,0.0,0.0,0.0,0.0,0.0,0.0,0.0,0.0,0.0,0.0,0.0,0.0,0.0,0.0,0.0,0.0,0.0,0.0,0.0,0.0,0.0,0.0,0.0
2011-09-07,0.0,0.0,0.0,0.0,0.0,0.0,0.0,0.0,0.0,0.0,0.0,0.0,0.0,0.0,0.0,0.0,0.0,0.0,0.0,0.0,0.0,0.0,0.0
2011-09-08,0.0,0.0,0.0,0.0,0.0,0.0,0.0,0.0,0.0,0.0,0.0,0.0,0.0,0.0,0.0,0.0,0.0,0.0,0.0,0.0,0.0,0.0,0.0
2011-09-09,0.0,0.0,0.0,0.0,0.0,0.0,0.0,0.0,0.0,0.0,0.0,0.0,0.0,0.0,0.0,0.0,0.0,0.0,0.0,0.0,0.0,0.0,0.0
2011-09-12,0.0,0.0,0.0,0.0,0.0,0.0,0.0,0.0,0.0,0.0,0.0,0.0,0.0,0.0,0.0,0.0,0.0,0.0,0.0,0.0,0.0,0.0,0.0
2011-09-13,0.0,0.0,0.0,0.0,0.0,0.0,0.0,0.0,0.0,0.0,0.0,0.0,0.0,0.0,0.0,0.0,0.0,0.0,0.0,0.0,0.0,0.0,0.0
2011-09-14,0.0,0.0,0.0,0.0,0.0,0.0,0.0,0.0,0.0,0.0,0.0,0.0,0.0,0.0,0.0,0.0,0.0,0.0,0.0,0.0,0.0,0.0,0.0
2011-09-15,0.0,0.0,0.0,0.0,0.0,0.0,0.0,0.0,0.0,0.0,0.0,0.0,0.0,0.0,0.0,0.0,0.0,0.0,0.0,0.0,0.0,0.0,0.0
2011-09-16,0.0,0.0,0.0,0.0,0.0,0.0,0.0,0.0,0.0,0.0,0.0,0.0,0.0,0.0,0.0,0.0,0.0,0.0,0.0,0.0,0.0,0.0,0.0
2011-09-19,0.0,0.0,0.0,0.0,0.0,0.0,0.0,0.0,0.0,0.0,0.0,0.0,0.0,0.0,0.0,0.0,0.0,0.0,0.0,0.0,0.0,0.0,0.0
2011-09-20,0.0,0.0,0.0,0.0,0.0,0.0,0.0,0.0,0.0,0.0,0.0,0.0,0.0,0.0,0.0,0.0,0.0,0.0,0.0,0.0,0.0,0.0,0.0
2011-09-21,0.0,0.0,0.0,0.0,0.0,0.0,0.0,0.0,0.0,0.0,0.0,0.0,0.0,0.0,0.0,0.0,0.0,0.0,0.0,0.0,0.0,0.0,0.0
2011-09-22,0.0,0.0,0.0,0.0,0.0,0.0,0.0,0.0,0.0,0.0,0.0,0.0,0.0,0.0,0.0,0.0,0.0,0.0,0.0,0.0,0.0,0.0,0.0
2011-09-23,0.0,0.0,0.0,0.0,0.0,0.0,0.0,0.0,0.0,0.0,0.0,0.0,0.0,0.0,0.0,0.0,0.0,0.0,0.0,0.0,0.0,0.0,0.0
2011-09-26,0.0,0.0,0.0,0.0,0.0,0.0,0.0,0.0,0.0,0.0,0.0,0.0,0.0,0.0,0.0,0.0,0.0,0.0,0.0,0.0,0.0,0.0,0.0
2011-09-27,0.0,0.0,0.0,0.0,0.0,0.0,0.0,0.0,0.0,0.0,0.0,0.0,0.0,0.0,0.0,0.0,0.0,0.0,0.0,0.0,0.0,0.0,0.0
2011-09-28,0.0,0.0,0.0,0.0,0.0,0.0,0.0,0.0,0.0,0.0,0.0,0.0,0.0,0.0,0.0,0.0,0.0,0.0,0.0,0.0,0.0,0.0,0.0
2011-09-29,0.0,0.0,0.0,0.0,0.0,0.0,0.0,0.0,0.0,0.0,0.0,0.0,0.0,0.0,0.0,0.0,0.0,0.0,0.0,0.0,0.0,0.0,0.0
2011-09-30,0.0,0.0,0.0,0.0,0.0,0.0,0.0,0.0,0.0,0.0,0.0,0.0,0.0,0.0,0.0,0.0,0.0,0.0,0.0,0.0,0.0,0.0,0.0
2011-10-03,0.0,0.0,0.0,0.0,0.0,0.0,0.0,0.0,0.0,0.0,0.0,0.0,0.0,0.0,0.0,0.0,0.0,0.0,0.0,0.0,0.0,0.0,0.0
2011-10-04,0.0,0.0,0.0,0.0,0.0,0.0,0.0,0.0,0.0,0.0,0.0,0.0,0.0,0.0,0.0,0.0,0.0,0.0,0.0,0.0,0.0,0.0,0.0
2011-10-05,0.0,0.0,0.0,0.0,0.0,0.0,0.0,0.0,0.0,0.0,0.0,0.0,0.0,0.0,0.0,0.0,0.0,0.0,0.0,0.0,0.0,0.0,0.0
2011-10-06,0.0,0.0,0.0,0.0,0.0,0.0,0.0,0.0,0.0,0.0,0.0,0.0,0.0,0.0,0.0,0.0,0.0,0.0,0.0,0.0,0.0,0.0,0.0
2011-10-07,0.0,0.0,0.0,0.0,0.0,0.0,0.0,0.0,0.0,0.0,0.0,0.0,0.0,0.0,0.0,0.0,0.0,0.0,0.0,0.0,0.0,0.0,0.0
2011-10-10,0.0,0.0,0.0,0.0,0.0,0.0,0.0,0.0,0.0,0.0,0.0,0.0,0.0,0.0,0.0,0.0,0.0,0.0,0.0,0.0,0.0,0.0,0.0
2011-10-11,0.0,0.0,0.0,0.0,0.0,0.0,0.0,0.0,0.0,0.0,0.0,0.0,0.0,0.0,0.0,0.0,0.0,0.0,0.0,0.0,0.0,0.0,0.0
2011-10-12,0.0,0.0,0.0,0.0,0.0,0.0,0.0,0.0,0.0,0.0,0.0,0.0,0.0,0.0,0.0,0.0,0.0,0.0,0.0,0.0,0.0,0.0,0.0
2011-10-13,0.0,0.0,0.0,0.0,0.0,0.0,0.0,0.0,0.0,0.0,0.0,0.0,0.0,0.0,0.0,0.0,0.0,0.0,0.0,0.0,0.0,0.0,0.0
2011-10-14,0.0,0.0,0.0,0.0,0.0,0.0,0.0,0.0,0.0,0.0,0.0,0.0,0.0,0.0,0.0,0.0,0.0,0.0,0.0,0.0,0.0,0.0,0.0
2011-10-17,0.0,0.0,0.0,0.0,0.0,0.0,0.0,0.0,0.0,0.0,0.0,0.0,0.0,0.0,0.0,0.0,0.0,0.0,0.0,0.0,0.0,0.0,0.0
2011-10-18,0.0,0.0,0.0,0.0,0.0,0.0,0.0,0.0,0.0,0.0,0.0,0.0,0.0,0.0,0.0,0.0,0.0,0.0,0.0,0.0,0.0,0.0,0.0
2011-10-19,0.0,0.0,0.0,0.0,0.0,0.0,0.0,0.0,0.0,0.0,0.0,0.0,0.0,0.0,0.0,0.0,0.0,0.0,0.0,0.0,0.0,0.0,0.0
2011-10-20,0.0,0.0,0.0,0.0,0.0,0.0,0.0,0.0,0.0,0.0,0.0,0.0,0.0,0.0,0.0,0.0,0.0,0.0,0.0,0.0,0.0,0.0,0.0
2011-10-21,0.0,0.0,0.0,0.0,0.0,0.0,0.0,0.0,0.0,0.0,0.0,0.0,0.0,0.0,0.0,0.0,0.0,0.0,0.0,0.0,0.0,0.0,0.0
2011-10-24,0.0,0.0,0.0,0.0,0.0,0.0,0.0,0.0,0.0,0.0,0.0,0.0,0.0,0.0,0.0,0.0,0.0,0.0,0.0,0.0,0.0,0.0,0.0
2011-10-25,0.0,0.0,0.0,0.0,0.0,0.0,0.0,0.0,0.0,0.0,0.0,0.0,0.0,0.0,0.0,0.0,0.0,0.0,0.0,0.0,0.0,0.0,0.0
2011-10-26,0.0,0.0,0.0,0.0,0.0,0.0,0.0,0.0,0.0,0.0,0.0,0.0,0.0,0.0,0.0,0.0,0.0,0.0,0.0,0.0,0.0,0.0,0.0
2011-10-27,0.0,0.0,0.0,0.0,0.0,0.0,0.0,0.0,0.0,0.0,0.0,0.0,0.0,0.0,0.0,0.0,0.0,0.0,0.0,0.0,0.0,0.0,0.0
2011-10-28,0.0,0.0,0.0,0.0,0.0,0.0,0.0,0.0,0.0,0.0,0.0,0.0,0.0,0.0,0.0,0.0,0.0,0.0,0.0,0.0,0.0,0.0,0.0
2011-10-31,0.0,0.0,0.0,0.0,0.0,0.0,0.0,0.0,0.0,0.0,0.0,0.0,0.0,0.0,0.0,0.0,0.0,0.0,0.0,0.0,0.0,0.0,0.0
2011-11-01,0.0,0.0,0.0,0.0,0.0,0.0,0.0,0.0,0.0,0.0,0.0,0.0,0.0,0.0,0.0,0.0,0.0,0.0,0.0,0.0,0.0,0.0,0.0
2011-11-02,0.0,0.0,0.0,0.0,0.0,0.0,0.0,0.0,0.0,0.0,0.0,0.0,0.0,0.0,0.0,0.0,0.0,0.0,0.0,0.0,0.0,0.0,0.0
2011-11-03,0.0,0.0,0.0,0.0,0.0,0.0,0.0,0.0,0.0,0.0,0.0,0.0,0.0,0.0,0.0,0.0,0.0,0.0,0.0,0.0,0.0,0.0,0.0
2011-11-04,0.0,0.0,0.0,0.0,0.0,0.0,0.0,0.0,0.0,0.0,0.0,0.0,0.0,0.0,0.0,0.0,0.0,0.0,0.0,0.0,0.0,0.0,0.0
2011-11-07,0.0,0.0,0.0,0.0,0.0,0.0,0.0,0.0,0.0,0.0,0.0,0.0,0.0,0.0,0.0,0.0,0.0,0.0,0.0,0.0,0.0,0.0,0.0
2011-11-08,0.0,0.0,0.0,0.0,0.0,0.0,0.0,0.0,0.0,0.0,0.0,0.0,0.0,0.0,0.0,0.0,0.0,0.0,0.0,0.0,0.0,0.0,0.0
2011-11-09,0.0,0.0,0.0,0.0,0.0,0.0,0.0,0.0,0.0,0.0,0.0,0.0,0.0,0.0,0.0,0.0,0.0,0.0,0.0,0.0,0.0,0.0,0.0
2011-11-10,0.0,0.0,0.0,0.0,0.0,0.0,0.0,0.0,0.0,0.0,0.0,0.0,0.0,0.0,0.0,0.0,0.0,0.0,0.0,0.0,0.0,0.0,0.0
2011-11-11,0.0,0.0,0.0,0.0,0.0,0.0,0.0,0.0,0.0,0.0,0.0,0.0,0.0,0.0,0.0,0.0,0.0,0.0,0.0,0.0,0.0,0.0,0.0
2011-11-14,0.0,0.0,0.0,0.0,0.0,0.0,0.0,0.0,0.0,0.0,0.0,0.0,0.0,0.0,0.0,0.0,0.0,0.0,0.0,0.0,0.0,0.0,0.0
2011-11-15,0.0,0.0,0.0,0.0,0.0,0.0,0.0,0.0,0.0,0.0,0.0,0.0,0.0,0.0,0.0,0.0,0.0,0.0,0.0,0.0,0.0,0.0,0.0
2011-11-16,0.0,0.0,0.0,0.0,0.0,0.0,0.0,0.0,0.0,0.0,0.0,0.0,0.0,0.0,0.0,0.0,0.0,0.0,0.0,0.0,0.0,0.0,0.0
2011-11-17,0.0,0.0,0.0,0.0,0.0,0.0,0.0,0.0,0.0,0.0,0.0,0.0,0.0,0.0,0.0,0.0,0.0,0.0,0.0,0.0,0.0,0.0,0.0
2011-11-18,0.0,0.0,0.0,0.0,0.0,0.0,0.0,0.0,0.0,0.0,0.0,0.0,0.0,0.0,0.0,0.0,0.0,0.0,0.0,0.0,0.0,0.0,0.0
2011-11-21,0.0,0.0,0.0,0.0,0.0,0.0,0.0,0.0,0.0,0.0,0.0,0.0,0.0,0.0,0.0,0.0,0.0,0.0,0.0,0.0,0.0,0.0,0.0
2011-11-22,0.0,0.0,0.0,0.0,0.0,0.0,0.0,0.0,0.0,0.0,0.0,0.0,0.0,0.0,0.0,0.0,0.0,0.0,0.0,0.0,0.0,0.0,0.0
2011-11-23,0.0,0.0,0.0,0.0,0.0,0.0,0.0,0.0,0.0,0.0,0.0,0.0,0.0,0.0,0.0,0.0,0.0,0.0,0.0,0.0,0.0,0.0,0.0
2011-11-24,0.0,0.0,0.0,0.0,0.0,0.0,0.0,0.0,0.0,0.0,0.0,0.0,0.0,0.0,0.0,0.0,0.0,0.0,0.0,0.0,0.0,0.0,0.0
2011-11-25,0.0,0.0,0.0,0.0,0.0,0.0,0.0,0.0,0.0,0.0,0.0,0.0,0.0,0.0,0.0,0.0,0.0,0.0,0.0,0.0,0.0,0.0,0.0
2011-11-28,0.0,0.0,0.0,0.0,0.0,0.0,0.0,0.0,0.0,0.0,0.0,0.0,0.0,0.0,0.0,0.0,0.0,0.0,0.0,0.0,0.0,0.0,0.0
2011-11-29,0.0,0.0,0.0,0.0,0.0,0.0,0.0,0.0,0.0,0.0,0.0,0.0,0.0,0.0,0.0,0.0,0.0,0.0,0.0,0.0,0.0,0.0,0.0
2011-11-30,0.0,0.0,0.0,0.0,0.0,0.0,0.0,0.0,0.0,0.0,0.0,0.0,0.0,0.0,0.0,0.0,0.0,0.0,0.0,0.0,0.0,0.0,0.0
2011-12-01,0.0,0.0,0.0,0.0,0.0,0.0,0.0,0.0,0.0,0.0,0.0,0.0,0.0,0.0,0.0,0.0,0.0,0.0,0.0,0.0,0.0,0.0,0.0
2011-12-02,0.0,0.0,0.0,0.0,0.0,0.0,0.0,0.0,0.0,0.0,0.0,0.0,0.0,0.0,0.0,0.0,0.0,0.0,0.0,0.0,0.0,0.0,0.0
2011-12-05,0.0,0.0,0.0,0.0,0.0,0.0,0.0,0.0,0.0,0.0,0.0,0.0,0.0,0.0,0.0,0.0,0.0,0.0,0.0,0.0,0.0,0.0,0.0
2011-12-06,0.0,0.0,0.0,0.0,0.0,0.0,0.0,0.0,0.0,0.0,0.0,0.0,0.0,0.0,0.0,0.0,0.0,0.0,0.0,0.0,0.0,0.0,0.0
2011-12-07,0.0,0.0,0.0,0.0,0.0,0.0,0.0,0.0,0.0,0.0,0.0,0.0,0.0,0.0,0.0,0.0,0.0,0.0,0.0,0.0,0.0,0.0,0.0
2011-12-08,0.0,0.0,0.0,0.0,0.0,0.0,0.0,0.0,0.0,0.0,0.0,0.0,0.0,0.0,0.0,0.0,0.0,0.0,0.0,0.0,0.0,0.0,0.0
2011-12-09,0.0,0.0,0.0,0.0,0.0,0.0,0.0,0.0,0.0,0.0,0.0,0.0,0.0,0.0,0.0,0.0,0.0,0.0,0.0,0.0,0.0,0.0,0.0
2011-12-12,0.0,0.0,0.0,0.0,0.0,0.0,0.0,0.0,0.0,0.0,0.0,0.0,0.0,0.0,0.0,0.0,0.0,0.0,0.0,0.0,0.0,0.0,0.0
2011-12-13,0.0,0.0,0.0,0.0,0.0,0.0,0.0,0.0,0.0,0.0,0.0,0.0,0.0,0.0,0.0,0.0,0.0,0.0,0.0,0.0,0.0,0.0,0.0
2011-12-14,0.0,0.0,0.0,0.0,0.0,0.0,0.0,0.0,0.0,0.0,0.0,0.0,0.0,0.0,0.0,0.0,0.0,0.0,0.0,0.0,0.0,0.0,0.0
2011-12-15,0.0,0.0,0.0,0.0,0.0,0.0,0.0,0.0,0.0,0.0,0.0,0.0,0.0,0.0,0.0,0.0,0.0,0.0,0.0,0.0,0.0,0.0,0.0
2011-12-16,0.0,0.0,0.0,0.0,0.0,0.0,0.0,0.0,0.0,0.0,0.0,0.0,0.0,0.0,0.0,0.0,0.0,0.0,0.0,0.0,0.0,0.0,0.0
2011-12-19,0.0,0.0,0.0,0.0,0.0,0.0,0.0,0.0,0.0,0.0,0.0,0.0,0.0,0.0,0.0,0.0,0.0,0.0,0.0,0.0,0.0,0.0,0.0
2011-12-20,0.0,0.0,0.0,0.0,0.0,0.0,0.0,0.0,0.0,0.0,0.0,0.0,0.0,0.0,0.0,0.0,0.0,0.0,0.0,0.0,0.0,0.0,0.0
2011-12-21,0.0,0.0,0.0,0.0,0.0,0.0,0.0,0.0,0.0,0.0,0.0,0.0,0.0,0.0,0.0,0.0,0.0,0.0,0.0,0.0,0.0,0.0,0.0
2011-12-22,0.0,0.0,0.0,0.0,0.0,0.0,0.0,0.0,0.0,0.0,0.0,0.0,0.0,0.0,0.0,0.0,0.0,0.0,0.0,0.0,0.0,0.0,0.0
2011-12-23,0.0,0.0,0.0,0.0,0.0,0.0,0.0,0.0,0.0,0.0,0.0,0.0,0.0,0.0,0.0,0.0,0.0,0.0,0.0,0.0,0.0,0.0,0.0
2011-12-26,0.0,0.0,0.0,0.0,0.0,0.0,0.0,0.0,0.0,0.0,0.0,0.0,0.0,0.0,0.0,0.0,0.0,0.0,0.0,0.0,0.0,0.0,0.0
2011-12-27,0.0,0.0,0.0,0.0,0.0,0.0,0.0,0.0,0.0,0.0,0.0,0.0,0.0,0.0,0.0,0.0,0.0,0.0,0.0,0.0,0.0,0.0,0.0
2011-12-28,0.0,0.0,0.0,0.0,0.0,0.0,0.0,0.0,0.0,0.0,0.0,0.0,0.0,0.0,0.0,0.0,0.0,0.0,0.0,0.0,0.0,0.0,0.0
2011-12-29,0.0,0.0,0.0,0.0,0.0,0.0,0.0,0.0,0.0,0.0,0.0,0.0,0.0,0.0,0.0,0.0,0.0,0.0,0.0,0.0,0.0,0.0,0.0
2011-12-30,0.0,0.0,0.0,0.0,0.0,0.0,0.0,0.0,0.0,0.0,0.0,0.0,0.0,0.0,0.0,0.0,0.0,0.0,0.0,0.0,0.0,0.0,0.0
2012-01-02,0.0,0.0,0.0,0.0,0.0,0.0,0.0,0.0,0.0,0.0,0.0,0.0,0.0,0.0,0.0,0.0,0.0,0.0,0.0,0.0,0.0,0.0,0.0
2012-01-03,0.0,0.0,0.0,0.0,0.0,0.0,0.0,0.0,0.0,0.0,0.0,0.0,0.0,0.0,0.0,0.0,0.0,0.0,0.0,0.0,0.0,0.0,0.0
2012-01-04,0.0,0.0,0.0,0.0,0.0,0.0,0.0,0.0,0.0,0.0,0.0,0.0,0.0,0.0,0.0,0.0,0.0,0.0,0.0,0.0,0.0,0.0,0.0
2012-01-05,0.0,0.0,0.0,0.0,0.0,0.0,0.0,0.0,0.0,0.0,0.0,0.0,0.0,0.0,0.0,0.0,0.0,0.0,0.0,0.0,0.0,0.0,0.0
2012-01-06,0.0,0.0,0.0,0.0,0.0,0.0,0.0,0.0,0.0,0.0,0.0,0.0,0.0,0.0,0.0,0.0,0.0,0.0,0.0,0.0,0.0,0.0,0.0
2012-01-09,0.0,0.0,0.0,0.0,0.0,0.0,0.0,0.0,0.0,0.0,0.0,0.0,0.0,0.0,0.0,0.0,0.0,0.0,0.0,0.0,0.0,0.0,0.0
2012-01-10,0.0,0.0,0.0,0.0,0.0,0.0,0.0,0.0,0.0,0.0,0.0,0.0,0.0,0.0,0.0,0.0,0.0,0.0,0.0,0.0,0.0,0.0,0.0
2012-01-11,0.0,0.0,0.0,0.0,0.0,0.0,0.0,0.0,0.0,0.0,0.0,0.0,0.0,0.0,0.0,0.0,0.0,0.0,0.0,0.0,0.0,0.0,0.0
2012-01-12,0.0,0.0,0.0,0.0,0.0,0.0,0.0,0.0,0.0,0.0,0.0,0.0,0.0,0.0,0.0,0.0,0.0,0.0,0.0,0.0,0.0,0.0,0.0
2012-01-13,0.0,0.0,0.0,0.0,0.0,0.0,0.0,0.0,0.0,0.0,0.0,0.0,0.0,0.0,0.0,0.0,0.0,0.0,0.0,0.0,0.0,0.0,0.0
2012-01-16,0.0,0.0,0.0,0.0,0.0,0.0,0.0,0.0,0.0,0.0,0.0,0.0,0.0,0.0,0.0,0.0,0.0,0.0,0.0,0.0,0.0,0.0,0.0
2012-01-17,0.0,0.0,0.0,0.0,0.0,0.0,0.0,0.0,0.0,0.0,0.0,0.0,0.0,0.0,0.0,0.0,0.0,0.0,0.0,0.0,0.0,0.0,0.0
2012-01-18,0.0,0.0,0.0,0.0,0.0,0.0,0.0,0.0,0.0,0.0,0.0,0.0,0.0,0.0,0.0,0.0,0.0,0.0,0.0,0.0,0.0,0.0,0.0
2012-01-19,0.0,0.0,0.0,0.0,0.0,0.0,0.0,0.0,0.0,0.0,0.0,0.0,0.0,0.0,0.0,0.0,0.0,0.0,0.0,0.0,0.0,0.0,0.0
2012-01-20,0.0,0.0,0.0,0.0,0.0,0.0,0.0,0.0,0.0,0.0,0.0,0.0,0.0,0.0,0.0,0.0,0.0,0.0,0.0,0.0,0.0,0.0,0.0
2012-01-23,0.0,0.0,0.0,0.0,0.0,0.0,0.0,0.0,0.0,0.0,0.0,0.0,0.0,0.0,0.0,0.0,0.0,0.0,0.0,0.0,0.0,0.0,0.0
2012-01-24,0.0,0.0,0.0,0.0,0.0,0.0,0.0,0.0,0.0,0.0,0.0,0.0,0.0,0.0,0.0,0.0,0.0,0.0,0.0,0.0,0.0,0.0,0.0
2012-01-25,0.0,0.0,0.0,0.0,0.0,0.0,0.0,0.0,0.0,0.0,0.0,0.0,0.0,0.0,0.0,0.0,0.0,0.0,0.0,0.0,0.0,0.0,0.0
2012-01-26,0.0,0.0,0.0,0.0,0.0,0.0,0.0,0.0,0.0,0.0,0.0,0.0,0.0,0.0,0.0,0.0,0.0,0.0,0.0,0.0,0.0,0.0,0.0
2012-01-27,0.0,0.0,0.0,0.0,0.0,0.0,0.0,0.0,0.0,0.0,0.0,0.0,0.0,0.0,0.0,0.0,0.0,0.0,0.0,0.0,0.0,0.0,0.0
2012-01-30,0.0,0.0,0.0,0.0,0.0,0.0,0.0,0.0,0.0,0.0,0.0,0.0,0.0,0.0,0.0,0.0,0.0,0.0,0.0,0.0,0.0,0.0,0.0
2012-01-31,0.0,0.0,0.0,0.0,0.0,0.0,0.0,0.0,0.0,0.0,0.0,0.0,0.0,0.0,0.0,0.0,0.0,0.0,0.0,0.0,0.0,0.0,0.0
2012-02-01,0.0,0.0,0.0,0.0,0.0,0.0,0.0,0.0,0.0,0.0,0.0,0.0,0.0,0.0,0.0,0.0,0.0,0.0,0.0,0.0,0.0,0.0,0.0
2012-02-02,0.0,0.0,0.0,0.0,0.0,0.0,0.0,0.0,0.0,0.0,0.0,0.0,0.0,0.0,0.0,0.0,0.0,0.0,0.0,0.0,0.0,0.0,0.0
2012-02-03,0.0,0.0,0.0,0.0,0.0,0.0,0.0,0.0,0.0,0.0,0.0,0.0,0.0,0.0,0.0,0.0,0.0,0.0,0.0,0.0,0.0,0.0,0.0
2012-02-06,0.0,0.0,0.0,0.0,0.0,0.0,0.0,0.0,0.0,0.0,0.0,0.0,0.0,0.0,0.0,0.0,0.0,0.0,0.0,0.0,0.0,0.0,0.0
2012-02-07,0.0,0.0,0.0,0.0,0.0,0.0,0.0,0.0,0.0,0.0,0.0,0.0,0.0,0.0,0.0,0.0,0.0,0.0,0.0,0.0,0.0,0.0,0.0
2012-02-08,0.0,0.0,0.0,0.0,0.0,0.0,0.0,0.0,0.0,0.0,0.0,0.0,0.0,0.0,0.0,0.0,0.0,0.0,0.0,0.0,0.0,0.0,0.0
2012-02-09,0.0,0.0,0.0,0.0,0.0,0.0,0.0,0.0,0.0,0.0,0.0,0.0,0.0,0.0,0.0,0.0,0.0,0.0,0.0,0.0,0.0,0.0,0.0
2012-02-10,0.0,0.0,0.0,0.0,0.0,0.0,0.0,0.0,0.0,0.0,0.0,0.0,0.0,0.0,0.0,0.0,0.0,0.0,0.0,0.0,0.0,0.0,0.0
2012-02-13,0.0,0.0,0.0,0.0,0.0,0.0,0.0,0.0,0.0,0.0,0.0,0.0,0.0,0.0,0.0,0.0,0.0,0.0,0.0,0.0,0.0,0.0,0.0
2012-02-14,0.0,0.0,0.0,0.0,0.0,0.0,0.0,0.0,0.0,0.0,0.0,0.0,0.0,0.0,0.0,0.0,0.0,0.0,0.0,0.0,0.0,0.0,0.0
2012-02-15,0.0,0.0,0.0,0.0,0.0,0.0,0.0,0.0,0.0,0.0,0.0,0.0,0.0,0.0,0.0,0.0,0.0,0.0,0.0,0.0,0.0,0.0,0.0
2012-02-16,0.0,0.0,0.0,0.0,0.0,0.0,0.0,0.0,0.0,0.0,0.0,0.0,0.0,0.0,0.0,0.0,0.0,0.0,0.0,0.0,0.0,0.0,0.0
2012-02-17,0.0,0.0,0.0,0.0,0.0,0.0,0.0,0.0,0.0,0.0,0.0,0.0,0.0,0.0,0.0,0.0,0.0,0.0,0.0,0.0,0.0,0.0,0.0
2012-02-20,0.0,0.0,0.0,0.0,0.0,0.0,0.0,0.0,0.0,0.0,0.0,0.0,0.0,0.0,0.0,0.0,0.0,0.0,0.0,0.0,0.0,0.0,0.0
2012-02-21,0.0,0.0,0.0,0.0,0.0,0.0,0.0,0.0,0.0,0.0,0.0,0.0,0.0,0.0,0.0,0.0,0.0,0.0,0.0,0.0,0.0,0.0,0.0
2012-02-22,0.0,0.0,0.0,0.0,0.0,0.0,0.0,0.0,0.0,0.0,0.0,0.0,0.0,0.0,0.0,0.0,0.0,0.0,0.0,0.0,0.0,0.0,0.0
2012-02-23,0.0,0.0,0.0,0.0,0.0,0.0,0.0,0.0,0.0,0.0,0.0,0.0,0.0,0.0,0.0,0.0,0.0,0.0,0.0,0.0,0.0,0.0,0.0
2012-02-24,0.0,0.0,0.0,0.0,0.0,0.0,0.0,0.0,0.0,0.0,0.0,0.0,0.0,0.0,0.0,0.0,0.0,0.0,0.0,0.0,0.0,0.0,0.0
2012-02-27,0.0,0.0,0.0,0.0,0.0,0.0,0.0,0.0,0.0,0.0,0.0,0.0,0.0,0.0,0.0,0.0,0.0,0.0,0.0,0.0,0.0,0.0,0.0
2012-02-28,0.0,0.0,0.0,0.0,0.0,0.0,0.0,0.0,0.0,0.0,0.0,0.0,0.0,0.0,0.0,0.0,0.0,0.0,0.0,0.0,0.0,0.0,0.0
2012-02-29,0.0,0.0,0.0,0.0,0.0,0.0,0.0,0.0,0.0,0.0,0.0,0.0,0.0,0.0,0.0,0.0,0.0,0.0,0.0,0.0,0.0,0.0,0.0
2012-03-01,0.0,0.0,0.0,0.0,0.0,0.0,0.0,0.0,0.0,0.0,0.0,0.0,0.0,0.0,0.0,0.0,0.0,0.0,0.0,0.0,0.0,0.0,0.0
2012-03-02,0.0,0.0,0.0,0.0,0.0,0.0,0.0,0.0,0.0,0.0,0.0,0.0,0.0,0.0,0.0,0.0,0.0,0.0,0.0,0.0,0.0,0.0,0.0
2012-03-05,0.0,0.0,0.0,0.0,0.0,0.0,0.0,0.0,0.0,0.0,0.0,0.0,0.0,0.0,0.0,0.0,0.0,0.0,0.0,0.0,0.0,0.0,0.0
2012-03-06,0.0,0.0,0.0,0.0,0.0,0.0,0.0,0.0,0.0,0.0,0.0,0.0,0.0,0.0,0.0,0.0,0.0,0.0,0.0,0.0,0.0,0.0,0.0
2012-03-07,0.0,0.0,0.0,0.0,0.0,0.0,0.0,0.0,0.0,0.0,0.0,0.0,0.0,0.0,0.0,0.0,0.0,0.0,0.0,0.0,0.0,0.0,0.0
2012-03-08,0.0,0.0,0.0,0.0,0.0,0.0,0.0,0.0,0.0,0.0,0.0,0.0,0.0,0.0,0.0,0.0,0.0,0.0,0.0,0.0,0.0,0.0,0.0
2012-03-09,0.0,0.0,0.0,0.0,0.0,0.0,0.0,0.0,0.0,0.0,0.0,0.0,0.0,0.0,0.0,0.0,0.0,0.0,0.0,0.0,0.0,0.0,0.0
2012-03-12,0.0,0.0,0.0,0.0,0.0,0.0,0.0,0.0,0.0,0.0,0.0,0.0,0.0,0.0,0.0,0.0,0.0,0.0,0.0,0.0,0.0,0.0,0.0
2012-03-13,0.0,0.0,0.0,0.0,0.0,0.0,0.0,0.0,0.0,0.0,0.0,0.0,0.0,0.0,0.0,0.0,0.0,0.0,0.0,0.0,0.0,0.0,0.0
2012-03-14,0.0,0.0,0.0,0.0,0.0,0.0,0.0,0.0,0.0,0.0,0.0,0.0,0.0,0.0,0.0,0.0,0.0,0.0,0.0,0.0,0.0,0.0,0.0
2012-03-15,0.0,0.0,0.0,0.0,0.0,0.0,0.0,0.0,0.0,0.0,0.0,0.0,0.0,0.0,0.0,0.0,0.0,0.0,0.0,0.0,0.0,0.0,0.0
2012-03-16,0.0,0.0,0.0,0.0,0.0,0.0,0.0,0.0,0.0,0.0,0.0,0.0,0.0,0.0,0.0,0.0,0.0,0.0,0.0,0.0,0.0,0.0,0.0
2012-03-19,0.0,0.0,0.0,0.0,0.0,0.0,0.0,0.0,0.0,0.0,0.0,0.0,0.0,0.0,0.0,0.0,0.0,0.0,0.0,0.0,0.0,0.0,0.0
2012-03-20,0.0,0.0,0.0,0.0,0.0,0.0,0.0,0.0,0.0,0.0,0.0,0.0,0.0,0.0,0.0,0.0,0.0,0.0,0.0,0.0,0.0,0.0,0.0
2012-03-21,0.0,0.0,0.0,0.0,0.0,0.0,0.0,0.0,0.0,0.0,0.0,0.0,0.0,0.0,0.0,0.0,0.0,0.0,0.0,0.0,0.0,0.0,0.0
2012-03-22,0.0,0.0,0.0,0.0,0.0,0.0,0.0,0.0,0.0,0.0,0.0,0.0,0.0,0.0,0.0,0.0,0.0,0.0,0.0,0.0,0.0,0.0,0.0
2012-03-23,0.0,0.0,0.0,0.0,0.0,0.0,0.0,0.0,0.0,0.0,0.0,0.0,0.0,0.0,0.0,0.0,0.0,0.0,0.0,0.0,0.0,0.0,0.0
2012-03-26,0.0,0.0,0.0,0.0,0.0,0.0,0.0,0.0,0.0,0.0,0.0,0.0,0.0,0.0,0.0,0.0,0.0,0.0,0.0,0.0,0.0,0.0,0.0
2012-03-27,0.0,0.0,0.0,0.0,0.0,0.0,0.0,0.0,0.0,0.0,0.0,0.0,0.0,0.0,0.0,0.0,0.0,0.0,0.0,0.0,0.0,0.0,0.0
2012-03-28,0.0,0.0,0.0,0.0,0.0,0.0,0.0,0.0,0.0,0.0,0.0,0.0,0.0,0.0,0.0,0.0,0.0,0.0,0.0,0.0,0.0,0.0,0.0
2012-03-29,0.0,0.0,0.0,0.0,0.0,0.0,0.0,0.0,0.0,0.0,0.0,0.0,0.0,0.0,0.0,0.0,0.0,0.0,0.0,0.0,0.0,0.0,0.0
2012-03-30,0.0,0.0,0.0,0.0,0.0,0.0,0.0,0.0,0.0,0.0,0.0,0.0,0.0,0.0,0.0,0.0,0.0,0.0,0.0,0.0,0.0,0.0,0.0
2012-04-02,0.0,0.0,0.0,0.0,0.0,0.0,0.0,0.0,0.0,0.0,0.0,0.0,0.0,0.0,0.0,0.0,0.0,0.0,0.0,0.0,0.0,0.0,0.0
2012-04-03,0.0,0.0,0.0,0.0,0.0,0.0,0.0,0.0,0.0,0.0,0.0,0.0,0.0,0.0,0.0,0.0,0.0,0.0,0.0,0.0,0.0,0.0,0.0
2012-04-04,0.0,0.0,0.0,0.0,0.0,0.0,0.0,0.0,0.0,0.0,0.0,0.0,0.0,0.0,0.0,0.0,0.0,0.0,0.0,0.0,0.0,0.0,0.0
2012-04-05,0.0,0.0,0.0,0.0,0.0,0.0,0.0,0.0,0.0,0.0,0.0,0.0,0.0,0.0,0.0,0.0,0.0,0.0,0.0,0.0,0.0,0.0,0.0
2012-04-06,0.0,0.0,0.0,0.0,0.0,0.0,0.0,0.0,0.0,0.0,0.0,0.0,0.0,0.0,0.0,0.0,0.0,0.0,0.0,0.0,0.0,0.0,0.0
2012-04-09,0.0,0.0,0.0,0.0,0.0,0.0,0.0,0.0,0.0,0.0,0.0,0.0,0.0,0.0,0.0,0.0,0.0,0.0,0.0,0.0,0.0,0.0,0.0
2012-04-10,0.0,0.0,0.0,0.0,0.0,0.0,0.0,0.0,0.0,0.0,0.0,0.0,0.0,0.0,0.0,0.0,0.0,0.0,0.0,0.0,0.0,0.0,0.0
2012-04-11,0.0,0.0,0.0,0.0,0.0,0.0,0.0,0.0,0.0,0.0,0.0,0.0,0.0,0.0,0.0,0.0,0.0,0.0,0.0,0.0,0.0,0.0,0.0
2012-04-12,0.0,0.0,0.0,0.0,0.0,0.0,0.0,0.0,0.0,0.0,0.0,0.0,0.0,0.0,0.0,0.0,0.0,0.0,0.0,0.0,0.0,0.0,0.0
2012-04-13,0.0,0.0,0.0,0.0,0.0,0.0,0.0,0.0,0.0,0.0,0.0,0.0,0.0,0.0,0.0,0.0,0.0,0.0,0.0,0.0,0.0,0.0,0.0
2012-04-16,0.0,0.0,0.0,0.0,0.0,0.0,0.0,0.0,0.0,0.0,0.0,0.0,0.0,0.0,0.0,0.0,0.0,0.0,0.0,0.0,0.0,0.0,0.0
2012-04-17,0.0,0.0,0.0,0.0,0.0,0.0,0.0,0.0,0.0,0.0,0.0,0.0,0.0,0.0,0.0,0.0,0.0,0.0,0.0,0.0,0.0,0.0,0.0
2012-04-18,0.0,0.0,0.0,0.0,0.0,0.0,0.0,0.0,0.0,0.0,0.0,0.0,0.0,0.0,0.0,0.0,0.0,0.0,0.0,0.0,0.0,0.0,0.0
2012-04-19,0.0,0.0,0.0,0.0,0.0,0.0,0.0,0.0,0.0,0.0,0.0,0.0,0.0,0.0,0.0,0.0,0.0,0.0,0.0,0.0,0.0,0.0,0.0
2012-04-20,0.0,0.0,0.0,0.0,0.0,0.0,0.0,0.0,0.0,0.0,0.0,0.0,0.0,0.0,0.0,0.0,0.0,0.0,0.0,0.0,0.0,0.0,0.0
2012-04-23,0.0,0.0,0.0,0.0,0.0,0.0,0.0,0.0,0.0,0.0,0.0,0.0,0.0,0.0,0.0,0.0,0.0,0.0,0.0,0.0,0.0,0.0,0.0
2012-04-24,0.0,0.0,0.0,0.0,0.0,0.0,0.0,0.0,0.0,0.0,0.0,0.0,0.0,0.0,0.0,0.0,0.0,0.0,0.0,0.0,0.0,0.0,0.0
2012-04-25,0.0,0.0,0.0,0.0,0.0,0.0,0.0,0.0,0.0,0.0,0.0,0.0,0.0,0.0,0.0,0.0,0.0,0.0,0.0,0.0,0.0,0.0,0.0
2012-04-26,0.0,0.0,0.0,0.0,0.0,0.0,0.0,0.0,0.0,0.0,0.0,0.0,0.0,0.0,0.0,0.0,0.0,0.0,0.0,0.0,0.0,0.0,0.0
2012-04-27,0.0,0.0,0.0,0.0,0.0,0.0,0.0,0.0,0.0,0.0,0.0,0.0,0.0,0.0,0.0,0.0,0.0,0.0,0.0,0.0,0.0,0.0,0.0
2012-04-30,0.0,0.0,0.0,0.0,0.0,0.0,0.0,0.0,0.0,0.0,0.0,0.0,0.0,0.0,0.0,0.0,0.0,0.0,0.0,0.0,0.0,0.0,0.0
2012-05-01,0.0,0.0,0.0,0.0,0.0,0.0,0.0,0.0,0.0,0.0,0.0,0.0,0.0,0.0,0.0,0.0,0.0,0.0,0.0,0.0,0.0,0.0,0.0
2012-05-02,0.0,0.0,0.0,0.0,0.0,0.0,0.0,0.0,0.0,0.0,0.0,0.0,0.0,0.0,0.0,0.0,0.0,0.0,0.0,0.0,0.0,0.0,0.0
2012-05-03,0.0,0.0,0.0,0.0,0.0,0.0,0.0,0.0,0.0,0.0,0.0,0.0,0.0,0.0,0.0,0.0,0.0,0.0,0.0,0.0,0.0,0.0,0.0
2012-05-04,0.0,0.0,0.0,0.0,0.0,0.0,0.0,0.0,0.0,0.0,0.0,0.0,0.0,0.0,0.0,0.0,0.0,0.0,0.0,0.0,0.0,0.0,0.0
2012-05-07,0.0,0.0,0.0,0.0,0.0,0.0,0.0,0.0,0.0,0.0,0.0,0.0,0.0,0.0,0.0,0.0,0.0,0.0,0.0,0.0,0.0,0.0,0.0
2012-05-08,0.0,0.0,0.0,0.0,0.0,0.0,0.0,0.0,0.0,0.0,0.0,0.0,0.0,0.0,0.0,0.0,0.0,0.0,0.0,0.0,0.0,0.0,0.0
2012-05-09,0.0,0.0,0.0,0.0,0.0,0.0,0.0,0.0,0.0,0.0,0.0,0.0,0.0,0.0,0.0,0.0,0.0,0.0,0.0,0.0,0.0,0.0,0.0
2012-05-10,0.0,0.0,0.0,0.0,0.0,0.0,0.0,0.0,0.0,0.0,0.0,0.0,0.0,0.0,0.0,0.0,0.0,0.0,0.0,0.0,0.0,0.0,0.0
2012-05-11,0.0,0.0,0.0,0.0,0.0,0.0,0.0,0.0,0.0,0.0,0.0,0.0,0.0,0.0,0.0,0.0,0.0,0.0,0.0,0.0,0.0,0.0,0.0
2012-05-14,0.0,0.0,0.0,0.0,0.0,0.0,0.0,0.0,0.0,0.0,0.0,0.0,0.0,0.0,0.0,0.0,0.0,0.0,0.0,0.0,0.0,0.0,0.0
2012-05-15,0.0,0.0,0.0,0.0,0.0,0.0,0.0,0.0,0.0,0.0,0.0,0.0,0.0,0.0,0.0,0.0,0.0,0.0,0.0,0.0,0.0,0.0,0.0
2012-05-16,0.0,0.0,0.0,0.0,0.0,0.0,0.0,0.0,0.0,0.0,0.0,0.0,0.0,0.0,0.0,0.0,0.0,0.0,0.0,0.0,0.0,0.0,0.0
2012-05-17,0.0,0.0,0.0,0.0,0.0,0.0,0.0,0.0,0.0,0.0,0.0,0.0,0.0,0.0,0.0,0.0,0.0,0.0,0.0,0.0,0.0,0.0,0.0
2012-05-18,0.0,0.0,0.0,0.0,0.0,0.0,0.0,0.0,0.0,0.0,0.0,0.0,0.0,0.0,0.0,0.0,0.0,0.0,0.0,0.0,0.0,0.0,0.0
2012-05-21,0.0,0.0,0.0,0.0,0.0,0.0,0.0,0.0,0.0,0.0,0.0,0.0,0.0,0.0,0.0,0.0,0.0,0.0,0.0,0.0,0.0,0.0,0.0
2012-05-22,0.0,0.0,0.0,0.0,0.0,0.0,0.0,0.0,0.0,0.0,0.0,0.0,0.0,0.0,0.0,0.0,0.0,0.0,0.0,0.0,0.0,0.0,0.0
2012-05-23,0.0,0.0,0.0,0.0,0.0,0.0,0.0,0.0,0.0,0.0,0.0,0.0,0.0,0.0,0.0,0.0,0.0,0.0,0.0,0.0,0.0,0.0,0.0
2012-05-24,0.0,0.0,0.0,0.0,0.0,0.0,0.0,0.0,0.0,0.0,0.0,0.0,0.0,0.0,0.0,0.0,0.0,0.0,0.0,0.0,0.0,0.0,0.0
2012-05-25,0.0,0.0,0.0,0.0,0.0,0.0,0.0,0.0,0.0,0.0,0.0,0.0,0.0,0.0,0.0,0.0,0.0,0.0,0.0,0.0,0.0,0.0,0.0
2012-05-28,0.0,0.0,0.0,0.0,0.0,0.0,0.0,0.0,0.0,0.0,0.0,0.0,0.0,0.0,0.0,0.0,0.0,0.0,0.0,0.0,0.0,0.0,0.0
2012-05-29,0.0,0.0,0.0,0.0,0.0,0.0,0.0,0.0,0.0,0.0,0.0,0.0,0.0,0.0,0.0,0.0,0.0,0.0,0.0,0.0,0.0,0.0,0.0
2012-05-30,0.0,0.0,0.0,0.0,0.0,0.0,0.0,0.0,0.0,0.0,0.0,0.0,0.0,0.0,0.0,0.0,0.0,0.0,0.0,0.0,0.0,0.0,0.0
2012-05-31,0.0,0.0,0.0,0.0,0.0,0.0,0.0,0.0,0.0,0.0,0.0,0.0,0.0,0.0,0.0,0.0,0.0,0.0,0.0,0.0,0.0,0.0,0.0
2012-06-01,0.0,0.0,0.0,0.0,0.0,0.0,0.0,0.0,0.0,0.0,0.0,0.0,0.0,0.0,0.0,0.0,0.0,0.0,0.0,0.0,0.0,0.0,0.0
2012-06-04,0.0,0.0,0.0,0.0,0.0,0.0,0.0,0.0,0.0,0.0,0.0,0.0,0.0,0.0,0.0,0.0,0.0,0.0,0.0,0.0,0.0,0.0,0.0
2012-06-05,0.0,0.0,0.0,0.0,0.0,0.0,0.0,0.0,0.0,0.0,0.0,0.0,0.0,0.0,0.0,0.0,0.0,0.0,0.0,0.0,0.0,0.0,0.0
2012-06-06,0.0,0.0,0.0,0.0,0.0,0.0,0.0,0.0,0.0,0.0,0.0,0.0,0.0,0.0,0.0,0.0,0.0,0.0,0.0,0.0,0.0,0.0,0.0
2012-06-07,0.0,0.0,0.0,0.0,0.0,0.0,0.0,0.0,0.0,0.0,0.0,0.0,0.0,0.0,0.0,0.0,0.0,0.0,0.0,0.0,0.0,0.0,0.0
2012-06-08,0.0,0.0,0.0,0.0,0.0,0.0,0.0,0.0,0.0,0.0,0.0,0.0,0.0,0.0,0.0,0.0,0.0,0.0,0.0,0.0,0.0,0.0,0.0
2012-06-11,0.0,0.0,0.0,0.0,0.0,0.0,0.0,0.0,0.0,0.0,0.0,0.0,0.0,0.0,0.0,0.0,0.0,0.0,0.0,0.0,0.0,0.0,0.0
2012-06-12,0.0,0.0,0.0,0.0,0.0,0.0,0.0,0.0,0.0,0.0,0.0,0.0,0.0,0.0,0.0,0.0,0.0,0.0,0.0,0.0,0.0,0.0,0.0
2012-06-13,0.0,0.0,0.0,0.0,0.0,0.0,0.0,0.0,0.0,0.0,0.0,0.0,0.0,0.0,0.0,0.0,0.0,0.0,0.0,0.0,0.0,0.0,0.0
2012-06-14,0.0,0.0,0.0,0.0,0.0,0.0,0.0,0.0,0.0,0.0,0.0,0.0,0.0,0.0,0.0,0.0,0.0,0.0,0.0,0.0,0.0,0.0,0.0
2012-06-15,0.0,0.0,0.0,0.0,0.0,0.0,0.0,0.0,0.0,0.0,0.0,0.0,0.0,0.0,0.0,0.0,0.0,0.0,0.0,0.0,0.0,0.0,0.0
2012-06-18,0.0,0.0,0.0,0.0,0.0,0.0,0.0,0.0,0.0,0.0,0.0,0.0,0.0,0.0,0.0,0.0,0.0,0.0,0.0,0.0,0.0,0.0,0.0
2012-06-19,0.0,0.0,0.0,0.0,0.0,0.0,0.0,0.0,0.0,0.0,0.0,0.0,0.0,0.0,0.0,0.0,0.0,0.0,0.0,0.0,0.0,0.0,0.0
2012-06-20,0.0,0.0,0.0,0.0,0.0,0.0,0.0,0.0,0.0,0.0,0.0,0.0,0.0,0.0,0.0,0.0,0.0,0.0,0.0,0.0,0.0,0.0,0.0
2012-06-21,0.0,0.0,0.0,0.0,0.0,0.0,0.0,0.0,0.0,0.0,0.0,0.0,0.0,0.0,0.0,0.0,0.0,0.0,0.0,0.0,0.0,0.0,0.0
2012-06-22,0.0,0.0,0.0,0.0,0.0,0.0,0.0,0.0,0.0,0.0,0.0,0.0,0.0,0.0,0.0,0.0,0.0,0.0,0.0,0.0,0.0,0.0,0.0
2012-06-25,0.0,0.0,0.0,0.0,0.0,0.0,0.0,0.0,0.0,0.0,0.0,0.0,0.0,0.0,0.0,0.0,0.0,0.0,0.0,0.0,0.0,0.0,0.0
2012-06-26,0.0,0.0,0.0,0.0,0.0,0.0,0.0,0.0,0.0,0.0,0.0,0.0,0.0,0.0,0.0,0.0,0.0,0.0,0.0,0.0,0.0,0.0,0.0
2012-06-27,0.0,0.0,0.0,0.0,0.0,0.0,0.0,0.0,0.0,0.0,0.0,0.0,0.0,0.0,0.0,0.0,0.0,0.0,0.0,0.0,0.0,0.0,0.0
2012-06-28,0.0,0.0,0.0,0.0,0.0,0.0,0.0,0.0,0.0,0.0,0.0,0.0,0.0,0.0,0.0,0.0,0.0,0.0,0.0,0.0,0.0,0.0,0.0
2012-06-29,0.0,0.0,0.0,0.0,0.0,0.0,0.0,0.0,0.0,0.0,0.0,0.0,0.0,0.0,0.0,0.0,0.0,0.0,0.0,0.0,0.0,0.0,0.0
2012-07-02,0.0,0.0,0.0,0.0,0.0,0.0,0.0,0.0,0.0,0.0,0.0,0.0,0.0,0.0,0.0,0.0,0.0,0.0,0.0,0.0,0.0,0.0,0.0
2012-07-03,0.0,0.0,0.0,0.0,0.0,0.0,0.0,0.0,0.0,0.0,0.0,0.0,0.0,0.0,0.0,0.0,0.0,0.0,0.0,0.0,0.0,0.0,0.0
2012-07-04,0.0,0.0,0.0,0.0,0.0,0.0,0.0,0.0,0.0,0.0,0.0,0.0,0.0,0.0,0.0,0.0,0.0,0.0,0.0,0.0,0.0,0.0,0.0
2012-07-05,0.0,0.0,0.0,0.0,0.0,0.0,0.0,0.0,0.0,0.0,0.0,0.0,0.0,0.0,0.0,0.0,0.0,0.0,0.0,0.0,0.0,0.0,0.0
2012-07-06,0.0,0.0,0.0,0.0,0.0,0.0,0.0,0.0,0.0,0.0,0.0,0.0,0.0,0.0,0.0,0.0,0.0,0.0,0.0,0.0,0.0,0.0,0.0
2012-07-09,0.0,0.0,0.0,0.0,0.0,0.0,0.0,0.0,0.0,0.0,0.0,0.0,0.0,0.0,0.0,0.0,0.0,0.0,0.0,0.0,0.0,0.0,0.0
2012-07-10,0.0,0.0,0.0,0.0,0.0,0.0,0.0,0.0,0.0,0.0,0.0,0.0,0.0,0.0,0.0,0.0,0.0,0.0,0.0,0.0,0.0,0.0,0.0
2012-07-11,0.0,0.0,0.0,0.0,0.0,0.0,0.0,0.0,0.0,0.0,0.0,0.0,0.0,0.0,0.0,0.0,0.0,0.0,0.0,0.0,0.0,0.0,0.0
2012-07-12,0.0,0.0,0.0,0.0,0.0,0.0,0.0,0.0,0.0,0.0,0.0,0.0,0.0,0.0,0.0,0.0,0.0,0.0,0.0,0.0,0.0,0.0,0.0
2012-07-13,0.0,0.0,0.0,0.0,0.0,0.0,0.0,0.0,0.0,0.0,0.0,0.0,0.0,0.0,0.0,0.0,0.0,0.0,0.0,0.0,0.0,0.0,0.0
2012-07-16,0.0,0.0,0.0,0.0,0.0,0.0,0.0,0.0,0.0,0.0,0.0,0.0,0.0,0.0,0.0,0.0,0.0,0.0,0.0,0.0,0.0,0.0,0.0
2012-07-17,0.0,0.0,0.0,0.0,0.0,0.0,0.0,0.0,0.0,0.0,0.0,0.0,0.0,0.0,0.0,0.0,0.0,0.0,0.0,0.0,0.0,0.0,0.0
2012-07-18,0.0,0.0,0.0,0.0,0.0,0.0,0.0,0.0,0.0,0.0,0.0,0.0,0.0,0.0,0.0,0.0,0.0,0.0,0.0,0.0,0.0,0.0,0.0
2012-07-19,0.0,0.0,0.0,0.0,0.0,0.0,0.0,0.0,0.0,0.0,0.0,0.0,0.0,0.0,0.0,0.0,0.0,0.0,0.0,0.0,0.0,0.0,0.0
2012-07-20,0.0,0.0,0.0,0.0,0.0,0.0,0.0,0.0,0.0,0.0,0.0,0.0,0.0,0.0,0.0,0.0,0.0,0.0,0.0,0.0,0.0,0.0,0.0
2012-07-23,0.0,0.0,0.0,0.0,0.0,0.0,0.0,0.0,0.0,0.0,0.0,0.0,0.0,0.0,0.0,0.0,0.0,0.0,0.0,0.0,0.0,0.0,0.0
2012-07-24,0.0,0.0,0.0,0.0,0.0,0.0,0.0,0.0,0.0,0.0,0.0,0.0,0.0,0.0,0.0,0.0,0.0,0.0,0.0,0.0,0.0,0.0,0.0
2012-07-25,0.0,0.0,0.0,0.0,0.0,0.0,0.0,0.0,0.0,0.0,0.0,0.0,0.0,0.0,0.0,0.0,0.0,0.0,0.0,0.0,0.0,0.0,0.0
2012-07-26,0.0,0.0,0.0,0.0,0.0,0.0,0.0,0.0,0.0,0.0,0.0,0.0,0.0,0.0,0.0,0.0,0.0,0.0,0.0,0.0,0.0,0.0,0.0
2012-07-27,0.0,0.0,0.0,0.0,0.0,0.0,0.0,0.0,0.0,0.0,0.0,0.0,0.0,0.0,0.0,0.0,0.0,0.0,0.0,0.0,0.0,0.0,0.0
2012-07-30,0.0,0.0,0.0,0.0,0.0,0.0,0.0,0.0,0.0,0.0,0.0,0.0,0.0,0.0,0.0,0.0,0.0,0.0,0.0,0.0,0.0,0.0,0.0
2012-07-31,0.0,0.0,0.0,0.0,0.0,0.0,0.0,0.0,0.0,0.0,0.0,0.0,0.0,0.0,0.0,0.0,0.0,0.0,0.0,0.0,0.0,0.0,0.0
2012-08-01,0.0,0.0,0.0,0.0,0.0,0.0,0.0,0.0,0.0,0.0,0.0,0.0,0.0,0.0,0.0,0.0,0.0,0.0,0.0,0.0,0.0,0.0,0.0
2012-08-02,0.0,0.0,0.0,0.0,0.0,0.0,0.0,0.0,0.0,0.0,0.0,0.0,0.0,0.0,0.0,0.0,0.0,0.0,0.0,0.0,0.0,0.0,0.0
2012-08-03,0.0,0.0,0.0,0.0,0.0,0.0,0.0,0.0,0.0,0.0,0.0,0.0,0.0,0.0,0.0,0.0,0.0,0.0,0.0,0.0,0.0,0.0,0.0
2012-08-06,0.0,0.0,0.0,0.0,0.0,0.0,0.0,0.0,0.0,0.0,0.0,0.0,0.0,0.0,0.0,0.0,0.0,0.0,0.0,0.0,0.0,0.0,0.0
2012-08-07,0.0,0.0,0.0,0.0,0.0,0.0,0.0,0.0,0.0,0.0,0.0,0.0,0.0,0.0,0.0,0.0,0.0,0.0,0.0,0.0,0.0,0.0,0.0
2012-08-08,0.0,0.0,0.0,0.0,0.0,0.0,0.0,0.0,0.0,0.0,0.0,0.0,0.0,0.0,0.0,0.0,0.0,0.0,0.0,0.0,0.0,0.0,0.0
2012-08-09,0.0,0.0,0.0,0.0,0.0,0.0,0.0,0.0,0.0,0.0,0.0,0.0,0.0,0.0,0.0,0.0,0.0,0.0,0.0,0.0,0.0,0.0,0.0
2012-08-10,0.0,0.0,0.0,0.0,0.0,0.0,0.0,0.0,0.0,0.0,0.0,0.0,0.0,0.0,0.0,0.0,0.0,0.0,0.0,0.0,0.0,0.0,0.0
2012-08-13,0.0,0.0,0.0,0.0,0.0,0.0,0.0,0.0,0.0,0.0,0.0,0.0,0.0,0.0,0.0,0.0,0.0,0.0,0.0,0.0,0.0,0.0,0.0
2012-08-14,0.0,0.0,0.0,0.0,0.0,0.0,0.0,0.0,0.0,0.0,0.0,0.0,0.0,0.0,0.0,0.0,0.0,0.0,0.0,0.0,0.0,0.0,0.0
2012-08-15,0.0,0.0,0.0,0.0,0.0,0.0,0.0,0.0,0.0,0.0,0.0,0.0,0.0,0.0,0.0,0.0,0.0,0.0,0.0,0.0,0.0,0.0,0.0
2012-08-16,0.0,0.0,0.0,0.0,0.0,0.0,0.0,0.0,0.0,0.0,0.0,0.0,0.0,0.0,0.0,0.0,0.0,0.0,0.0,0.0,0.0,0.0,0.0
2012-08-17,0.0,0.0,0.0,0.0,0.0,0.0,0.0,0.0,0.0,0.0,0.0,0.0,0.0,0.0,0.0,0.0,0.0,0.0,0.0,0.0,0.0,0.0,0.0
2012-08-20,0.0,0.0,0.0,0.0,0.0,0.0,0.0,0.0,0.0,0.0,0.0,0.0,0.0,0.0,0.0,0.0,0.0,0.0,0.0,0.0,0.0,0.0,0.0
2012-08-21,0.0,0.0,0.0,0.0,0.0,0.0,0.0,0.0,0.0,0.0,0.0,0.0,0.0,0.0,0.0,0.0,0.0,0.0,0.0,0.0,0.0,0.0,0.0
2012-08-22,0.0,0.0,0.0,0.0,0.0,0.0,0.0,0.0,0.0,0.0,0.0,0.0,0.0,0.0,0.0,0.0,0.0,0.0,0.0,0.0,0.0,0.0,0.0
2012-08-23,0.0,0.0,0.0,0.0,0.0,0.0,0.0,0.0,0.0,0.0,0.0,0.0,0.0,0.0,0.0,0.0,0.0,0.0,0.0,0.0,0.0,0.0,0.0
2012-08-24,0.0,0.0,0.0,0.0,0.0,0.0,0.0,0.0,0.0,0.0,0.0,0.0,0.0,0.0,0.0,0.0,0.0,0.0,0.0,0.0,0.0,0.0,0.0
2012-08-27,0.0,0.0,0.0,0.0,0.0,0.0,0.0,0.0,0.0,0.0,0.0,0.0,0.0,0.0,0.0,0.0,0.0,0.0,0.0,0.0,0.0,0.0,0.0
2012-08-28,0.0,0.0,0.0,0.0,0.0,0.0,0.0,0.0,0.0,0.0,0.0,0.0,0.0,0.0,0.0,0.0,0.0,0.0,0.0,0.0,0.0,0.0,0.0
2012-08-29,0.0,0.0,0.0,0.0,0.0,0.0,0.0,0.0,0.0,0.0,0.0,0.0,0.0,0.0,0.0,0.0,0.0,0.0,0.0,0.0,0.0,0.0,0.0
2012-08-30,0.0,0.0,0.0,0.0,0.0,0.0,0.0,0.0,0.0,0.0,0.0,0.0,0.0,0.0,0.0,0.0,0.0,0.0,0.0,0.0,0.0,0.0,0.0
2012-08-31,0.0,0.0,0.0,0.0,0.0,0.0,0.0,0.0,0.0,0.0,0.0,0.0,0.0,0.0,0.0,0.0,0.0,0.0,0.0,0.0,0.0,0.0,0.0
2012-09-03,0.0,0.0,0.0,0.0,0.0,0.0,0.0,0.0,0.0,0.0,0.0,0.0,0.0,0.0,0.0,0.0,0.0,0.0,0.0,0.0,0.0,0.0,0.0
2012-09-04,0.0,0.0,0.0,0.0,0.0,0.0,0.0,0.0,0.0,0.0,0.0,0.0,0.0,0.0,0.0,0.0,0.0,0.0,0.0,0.0,0.0,0.0,0.0
2012-09-05,0.0,0.0,0.0,0.0,0.0,0.0,0.0,0.0,0.0,0.0,0.0,0.0,0.0,0.0,0.0,0.0,0.0,0.0,0.0,0.0,0.0,0.0,0.0
2012-09-06,0.0,0.0,0.0,0.0,0.0,0.0,0.0,0.0,0.0,0.0,0.0,0.0,0.0,0.0,0.0,0.0,0.0,0.0,0.0,0.0,0.0,0.0,0.0
2012-09-07,0.0,0.0,0.0,0.0,0.0,0.0,0.0,0.0,0.0,0.0,0.0,0.0,0.0,0.0,0.0,0.0,0.0,0.0,0.0,0.0,0.0,0.0,0.0
2012-09-10,0.0,0.0,0.0,0.0,0.0,0.0,0.0,0.0,0.0,0.0,0.0,0.0,0.0,0.0,0.0,0.0,0.0,0.0,0.0,0.0,0.0,0.0,0.0
2012-09-11,0.0,0.0,0.0,0.0,0.0,0.0,0.0,0.0,0.0,0.0,0.0,0.0,0.0,0.0,0.0,0.0,0.0,0.0,0.0,0.0,0.0,0.0,0.0
2012-09-12,0.0,0.0,0.0,0.0,0.0,0.0,0.0,0.0,0.0,0.0,0.0,0.0,0.0,0.0,0.0,0.0,0.0,0.0,0.0,0.0,0.0,0.0,0.0
2012-09-13,0.0,0.0,0.0,0.0,0.0,0.0,0.0,0.0,0.0,0.0,0.0,0.0,0.0,0.0,0.0,0.0,0.0,0.0,0.0,0.0,0.0,0.0,0.0
2012-09-14,0.0,0.0,0.0,0.0,0.0,0.0,0.0,0.0,0.0,0.0,0.0,0.0,0.0,0.0,0.0,0.0,0.0,0.0,0.0,0.0,0.0,0.0,0.0
2012-09-17,0.0,0.0,0.0,0.0,0.0,0.0,0.0,0.0,0.0,0.0,0.0,0.0,0.0,0.0,0.0,0.0,0.0,0.0,0.0,0.0,0.0,0.0,0.0
2012-09-18,0.0,0.0,0.0,0.0,0.0,0.0,0.0,0.0,0.0,0.0,0.0,0.0,0.0,0.0,0.0,0.0,0.0,0.0,0.0,0.0,0.0,0.0,0.0
2012-09-19,0.0,0.0,0.0,0.0,0.0,0.0,0.0,0.0,0.0,0.0,0.0,0.0,0.0,0.0,0.0,0.0,0.0,0.0,0.0,0.0,0.0,0.0,0.0
2012-09-20,0.0,0.0,0.0,0.0,0.0,0.0,0.0,0.0,0.0,0.0,0.0,0.0,0.0,0.0,0.0,0.0,0.0,0.0,0.0,0.0,0.0,0.0,0.0
2012-09-21,0.0,0.0,0.0,0.0,0.0,0.0,0.0,0.0,0.0,0.0,0.0,0.0,0.0,0.0,0.0,0.0,0.0,0.0,0.0,0.0,0.0,0.0,0.0
2012-09-24,0.0,0.0,0.0,0.0,0.0,0.0,0.0,0.0,0.0,0.0,0.0,0.0,0.0,0.0,0.0,0.0,0.0,0.0,0.0,0.0,0.0,0.0,0.0
2012-09-25,0.0,0.0,0.0,0.0,0.0,0.0,0.0,0.0,0.0,0.0,0.0,0.0,0.0,0.0,0.0,0.0,0.0,0.0,0.0,0.0,0.0,0.0,0.0
2012-09-26,0.0,0.0,0.0,0.0,0.0,0.0,0.0,0.0,0.0,0.0,0.0,0.0,0.0,0.0,0.0,0.0,0.0,0.0,0.0,0.0,0.0,0.0,0.0
2012-09-27,0.0,0.0,0.0,0.0,0.0,0.0,0.0,0.0,0.0,0.0,0.0,0.0,0.0,0.0,0.0,0.0,0.0,0.0,0.0,0.0,0.0,0.0,0.0
2012-09-28,0.0,0.0,0.0,0.0,0.0,0.0,0.0,0.0,0.0,0.0,0.0,0.0,0.0,0.0,0.0,0.0,0.0,0.0,0.0,0.0,0.0,0.0,0.0
2012-10-01,0.0,0.0,0.0,0.0,0.0,0.0,0.0,0.0,0.0,0.0,0.0,0.0,0.0,0.0,0.0,0.0,0.0,0.0,0.0,0.0,0.0,0.0,0.0
2012-10-02,0.0,0.0,0.0,0.0,0.0,0.0,0.0,0.0,0.0,0.0,0.0,0.0,0.0,0.0,0.0,0.0,0.0,0.0,0.0,0.0,0.0,0.0,0.0
2012-10-03,0.0,0.0,0.0,0.0,0.0,0.0,0.0,0.0,0.0,0.0,0.0,0.0,0.0,0.0,0.0,0.0,0.0,0.0,0.0,0.0,0.0,0.0,0.0
2012-10-04,0.0,0.0,0.0,0.0,0.0,0.0,0.0,0.0,0.0,0.0,0.0,0.0,0.0,0.0,0.0,0.0,0.0,0.0,0.0,0.0,0.0,0.0,0.0
2012-10-05,0.0,0.0,0.0,0.0,0.0,0.0,0.0,0.0,0.0,0.0,0.0,0.0,0.0,0.0,0.0,0.0,0.0,0.0,0.0,0.0,0.0,0.0,0.0
2012-10-08,0.0,0.0,0.0,0.0,0.0,0.0,0.0,0.0,0.0,0.0,0.0,0.0,0.0,0.0,0.0,0.0,0.0,0.0,0.0,0.0,0.0,0.0,0.0
2012-10-09,0.0,0.0,0.0,0.0,0.0,0.0,0.0,0.0,0.0,0.0,0.0,0.0,0.0,0.0,0.0,0.0,0.0,0.0,0.0,0.0,0.0,0.0,0.0
2012-10-10,0.0,0.0,0.0,0.0,0.0,0.0,0.0,0.0,0.0,0.0,0.0,0.0,0.0,0.0,0.0,0.0,0.0,0.0,0.0,0.0,0.0,0.0,0.0
2012-10-11,0.0,0.0,0.0,0.0,0.0,0.0,0.0,0.0,0.0,0.0,0.0,0.0,0.0,0.0,0.0,0.0,0.0,0.0,0.0,0.0,0.0,0.0,0.0
2012-10-12,0.0,0.0,0.0,0.0,0.0,0.0,0.0,0.0,0.0,0.0,0.0,0.0,0.0,0.0,0.0,0.0,0.0,0.0,0.0,0.0,0.0,0.0,0.0
2012-10-15,0.0,0.0,0.0,0.0,0.0,0.0,0.0,0.0,0.0,0.0,0.0,0.0,0.0,0.0,0.0,0.0,0.0,0.0,0.0,0.0,0.0,0.0,0.0
2012-10-16,0.0,0.0,0.0,0.0,0.0,0.0,0.0,0.0,0.0,0.0,0.0,0.0,0.0,0.0,0.0,0.0,0.0,0.0,0.0,0.0,0.0,0.0,0.0
2012-10-17,0.0,0.0,0.0,0.0,0.0,0.0,0.0,0.0,0.0,0.0,0.0,0.0,0.0,0.0,0.0,0.0,0.0,0.0,0.0,0.0,0.0,0.0,0.0
2012-10-18,0.0,0.0,0.0,0.0,0.0,0.0,0.0,0.0,0.0,0.0,0.0,0.0,0.0,0.0,0.0,0.0,0.0,0.0,0.0,0.0,0.0,0.0,0.0
2012-10-19,0.0,0.0,0.0,0.0,0.0,0.0,0.0,0.0,0.0,0.0,0.0,0.0,0.0,0.0,0.0,0.0,0.0,0.0,0.0,0.0,0.0,0.0,0.0
2012-10-22,0.0,0.0,0.0,0.0,0.0,0.0,0.0,0.0,0.0,0.0,0.0,0.0,0.0,0.0,0.0,0.0,0.0,0.0,0.0,0.0,0.0,0.0,0.0
2012-10-23,0.0,0.0,0.0,0.0,0.0,0.0,0.0,0.0,0.0,0.0,0.0,0.0,0.0,0.0,0.0,0.0,0.0,0.0,0.0,0.0,0.0,0.0,0.0
2012-10-24,0.0,0.0,0.0,0.0,0.0,0.0,0.0,0.0,0.0,0.0,0.0,0.0,0.0,0.0,0.0,0.0,0.0,0.0,0.0,0.0,0.0,0.0,0.0
2012-10-25,0.0,0.0,0.0,0.0,0.0,0.0,0.0,0.0,0.0,0.0,0.0,0.0,0.0,0.0,0.0,0.0,0.0,0.0,0.0,0.0,0.0,0.0,0.0
2012-10-26,0.0,0.0,0.0,0.0,0.0,0.0,0.0,0.0,0.0,0.0,0.0,0.0,0.0,0.0,0.0,0.0,0.0,0.0,0.0,0.0,0.0,0.0,0.0
2012-10-29,0.0,0.0,0.0,0.0,0.0,0.0,0.0,0.0,0.0,0.0,0.0,0.0,0.0,0.0,0.0,0.0,0.0,0.0,0.0,0.0,0.0,0.0,0.0
2012-10-30,0.0,0.0,0.0,0.0,0.0,0.0,0.0,0.0,0.0,0.0,0.0,0.0,0.0,0.0,0.0,0.0,0.0,0.0,0.0,0.0,0.0,0.0,0.0
2012-10-31,0.0,0.0,0.0,0.0,0.0,0.0,0.0,0.0,0.0,0.0,0.0,0.0,0.0,0.0,0.0,0.0,0.0,0.0,0.0,0.0,0.0,0.0,0.0
2012-11-01,0.0,0.0,0.0,0.0,0.0,0.0,0.0,0.0,0.0,0.0,0.0,0.0,0.0,0.0,0.0,0.0,0.0,0.0,0.0,0.0,0.0,0.0,0.0
2012-11-02,0.0,0.0,0.0,0.0,0.0,0.0,0.0,0.0,0.0,0.0,0.0,0.0,0.0,0.0,0.0,0.0,0.0,0.0,0.0,0.0,0.0,0.0,0.0
2012-11-05,0.0,0.0,0.0,0.0,0.0,0.0,0.0,0.0,0.0,0.0,0.0,0.0,0.0,0.0,0.0,0.0,0.0,0.0,0.0,0.0,0.0,0.0,0.0
2012-11-06,0.0,0.0,0.0,0.0,0.0,0.0,0.0,0.0,0.0,0.0,0.0,0.0,0.0,0.0,0.0,0.0,0.0,0.0,0.0,0.0,0.0,0.0,0.0
2012-11-07,0.0,0.0,0.0,0.0,0.0,0.0,0.0,0.0,0.0,0.0,0.0,0.0,0.0,0.0,0.0,0.0,0.0,0.0,0.0,0.0,0.0,0.0,0.0
2012-11-08,0.0,0.0,0.0,0.0,0.0,0.0,0.0,0.0,0.0,0.0,0.0,0.0,0.0,0.0,0.0,0.0,0.0,0.0,0.0,0.0,0.0,0.0,0.0
2012-11-09,0.0,0.0,0.0,0.0,0.0,0.0,0.0,0.0,0.0,0.0,0.0,0.0,0.0,0.0,0.0,0.0,0.0,0.0,0.0,0.0,0.0,0.0,0.0
2012-11-12,0.0,0.0,0.0,0.0,0.0,0.0,0.0,0.0,0.0,0.0,0.0,0.0,0.0,0.0,0.0,0.0,0.0,0.0,0.0,0.0,0.0,0.0,0.0
2012-11-13,0.0,0.0,0.0,0.0,0.0,0.0,0.0,0.0,0.0,0.0,0.0,0.0,0.0,0.0,0.0,0.0,0.0,0.0,0.0,0.0,0.0,0.0,0.0
2012-11-14,0.0,0.0,0.0,0.0,0.0,0.0,0.0,0.0,0.0,0.0,0.0,0.0,0.0,0.0,0.0,0.0,0.0,0.0,0.0,0.0,0.0,0.0,0.0
2012-11-15,0.0,0.0,0.0,0.0,0.0,0.0,0.0,0.0,0.0,0.0,0.0,0.0,0.0,0.0,0.0,0.0,0.0,0.0,0.0,0.0,0.0,0.0,0.0
2012-11-16,0.0,0.0,0.0,0.0,0.0,0.0,0.0,0.0,0.0,0.0,0.0,0.0,0.0,0.0,0.0,0.0,0.0,0.0,0.0,0.0,0.0,0.0,0.0
2012-11-19,0.0,0.0,0.0,0.0,0.0,0.0,0.0,0.0,0.0,0.0,0.0,0.0,0.0,0.0,0.0,0.0,0.0,0.0,0.0,0.0,0.0,0.0,0.0
2012-11-20,0.0,0.0,0.0,0.0,0.0,0.0,0.0,0.0,0.0,0.0,0.0,0.0,0.0,0.0,0.0,0.0,0.0,0.0,0.0,0.0,0.0,0.0,0.0
2012-11-21,0.0,0.0,0.0,0.0,0.0,0.0,0.0,0.0,0.0,0.0,0.0,0.0,0.0,0.0,0.0,0.0,0.0,0.0,0.0,0.0,0.0,0.0,0.0
2012-11-22,0.0,0.0,0.0,0.0,0.0,0.0,0.0,0.0,0.0,0.0,0.0,0.0,0.0,0.0,0.0,0.0,0.0,0.0,0.0,0.0,0.0,0.0,0.0
2012-11-23,0.0,0.0,0.0,0.0,0.0,0.0,0.0,0.0,0.0,0.0,0.0,0.0,0.0,0.0,0.0,0.0,0.0,0.0,0.0,0.0,0.0,0.0,0.0
2012-11-26,0.0,0.0,0.0,0.0,0.0,0.0,0.0,0.0,0.0,0.0,0.0,0.0,0.0,0.0,0.0,0.0,0.0,0.0,0.0,0.0,0.0,0.0,0.0
2012-11-27,0.0,0.0,0.0,0.0,0.0,0.0,0.0,0.0,0.0,0.0,0.0,0.0,0.0,0.0,0.0,0.0,0.0,0.0,0.0,0.0,0.0,0.0,0.0
2012-11-28,0.0,0.0,0.0,0.0,0.0,0.0,0.0,0.0,0.0,0.0,0.0,0.0,0.0,0.0,0.0,0.0,0.0,0.0,0.0,0.0,0.0,0.0,0.0
2012-11-29,0.0,0.0,0.0,0.0,0.0,0.0,0.0,0.0,0.0,0.0,0.0,0.0,0.0,0.0,0.0,0.0,0.0,0.0,0.0,0.0,0.0,0.0,0.0
2012-11-30,0.0,0.0,0.0,0.0,0.0,0.0,0.0,0.0,0.0,0.0,0.0,0.0,0.0,0.0,0.0,0.0,0.0,0.0,0.0,0.0,0.0,0.0,0.0
2012-12-03,0.0,0.0,0.0,0.0,0.0,0.0,0.0,0.0,0.0,0.0,0.0,0.0,0.0,0.0,0.0,0.0,0.0,0.0,0.0,0.0,0.0,0.0,0.0
2012-12-04,0.0,0.0,0.0,0.0,0.0,0.0,0.0,0.0,0.0,0.0,0.0,0.0,0.0,0.0,0.0,0.0,0.0,0.0,0.0,0.0,0.0,0.0,0.0
2012-12-05,0.0,0.0,0.0,0.0,0.0,0.0,0.0,0.0,0.0,0.0,0.0,0.0,0.0,0.0,0.0,0.0,0.0,0.0,0.0,0.0,0.0,0.0,0.0
2012-12-06,0.0,0.0,0.0,0.0,0.0,0.0,0.0,0.0,0.0,0.0,0.0,0.0,0.0,0.0,0.0,0.0,0.0,0.0,0.0,0.0,0.0,0.0,0.0
2012-12-07,0.0,0.0,0.0,0.0,0.0,0.0,0.0,0.0,0.0,0.0,0.0,0.0,0.0,0.0,0.0,0.0,0.0,0.0,0.0,0.0,0.0,0.0,0.0
2012-12-10,0.0,0.0,0.0,0.0,0.0,0.0,0.0,0.0,0.0,0.0,0.0,0.0,0.0,0.0,0.0,0.0,0.0,0.0,0.0,0.0,0.0,0.0,0.0
2012-12-11,0.0,0.0,0.0,0.0,0.0,0.0,0.0,0.0,0.0,0.0,0.0,0.0,0.0,0.0,0.0,0.0,0.0,0.0,0.0,0.0,0.0,0.0,0.0
2012-12-12,0.0,0.0,0.0,0.0,0.0,0.0,0.0,0.0,0.0,0.0,0.0,0.0,0.0,0.0,0.0,0.0,0.0,0.0,0.0,0.0,0.0,0.0,0.0
2012-12-13,0.0,0.0,0.0,0.0,0.0,0.0,0.0,0.0,0.0,0.0,0.0,0.0,0.0,0.0,0.0,0.0,0.0,0.0,0.0,0.0,0.0,0.0,0.0
2012-12-14,0.0,0.0,0.0,0.0,0.0,0.0,0.0,0.0,0.0,0.0,0.0,0.0,0.0,0.0,0.0,0.0,0.0,0.0,0.0,0.0,0.0,0.0,0.0
2012-12-17,0.0,0.0,0.0,0.0,0.0,0.0,0.0,0.0,0.0,0.0,0.0,0.0,0.0,0.0,0.0,0.0,0.0,0.0,0.0,0.0,0.0,0.0,0.0
2012-12-18,0.0,0.0,0.0,0.0,0.0,0.0,0.0,0.0,0.0,0.0,0.0,0.0,0.0,0.0,0.0,0.0,0.0,0.0,0.0,0.0,0.0,0.0,0.0
2012-12-19,0.0,0.0,0.0,0.0,0.0,0.0,0.0,0.0,0.0,0.0,0.0,0.0,0.0,0.0,0.0,0.0,0.0,0.0,0.0,0.0,0.0,0.0,0.0
2012-12-20,0.0,0.0,0.0,0.0,0.0,0.0,0.0,0.0,0.0,0.0,0.0,0.0,0.0,0.0,0.0,0.0,0.0,0.0,0.0,0.0,0.0,0.0,0.0
2012-12-21,0.0,0.0,0.0,0.0,0.0,0.0,0.0,0.0,0.0,0.0,0.0,0.0,0.0,0.0,0.0,0.0,0.0,0.0,0.0,0.0,0.0,0.0,0.0
2012-12-24,0.0,0.0,0.0,0.0,0.0,0.0,0.0,0.0,0.0,0.0,0.0,0.0,0.0,0.0,0.0,0.0,0.0,0.0,0.0,0.0,0.0,0.0,0.0
2012-12-25,0.0,0.0,0.0,0.0,0.0,0.0,0.0,0.0,0.0,0.0,0.0,0.0,0.0,0.0,0.0,0.0,0.0,0.0,0.0,0.0,0.0,0.0,0.0
2012-12-26,0.0,0.0,0.0,0.0,0.0,0.0,0.0,0.0,0.0,0.0,0.0,0.0,0.0,0.0,0.0,0.0,0.0,0.0,0.0,0.0,0.0,0.0,0.0
2012-12-27,0.0,0.0,0.0,0.0,0.0,0.0,0.0,0.0,0.0,0.0,0.0,0.0,0.0,0.0,0.0,0.0,0.0,0.0,0.0,0.0,0.0,0.0,0.0
2012-12-28,0.0,0.0,0.0,0.0,0.0,0.0,0.0,0.0,0.0,0.0,0.0,0.0,0.0,0.0,0.0,0.0,0.0,0.0,0.0,0.0,0.0,0.0,0.0
2012-12-31,0.0,0.0,0.0,0.0,0.0,0.0,0.0,0.0,0.0,0.0,0.0,0.0,0.0,0.0,0.0,0.0,0.0,0.0,0.0,0.0,0.0,0.0,0.0
2013-01-01,0.0,0.0,0.0,0.0,0.0,0.0,0.0,0.0,0.0,0.0,0.0,0.0,0.0,0.0,0.0,0.0,0.0,0.0,0.0,0.0,0.0,0.0,0.0
2013-01-02,0.0,0.0,0.0,0.0,0.0,0.0,0.0,0.0,0.0,0.0,0.0,0.0,0.0,0.0,0.0,0.0,0.0,0.0,0.0,0.0,0.0,0.0,0.0
2013-01-03,0.0,0.0,0.0,0.0,0.0,0.0,0.0,0.0,0.0,0.0,0.0,0.0,0.0,0.0,0.0,0.0,0.0,0.0,0.0,0.0,0.0,0.0,0.0
2013-01-04,0.0,0.0,0.0,0.0,0.0,0.0,0.0,0.0,0.0,0.0,0.0,0.0,0.0,0.0,0.0,0.0,0.0,0.0,0.0,0.0,0.0,0.0,0.0
2013-01-07,0.0,0.0,0.0,0.0,0.0,0.0,0.0,0.0,0.0,0.0,0.0,0.0,0.0,0.0,0.0,0.0,0.0,0.0,0.0,0.0,0.0,0.0,0.0
2013-01-08,0.0,0.0,0.0,0.0,0.0,0.0,0.0,0.0,0.0,0.0,0.0,0.0,0.0,0.0,0.0,0.0,0.0,0.0,0.0,0.0,0.0,0.0,0.0
2013-01-09,0.0,0.0,0.0,0.0,0.0,0.0,0.0,0.0,0.0,0.0,0.0,0.0,0.0,0.0,0.0,0.0,0.0,0.0,0.0,0.0,0.0,0.0,0.0
2013-01-10,0.0,0.0,0.0,0.0,0.0,0.0,0.0,0.0,0.0,0.0,0.0,0.0,0.0,0.0,0.0,0.0,0.0,0.0,0.0,0.0,0.0,0.0,0.0
2013-01-11,0.0,0.0,0.0,0.0,0.0,0.0,0.0,0.0,0.0,0.0,0.0,0.0,0.0,0.0,0.0,0.0,0.0,0.0,0.0,0.0,0.0,0.0,0.0
2013-01-14,0.0,0.0,0.0,0.0,0.0,0.0,0.0,0.0,0.0,0.0,0.0,0.0,0.0,0.0,0.0,0.0,0.0,0.0,0.0,0.0,0.0,0.0,0.0
2013-01-15,0.0,0.0,0.0,0.0,0.0,0.0,0.0,0.0,0.0,0.0,0.0,0.0,0.0,0.0,0.0,0.0,0.0,0.0,0.0,0.0,0.0,0.0,0.0
2013-01-16,0.0,0.0,0.0,0.0,0.0,0.0,0.0,0.0,0.0,0.0,0.0,0.0,0.0,0.0,0.0,0.0,0.0,0.0,0.0,0.0,0.0,0.0,0.0
2013-01-17,0.0,0.0,0.0,0.0,0.0,0.0,0.0,0.0,0.0,0.0,0.0,0.0,0.0,0.0,0.0,0.0,0.0,0.0,0.0,0.0,0.0,0.0,0.0
2013-01-18,0.0,0.0,0.0,0.0,0.0,0.0,0.0,0.0,0.0,0.0,0.0,0.0,0.0,0.0,0.0,0.0,0.0,0.0,0.0,0.0,0.0,0.0,0.0
2013-01-21,0.0,0.0,0.0,0.0,0.0,0.0,0.0,0.0,0.0,0.0,0.0,0.0,0.0,0.0,0.0,0.0,0.0,0.0,0.0,0.0,0.0,0.0,0.0
2013-01-22,0.0,0.0,0.0,0.0,0.0,0.0,0.0,0.0,0.0,0.0,0.0,0.0,0.0,0.0,0.0,0.0,0.0,0.0,0.0,0.0,0.0,0.0,0.0
2013-01-23,0.0,0.0,0.0,0.0,0.0,0.0,0.0,0.0,0.0,0.0,0.0,0.0,0.0,0.0,0.0,0.0,0.0,0.0,0.0,0.0,0.0,0.0,0.0
2013-01-24,0.0,0.0,0.0,0.0,0.0,0.0,0.0,0.0,0.0,0.0,0.0,0.0,0.0,0.0,0.0,0.0,0.0,0.0,0.0,0.0,0.0,0.0,0.0
2013-01-25,0.0,0.0,0.0,0.0,0.0,0.0,0.0,0.0,0.0,0.0,0.0,0.0,0.0,0.0,0.0,0.0,0.0,0.0,0.0,0.0,0.0,0.0,0.0
2013-01-28,0.0,0.0,0.0,0.0,0.0,0.0,0.0,0.0,0.0,0.0,0.0,0.0,0.0,0.0,0.0,0.0,0.0,0.0,0.0,0.0,0.0,0.0,0.0
2013-01-29,0.0,0.0,0.0,0.0,0.0,0.0,0.0,0.0,0.0,0.0,0.0,0.0,0.0,0.0,0.0,0.0,0.0,0.0,0.0,0.0,0.0,0.0,0.0
2013-01-30,0.0,0.0,0.0,0.0,0.0,0.0,0.0,0.0,0.0,0.0,0.0,0.0,0.0,0.0,0.0,0.0,0.0,0.0,0.0,0.0,0.0,0.0,0.0
2013-01-31,0.0,0.0,0.0,0.0,0.0,0.0,0.0,0.0,0.0,0.0,0.0,0.0,0.0,0.0,0.0,0.0,0.0,0.0,0.0,0.0,0.0,0.0,0.0
2013-02-01,0.0,0.0,0.0,0.0,0.0,0.0,0.0,0.0,0.0,0.0,0.0,0.0,0.0,0.0,0.0,0.0,0.0,0.0,0.0,0.0,0.0,0.0,0.0
2013-02-04,0.0,0.0,0.0,0.0,0.0,0.0,0.0,0.0,0.0,0.0,0.0,0.0,0.0,0.0,0.0,0.0,0.0,0.0,0.0,0.0,0.0,0.0,0.0
2013-02-05,0.0,0.0,0.0,0.0,0.0,0.0,0.0,0.0,0.0,0.0,0.0,0.0,0.0,0.0,0.0,0.0,0.0,0.0,0.0,0.0,0.0,0.0,0.0
2013-02-06,0.0,0.0,0.0,0.0,0.0,0.0,0.0,0.0,0.0,0.0,0.0,0.0,0.0,0.0,0.0,0.0,0.0,0.0,0.0,0.0,0.0,0.0,0.0
2013-02-07,0.0,0.0,0.0,0.0,0.0,0.0,0.0,0.0,0.0,0.0,0.0,0.0,0.0,0.0,0.0,0.0,0.0,0.0,0.0,0.0,0.0,0.0,0.0
2013-02-08,0.0,0.0,0.0,0.0,0.0,0.0,0.0,0.0,0.0,0.0,0.0,0.0,0.0,0.0,0.0,0.0,0.0,0.0,0.0,0.0,0.0,0.0,0.0
2013-02-11,0.0,0.0,0.0,0.0,0.0,0.0,0.0,0.0,0.0,0.0,0.0,0.0,0.0,0.0,0.0,0.0,0.0,0.0,0.0,0.0,0.0,0.0,0.0
2013-02-12,0.0,0.0,0.0,0.0,0.0,0.0,0.0,0.0,0.0,0.0,0.0,0.0,0.0,0.0,0.0,0.0,0.0,0.0,0.0,0.0,0.0,0.0,0.0
2013-02-13,0.0,0.0,0.0,0.0,0.0,0.0,0.0,0.0,0.0,0.0,0.0,0.0,0.0,0.0,0.0,0.0,0.0,0.0,0.0,0.0,0.0,0.0,0.0
2013-02-14,0.0,0.0,0.0,0.0,0.0,0.0,0.0,0.0,0.0,0.0,0.0,0.0,0.0,0.0,0.0,0.0,0.0,0.0,0.0,0.0,0.0,0.0,0.0
2013-02-15,0.0,0.0,0.0,0.0,0.0,0.0,0.0,0.0,0.0,0.0,0.0,0.0,0.0,0.0,0.0,0.0,0.0,0.0,0.0,0.0,0.0,0.0,0.0
2013-02-18,0.0,0.0,0.0,0.0,0.0,0.0,0.0,0.0,0.0,0.0,0.0,0.0,0.0,0.0,0.0,0.0,0.0,0.0,0.0,0.0,0.0,0.0,0.0
2013-02-19,0.0,0.0,0.0,0.0,0.0,0.0,0.0,0.0,0.0,0.0,0.0,0.0,0.0,0.0,0.0,0.0,0.0,0.0,0.0,0.0,0.0,0.0,0.0
2013-02-20,0.0,0.0,0.0,0.0,0.0,0.0,0.0,0.0,0.0,0.0,0.0,0.0,0.0,0.0,0.0,0.0,0.0,0.0,0.0,0.0,0.0,0.0,0.0
2013-02-21,0.0,0.0,0.0,0.0,0.0,0.0,0.0,0.0,0.0,0.0,0.0,0.0,0.0,0.0,0.0,0.0,0.0,0.0,0.0,0.0,0.0,0.0,0.0
2013-02-22,0.0,0.0,0.0,0.0,0.0,0.0,0.0,0.0,0.0,0.0,0.0,0.0,0.0,0.0,0.0,0.0,0.0,0.0,0.0,0.0,0.0,0.0,0.0
2013-02-25,0.0,0.0,0.0,0.0,0.0,0.0,0.0,0.0,0.0,0.0,0.0,0.0,0.0,0.0,0.0,0.0,0.0,0.0,0.0,0.0,0.0,0.0,0.0
2013-02-26,0.0,0.0,0.0,0.0,0.0,0.0,0.0,0.0,0.0,0.0,0.0,0.0,0.0,0.0,0.0,0.0,0.0,0.0,0.0,0.0,0.0,0.0,0.0
2013-02-27,0.0,0.0,0.0,0.0,0.0,0.0,0.0,0.0,0.0,0.0,0.0,0.0,0.0,0.0,0.0,0.0,0.0,0.0,0.0,0.0,0.0,0.0,0.0
2013-02-28,0.0,0.0,0.0,0.0,0.0,0.0,0.0,0.0,0.0,0.0,0.0,0.0,0.0,0.0,0.0,0.0,0.0,0.0,0.0,0.0,0.0,0.0,0.0
2013-03-01,0.0,0.0,0.0,0.0,0.0,0.0,0.0,0.0,0.0,0.0,0.0,0.0,0.0,0.0,0.0,0.0,0.0,0.0,0.0,0.0,0.0,0.0,0.0
2013-03-04,0.0,0.0,0.0,0.0,0.0,0.0,0.0,0.0,0.0,0.0,0.0,0.0,0.0,0.0,0.0,0.0,0.0,0.0,0.0,0.0,0.0,0.0,0.0
2013-03-05,0.0,0.0,0.0,0.0,0.0,0.0,0.0,0.0,0.0,0.0,0.0,0.0,0.0,0.0,0.0,0.0,0.0,0.0,0.0,0.0,0.0,0.0,0.0
2013-03-06,0.0,0.0,0.0,0.0,0.0,0.0,0.0,0.0,0.0,0.0,0.0,0.0,0.0,0.0,0.0,0.0,0.0,0.0,0.0,0.0,0.0,0.0,0.0
2013-03-07,0.0,0.0,0.0,0.0,0.0,0.0,0.0,0.0,0.0,0.0,0.0,0.0,0.0,0.0,0.0,0.0,0.0,0.0,0.0,0.0,0.0,0.0,0.0
2013-03-08,0.0,0.0,0.0,0.0,0.0,0.0,0.0,0.0,0.0,0.0,0.0,0.0,0.0,0.0,0.0,0.0,0.0,0.0,0.0,0.0,0.0,0.0,0.0
2013-03-11,0.0,0.0,0.0,0.0,0.0,0.0,0.0,0.0,0.0,0.0,0.0,0.0,0.0,0.0,0.0,0.0,0.0,0.0,0.0,0.0,0.0,0.0,0.0
2013-03-12,0.0,0.0,0.0,0.0,0.0,0.0,0.0,0.0,0.0,0.0,0.0,0.0,0.0,0.0,0.0,0.0,0.0,0.0,0.0,0.0,0.0,0.0,0.0
2013-03-13,0.0,0.0,0.0,0.0,0.0,0.0,0.0,0.0,0.0,0.0,0.0,0.0,0.0,0.0,0.0,0.0,0.0,0.0,0.0,0.0,0.0,0.0,0.0
2013-03-14,0.0,0.0,0.0,0.0,0.0,0.0,0.0,0.0,0.0,0.0,0.0,0.0,0.0,0.0,0.0,0.0,0.0,0.0,0.0,0.0,0.0,0.0,0.0
2013-03-15,0.0,0.0,0.0,0.0,0.0,0.0,0.0,0.0,0.0,0.0,0.0,0.0,0.0,0.0,0.0,0.0,0.0,0.0,0.0,0.0,0.0,0.0,0.0
2013-03-18,0.0,0.0,0.0,0.0,0.0,0.0,0.0,0.0,0.0,0.0,0.0,0.0,0.0,0.0,0.0,0.0,0.0,0.0,0.0,0.0,0.0,0.0,0.0
2013-03-19,0.0,0.0,0.0,0.0,0.0,0.0,0.0,0.0,0.0,0.0,0.0,0.0,0.0,0.0,0.0,0.0,0.0,0.0,0.0,0.0,0.0,0.0,0.0
2013-03-20,0.0,0.0,0.0,0.0,0.0,0.0,0.0,0.0,0.0,0.0,0.0,0.0,0.0,0.0,0.0,0.0,0.0,0.0,0.0,0.0,0.0,0.0,0.0
2013-03-21,0.0,0.0,0.0,0.0,0.0,0.0,0.0,0.0,0.0,0.0,0.0,0.0,0.0,0.0,0.0,0.0,0.0,0.0,0.0,0.0,0.0,0.0,0.0
2013-03-22,0.0,0.0,0.0,0.0,0.0,0.0,0.0,0.0,0.0,0.0,0.0,0.0,0.0,0.0,0.0,0.0,0.0,0.0,0.0,0.0,0.0,0.0,0.0
2013-03-25,0.0,0.0,0.0,0.0,0.0,0.0,0.0,0.0,0.0,0.0,0.0,0.0,0.0,0.0,0.0,0.0,0.0,0.0,0.0,0.0,0.0,0.0,0.0
2013-03-26,0.0,0.0,0.0,0.0,0.0,0.0,0.0,0.0,0.0,0.0,0.0,0.0,0.0,0.0,0.0,0.0,0.0,0.0,0.0,0.0,0.0,0.0,0.0
2013-03-27,0.0,0.0,0.0,0.0,0.0,0.0,0.0,0.0,0.0,0.0,0.0,0.0,0.0,0.0,0.0,0.0,0.0,0.0,0.0,0.0,0.0,0.0,0.0
2013-03-28,0.0,0.0,0.0,0.0,0.0,0.0,0.0,0.0,0.0,0.0,0.0,0.0,0.0,0.0,0.0,0.0,0.0,0.0,0.0,0.0,0.0,0.0,0.0
2013-03-29,0.0,0.0,0.0,0.0,0.0,0.0,0.0,0.0,0.0,0.0,0.0,0.0,0.0,0.0,0.0,0.0,0.0,0.0,0.0,0.0,0.0,0.0,0.0
2013-04-01,0.0,0.0,0.0,0.0,0.0,0.0,0.0,0.0,0.0,0.0,0.0,0.0,0.0,0.0,0.0,0.0,0.0,0.0,0.0,0.0,0.0,0.0,0.0
2013-04-02,0.0,0.0,0.0,0.0,0.0,0.0,0.0,0.0,0.0,0.0,0.0,0.0,0.0,0.0,0.0,0.0,0.0,0.0,0.0,0.0,0.0,0.0,0.0
2013-04-03,0.0,0.0,0.0,0.0,0.0,0.0,0.0,0.0,0.0,0.0,0.0,0.0,0.0,0.0,0.0,0.0,0.0,0.0,0.0,0.0,0.0,0.0,0.0
2013-04-04,0.0,0.0,0.0,0.0,0.0,0.0,0.0,0.0,0.0,0.0,0.0,0.0,0.0,0.0,0.0,0.0,0.0,0.0,0.0,0.0,0.0,0.0,0.0
2013-04-05,0.0,0.0,0.0,0.0,0.0,0.0,0.0,0.0,0.0,0.0,0.0,0.0,0.0,0.0,0.0,0.0,0.0,0.0,0.0,0.0,0.0,0.0,0.0
2013-04-08,0.0,0.0,0.0,0.0,0.0,0.0,0.0,0.0,0.0,0.0,0.0,0.0,0.0,0.0,0.0,0.0,0.0,0.0,0.0,0.0,0.0,0.0,0.0
2013-04-09,0.0,0.0,0.0,0.0,0.0,0.0,0.0,0.0,0.0,0.0,0.0,0.0,0.0,0.0,0.0,0.0,0.0,0.0,0.0,0.0,0.0,0.0,0.0
2013-04-10,0.0,0.0,0.0,0.0,0.0,0.0,0.0,0.0,0.0,0.0,0.0,0.0,0.0,0.0,0.0,0.0,0.0,0.0,0.0,0.0,0.0,0.0,0.0
2013-04-11,0.0,0.0,0.0,0.0,0.0,0.0,0.0,0.0,0.0,0.0,0.0,0.0,0.0,0.0,0.0,0.0,0.0,0.0,0.0,0.0,0.0,0.0,0.0
2013-04-12,0.0,0.0,0.0,0.0,0.0,0.0,0.0,0.0,0.0,0.0,0.0,0.0,0.0,0.0,0.0,0.0,0.0,0.0,0.0,0.0,0.0,0.0,0.0
2013-04-15,0.0,0.0,0.0,0.0,0.0,0.0,0.0,0.0,0.0,0.0,0.0,0.0,0.0,0.0,0.0,0.0,0.0,0.0,0.0,0.0,0.0,0.0,0.0
2013-04-16,0.0,0.0,0.0,0.0,0.0,0.0,0.0,0.0,0.0,0.0,0.0,0.0,0.0,0.0,0.0,0.0,0.0,0.0,0.0,0.0,0.0,0.0,0.0
2013-04-17,0.0,0.0,0.0,0.0,0.0,0.0,0.0,0.0,0.0,0.0,0.0,0.0,0.0,0.0,0.0,0.0,0.0,0.0,0.0,0.0,0.0,0.0,0.0
2013-04-18,0.0,0.0,0.0,0.0,0.0,0.0,0.0,0.0,0.0,0.0,0.0,0.0,0.0,0.0,0.0,0.0,0.0,0.0,0.0,0.0,0.0,0.0,0.0
2013-04-19,0.0,0.0,0.0,0.0,0.0,0.0,0.0,0.0,0.0,0.0,0.0,0.0,0.0,0.0,0.0,0.0,0.0,0.0,0.0,0.0,0.0,0.0,0.0
2013-04-22,0.0,0.0,0.0,0.0,0.0,0.0,0.0,0.0,0.0,0.0,0.0,0.0,0.0,0.0,0.0,0.0,0.0,0.0,0.0,0.0,0.0,0.0,0.0
2013-04-23,0.0,0.0,0.0,0.0,0.0,0.0,0.0,0.0,0.0,0.0,0.0,0.0,0.0,0.0,0.0,0.0,0.0,0.0,0.0,0.0,0.0,0.0,0.0
2013-04-24,0.0,0.0,0.0,0.0,0.0,0.0,0.0,0.0,0.0,0.0,0.0,0.0,0.0,0.0,0.0,0.0,0.0,0.0,0.0,0.0,0.0,0.0,0.0
2013-04-25,0.0,0.0,0.0,0.0,0.0,0.0,0.0,0.0,0.0,0.0,0.0,0.0,0.0,0.0,0.0,0.0,0.0,0.0,0.0,0.0,0.0,0.0,0.0
2013-04-26,0.0,0.0,0.0,0.0,0.0,0.0,0.0,0.0,0.0,0.0,0.0,0.0,0.0,0.0,0.0,0.0,0.0,0.0,0.0,0.0,0.0,0.0,0.0
2013-04-29,0.0,0.0,0.0,0.0,0.0,0.0,0.0,0.0,0.0,0.0,0.0,0.0,0.0,0.0,0.0,0.0,0.0,0.0,0.0,0.0,0.0,0.0,0.0
2013-04-30,0.0,0.0,0.0,0.0,0.0,0.0,0.0,0.0,0.0,0.0,0.0,0.0,0.0,0.0,0.0,0.0,0.0,0.0,0.0,0.0,0.0,0.0,0.0
2013-05-01,0.0,0.0,0.0,0.0,0.0,0.0,0.0,0.0,0.0,0.0,0.0,0.0,0.0,0.0,0.0,0.0,0.0,0.0,0.0,0.0,0.0,0.0,0.0
2013-05-02,0.0,0.0,0.0,0.0,0.0,0.0,0.0,0.0,0.0,0.0,0.0,0.0,0.0,0.0,0.0,0.0,0.0,0.0,0.0,0.0,0.0,0.0,0.0
2013-05-03,0.0,0.0,0.0,0.0,0.0,0.0,0.0,0.0,0.0,0.0,0.0,0.0,0.0,0.0,0.0,0.0,0.0,0.0,0.0,0.0,0.0,0.0,0.0
2013-05-06,0.0,0.0,0.0,0.0,0.0,0.0,0.0,0.0,0.0,0.0,0.0,0.0,0.0,0.0,0.0,0.0,0.0,0.0,0.0,0.0,0.0,0.0,0.0
2013-05-07,0.0,0.0,0.0,0.0,0.0,0.0,0.0,0.0,0.0,0.0,0.0,0.0,0.0,0.0,0.0,0.0,0.0,0.0,0.0,0.0,0.0,0.0,0.0
2013-05-08,0.0,0.0,0.0,0.0,0.0,0.0,0.0,0.0,0.0,0.0,0.0,0.0,0.0,0.0,0.0,0.0,0.0,0.0,0.0,0.0,0.0,0.0,0.0
2013-05-09,0.0,0.0,0.0,0.0,0.0,0.0,0.0,0.0,0.0,0.0,0.0,0.0,0.0,0.0,0.0,0.0,0.0,0.0,0.0,0.0,0.0,0.0,0.0
2013-05-10,0.0,0.0,0.0,0.0,0.0,0.0,0.0,0.0,0.0,0.0,0.0,0.0,0.0,0.0,0.0,0.0,0.0,0.0,0.0,0.0,0.0,0.0,0.0
2013-05-13,0.0,0.0,0.0,0.0,0.0,0.0,0.0,0.0,0.0,0.0,0.0,0.0,0.0,0.0,0.0,0.0,0.0,0.0,0.0,0.0,0.0,0.0,0.0
2013-05-14,0.0,0.0,0.0,0.0,0.0,0.0,0.0,0.0,0.0,0.0,0.0,0.0,0.0,0.0,0.0,0.0,0.0,0.0,0.0,0.0,0.0,0.0,0.0
2013-05-15,0.0,0.0,0.0,0.0,0.0,0.0,0.0,0.0,0.0,0.0,0.0,0.0,0.0,0.0,0.0,0.0,0.0,0.0,0.0,0.0,0.0,0.0,0.0
2013-05-16,0.0,0.0,0.0,0.0,0.0,0.0,0.0,0.0,0.0,0.0,0.0,0.0,0.0,0.0,0.0,0.0,0.0,0.0,0.0,0.0,0.0,0.0,0.0
2013-05-17,0.0,0.0,0.0,0.0,0.0,0.0,0.0,0.0,0.0,0.0,0.0,0.0,0.0,0.0,0.0,0.0,0.0,0.0,0.0,0.0,0.0,0.0,0.0
2013-05-20,0.0,0.0,0.0,0.0,0.0,0.0,0.0,0.0,0.0,0.0,0.0,0.0,0.0,0.0,0.0,0.0,0.0,0.0,0.0,0.0,0.0,0.0,0.0
2013-05-21,0.0,0.0,0.0,0.0,0.0,0.0,0.0,0.0,0.0,0.0,0.0,0.0,0.0,0.0,0.0,0.0,0.0,0.0,0.0,0.0,0.0,0.0,0.0
2013-05-22,0.0,0.0,0.0,0.0,0.0,0.0,0.0,0.0,0.0,0.0,0.0,0.0,0.0,0.0,0.0,0.0,0.0,0.0,0.0,0.0,0.0,0.0,0.0
2013-05-23,0.0,0.0,0.0,0.0,0.0,0.0,0.0,0.0,0.0,0.0,0.0,0.0,0.0,0.0,0.0,0.0,0.0,0.0,0.0,0.0,0.0,0.0,0.0
2013-05-24,0.0,0.0,0.0,0.0,0.0,0.0,0.0,0.0,0.0,0.0,0.0,0.0,0.0,0.0,0.0,0.0,0.0,0.0,0.0,0.0,0.0,0.0,0.0
2013-05-27,0.0,0.0,0.0,0.0,0.0,0.0,0.0,0.0,0.0,0.0,0.0,0.0,0.0,0.0,0.0,0.0,0.0,0.0,0.0,0.0,0.0,0.0,0.0
2013-05-28,0.0,0.0,0.0,0.0,0.0,0.0,0.0,0.0,0.0,0.0,0.0,0.0,0.0,0.0,0.0,0.0,0.0,0.0,0.0,0.0,0.0,0.0,0.0
2013-05-29,0.0,0.0,0.0,0.0,0.0,0.0,0.0,0.0,0.0,0.0,0.0,0.0,0.0,0.0,0.0,0.0,0.0,0.0,0.0,0.0,0.0,0.0,0.0
2013-05-30,0.0,0.0,0.0,0.0,0.0,0.0,0.0,0.0,0.0,0.0,0.0,0.0,0.0,0.0,0.0,0.0,0.0,0.0,0.0,0.0,0.0,0.0,0.0
2013-05-31,0.0,0.0,0.0,0.0,0.0,0.0,0.0,0.0,0.0,0.0,0.0,0.0,0.0,0.0,0.0,0.0,0.0,0.0,0.0,0.0,0.0,0.0,0.0
2013-06-03,0.0,0.0,0.0,0.0,0.0,0.0,0.0,0.0,0.0,0.0,0.0,0.0,0.0,0.0,0.0,0.0,0.0,0.0,0.0,0.0,0.0,0.0,0.0
2013-06-04,0.0,0.0,0.0,0.0,0.0,0.0,0.0,0.0,0.0,0.0,0.0,0.0,0.0,0.0,0.0,0.0,0.0,0.0,0.0,0.0,0.0,0.0,0.0
2013-06-05,0.0,0.0,0.0,0.0,0.0,0.0,0.0,0.0,0.0,0.0,0.0,0.0,0.0,0.0,0.0,0.0,0.0,0.0,0.0,0.0,0.0,0.0,0.0
2013-06-06,0.0,0.0,0.0,0.0,0.0,0.0,0.0,0.0,0.0,0.0,0.0,0.0,0.0,0.0,0.0,0.0,0.0,0.0,0.0,0.0,0.0,0.0,0.0
2013-06-07,0.0,0.0,0.0,0.0,0.0,0.0,0.0,0.0,0.0,0.0,0.0,0.0,0.0,0.0,0.0,0.0,0.0,0.0,0.0,0.0,0.0,0.0,0.0
2013-06-10,0.0,0.0,0.0,0.0,0.0,0.0,0.0,0.0,0.0,0.0,0.0,0.0,0.0,0.0,0.0,0.0,0.0,0.0,0.0,0.0,0.0,0.0,0.0
2013-06-11,0.0,0.0,0.0,0.0,0.0,0.0,0.0,0.0,0.0,0.0,0.0,0.0,0.0,0.0,0.0,0.0,0.0,0.0,0.0,0.0,0.0,0.0,0.0
2013-06-12,0.0,0.0,0.0,0.0,0.0,0.0,0.0,0.0,0.0,0.0,0.0,0.0,0.0,0.0,0.0,0.0,0.0,0.0,0.0,0.0,0.0,0.0,0.0
2013-06-13,0.0,0.0,0.0,0.0,0.0,0.0,0.0,0.0,0.0,0.0,0.0,0.0,0.0,0.0,0.0,0.0,0.0,0.0,0.0,0.0,0.0,0.0,0.0
2013-06-14,0.0,0.0,0.0,0.0,0.0,0.0,0.0,0.0,0.0,0.0,0.0,0.0,0.0,0.0,0.0,0.0,0.0,0.0,0.0,0.0,0.0,0.0,0.0
2013-06-17,0.0,0.0,0.0,0.0,0.0,0.0,0.0,0.0,0.0,0.0,0.0,0.0,0.0,0.0,0.0,0.0,0.0,0.0,0.0,0.0,0.0,0.0,0.0
2013-06-18,0.0,0.0,0.0,0.0,0.0,0.0,0.0,0.0,0.0,0.0,0.0,0.0,0.0,0.0,0.0,0.0,0.0,0.0,0.0,0.0,0.0,0.0,0.0
2013-06-19,0.0,0.0,0.0,0.0,0.0,0.0,0.0,0.0,0.0,0.0,0.0,0.0,0.0,0.0,0.0,0.0,0.0,0.0,0.0,0.0,0.0,0.0,0.0
2013-06-20,0.0,0.0,0.0,0.0,0.0,0.0,0.0,0.0,0.0,0.0,0.0,0.0,0.0,0.0,0.0,0.0,0.0,0.0,0.0,0.0,0.0,0.0,0.0
2013-06-21,0.0,0.0,0.0,0.0,0.0,0.0,0.0,0.0,0.0,0.0,0.0,0.0,0.0,0.0,0.0,0.0,0.0,0.0,0.0,0.0,0.0,0.0,0.0
2013-06-24,0.0,0.0,0.0,0.0,0.0,0.0,0.0,0.0,0.0,0.0,0.0,0.0,0.0,0.0,0.0,0.0,0.0,0.0,0.0,0.0,0.0,0.0,0.0
2013-06-25,0.0,0.0,0.0,0.0,0.0,0.0,0.0,0.0,0.0,0.0,0.0,0.0,0.0,0.0,0.0,0.0,0.0,0.0,0.0,0.0,0.0,0.0,0.0
2013-06-26,0.0,0.0,0.0,0.0,0.0,0.0,0.0,0.0,0.0,0.0,0.0,0.0,0.0,0.0,0.0,0.0,0.0,0.0,0.0,0.0,0.0,0.0,0.0
2013-06-27,0.0,0.0,0.0,0.0,0.0,0.0,0.0,0.0,0.0,0.0,0.0,0.0,0.0,0.0,0.0,0.0,0.0,0.0,0.0,0.0,0.0,0.0,0.0
2013-06-28,0.0,0.0,0.0,0.0,0.0,0.0,0.0,0.0,0.0,0.0,0.0,0.0,0.0,0.0,0.0,0.0,0.0,0.0,0.0,0.0,0.0,0.0,0.0
2013-07-01,0.0,0.0,0.0,0.0,0.0,0.0,0.0,0.0,0.0,0.0,0.0,0.0,0.0,0.0,0.0,0.0,0.0,0.0,0.0,0.0,0.0,0.0,0.0
2013-07-02,0.0,0.0,0.0,0.0,0.0,0.0,0.0,0.0,0.0,0.0,0.0,0.0,0.0,0.0,0.0,0.0,0.0,0.0,0.0,0.0,0.0,0.0,0.0
2013-07-03,0.0,0.0,0.0,0.0,0.0,0.0,0.0,0.0,0.0,0.0,0.0,0.0,0.0,0.0,0.0,0.0,0.0,0.0,0.0,0.0,0.0,0.0,0.0
2013-07-04,0.0,0.0,0.0,0.0,0.0,0.0,0.0,0.0,0.0,0.0,0.0,0.0,0.0,0.0,0.0,0.0,0.0,0.0,0.0,0.0,0.0,0.0,0.0
2013-07-05,0.0,0.0,0.0,0.0,0.0,0.0,0.0,0.0,0.0,0.0,0.0,0.0,0.0,0.0,0.0,0.0,0.0,0.0,0.0,0.0,0.0,0.0,0.0
2013-07-08,0.0,0.0,0.0,0.0,0.0,0.0,0.0,0.0,0.0,0.0,0.0,0.0,0.0,0.0,0.0,0.0,0.0,0.0,0.0,0.0,0.0,0.0,0.0
2013-07-09,0.0,0.0,0.0,0.0,0.0,0.0,0.0,0.0,0.0,0.0,0.0,0.0,0.0,0.0,0.0,0.0,0.0,0.0,0.0,0.0,0.0,0.0,0.0
2013-07-10,0.0,0.0,0.0,0.0,0.0,0.0,0.0,0.0,0.0,0.0,0.0,0.0,0.0,0.0,0.0,0.0,0.0,0.0,0.0,0.0,0.0,0.0,0.0
2013-07-11,0.0,0.0,0.0,0.0,0.0,0.0,0.0,0.0,0.0,0.0,0.0,0.0,0.0,0.0,0.0,0.0,0.0,0.0,0.0,0.0,0.0,0.0,0.0
2013-07-12,0.0,0.0,0.0,0.0,0.0,0.0,0.0,0.0,0.0,0.0,0.0,0.0,0.0,0.0,0.0,0.0,0.0,0.0,0.0,0.0,0.0,0.0,0.0
2013-07-15,0.0,0.0,0.0,0.0,0.0,0.0,0.0,0.0,0.0,0.0,0.0,0.0,0.0,0.0,0.0,0.0,0.0,0.0,0.0,0.0,0.0,0.0,0.0
2013-07-16,0.0,0.0,0.0,0.0,0.0,0.0,0.0,0.0,0.0,0.0,0.0,0.0,0.0,0.0,0.0,0.0,0.0,0.0,0.0,0.0,0.0,0.0,0.0
2013-07-17,0.0,0.0,0.0,0.0,0.0,0.0,0.0,0.0,0.0,0.0,0.0,0.0,0.0,0.0,0.0,0.0,0.0,0.0,0.0,0.0,0.0,0.0,0.0
2013-07-18,0.0,0.0,0.0,0.0,0.0,0.0,0.0,0.0,0.0,0.0,0.0,0.0,0.0,0.0,0.0,0.0,0.0,0.0,0.0,0.0,0.0,0.0,0.0
2013-07-19,0.0,0.0,0.0,0.0,0.0,0.0,0.0,0.0,0.0,0.0,0.0,0.0,0.0,0.0,0.0,0.0,0.0,0.0,0.0,0.0,0.0,0.0,0.0
2013-07-22,0.0,0.0,0.0,0.0,0.0,0.0,0.0,0.0,0.0,0.0,0.0,0.0,0.0,0.0,0.0,0.0,0.0,0.0,0.0,0.0,0.0,0.0,0.0
2013-07-23,0.0,0.0,0.0,0.0,0.0,0.0,0.0,0.0,0.0,0.0,0.0,0.0,0.0,0.0,0.0,0.0,0.0,0.0,0.0,0.0,0.0,0.0,0.0
2013-07-24,0.0,0.0,0.0,0.0,0.0,0.0,0.0,0.0,0.0,0.0,0.0,0.0,0.0,0.0,0.0,0.0,0.0,0.0,0.0,0.0,0.0,0.0,0.0
2013-07-25,0.0,0.0,0.0,0.0,0.0,0.0,0.0,0.0,0.0,0.0,0.0,0.0,0.0,0.0,0.0,0.0,0.0,0.0,0.0,0.0,0.0,0.0,0.0
2013-07-26,0.0,0.0,0.0,0.0,0.0,0.0,0.0,0.0,0.0,0.0,0.0,0.0,0.0,0.0,0.0,0.0,0.0,0.0,0.0,0.0,0.0,0.0,0.0
2013-07-29,0.0,0.0,0.0,0.0,0.0,0.0,0.0,0.0,0.0,0.0,0.0,0.0,0.0,0.0,0.0,0.0,0.0,0.0,0.0,0.0,0.0,0.0,0.0
2013-07-30,0.0,0.0,0.0,0.0,0.0,0.0,0.0,0.0,0.0,0.0,0.0,0.0,0.0,0.0,0.0,0.0,0.0,0.0,0.0,0.0,0.0,0.0,0.0
2013-07-31,0.0,0.0,0.0,0.0,0.0,0.0,0.0,0.0,0.0,0.0,0.0,0.0,0.0,0.0,0.0,0.0,0.0,0.0,0.0,0.0,0.0,0.0,0.0
2013-08-01,0.0,0.0,0.0,0.0,0.0,0.0,0.0,0.0,0.0,0.0,0.0,0.0,0.0,0.0,0.0,0.0,0.0,0.0,0.0,0.0,0.0,0.0,0.0
2013-08-02,0.0,0.0,0.0,0.0,0.0,0.0,0.0,0.0,0.0,0.0,0.0,0.0,0.0,0.0,0.0,0.0,0.0,0.0,0.0,0.0,0.0,0.0,0.0
2013-08-05,0.0,0.0,0.0,0.0,0.0,0.0,0.0,0.0,0.0,0.0,0.0,0.0,0.0,0.0,0.0,0.0,0.0,0.0,0.0,0.0,0.0,0.0,0.0
2013-08-06,0.0,0.0,0.0,0.0,0.0,0.0,0.0,0.0,0.0,0.0,0.0,0.0,0.0,0.0,0.0,0.0,0.0,0.0,0.0,0.0,0.0,0.0,0.0
2013-08-07,0.0,0.0,0.0,0.0,0.0,0.0,0.0,0.0,0.0,0.0,0.0,0.0,0.0,0.0,0.0,0.0,0.0,0.0,0.0,0.0,0.0,0.0,0.0
2013-08-08,0.0,0.0,0.0,0.0,0.0,0.0,0.0,0.0,0.0,0.0,0.0,0.0,0.0,0.0,0.0,0.0,0.0,0.0,0.0,0.0,0.0,0.0,0.0
2013-08-09,0.0,0.0,0.0,0.0,0.0,0.0,0.0,0.0,0.0,0.0,0.0,0.0,0.0,0.0,0.0,0.0,0.0,0.0,0.0,0.0,0.0,0.0,0.0
2013-08-12,0.0,0.0,0.0,0.0,0.0,0.0,0.0,0.0,0.0,0.0,0.0,0.0,0.0,0.0,0.0,0.0,0.0,0.0,0.0,0.0,0.0,0.0,0.0
2013-08-13,0.0,0.0,0.0,0.0,0.0,0.0,0.0,0.0,0.0,0.0,0.0,0.0,0.0,0.0,0.0,0.0,0.0,0.0,0.0,0.0,0.0,0.0,0.0
2013-08-14,0.0,0.0,0.0,0.0,0.0,0.0,0.0,0.0,0.0,0.0,0.0,0.0,0.0,0.0,0.0,0.0,0.0,0.0,0.0,0.0,0.0,0.0,0.0
2013-08-15,0.0,0.0,0.0,0.0,0.0,0.0,0.0,0.0,0.0,0.0,0.0,0.0,0.0,0.0,0.0,0.0,0.0,0.0,0.0,0.0,0.0,0.0,0.0
2013-08-16,0.0,0.0,0.0,0.0,0.0,0.0,0.0,0.0,0.0,0.0,0.0,0.0,0.0,0.0,0.0,0.0,0.0,0.0,0.0,0.0,0.0,0.0,0.0
2013-08-19,0.0,0.0,0.0,0.0,0.0,0.0,0.0,0.0,0.0,0.0,0.0,0.0,0.0,0.0,0.0,0.0,0.0,0.0,0.0,0.0,0.0,0.0,0.0
2013-08-20,0.0,0.0,0.0,0.0,0.0,0.0,0.0,0.0,0.0,0.0,0.0,0.0,0.0,0.0,0.0,0.0,0.0,0.0,0.0,0.0,0.0,0.0,0.0
2013-08-21,0.0,0.0,0.0,0.0,0.0,0.0,0.0,0.0,0.0,0.0,0.0,0.0,0.0,0.0,0.0,0.0,0.0,0.0,0.0,0.0,0.0,0.0,0.0
2013-08-22,0.0,0.0,0.0,0.0,0.0,0.0,0.0,0.0,0.0,0.0,0.0,0.0,0.0,0.0,0.0,0.0,0.0,0.0,0.0,0.0,0.0,0.0,0.0
2013-08-23,0.0,0.0,0.0,0.0,0.0,0.0,0.0,0.0,0.0,0.0,0.0,0.0,0.0,0.0,0.0,0.0,0.0,0.0,0.0,0.0,0.0,0.0,0.0
2013-08-26,0.0,0.0,0.0,0.0,0.0,0.0,0.0,0.0,0.0,0.0,0.0,0.0,0.0,0.0,0.0,0.0,0.0,0.0,0.0,0.0,0.0,0.0,0.0
2013-08-27,0.0,0.0,0.0,0.0,0.0,0.0,0.0,0.0,0.0,0.0,0.0,0.0,0.0,0.0,0.0,0.0,0.0,0.0,0.0,0.0,0.0,0.0,0.0
2013-08-28,0.0,0.0,0.0,0.0,0.0,0.0,0.0,0.0,0.0,0.0,0.0,0.0,0.0,0.0,0.0,0.0,0.0,0.0,0.0,0.0,0.0,0.0,0.0
2013-08-29,0.0,0.0,0.0,0.0,0.0,0.0,0.0,0.0,0.0,0.0,0.0,0.0,0.0,0.0,0.0,0.0,0.0,0.0,0.0,0.0,0.0,0.0,0.0
2013-08-30,0.0,0.0,0.0,0.0,0.0,0.0,0.0,0.0,0.0,0.0,0.0,0.0,0.0,0.0,0.0,0.0,0.0,0.0,0.0,0.0,0.0,0.0,0.0
2013-09-02,0.0,0.0,0.0,0.0,0.0,0.0,0.0,0.0,0.0,0.0,0.0,0.0,0.0,0.0,0.0,0.0,0.0,0.0,0.0,0.0,0.0,0.0,0.0
2013-09-03,0.0,0.0,0.0,0.0,0.0,0.0,0.0,0.0,0.0,0.0,0.0,0.0,0.0,0.0,0.0,0.0,0.0,0.0,0.0,0.0,0.0,0.0,0.0
2013-09-04,0.0,0.0,0.0,0.0,0.0,0.0,0.0,0.0,0.0,0.0,0.0,0.0,0.0,0.0,0.0,0.0,0.0,0.0,0.0,0.0,0.0,0.0,0.0
2013-09-05,0.0,0.0,0.0,0.0,0.0,0.0,0.0,0.0,0.0,0.0,0.0,0.0,0.0,0.0,0.0,0.0,0.0,0.0,0.0,0.0,0.0,0.0,0.0
2013-09-06,0.0,0.0,0.0,0.0,0.0,0.0,0.0,0.0,0.0,0.0,0.0,0.0,0.0,0.0,0.0,0.0,0.0,0.0,0.0,0.0,0.0,0.0,0.0
2013-09-09,0.0,0.0,0.0,0.0,0.0,0.0,0.0,0.0,0.0,0.0,0.0,0.0,0.0,0.0,0.0,0.0,0.0,0.0,0.0,0.0,0.0,0.0,0.0
2013-09-10,0.0,0.0,0.0,0.0,0.0,0.0,0.0,0.0,0.0,0.0,0.0,0.0,0.0,0.0,0.0,0.0,0.0,0.0,0.0,0.0,0.0,0.0,0.0
2013-09-11,0.0,0.0,0.0,0.0,0.0,0.0,0.0,0.0,0.0,0.0,0.0,0.0,0.0,0.0,0.0,0.0,0.0,0.0,0.0,0.0,0.0,0.0,0.0
2013-09-12,0.0,0.0,0.0,0.0,0.0,0.0,0.0,0.0,0.0,0.0,0.0,0.0,0.0,0.0,0.0,0.0,0.0,0.0,0.0,0.0,0.0,0.0,0.0
2013-09-13,0.0,0.0,0.0,0.0,0.0,0.0,0.0,0.0,0.0,0.0,0.0,0.0,0.0,0.0,0.0,0.0,0.0,0.0,0.0,0.0,0.0,0.0,0.0
2013-09-16,0.0,0.0,0.0,0.0,0.0,0.0,0.0,0.0,0.0,0.0,0.0,0.0,0.0,0.0,0.0,0.0,0.0,0.0,0.0,0.0,0.0,0.0,0.0
2013-09-17,0.0,0.0,0.0,0.0,0.0,0.0,0.0,0.0,0.0,0.0,0.0,0.0,0.0,0.0,0.0,0.0,0.0,0.0,0.0,0.0,0.0,0.0,0.0
2013-09-18,0.0,0.0,0.0,0.0,0.0,0.0,0.0,0.0,0.0,0.0,0.0,0.0,0.0,0.0,0.0,0.0,0.0,0.0,0.0,0.0,0.0,0.0,0.0
2013-09-19,0.0,0.0,0.0,0.0,0.0,0.0,0.0,0.0,0.0,0.0,0.0,0.0,0.0,0.0,0.0,0.0,0.0,0.0,0.0,0.0,0.0,0.0,0.0
2013-09-20,0.0,0.0,0.0,0.0,0.0,0.0,0.0,0.0,0.0,0.0,0.0,0.0,0.0,0.0,0.0,0.0,0.0,0.0,0.0,0.0,0.0,0.0,0.0
2013-09-23,0.0,0.0,0.0,0.0,0.0,0.0,0.0,0.0,0.0,0.0,0.0,0.0,0.0,0.0,0.0,0.0,0.0,0.0,0.0,0.0,0.0,0.0,0.0
2013-09-24,0.0,0.0,0.0,0.0,0.0,0.0,0.0,0.0,0.0,0.0,0.0,0.0,0.0,0.0,0.0,0.0,0.0,0.0,0.0,0.0,0.0,0.0,0.0
2013-09-25,0.0,0.0,0.0,0.0,0.0,0.0,0.0,0.0,0.0,0.0,0.0,0.0,0.0,0.0,0.0,0.0,0.0,0.0,0.0,0.0,0.0,0.0,0.0
2013-09-26,0.0,0.0,0.0,0.0,0.0,0.0,0.0,0.0,0.0,0.0,0.0,0.0,0.0,0.0,0.0,0.0,0.0,0.0,0.0,0.0,0.0,0.0,0.0
2013-09-27,0.0,0.0,0.0,0.0,0.0,0.0,0.0,0.0,0.0,0.0,0.0,0.0,0.0,0.0,0.0,0.0,0.0,0.0,0.0,0.0,0.0,0.0,0.0
2013-09-30,0.0,0.0,0.0,0.0,0.0,0.0,0.0,0.0,0.0,0.0,0.0,0.0,0.0,0.0,0.0,0.0,0.0,0.0,0.0,0.0,0.0,0.0,0.0
2013-10-01,0.0,0.0,0.0,0.0,0.0,0.0,0.0,0.0,0.0,0.0,0.0,0.0,0.0,0.0,0.0,0.0,0.0,0.0,0.0,0.0,0.0,0.0,0.0
2013-10-02,0.0,0.0,0.0,0.0,0.0,0.0,0.0,0.0,0.0,0.0,0.0,0.0,0.0,0.0,0.0,0.0,0.0,0.0,0.0,0.0,0.0,0.0,0.0
2013-10-03,0.0,0.0,0.0,0.0,0.0,0.0,0.0,0.0,0.0,0.0,0.0,0.0,0.0,0.0,0.0,0.0,0.0,0.0,0.0,0.0,0.0,0.0,0.0
2013-10-04,0.0,0.0,0.0,0.0,0.0,0.0,0.0,0.0,0.0,0.0,0.0,0.0,0.0,0.0,0.0,0.0,0.0,0.0,0.0,0.0,0.0,0.0,0.0
2013-10-07,0.0,0.0,0.0,0.0,0.0,0.0,0.0,0.0,0.0,0.0,0.0,0.0,0.0,0.0,0.0,0.0,0.0,0.0,0.0,0.0,0.0,0.0,0.0
2013-10-08,0.0,0.0,0.0,0.0,0.0,0.0,0.0,0.0,0.0,0.0,0.0,0.0,0.0,0.0,0.0,0.0,0.0,0.0,0.0,0.0,0.0,0.0,0.0
2013-10-09,0.0,0.0,0.0,0.0,0.0,0.0,0.0,0.0,0.0,0.0,0.0,0.0,0.0,0.0,0.0,0.0,0.0,0.0,0.0,0.0,0.0,0.0,0.0
2013-10-10,0.0,0.0,0.0,0.0,0.0,0.0,0.0,0.0,0.0,0.0,0.0,0.0,0.0,0.0,0.0,0.0,0.0,0.0,0.0,0.0,0.0,0.0,0.0
2013-10-11,0.0,0.0,0.0,0.0,0.0,0.0,0.0,0.0,0.0,0.0,0.0,0.0,0.0,0.0,0.0,0.0,0.0,0.0,0.0,0.0,0.0,0.0,0.0
2013-10-14,0.0,0.0,0.0,0.0,0.0,0.0,0.0,0.0,0.0,0.0,0.0,0.0,0.0,0.0,0.0,0.0,0.0,0.0,0.0,0.0,0.0,0.0,0.0
2013-10-15,0.0,0.0,0.0,0.0,0.0,0.0,0.0,0.0,0.0,0.0,0.0,0.0,0.0,0.0,0.0,0.0,0.0,0.0,0.0,0.0,0.0,0.0,0.0
2013-10-16,0.0,0.0,0.0,0.0,0.0,0.0,0.0,0.0,0.0,0.0,0.0,0.0,0.0,0.0,0.0,0.0,0.0,0.0,0.0,0.0,0.0,0.0,0.0
2013-10-17,0.0,0.0,0.0,0.0,0.0,0.0,0.0,0.0,0.0,0.0,0.0,0.0,0.0,0.0,0.0,0.0,0.0,0.0,0.0,0.0,0.0,0.0,0.0
2013-10-18,0.0,0.0,0.0,0.0,0.0,0.0,0.0,0.0,0.0,0.0,0.0,0.0,0.0,0.0,0.0,0.0,0.0,0.0,0.0,0.0,0.0,0.0,0.0
2013-10-21,0.0,0.0,0.0,0.0,0.0,0.0,0.0,0.0,0.0,0.0,0.0,0.0,0.0,0.0,0.0,0.0,0.0,0.0,0.0,0.0,0.0,0.0,0.0
2013-10-22,0.0,0.0,0.0,0.0,0.0,0.0,0.0,0.0,0.0,0.0,0.0,0.0,0.0,0.0,0.0,0.0,0.0,0.0,0.0,0.0,0.0,0.0,0.0
2013-10-23,0.0,0.0,0.0,0.0,0.0,0.0,0.0,0.0,0.0,0.0,0.0,0.0,0.0,0.0,0.0,0.0,0.0,0.0,0.0,0.0,0.0,0.0,0.0
2013-10-24,0.0,0.0,0.0,0.0,0.0,0.0,0.0,0.0,0.0,0.0,0.0,0.0,0.0,0.0,0.0,0.0,0.0,0.0,0.0,0.0,0.0,0.0,0.0
2013-10-25,0.0,0.0,0.0,0.0,0.0,0.0,0.0,0.0,0.0,0.0,0.0,0.0,0.0,0.0,0.0,0.0,0.0,0.0,0.0,0.0,0.0,0.0,0.0
2013-10-28,0.0,0.0,0.0,0.0,0.0,0.0,0.0,0.0,0.0,0.0,0.0,0.0,0.0,0.0,0.0,0.0,0.0,0.0,0.0,0.0,0.0,0.0,0.0
2013-10-29,0.0,0.0,0.0,0.0,0.0,0.0,0.0,0.0,0.0,0.0,0.0,0.0,0.0,0.0,0.0,0.0,0.0,0.0,0.0,0.0,0.0,0.0,0.0
2013-10-30,0.0,0.0,0.0,0.0,0.0,0.0,0.0,0.0,0.0,0.0,0.0,0.0,0.0,0.0,0.0,0.0,0.0,0.0,0.0,0.0,0.0,0.0,0.0
2013-10-31,0.0,0.0,0.0,0.0,0.0,0.0,0.0,0.0,0.0,0.0,0.0,0.0,0.0,0.0,0.0,0.0,0.0,0.0,0.0,0.0,0.0,0.0,0.0
2013-11-01,0.0,0.0,0.0,0.0,0.0,0.0,0.0,0.0,0.0,0.0,0.0,0.0,0.0,0.0,0.0,0.0,0.0,0.0,0.0,0.0,0.0,0.0,0.0
2013-11-04,0.0,0.0,0.0,0.0,0.0,0.0,0.0,0.0,0.0,0.0,0.0,0.0,0.0,0.0,0.0,0.0,0.0,0.0,0.0,0.0,0.0,0.0,0.0
2013-11-05,0.0,0.0,0.0,0.0,0.0,0.0,0.0,0.0,0.0,0.0,0.0,0.0,0.0,0.0,0.0,0.0,0.0,0.0,0.0,0.0,0.0,0.0,0.0
2013-11-06,0.0,0.0,0.0,0.0,0.0,0.0,0.0,0.0,0.0,0.0,0.0,0.0,0.0,0.0,0.0,0.0,0.0,0.0,0.0,0.0,0.0,0.0,0.0
2013-11-07,0.0,0.0,0.0,0.0,0.0,0.0,0.0,0.0,0.0,0.0,0.0,0.0,0.0,0.0,0.0,0.0,0.0,0.0,0.0,0.0,0.0,0.0,0.0
2013-11-08,0.0,0.0,0.0,0.0,0.0,0.0,0.0,0.0,0.0,0.0,0.0,0.0,0.0,0.0,0.0,0.0,0.0,0.0,0.0,0.0,0.0,0.0,0.0
2013-11-11,0.0,0.0,0.0,0.0,0.0,0.0,0.0,0.0,0.0,0.0,0.0,0.0,0.0,0.0,0.0,0.0,0.0,0.0,0.0,0.0,0.0,0.0,0.0
2013-11-12,0.0,0.0,0.0,0.0,0.0,0.0,0.0,0.0,0.0,0.0,0.0,0.0,0.0,0.0,0.0,0.0,0.0,0.0,0.0,0.0,0.0,0.0,0.0
2013-11-13,0.0,0.0,0.0,0.0,0.0,0.0,0.0,0.0,0.0,0.0,0.0,0.0,0.0,0.0,0.0,0.0,0.0,0.0,0.0,0.0,0.0,0.0,0.0
2013-11-14,0.0,0.0,0.0,0.0,0.0,0.0,0.0,0.0,0.0,0.0,0.0,0.0,0.0,0.0,0.0,0.0,0.0,0.0,0.0,0.0,0.0,0.0,0.0
2013-11-15,0.0,0.0,0.0,0.0,0.0,0.0,0.0,0.0,0.0,0.0,0.0,0.0,0.0,0.0,0.0,0.0,0.0,0.0,0.0,0.0,0.0,0.0,0.0
2013-11-18,0.0,0.0,0.0,0.0,0.0,0.0,0.0,0.0,0.0,0.0,0.0,0.0,0.0,0.0,0.0,0.0,0.0,0.0,0.0,0.0,0.0,0.0,0.0
2013-11-19,0.0,0.0,0.0,0.0,0.0,0.0,0.0,0.0,0.0,0.0,0.0,0.0,0.0,0.0,0.0,0.0,0.0,0.0,0.0,0.0,0.0,0.0,0.0
2013-11-20,0.0,0.0,0.0,0.0,0.0,0.0,0.0,0.0,0.0,0.0,0.0,0.0,0.0,0.0,0.0,0.0,0.0,0.0,0.0,0.0,0.0,0.0,0.0
2013-11-21,0.0,0.0,0.0,0.0,0.0,0.0,0.0,0.0,0.0,0.0,0.0,0.0,0.0,0.0,0.0,0.0,0.0,0.0,0.0,0.0,0.0,0.0,0.0
2013-11-22,0.0,0.0,0.0,0.0,0.0,0.0,0.0,0.0,0.0,0.0,0.0,0.0,0.0,0.0,0.0,0.0,0.0,0.0,0.0,0.0,0.0,0.0,0.0
2013-11-25,0.0,0.0,0.0,0.0,0.0,0.0,0.0,0.0,0.0,0.0,0.0,0.0,0.0,0.0,0.0,0.0,0.0,0.0,0.0,0.0,0.0,0.0,0.0
2013-11-26,0.0,0.0,0.0,0.0,0.0,0.0,0.0,0.0,0.0,0.0,0.0,0.0,0.0,0.0,0.0,0.0,0.0,0.0,0.0,0.0,0.0,0.0,0.0
2013-11-27,0.0,0.0,0.0,0.0,0.0,0.0,0.0,0.0,0.0,0.0,0.0,0.0,0.0,0.0,0.0,0.0,0.0,0.0,0.0,0.0,0.0,0.0,0.0
2013-11-28,0.0,0.0,0.0,0.0,0.0,0.0,0.0,0.0,0.0,0.0,0.0,0.0,0.0,0.0,0.0,0.0,0.0,0.0,0.0,0.0,0.0,0.0,0.0
2013-11-29,0.0,0.0,0.0,0.0,0.0,0.0,0.0,0.0,0.0,0.0,0.0,0.0,0.0,0.0,0.0,0.0,0.0,0.0,0.0,0.0,0.0,0.0,0.0
2013-12-02,0.0,0.0,0.0,0.0,0.0,0.0,0.0,0.0,0.0,0.0,0.0,0.0,0.0,0.0,0.0,0.0,0.0,0.0,0.0,0.0,0.0,0.0,0.0
2013-12-03,0.0,0.0,0.0,0.0,0.0,0.0,0.0,0.0,0.0,0.0,0.0,0.0,0.0,0.0,0.0,0.0,0.0,0.0,0.0,0.0,0.0,0.0,0.0
2013-12-04,0.0,0.0,0.0,0.0,0.0,0.0,0.0,0.0,0.0,0.0,0.0,0.0,0.0,0.0,0.0,0.0,0.0,0.0,0.0,0.0,0.0,0.0,0.0
2013-12-05,0.0,0.0,0.0,0.0,0.0,0.0,0.0,0.0,0.0,0.0,0.0,0.0,0.0,0.0,0.0,0.0,0.0,0.0,0.0,0.0,0.0,0.0,0.0
2013-12-06,0.0,0.0,0.0,0.0,0.0,0.0,0.0,0.0,0.0,0.0,0.0,0.0,0.0,0.0,0.0,0.0,0.0,0.0,0.0,0.0,0.0,0.0,0.0
2013-12-09,0.0,0.0,0.0,0.0,0.0,0.0,0.0,0.0,0.0,0.0,0.0,0.0,0.0,0.0,0.0,0.0,0.0,0.0,0.0,0.0,0.0,0.0,0.0
2013-12-10,0.0,0.0,0.0,0.0,0.0,0.0,0.0,0.0,0.0,0.0,0.0,0.0,0.0,0.0,0.0,0.0,0.0,0.0,0.0,0.0,0.0,0.0,0.0
2013-12-11,0.0,0.0,0.0,0.0,0.0,0.0,0.0,0.0,0.0,0.0,0.0,0.0,0.0,0.0,0.0,0.0,0.0,0.0,0.0,0.0,0.0,0.0,0.0
2013-12-12,0.0,0.0,0.0,0.0,0.0,0.0,0.0,0.0,0.0,0.0,0.0,0.0,0.0,0.0,0.0,0.0,0.0,0.0,0.0,0.0,0.0,0.0,0.0
2013-12-13,0.0,0.0,0.0,0.0,0.0,0.0,0.0,0.0,0.0,0.0,0.0,0.0,0.0,0.0,0.0,0.0,0.0,0.0,0.0,0.0,0.0,0.0,0.0
2013-12-16,0.0,0.0,0.0,0.0,0.0,0.0,0.0,0.0,0.0,0.0,0.0,0.0,0.0,0.0,0.0,0.0,0.0,0.0,0.0,0.0,0.0,0.0,0.0
2013-12-17,0.0,0.0,0.0,0.0,0.0,0.0,0.0,0.0,0.0,0.0,0.0,0.0,0.0,0.0,0.0,0.0,0.0,0.0,0.0,0.0,0.0,0.0,0.0
2013-12-18,0.0,0.0,0.0,0.0,0.0,0.0,0.0,0.0,0.0,0.0,0.0,0.0,0.0,0.0,0.0,0.0,0.0,0.0,0.0,0.0,0.0,0.0,0.0
2013-12-19,0.0,0.0,0.0,0.0,0.0,0.0,0.0,0.0,0.0,0.0,0.0,0.0,0.0,0.0,0.0,0.0,0.0,0.0,0.0,0.0,0.0,0.0,0.0
2013-12-20,0.0,0.0,0.0,0.0,0.0,0.0,0.0,0.0,0.0,0.0,0.0,0.0,0.0,0.0,0.0,0.0,0.0,0.0,0.0,0.0,0.0,0.0,0.0
2013-12-23,0.0,0.0,0.0,0.0,0.0,0.0,0.0,0.0,0.0,0.0,0.0,0.0,0.0,0.0,0.0,0.0,0.0,0.0,0.0,0.0,0.0,0.0,0.0
2013-12-24,0.0,0.0,0.0,0.0,0.0,0.0,0.0,0.0,0.0,0.0,0.0,0.0,0.0,0.0,0.0,0.0,0.0,0.0,0.0,0.0,0.0,0.0,0.0
2013-12-25,0.0,0.0,0.0,0.0,0.0,0.0,0.0,0.0,0.0,0.0,0.0,0.0,0.0,0.0,0.0,0.0,0.0,0.0,0.0,0.0,0.0,0.0,0.0
2013-12-26,0.0,0.0,0.0,0.0,0.0,0.0,0.0,0.0,0.0,0.0,0.0,0.0,0.0,0.0,0.0,0.0,0.0,0.0,0.0,0.0,0.0,0.0,0.0
2013-12-27,0.0,0.0,0.0,0.0,0.0,0.0,0.0,0.0,0.0,0.0,0.0,0.0,0.0,0.0,0.0,0.0,0.0,0.0,0.0,0.0,0.0,0.0,0.0
2013-12-30,0.0,0.0,0.0,0.0,0.0,0.0,0.0,0.0,0.0,0.0,0.0,0.0,0.0,0.0,0.0,0.0,0.0,0.0,0.0,0.0,0.0,0.0,0.0
2013-12-31,0.0,0.0,0.0,0.0,0.0,0.0,0.0,0.0,0.0,0.0,0.0,0.0,0.0,0.0,0.0,0.0,0.0,0.0,0.0,0.0,0.0,0.0,0.0
2014-01-01,0.0,0.0,0.0,0.0,0.0,0.0,0.0,0.0,0.0,0.0,0.0,0.0,0.0,0.0,0.0,0.0,0.0,0.0,0.0,0.0,0.0,0.0,0.0
2014-01-02,0.0,0.0,0.0,0.0,0.0,0.0,0.0,0.0,0.0,0.0,0.0,0.0,0.0,0.0,0.0,0.0,0.0,0.0,0.0,0.0,0.0,0.0,0.0
2014-01-03,0.0,0.0,0.0,0.0,0.0,0.0,0.0,0.0,0.0,0.0,0.0,0.0,0.0,0.0,0.0,0.0,0.0,0.0,0.0,0.0,0.0,0.0,0.0
2014-01-06,0.0,0.0,0.0,0.0,0.0,0.0,0.0,0.0,0.0,0.0,0.0,0.0,0.0,0.0,0.0,0.0,0.0,0.0,0.0,0.0,0.0,0.0,0.0
2014-01-07,0.0,0.0,0.0,0.0,0.0,0.0,0.0,0.0,0.0,0.0,0.0,0.0,0.0,0.0,0.0,0.0,0.0,0.0,0.0,0.0,0.0,0.0,0.0
2014-01-08,0.0,0.0,0.0,0.0,0.0,0.0,0.0,0.0,0.0,0.0,0.0,0.0,0.0,0.0,0.0,0.0,0.0,0.0,0.0,0.0,0.0,0.0,0.0
2014-01-09,0.0,0.0,0.0,0.0,0.0,0.0,0.0,0.0,0.0,0.0,0.0,0.0,0.0,0.0,0.0,0.0,0.0,0.0,0.0,0.0,0.0,0.0,0.0
2014-01-10,0.0,0.0,0.0,0.0,0.0,0.0,0.0,0.0,0.0,0.0,0.0,0.0,0.0,0.0,0.0,0.0,0.0,0.0,0.0,0.0,0.0,0.0,0.0
2014-01-13,0.0,0.0,0.0,0.0,0.0,0.0,0.0,0.0,0.0,0.0,0.0,0.0,0.0,0.0,0.0,0.0,0.0,0.0,0.0,0.0,0.0,0.0,0.0
2014-01-14,0.0,0.0,0.0,0.0,0.0,0.0,0.0,0.0,0.0,0.0,0.0,0.0,0.0,0.0,0.0,0.0,0.0,0.0,0.0,0.0,0.0,0.0,0.0
2014-01-15,0.0,0.0,0.0,0.0,0.0,0.0,0.0,0.0,0.0,0.0,0.0,0.0,0.0,0.0,0.0,0.0,0.0,0.0,0.0,0.0,0.0,0.0,0.0
2014-01-16,0.0,0.0,0.0,0.0,0.0,0.0,0.0,0.0,0.0,0.0,0.0,0.0,0.0,0.0,0.0,0.0,0.0,0.0,0.0,0.0,0.0,0.0,0.0
2014-01-17,0.0,0.0,0.0,0.0,0.0,0.0,0.0,0.0,0.0,0.0,0.0,0.0,0.0,0.0,0.0,0.0,0.0,0.0,0.0,0.0,0.0,0.0,0.0
2014-01-20,0.0,0.0,0.0,0.0,0.0,0.0,0.0,0.0,0.0,0.0,0.0,0.0,0.0,0.0,0.0,0.0,0.0,0.0,0.0,0.0,0.0,0.0,0.0
2014-01-21,0.0,0.0,0.0,0.0,0.0,0.0,0.0,0.0,0.0,0.0,0.0,0.0,0.0,0.0,0.0,0.0,0.0,0.0,0.0,0.0,0.0,0.0,0.0
2014-01-22,0.0,0.0,0.0,0.0,0.0,0.0,0.0,0.0,0.0,0.0,0.0,0.0,0.0,0.0,0.0,0.0,0.0,0.0,0.0,0.0,0.0,0.0,0.0
2014-01-23,0.0,0.0,0.0,0.0,0.0,0.0,0.0,0.0,0.0,0.0,0.0,0.0,0.0,0.0,0.0,0.0,0.0,0.0,0.0,0.0,0.0,0.0,0.0
2014-01-24,0.0,0.0,0.0,0.0,0.0,0.0,0.0,0.0,0.0,0.0,0.0,0.0,0.0,0.0,0.0,0.0,0.0,0.0,0.0,0.0,0.0,0.0,0.0
2014-01-27,0.0,0.0,0.0,0.0,0.0,0.0,0.0,0.0,0.0,0.0,0.0,0.0,0.0,0.0,0.0,0.0,0.0,0.0,0.0,0.0,0.0,0.0,0.0
2014-01-28,0.0,0.0,0.0,0.0,0.0,0.0,0.0,0.0,0.0,0.0,0.0,0.0,0.0,0.0,0.0,0.0,0.0,0.0,0.0,0.0,0.0,0.0,0.0
2014-01-29,0.0,0.0,0.0,0.0,0.0,0.0,0.0,0.0,0.0,0.0,0.0,0.0,0.0,0.0,0.0,0.0,0.0,0.0,0.0,0.0,0.0,0.0,0.0
2014-01-30,0.0,0.0,0.0,0.0,0.0,0.0,0.0,0.0,0.0,0.0,0.0,0.0,0.0,0.0,0.0,0.0,0.0,0.0,0.0,0.0,0.0,0.0,0.0
2014-01-31,0.0,0.0,0.0,0.0,0.0,0.0,0.0,0.0,0.0,0.0,0.0,0.0,0.0,0.0,0.0,0.0,0.0,0.0,0.0,0.0,0.0,0.0,0.0
2014-02-03,0.0,0.0,0.0,0.0,0.0,0.0,0.0,0.0,0.0,0.0,0.0,0.0,0.0,0.0,0.0,0.0,0.0,0.0,0.0,0.0,0.0,0.0,0.0
2014-02-04,0.0,0.0,0.0,0.0,0.0,0.0,0.0,0.0,0.0,0.0,0.0,0.0,0.0,0.0,0.0,0.0,0.0,0.0,0.0,0.0,0.0,0.0,0.0
2014-02-05,0.0,0.0,0.0,0.0,0.0,0.0,0.0,0.0,0.0,0.0,0.0,0.0,0.0,0.0,0.0,0.0,0.0,0.0,0.0,0.0,0.0,0.0,0.0
2014-02-06,0.0,0.0,0.0,0.0,0.0,0.0,0.0,0.0,0.0,0.0,0.0,0.0,0.0,0.0,0.0,0.0,0.0,0.0,0.0,0.0,0.0,0.0,0.0
2014-02-07,0.0,0.0,0.0,0.0,0.0,0.0,0.0,0.0,0.0,0.0,0.0,0.0,0.0,0.0,0.0,0.0,0.0,0.0,0.0,0.0,0.0,0.0,0.0
2014-02-10,0.0,0.0,0.0,0.0,0.0,0.0,0.0,0.0,0.0,0.0,0.0,0.0,0.0,0.0,0.0,0.0,0.0,0.0,0.0,0.0,0.0,0.0,0.0
2014-02-11,0.0,0.0,0.0,0.0,0.0,0.0,0.0,0.0,0.0,0.0,0.0,0.0,0.0,0.0,0.0,0.0,0.0,0.0,0.0,0.0,0.0,0.0,0.0
2014-02-12,0.0,0.0,0.0,0.0,0.0,0.0,0.0,0.0,0.0,0.0,0.0,0.0,0.0,0.0,0.0,0.0,0.0,0.0,0.0,0.0,0.0,0.0,0.0
2014-02-13,0.0,0.0,0.0,0.0,0.0,0.0,0.0,0.0,0.0,0.0,0.0,0.0,0.0,0.0,0.0,0.0,0.0,0.0,0.0,0.0,0.0,0.0,0.0
2014-02-14,0.0,0.0,0.0,0.0,0.0,0.0,0.0,0.0,0.0,0.0,0.0,0.0,0.0,0.0,0.0,0.0,0.0,0.0,0.0,0.0,0.0,0.0,0.0
2014-02-17,0.0,0.0,0.0,0.0,0.0,0.0,0.0,0.0,0.0,0.0,0.0,0.0,0.0,0.0,0.0,0.0,0.0,0.0,0.0,0.0,0.0,0.0,0.0
2014-02-18,0.0,0.0,0.0,0.0,0.0,0.0,0.0,0.0,0.0,0.0,0.0,0.0,0.0,0.0,0.0,0.0,0.0,0.0,0.0,0.0,0.0,0.0,0.0
2014-02-19,0.0,0.0,0.0,0.0,0.0,0.0,0.0,0.0,0.0,0.0,0.0,0.0,0.0,0.0,0.0,0.0,0.0,0.0,0.0,0.0,0.0,0.0,0.0
2014-02-20,0.0,0.0,0.0,0.0,0.0,0.0,0.0,0.0,0.0,0.0,0.0,0.0,0.0,0.0,0.0,0.0,0.0,0.0,0.0,0.0,0.0,0.0,0.0
2014-02-21,0.0,0.0,0.0,0.0,0.0,0.0,0.0,0.0,0.0,0.0,0.0,0.0,0.0,0.0,0.0,0.0,0.0,0.0,0.0,0.0,0.0,0.0,0.0
2014-02-24,0.0,0.0,0.0,0.0,0.0,0.0,0.0,0.0,0.0,0.0,0.0,0.0,0.0,0.0,0.0,0.0,0.0,0.0,0.0,0.0,0.0,0.0,0.0
2014-02-25,0.0,0.0,0.0,0.0,0.0,0.0,0.0,0.0,0.0,0.0,0.0,0.0,0.0,0.0,0.0,0.0,0.0,0.0,0.0,0.0,0.0,0.0,0.0
2014-02-26,0.0,0.0,0.0,0.0,0.0,0.0,0.0,0.0,0.0,0.0,0.0,0.0,0.0,0.0,0.0,0.0,0.0,0.0,0.0,0.0,0.0,0.0,0.0
2014-02-27,0.0,0.0,0.0,0.0,0.0,0.0,0.0,0.0,0.0,0.0,0.0,0.0,0.0,0.0,0.0,0.0,0.0,0.0,0.0,0.0,0.0,0.0,0.0
2014-02-28,0.0,0.0,0.0,0.0,0.0,0.0,0.0,0.0,0.0,0.0,0.0,0.0,0.0,0.0,0.0,0.0,0.0,0.0,0.0,0.0,0.0,0.0,0.0
2014-03-03,0.0,0.0,0.0,0.0,0.0,0.0,0.0,0.0,0.0,0.0,0.0,0.0,0.0,0.0,0.0,0.0,0.0,0.0,0.0,0.0,0.0,0.0,0.0
2014-03-04,0.0,0.0,0.0,0.0,0.0,0.0,0.0,0.0,0.0,0.0,0.0,0.0,0.0,0.0,0.0,0.0,0.0,0.0,0.0,0.0,0.0,0.0,0.0
2014-03-05,0.0,0.0,0.0,0.0,0.0,0.0,0.0,0.0,0.0,0.0,0.0,0.0,0.0,0.0,0.0,0.0,0.0,0.0,0.0,0.0,0.0,0.0,0.0
2014-03-06,0.0,0.0,0.0,0.0,0.0,0.0,0.0,0.0,0.0,0.0,0.0,0.0,0.0,0.0,0.0,0.0,0.0,0.0,0.0,0.0,0.0,0.0,0.0
2014-03-07,0.0,0.0,0.0,0.0,0.0,0.0,0.0,0.0,0.0,0.0,0.0,0.0,0.0,0.0,0.0,0.0,0.0,0.0,0.0,0.0,0.0,0.0,0.0
2014-03-10,0.0,0.0,0.0,0.0,0.0,0.0,0.0,0.0,0.0,0.0,0.0,0.0,0.0,0.0,0.0,0.0,0.0,0.0,0.0,0.0,0.0,0.0,0.0
2014-03-11,0.0,0.0,0.0,0.0,0.0,0.0,0.0,0.0,0.0,0.0,0.0,0.0,0.0,0.0,0.0,0.0,0.0,0.0,0.0,0.0,0.0,0.0,0.0
2014-03-12,0.0,0.0,0.0,0.0,0.0,0.0,0.0,0.0,0.0,0.0,0.0,0.0,0.0,0.0,0.0,0.0,0.0,0.0,0.0,0.0,0.0,0.0,0.0
2014-03-13,0.0,0.0,0.0,0.0,0.0,0.0,0.0,0.0,0.0,0.0,0.0,0.0,0.0,0.0,0.0,0.0,0.0,0.0,0.0,0.0,0.0,0.0,0.0
2014-03-14,0.0,0.0,0.0,0.0,0.0,0.0,0.0,0.0,0.0,0.0,0.0,0.0,0.0,0.0,0.0,0.0,0.0,0.0,0.0,0.0,0.0,0.0,0.0
2014-03-17,0.0,0.0,0.0,0.0,0.0,0.0,0.0,0.0,0.0,0.0,0.0,0.0,0.0,0.0,0.0,0.0,0.0,0.0,0.0,0.0,0.0,0.0,0.0
2014-03-18,0.0,0.0,0.0,0.0,0.0,0.0,0.0,0.0,0.0,0.0,0.0,0.0,0.0,0.0,0.0,0.0,0.0,0.0,0.0,0.0,0.0,0.0,0.0
2014-03-19,0.0,0.0,0.0,0.0,0.0,0.0,0.0,0.0,0.0,0.0,0.0,0.0,0.0,0.0,0.0,0.0,0.0,0.0,0.0,0.0,0.0,0.0,0.0
2014-03-20,0.0,0.0,0.0,0.0,0.0,0.0,0.0,0.0,0.0,0.0,0.0,0.0,0.0,0.0,0.0,0.0,0.0,0.0,0.0,0.0,0.0,0.0,0.0
2014-03-21,0.0,0.0,0.0,0.0,0.0,0.0,0.0,0.0,0.0,0.0,0.0,0.0,0.0,0.0,0.0,0.0,0.0,0.0,0.0,0.0,0.0,0.0,0.0
2014-03-24,0.0,0.0,0.0,0.0,0.0,0.0,0.0,0.0,0.0,0.0,0.0,0.0,0.0,0.0,0.0,0.0,0.0,0.0,0.0,0.0,0.0,0.0,0.0
2014-03-25,0.0,0.0,0.0,0.0,0.0,0.0,0.0,0.0,0.0,0.0,0.0,0.0,0.0,0.0,0.0,0.0,0.0,0.0,0.0,0.0,0.0,0.0,0.0
2014-03-26,0.0,0.0,0.0,0.0,0.0,0.0,0.0,0.0,0.0,0.0,0.0,0.0,0.0,0.0,0.0,0.0,0.0,0.0,0.0,0.0,0.0,0.0,0.0
2014-03-27,0.0,0.0,0.0,0.0,0.0,0.0,0.0,0.0,0.0,0.0,0.0,0.0,0.0,0.0,0.0,0.0,0.0,0.0,0.0,0.0,0.0,0.0,0.0
2014-03-28,0.0,0.0,0.0,0.0,0.0,0.0,0.0,0.0,0.0,0.0,0.0,0.0,0.0,0.0,0.0,0.0,0.0,0.0,0.0,0.0,0.0,0.0,0.0
2014-03-31,0.0,0.0,0.0,0.0,0.0,0.0,0.0,0.0,0.0,0.0,0.0,0.0,0.0,0.0,0.0,0.0,0.0,0.0,0.0,0.0,0.0,0.0,0.0
2014-04-01,0.0,0.0,0.0,0.0,0.0,0.0,0.0,0.0,0.0,0.0,0.0,0.0,0.0,0.0,0.0,0.0,0.0,0.0,0.0,0.0,0.0,0.0,0.0
2014-04-02,0.0,0.0,0.0,0.0,0.0,0.0,0.0,0.0,0.0,0.0,0.0,0.0,0.0,0.0,0.0,0.0,0.0,0.0,0.0,0.0,0.0,0.0,0.0
2014-04-03,0.0,0.0,0.0,0.0,0.0,0.0,0.0,0.0,0.0,0.0,0.0,0.0,0.0,0.0,0.0,0.0,0.0,0.0,0.0,0.0,0.0,0.0,0.0
2014-04-04,0.0,0.0,0.0,0.0,0.0,0.0,0.0,0.0,0.0,0.0,0.0,0.0,0.0,0.0,0.0,0.0,0.0,0.0,0.0,0.0,0.0,0.0,0.0
2014-04-07,0.0,0.0,0.0,0.0,0.0,0.0,0.0,0.0,0.0,0.0,0.0,0.0,0.0,0.0,0.0,0.0,0.0,0.0,0.0,0.0,0.0,0.0,0.0
2014-04-08,0.0,0.0,0.0,0.0,0.0,0.0,0.0,0.0,0.0,0.0,0.0,0.0,0.0,0.0,0.0,0.0,0.0,0.0,0.0,0.0,0.0,0.0,0.0
2014-04-09,0.0,0.0,0.0,0.0,0.0,0.0,0.0,0.0,0.0,0.0,0.0,0.0,0.0,0.0,0.0,0.0,0.0,0.0,0.0,0.0,0.0,0.0,0.0
2014-04-10,0.0,0.0,0.0,0.0,0.0,0.0,0.0,0.0,0.0,0.0,0.0,0.0,0.0,0.0,0.0,0.0,0.0,0.0,0.0,0.0,0.0,0.0,0.0
2014-04-11,0.0,0.0,0.0,0.0,0.0,0.0,0.0,0.0,0.0,0.0,0.0,0.0,0.0,0.0,0.0,0.0,0.0,0.0,0.0,0.0,0.0,0.0,0.0
2014-04-14,0.0,0.0,0.0,0.0,0.0,0.0,0.0,0.0,0.0,0.0,0.0,0.0,0.0,0.0,0.0,0.0,0.0,0.0,0.0,0.0,0.0,0.0,0.0
2014-04-15,0.0,0.0,0.0,0.0,0.0,0.0,0.0,0.0,0.0,0.0,0.0,0.0,0.0,0.0,0.0,0.0,0.0,0.0,0.0,0.0,0.0,0.0,0.0
2014-04-16,0.0,0.0,0.0,0.0,0.0,0.0,0.0,0.0,0.0,0.0,0.0,0.0,0.0,0.0,0.0,0.0,0.0,0.0,0.0,0.0,0.0,0.0,0.0
2014-04-17,0.0,0.0,0.0,0.0,0.0,0.0,0.0,0.0,0.0,0.0,0.0,0.0,0.0,0.0,0.0,0.0,0.0,0.0,0.0,0.0,0.0,0.0,0.0
2014-04-18,0.0,0.0,0.0,0.0,0.0,0.0,0.0,0.0,0.0,0.0,0.0,0.0,0.0,0.0,0.0,0.0,0.0,0.0,0.0,0.0,0.0,0.0,0.0
2014-04-21,0.0,0.0,0.0,0.0,0.0,0.0,0.0,0.0,0.0,0.0,0.0,0.0,0.0,0.0,0.0,0.0,0.0,0.0,0.0,0.0,0.0,0.0,0.0
2014-04-22,0.0,0.0,0.0,0.0,0.0,0.0,0.0,0.0,0.0,0.0,0.0,0.0,0.0,0.0,0.0,0.0,0.0,0.0,0.0,0.0,0.0,0.0,0.0
2014-04-23,0.0,0.0,0.0,0.0,0.0,0.0,0.0,0.0,0.0,0.0,0.0,0.0,0.0,0.0,0.0,0.0,0.0,0.0,0.0,0.0,0.0,0.0,0.0
2014-04-24,0.0,0.0,0.0,0.0,0.0,0.0,0.0,0.0,0.0,0.0,0.0,0.0,0.0,0.0,0.0,0.0,0.0,0.0,0.0,0.0,0.0,0.0,0.0
2014-04-25,0.0,0.0,0.0,0.0,0.0,0.0,0.0,0.0,0.0,0.0,0.0,0.0,0.0,0.0,0.0,0.0,0.0,0.0,0.0,0.0,0.0,0.0,0.0
2014-04-28,0.0,0.0,0.0,0.0,0.0,0.0,0.0,0.0,0.0,0.0,0.0,0.0,0.0,0.0,0.0,0.0,0.0,0.0,0.0,0.0,0.0,0.0,0.0
2014-04-29,0.0,0.0,0.0,0.0,0.0,0.0,0.0,0.0,0.0,0.0,0.0,0.0,0.0,0.0,0.0,0.0,0.0,0.0,0.0,0.0,0.0,0.0,0.0
2014-04-30,0.0,0.0,0.0,0.0,0.0,0.0,0.0,0.0,0.0,0.0,0.0,0.0,0.0,0.0,0.0,0.0,0.0,0.0,0.0,0.0,0.0,0.0,0.0
2014-05-01,0.0,0.0,0.0,0.0,0.0,0.0,0.0,0.0,0.0,0.0,0.0,0.0,0.0,0.0,0.0,0.0,0.0,0.0,0.0,0.0,0.0,0.0,0.0
2014-05-02,0.0,0.0,0.0,0.0,0.0,0.0,0.0,0.0,0.0,0.0,0.0,0.0,0.0,0.0,0.0,0.0,0.0,0.0,0.0,0.0,0.0,0.0,0.0
2014-05-05,0.0,0.0,0.0,0.0,0.0,0.0,0.0,0.0,0.0,0.0,0.0,0.0,0.0,0.0,0.0,0.0,0.0,0.0,0.0,0.0,0.0,0.0,0.0
2014-05-06,0.0,0.0,0.0,0.0,0.0,0.0,0.0,0.0,0.0,0.0,0.0,0.0,0.0,0.0,0.0,0.0,0.0,0.0,0.0,0.0,0.0,0.0,0.0
2014-05-07,0.0,0.0,0.0,0.0,0.0,0.0,0.0,0.0,0.0,0.0,0.0,0.0,0.0,0.0,0.0,0.0,0.0,0.0,0.0,0.0,0.0,0.0,0.0
2014-05-08,0.0,0.0,0.0,0.0,0.0,0.0,0.0,0.0,0.0,0.0,0.0,0.0,0.0,0.0,0.0,0.0,0.0,0.0,0.0,0.0,0.0,0.0,0.0
2014-05-09,0.0,0.0,0.0,0.0,0.0,0.0,0.0,0.0,0.0,0.0,0.0,0.0,0.0,0.0,0.0,0.0,0.0,0.0,0.0,0.0,0.0,0.0,0.0
2014-05-12,0.0,0.0,0.0,0.0,0.0,0.0,0.0,0.0,0.0,0.0,0.0,0.0,0.0,0.0,0.0,0.0,0.0,0.0,0.0,0.0,0.0,0.0,0.0
2014-05-13,0.0,0.0,0.0,0.0,0.0,0.0,0.0,0.0,0.0,0.0,0.0,0.0,0.0,0.0,0.0,0.0,0.0,0.0,0.0,0.0,0.0,0.0,0.0
2014-05-14,0.0,0.0,0.0,0.0,0.0,0.0,0.0,0.0,0.0,0.0,0.0,0.0,0.0,0.0,0.0,0.0,0.0,0.0,0.0,0.0,0.0,0.0,0.0
2014-05-15,0.0,0.0,0.0,0.0,0.0,0.0,0.0,0.0,0.0,0.0,0.0,0.0,0.0,0.0,0.0,0.0,0.0,0.0,0.0,0.0,0.0,0.0,0.0
2014-05-16,0.0,0.0,0.0,0.0,0.0,0.0,0.0,0.0,0.0,0.0,0.0,0.0,0.0,0.0,0.0,0.0,0.0,0.0,0.0,0.0,0.0,0.0,0.0
2014-05-19,0.0,0.0,0.0,0.0,0.0,0.0,0.0,0.0,0.0,0.0,0.0,0.0,0.0,0.0,0.0,0.0,0.0,0.0,0.0,0.0,0.0,0.0,0.0
2014-05-20,0.0,0.0,0.0,0.0,0.0,0.0,0.0,0.0,0.0,0.0,0.0,0.0,0.0,0.0,0.0,0.0,0.0,0.0,0.0,0.0,0.0,0.0,0.0
2014-05-21,0.0,0.0,0.0,0.0,0.0,0.0,0.0,0.0,0.0,0.0,0.0,0.0,0.0,0.0,0.0,0.0,0.0,0.0,0.0,0.0,0.0,0.0,0.0
2014-05-22,0.0,0.0,0.0,0.0,0.0,0.0,0.0,0.0,0.0,0.0,0.0,0.0,0.0,0.0,0.0,0.0,0.0,0.0,0.0,0.0,0.0,0.0,0.0
2014-05-23,0.0,0.0,0.0,0.0,0.0,0.0,0.0,0.0,0.0,0.0,0.0,0.0,0.0,0.0,0.0,0.0,0.0,0.0,0.0,0.0,0.0,0.0,0.0
2014-05-26,0.0,0.0,0.0,0.0,0.0,0.0,0.0,0.0,0.0,0.0,0.0,0.0,0.0,0.0,0.0,0.0,0.0,0.0,0.0,0.0,0.0,0.0,0.0
2014-05-27,0.0,0.0,0.0,0.0,0.0,0.0,0.0,0.0,0.0,0.0,0.0,0.0,0.0,0.0,0.0,0.0,0.0,0.0,0.0,0.0,0.0,0.0,0.0
2014-05-28,0.0,0.0,0.0,0.0,0.0,0.0,0.0,0.0,0.0,0.0,0.0,0.0,0.0,0.0,0.0,0.0,0.0,0.0,0.0,0.0,0.0,0.0,0.0
2014-05-29,0.0,0.0,0.0,0.0,0.0,0.0,0.0,0.0,0.0,0.0,0.0,0.0,0.0,0.0,0.0,0.0,0.0,0.0,0.0,0.0,0.0,0.0,0.0
2014-05-30,0.0,0.0,0.0,0.0,0.0,0.0,0.0,0.0,0.0,0.0,0.0,0.0,0.0,0.0,0.0,0.0,0.0,0.0,0.0,0.0,0.0,0.0,0.0
2014-06-02,0.0,0.0,0.0,0.0,0.0,0.0,0.0,0.0,0.0,0.0,0.0,0.0,0.0,0.0,0.0,0.0,0.0,0.0,0.0,0.0,0.0,0.0,0.0
2014-06-03,0.0,0.0,0.0,0.0,0.0,0.0,0.0,0.0,0.0,0.0,0.0,0.0,0.0,0.0,0.0,0.0,0.0,0.0,0.0,0.0,0.0,0.0,0.0
2014-06-04,0.0,0.0,0.0,0.0,0.0,0.0,0.0,0.0,0.0,0.0,0.0,0.0,0.0,0.0,0.0,0.0,0.0,0.0,0.0,0.0,0.0,0.0,0.0
2014-06-05,0.0,0.0,0.0,0.0,0.0,0.0,0.0,0.0,0.0,0.0,0.0,0.0,0.0,0.0,0.0,0.0,0.0,0.0,0.0,0.0,0.0,0.0,0.0
2014-06-06,0.0,0.0,0.0,0.0,0.0,0.0,0.0,0.0,0.0,0.0,0.0,0.0,0.0,0.0,0.0,0.0,0.0,0.0,0.0,0.0,0.0,0.0,0.0
2014-06-09,0.0,0.0,0.0,0.0,0.0,0.0,0.0,0.0,0.0,0.0,0.0,0.0,0.0,0.0,0.0,0.0,0.0,0.0,0.0,0.0,0.0,0.0,0.0
2014-06-10,0.0,0.0,0.0,0.0,0.0,0.0,0.0,0.0,0.0,0.0,0.0,0.0,0.0,0.0,0.0,0.0,0.0,0.0,0.0,0.0,0.0,0.0,0.0
2014-06-11,0.0,0.0,0.0,0.0,0.0,0.0,0.0,0.0,0.0,0.0,0.0,0.0,0.0,0.0,0.0,0.0,0.0,0.0,0.0,0.0,0.0,0.0,0.0
2014-06-12,0.0,0.0,0.0,0.0,0.0,0.0,0.0,0.0,0.0,0.0,0.0,0.0,0.0,0.0,0.0,0.0,0.0,0.0,0.0,0.0,0.0,0.0,0.0
2014-06-13,0.0,0.0,0.0,0.0,0.0,0.0,0.0,0.0,0.0,0.0,0.0,0.0,0.0,0.0,0.0,0.0,0.0,0.0,0.0,0.0,0.0,0.0,0.0
2014-06-16,0.0,0.0,0.0,0.0,0.0,0.0,0.0,0.0,0.0,0.0,0.0,0.0,0.0,0.0,0.0,0.0,0.0,0.0,0.0,0.0,0.0,0.0,0.0
2014-06-17,0.0,0.0,0.0,0.0,0.0,0.0,0.0,0.0,0.0,0.0,0.0,0.0,0.0,0.0,0.0,0.0,0.0,0.0,0.0,0.0,0.0,0.0,0.0
2014-06-18,0.0,0.0,0.0,0.0,0.0,0.0,0.0,0.0,0.0,0.0,0.0,0.0,0.0,0.0,0.0,0.0,0.0,0.0,0.0,0.0,0.0,0.0,0.0
2014-06-19,0.0,0.0,0.0,0.0,0.0,0.0,0.0,0.0,0.0,0.0,0.0,0.0,0.0,0.0,0.0,0.0,0.0,0.0,0.0,0.0,0.0,0.0,0.0
2014-06-20,0.0,0.0,0.0,0.0,0.0,0.0,0.0,0.0,0.0,0.0,0.0,0.0,0.0,0.0,0.0,0.0,0.0,0.0,0.0,0.0,0.0,0.0,0.0
2014-06-23,0.0,0.0,0.0,0.0,0.0,0.0,0.0,0.0,0.0,0.0,0.0,0.0,0.0,0.0,0.0,0.0,0.0,0.0,0.0,0.0,0.0,0.0,0.0
2014-06-24,0.0,0.0,0.0,0.0,0.0,0.0,0.0,0.0,0.0,0.0,0.0,0.0,0.0,0.0,0.0,0.0,0.0,0.0,0.0,0.0,0.0,0.0,0.0
2014-06-25,0.0,0.0,0.0,0.0,0.0,0.0,0.0,0.0,0.0,0.0,0.0,0.0,0.0,0.0,0.0,0.0,0.0,0.0,0.0,0.0,0.0,0.0,0.0
2014-06-26,0.0,0.0,0.0,0.0,0.0,0.0,0.0,0.0,0.0,0.0,0.0,0.0,0.0,0.0,0.0,0.0,0.0,0.0,0.0,0.0,0.0,0.0,0.0
2014-06-27,0.0,0.0,0.0,0.0,0.0,0.0,0.0,0.0,0.0,0.0,0.0,0.0,0.0,0.0,0.0,0.0,0.0,0.0,0.0,0.0,0.0,0.0,0.0
2014-06-30,0.0,0.0,0.0,0.0,0.0,0.0,0.0,0.0,0.0,0.0,0.0,0.0,0.0,0.0,0.0,0.0,0.0,0.0,0.0,0.0,0.0,0.0,0.0
2014-07-01,0.0,0.0,0.0,0.0,0.0,0.0,0.0,0.0,0.0,0.0,0.0,0.0,0.0,0.0,0.0,0.0,0.0,0.0,0.0,0.0,0.0,0.0,0.0
2014-07-02,0.0,0.0,0.0,0.0,0.0,0.0,0.0,0.0,0.0,0.0,0.0,0.0,0.0,0.0,0.0,0.0,0.0,0.0,0.0,0.0,0.0,0.0,0.0
2014-07-03,0.0,0.0,0.0,0.0,0.0,0.0,0.0,0.0,0.0,0.0,0.0,0.0,0.0,0.0,0.0,0.0,0.0,0.0,0.0,0.0,0.0,0.0,0.0
2014-07-04,0.0,0.0,0.0,0.0,0.0,0.0,0.0,0.0,0.0,0.0,0.0,0.0,0.0,0.0,0.0,0.0,0.0,0.0,0.0,0.0,0.0,0.0,0.0
2014-07-07,0.0,0.0,0.0,0.0,0.0,0.0,0.0,0.0,0.0,0.0,0.0,0.0,0.0,0.0,0.0,0.0,0.0,0.0,0.0,0.0,0.0,0.0,0.0
2014-07-08,0.0,0.0,0.0,0.0,0.0,0.0,0.0,0.0,0.0,0.0,0.0,0.0,0.0,0.0,0.0,0.0,0.0,0.0,0.0,0.0,0.0,0.0,0.0
2014-07-09,0.0,0.0,0.0,0.0,0.0,0.0,0.0,0.0,0.0,0.0,0.0,0.0,0.0,0.0,0.0,0.0,0.0,0.0,0.0,0.0,0.0,0.0,0.0
2014-07-10,0.0,0.0,0.0,0.0,0.0,0.0,0.0,0.0,0.0,0.0,0.0,0.0,0.0,0.0,0.0,0.0,0.0,0.0,0.0,0.0,0.0,0.0,0.0
2014-07-11,0.0,0.0,0.0,0.0,0.0,0.0,0.0,0.0,0.0,0.0,0.0,0.0,0.0,0.0,0.0,0.0,0.0,0.0,0.0,0.0,0.0,0.0,0.0
2014-07-14,0.0,0.0,0.0,0.0,0.0,0.0,0.0,0.0,0.0,0.0,0.0,0.0,0.0,0.0,0.0,0.0,0.0,0.0,0.0,0.0,0.0,0.0,0.0
2014-07-15,0.0,0.0,0.0,0.0,0.0,0.0,0.0,0.0,0.0,0.0,0.0,0.0,0.0,0.0,0.0,0.0,0.0,0.0,0.0,0.0,0.0,0.0,0.0
2014-07-16,0.0,0.0,0.0,0.0,0.0,0.0,0.0,0.0,0.0,0.0,0.0,0.0,0.0,0.0,0.0,0.0,0.0,0.0,0.0,0.0,0.0,0.0,0.0
2014-07-17,0.0,0.0,0.0,0.0,0.0,0.0,0.0,0.0,0.0,0.0,0.0,0.0,0.0,0.0,0.0,0.0,0.0,0.0,0.0,0.0,0.0,0.0,0.0
2014-07-18,0.0,0.0,0.0,0.0,0.0,0.0,0.0,0.0,0.0,0.0,0.0,0.0,0.0,0.0,0.0,0.0,0.0,0.0,0.0,0.0,0.0,0.0,0.0
2014-07-21,0.0,0.0,0.0,0.0,0.0,0.0,0.0,0.0,0.0,0.0,0.0,0.0,0.0,0.0,0.0,0.0,0.0,0.0,0.0,0.0,0.0,0.0,0.0
2014-07-22,0.0,0.0,0.0,0.0,0.0,0.0,0.0,0.0,0.0,0.0,0.0,0.0,0.0,0.0,0.0,0.0,0.0,0.0,0.0,0.0,0.0,0.0,0.0
2014-07-23,0.0,0.0,0.0,0.0,0.0,0.0,0.0,0.0,0.0,0.0,0.0,0.0,0.0,0.0,0.0,0.0,0.0,0.0,0.0,0.0,0.0,0.0,0.0
2014-07-24,0.0,0.0,0.0,0.0,0.0,0.0,0.0,0.0,0.0,0.0,0.0,0.0,0.0,0.0,0.0,0.0,0.0,0.0,0.0,0.0,0.0,0.0,0.0
2014-07-25,0.0,0.0,0.0,0.0,0.0,0.0,0.0,0.0,0.0,0.0,0.0,0.0,0.0,0.0,0.0,0.0,0.0,0.0,0.0,0.0,0.0,0.0,0.0
2014-07-28,0.0,0.0,0.0,0.0,0.0,0.0,0.0,0.0,0.0,0.0,0.0,0.0,0.0,0.0,0.0,0.0,0.0,0.0,0.0,0.0,0.0,0.0,0.0
2014-07-29,0.0,0.0,0.0,0.0,0.0,0.0,0.0,0.0,0.0,0.0,0.0,0.0,0.0,0.0,0.0,0.0,0.0,0.0,0.0,0.0,0.0,0.0,0.0
2014-07-30,0.0,0.0,0.0,0.0,0.0,0.0,0.0,0.0,0.0,0.0,0.0,0.0,0.0,0.0,0.0,0.0,0.0,0.0,0.0,0.0,0.0,0.0,0.0
2014-07-31,0.0,0.0,0.0,0.0,0.0,0.0,0.0,0.0,0.0,0.0,0.0,0.0,0.0,0.0,0.0,0.0,0.0,0.0,0.0,0.0,0.0,0.0,0.0
2014-08-01,0.0,0.0,0.0,0.0,0.0,0.0,0.0,0.0,0.0,0.0,0.0,0.0,0.0,0.0,0.0,0.0,0.0,0.0,0.0,0.0,0.0,0.0,0.0
2014-08-04,0.0,0.0,0.0,0.0,0.0,0.0,0.0,0.0,0.0,0.0,0.0,0.0,0.0,0.0,0.0,0.0,0.0,0.0,0.0,0.0,0.0,0.0,0.0
2014-08-05,0.0,0.0,0.0,0.0,0.0,0.0,0.0,0.0,0.0,0.0,0.0,0.0,0.0,0.0,0.0,0.0,0.0,0.0,0.0,0.0,0.0,0.0,0.0
2014-08-06,0.0,0.0,0.0,0.0,0.0,0.0,0.0,0.0,0.0,0.0,0.0,0.0,0.0,0.0,0.0,0.0,0.0,0.0,0.0,0.0,0.0,0.0,0.0
2014-08-07,0.0,0.0,0.0,0.0,0.0,0.0,0.0,0.0,0.0,0.0,0.0,0.0,0.0,0.0,0.0,0.0,0.0,0.0,0.0,0.0,0.0,0.0,0.0
2014-08-08,0.0,0.0,0.0,0.0,0.0,0.0,0.0,0.0,0.0,0.0,0.0,0.0,0.0,0.0,0.0,0.0,0.0,0.0,0.0,0.0,0.0,0.0,0.0
2014-08-11,0.0,0.0,0.0,0.0,0.0,0.0,0.0,0.0,0.0,0.0,0.0,0.0,0.0,0.0,0.0,0.0,0.0,0.0,0.0,0.0,0.0,0.0,0.0
2014-08-12,0.0,0.0,0.0,0.0,0.0,0.0,0.0,0.0,0.0,0.0,0.0,0.0,0.0,0.0,0.0,0.0,0.0,0.0,0.0,0.0,0.0,0.0,0.0
2014-08-13,0.0,0.0,0.0,0.0,0.0,0.0,0.0,0.0,0.0,0.0,0.0,0.0,0.0,0.0,0.0,0.0,0.0,0.0,0.0,0.0,0.0,0.0,0.0
2014-08-14,0.0,0.0,0.0,0.0,0.0,0.0,0.0,0.0,0.0,0.0,0.0,0.0,0.0,0.0,0.0,0.0,0.0,0.0,0.0,0.0,0.0,0.0,0.0
2014-08-15,0.0,0.0,0.0,0.0,0.0,0.0,0.0,0.0,0.0,0.0,0.0,0.0,0.0,0.0,0.0,0.0,0.0,0.0,0.0,0.0,0.0,0.0,0.0
2014-08-18,0.0,0.0,0.0,0.0,0.0,0.0,0.0,0.0,0.0,0.0,0.0,0.0,0.0,0.0,0.0,0.0,0.0,0.0,0.0,0.0,0.0,0.0,0.0
2014-08-19,0.0,0.0,0.0,0.0,0.0,0.0,0.0,0.0,0.0,0.0,0.0,0.0,0.0,0.0,0.0,0.0,0.0,0.0,0.0,0.0,0.0,0.0,0.0
2014-08-20,0.0,0.0,0.0,0.0,0.0,0.0,0.0,0.0,0.0,0.0,0.0,0.0,0.0,0.0,0.0,0.0,0.0,0.0,0.0,0.0,0.0,0.0,0.0
2014-08-21,0.0,0.0,0.0,0.0,0.0,0.0,0.0,0.0,0.0,0.0,0.0,0.0,0.0,0.0,0.0,0.0,0.0,0.0,0.0,0.0,0.0,0.0,0.0
2014-08-22,0.0,0.0,0.0,0.0,0.0,0.0,0.0,0.0,0.0,0.0,0.0,0.0,0.0,0.0,0.0,0.0,0.0,0.0,0.0,0.0,0.0,0.0,0.0
2014-08-25,0.0,0.0,0.0,0.0,0.0,0.0,0.0,0.0,0.0,0.0,0.0,0.0,0.0,0.0,0.0,0.0,0.0,0.0,0.0,0.0,0.0,0.0,0.0
2014-08-26,0.0,0.0,0.0,0.0,0.0,0.0,0.0,0.0,0.0,0.0,0.0,0.0,0.0,0.0,0.0,0.0,0.0,0.0,0.0,0.0,0.0,0.0,0.0
2014-08-27,0.0,0.0,0.0,0.0,0.0,0.0,0.0,0.0,0.0,0.0,0.0,0.0,0.0,0.0,0.0,0.0,0.0,0.0,0.0,0.0,0.0,0.0,0.0
2014-08-28,0.0,0.0,0.0,0.0,0.0,0.0,0.0,0.0,0.0,0.0,0.0,0.0,0.0,0.0,0.0,0.0,0.0,0.0,0.0,0.0,0.0,0.0,0.0
2014-08-29,0.0,0.0,0.0,0.0,0.0,0.0,0.0,0.0,0.0,0.0,0.0,0.0,0.0,0.0,0.0,0.0,0.0,0.0,0.0,0.0,0.0,0.0,0.0
2014-09-01,0.0,0.0,0.0,0.0,0.0,0.0,0.0,0.0,0.0,0.0,0.0,0.0,0.0,0.0,0.0,0.0,0.0,0.0,0.0,0.0,0.0,0.0,0.0
2014-09-02,0.0,0.0,0.0,0.0,0.0,0.0,0.0,0.0,0.0,0.0,0.0,0.0,0.0,0.0,0.0,0.0,0.0,0.0,0.0,0.0,0.0,0.0,0.0
2014-09-03,0.0,0.0,0.0,0.0,0.0,0.0,0.0,0.0,0.0,0.0,0.0,0.0,0.0,0.0,0.0,0.0,0.0,0.0,0.0,0.0,0.0,0.0,0.0
2014-09-04,0.0,0.0,0.0,0.0,0.0,0.0,0.0,0.0,0.0,0.0,0.0,0.0,0.0,0.0,0.0,0.0,0.0,0.0,0.0,0.0,0.0,0.0,0.0
2014-09-05,0.0,0.0,0.0,0.0,0.0,0.0,0.0,0.0,0.0,0.0,0.0,0.0,0.0,0.0,0.0,0.0,0.0,0.0,0.0,0.0,0.0,0.0,0.0
2014-09-08,0.0,0.0,0.0,0.0,0.0,0.0,0.0,0.0,0.0,0.0,0.0,0.0,0.0,0.0,0.0,0.0,0.0,0.0,0.0,0.0,0.0,0.0,0.0
2014-09-09,0.0,0.0,0.0,0.0,0.0,0.0,0.0,0.0,0.0,0.0,0.0,0.0,0.0,0.0,0.0,0.0,0.0,0.0,0.0,0.0,0.0,0.0,0.0
2014-09-10,0.0,0.0,0.0,0.0,0.0,0.0,0.0,0.0,0.0,0.0,0.0,0.0,0.0,0.0,0.0,0.0,0.0,0.0,0.0,0.0,0.0,0.0,0.0
2014-09-11,0.0,0.0,0.0,0.0,0.0,0.0,0.0,0.0,0.0,0.0,0.0,0.0,0.0,0.0,0.0,0.0,0.0,0.0,0.0,0.0,0.0,0.0,0.0
2014-09-12,0.0,0.0,0.0,0.0,0.0,0.0,0.0,0.0,0.0,0.0,0.0,0.0,0.0,0.0,0.0,0.0,0.0,0.0,0.0,0.0,0.0,0.0,0.0
2014-09-15,0.0,0.0,0.0,0.0,0.0,0.0,0.0,0.0,0.0,0.0,0.0,0.0,0.0,0.0,0.0,0.0,0.0,0.0,0.0,0.0,0.0,0.0,0.0
2014-09-16,0.0,0.0,0.0,0.0,0.0,0.0,0.0,0.0,0.0,0.0,0.0,0.0,0.0,0.0,0.0,0.0,0.0,0.0,0.0,0.0,0.0,0.0,0.0
2014-09-17,0.0,0.0,0.0,0.0,0.0,0.0,0.0,0.0,0.0,0.0,0.0,0.0,0.0,0.0,0.0,0.0,0.0,0.0,0.0,0.0,0.0,0.0,0.0
2014-09-18,0.0,0.0,0.0,0.0,0.0,0.0,0.0,0.0,0.0,0.0,0.0,0.0,0.0,0.0,0.0,0.0,0.0,0.0,0.0,0.0,0.0,0.0,0.0
2014-09-19,0.0,0.0,0.0,0.0,0.0,0.0,0.0,0.0,0.0,0.0,0.0,0.0,0.0,0.0,0.0,0.0,0.0,0.0,0.0,0.0,0.0,0.0,0.0
2014-09-20,0.0,0.0,0.0,0.0,0.0,0.0,0.0,0.0,0.0,0.0,0.0,0.0,0.0,0.0,0.0,0.0,0.0,0.0,0.0,0.0,0.0,0.0,0.0
2014-09-21,0.0,0.0,0.0,0.0,0.0,0.0,0.0,0.0,0.0,0.0,0.0,0.0,0.0,0.0,0.0,0.0,0.0,0.0,0.0,0.0,0.0,0.0,0.0
2014-09-22,0.0,0.0,0.0,0.0,0.0,0.0,0.0,0.0,0.0,0.0,0.0,0.0,0.0,0.0,0.0,0.0,0.0,0.0,0.0,0.0,0.0,0.0,0.0
2014-09-23,0.0,0.0,0.0,0.0,0.0,0.0,0.0,0.0,0.0,0.0,0.0,0.0,0.0,0.0,0.0,0.0,0.0,0.0,0.0,0.0,0.0,0.0,0.0
2014-09-24,0.0,0.0,0.0,0.0,0.0,0.0,0.0,0.0,0.0,0.0,0.0,0.0,0.0,0.0,0.0,0.0,0.0,0.0,0.0,0.0,0.0,0.0,0.0
2014-09-25,0.0,0.0,0.0,0.0,0.0,0.0,0.0,0.0,0.0,0.0,0.0,0.0,0.0,0.0,0.0,0.0,0.0,0.0,0.0,0.0,0.0,0.0,0.0
2014-09-26,0.0,0.0,0.0,0.0,0.0,0.0,0.0,0.0,0.0,0.0,0.0,0.0,0.0,0.0,0.0,0.0,0.0,0.0,0.0,0.0,0.0,0.0,0.0
2014-09-27,0.0,0.0,0.0,0.0,0.0,0.0,0.0,0.0,0.0,0.0,0.0,0.0,0.0,0.0,0.0,0.0,0.0,0.0,0.0,0.0,0.0,0.0,0.0
2014-09-28,0.0,0.0,0.0,0.0,0.0,0.0,0.0,0.0,0.0,0.0,0.0,0.0,0.0,0.0,0.0,0.0,0.0,0.0,0.0,0.0,0.0,0.0,0.0
2014-09-29,0.0,0.0,0.0,0.0,0.0,0.0,0.0,0.0,0.0,0.0,0.0,0.0,0.0,0.0,0.0,0.0,0.0,0.0,0.0,0.0,0.0,0.0,0.0
2014-09-30,0.0,0.0,0.0,0.0,0.0,0.0,0.0,0.0,0.0,0.0,0.0,0.0,0.0,0.0,0.0,0.0,0.0,0.0,0.0,0.0,0.0,0.0,0.0
2014-10-01,0.0,0.0,0.0,0.0,0.0,0.0,0.0,0.0,0.0,0.0,0.0,0.0,0.0,0.0,0.0,0.0,0.0,0.0,0.0,0.0,0.0,0.0,0.0
2014-10-02,0.0,0.0,0.0,0.0,0.0,0.0,0.0,0.0,0.0,0.0,0.0,0.0,0.0,0.0,0.0,0.0,0.0,0.0,0.0,0.0,0.0,0.0,0.0
2014-10-03,0.0,0.0,0.0,0.0,0.0,0.0,0.0,0.0,0.0,0.0,0.0,0.0,0.0,0.0,0.0,0.0,0.0,0.0,0.0,0.0,0.0,0.0,0.0
2014-10-04,0.0,0.0,0.0,0.0,0.0,0.0,0.0,0.0,0.0,0.0,0.0,0.0,0.0,0.0,0.0,0.0,0.0,0.0,0.0,0.0,0.0,0.0,0.0
2014-10-05,0.0,0.0,0.0,0.0,0.0,0.0,0.0,0.0,0.0,0.0,0.0,0.0,0.0,0.0,0.0,0.0,0.0,0.0,0.0,0.0,0.0,0.0,0.0
2014-10-06,0.0,0.0,0.0,0.0,0.0,0.0,0.0,0.0,0.0,0.0,0.0,1075170.0,0.0,0.0,0.0,0.0,0.0,0.0,0.0,0.0,0.0,0.0,0.0
2014-10-07,0.0,0.0,0.0,0.0,0.0,0.0,0.0,0.0,0.0,0.0,0.0,252160.0,0.0,0.0,0.0,0.0,0.0,0.0,0.0,0.0,0.0,0.0,0.0
2014-10-08,0.0,0.0,0.0,0.0,0.0,0.0,0.0,0.0,0.0,0.0,0.0,259580.0,0.0,0.0,0.0,0.0,0.0,0.0,0.0,0.0,0.0,0.0,0.0
2014-10-09,0.0,0.0,0.0,0.0,0.0,0.0,0.0,0.0,0.0,0.0,0.0,286330.0,0.0,0.0,0.0,0.0,0.0,0.0,0.0,0.0,0.0,0.0,0.0
2014-10-10,0.0,0.0,0.0,0.0,0.0,0.0,0.0,0.0,0.0,0.0,0.0,224720.0,0.0,0.0,0.0,0.0,0.0,0.0,0.0,0.0,0.0,0.0,0.0
2014-10-11,0.0,0.0,0.0,0.0,0.0,0.0,0.0,0.0,0.0,0.0,0.0,0.0,0.0,0.0,0.0,0.0,0.0,0.0,0.0,0.0,0.0,0.0,0.0
2014-10-12,0.0,0.0,0.0,0.0,0.0,0.0,0.0,0.0,0.0,0.0,0.0,0.0,0.0,0.0,0.0,0.0,0.0,0.0,0.0,0.0,0.0,0.0,0.0
2014-10-13,0.0,0.0,0.0,0.0,0.0,0.0,0.0,0.0,0.0,0.0,0.0,104260.0,0.0,0.0,0.0,0.0,0.0,0.0,0.0,0.0,0.0,0.0,0.0
2014-10-14,0.0,0.0,0.0,0.0,0.0,0.0,0.0,0.0,0.0,0.0,0.0,6550.0,0.0,0.0,0.0,0.0,0.0,0.0,0.0,0.0,0.0,0.0,0.0
2014-10-15,0.0,0.0,0.0,0.0,0.0,0.0,0.0,0.0,0.0,0.0,0.0,63710.0,0.0,0.0,0.0,0.0,0.0,0.0,0.0,0.0,0.0,0.0,0.0
2014-10-16,0.0,0.0,0.0,0.0,0.0,0.0,0.0,0.0,0.0,0.0,0.0,152580.0,0.0,0.0,0.0,0.0,0.0,0.0,0.0,0.0,0.0,0.0,0.0
2014-10-17,0.0,0.0,0.0,0.0,0.0,0.0,0.0,0.0,0.0,0.0,0.0,44150.0,0.0,0.0,0.0,0.0,0.0,0.0,0.0,0.0,0.0,0.0,0.0
2014-10-18,0.0,0.0,0.0,0.0,0.0,0.0,0.0,0.0,0.0,0.0,0.0,0.0,0.0,0.0,0.0,0.0,0.0,0.0,0.0,0.0,0.0,0.0,0.0
2014-10-19,0.0,0.0,0.0,0.0,0.0,0.0,0.0,0.0,0.0,0.0,0.0,0.0,0.0,0.0,0.0,0.0,0.0,0.0,0.0,0.0,0.0,0.0,0.0
2014-10-20,0.0,0.0,0.0,0.0,0.0,0.0,0.0,0.0,0.0,0.0,0.0,40970.0,0.0,0.0,0.0,0.0,0.0,0.0,0.0,0.0,0.0,0.0,0.0
2014-10-21,0.0,0.0,0.0,0.0,0.0,0.0,0.0,0.0,0.0,0.0,0.0,33620.0,0.0,0.0,0.0,0.0,0.0,0.0,0.0,0.0,0.0,0.0,0.0
2014-10-22,0.0,0.0,0.0,0.0,0.0,0.0,0.0,0.0,0.0,0.0,0.0,10540.0,0.0,0.0,0.0,0.0,0.0,0.0,0.0,0.0,0.0,0.0,0.0
2014-10-23,0.0,0.0,0.0,0.0,0.0,0.0,0.0,0.0,0.0,0.0,0.0,137180.0,0.0,0.0,0.0,0.0,0.0,0.0,0.0,0.0,0.0,0.0,0.0
2014-10-24,0.0,0.0,0.0,0.0,0.0,0.0,0.0,0.0,0.0,0.0,0.0,9390.0,0.0,0.0,0.0,0.0,0.0,0.0,0.0,0.0,0.0,0.0,0.0
2014-10-25,0.0,0.0,0.0,0.0,0.0,0.0,0.0,0.0,0.0,0.0,0.0,0.0,0.0,0.0,0.0,0.0,0.0,0.0,0.0,0.0,0.0,0.0,0.0
2014-10-26,0.0,0.0,0.0,0.0,0.0,0.0,0.0,0.0,0.0,0.0,0.0,0.0,0.0,0.0,0.0,0.0,0.0,0.0,0.0,0.0,0.0,0.0,0.0
2014-10-27,0.0,0.0,0.0,0.0,0.0,0.0,0.0,0.0,0.0,0.0,0.0,47190.0,0.0,0.0,0.0,0.0,0.0,0.0,0.0,0.0,0.0,0.0,0.0
2014-10-28,0.0,0.0,0.0,0.0,0.0,0.0,0.0,0.0,0.0,0.0,0.0,13240.0,0.0,0.0,0.0,0.0,0.0,0.0,0.0,0.0,0.0,0.0,0.0
2014-10-29,0.0,0.0,0.0,0.0,0.0,0.0,0.0,0.0,0.0,0.0,0.0,4780.0,0.0,0.0,0.0,0.0,0.0,0.0,0.0,0.0,0.0,0.0,0.0
2014-10-30,0.0,0.0,0.0,0.0,0.0,0.0,0.0,0.0,0.0,0.0,0.0,13410.0,0.0,0.0,0.0,0.0,0.0,0.0,0.0,0.0,0.0,0.0,0.0
2014-10-31,0.0,0.0,0.0,0.0,0.0,0.0,0.0,0.0,0.0,0.0,0.0,523960.0,0.0,0.0,0.0,0.0,0.0,0.0,0.0,0.0,0.0,0.0,0.0
2014-11-01,0.0,0.0,0.0,0.0,0.0,0.0,0.0,0.0,0.0,0.0,0.0,0.0,0.0,0.0,0.0,0.0,0.0,0.0,0.0,0.0,0.0,0.0,0.0
2014-11-02,0.0,0.0,0.0,0.0,0.0,0.0,0.0,0.0,0.0,0.0,0.0,0.0,0.0,0.0,0.0,0.0,0.0,0.0,0.0,0.0,0.0,0.0,0.0
2014-11-03,0.0,0.0,0.0,0.0,0.0,0.0,0.0,0.0,0.0,0.0,0.0,571720.0,0.0,0.0,0.0,0.0,0.0,0.0,0.0,0.0,0.0,0.0,0.0
2014-11-04,0.0,0.0,0.0,0.0,0.0,0.0,0.0,0.0,0.0,0.0,0.0,528730.0,0.0,0.0,0.0,0.0,0.0,0.0,0.0,0.0,0.0,0.0,0.0
2014-11-05,0.0,0.0,0.0,0.0,0.0,0.0,0.0,0.0,0.0,0.0,0.0,565510.0,0.0,0.0,0.0,0.0,0.0,0.0,0.0,0.0,0.0,0.0,0.0
2014-11-06,0.0,0.0,0.0,0.0,0.0,0.0,0.0,0.0,0.0,0.0,0.0,528800.0,0.0,0.0,0.0,0.0,0.0,0.0,0.0,0.0,0.0,0.0,0.0
2014-11-07,0.0,0.0,0.0,0.0,0.0,0.0,0.0,0.0,0.0,0.0,0.0,20830.0,0.0,0.0,0.0,0.0,0.0,0.0,0.0,0.0,0.0,0.0,0.0
2014-11-08,0.0,0.0,0.0,0.0,0.0,0.0,0.0,0.0,0.0,0.0,0.0,0.0,0.0,0.0,0.0,0.0,0.0,0.0,0.0,0.0,0.0,0.0,0.0
2014-11-09,0.0,0.0,0.0,0.0,0.0,0.0,0.0,0.0,0.0,0.0,0.0,0.0,0.0,0.0,0.0,0.0,0.0,0.0,0.0,0.0,0.0,0.0,0.0
2014-11-10,0.0,0.0,0.0,0.0,0.0,0.0,0.0,0.0,0.0,0.0,0.0,877300.0,0.0,0.0,0.0,0.0,0.0,0.0,0.0,0.0,0.0,0.0,0.0
2014-11-11,0.0,0.0,0.0,0.0,0.0,0.0,0.0,0.0,0.0,0.0,0.0,42460.0,0.0,0.0,0.0,0.0,0.0,0.0,0.0,0.0,0.0,0.0,0.0
2014-11-12,0.0,0.0,0.0,0.0,0.0,0.0,0.0,0.0,0.0,0.0,0.0,140830.0,0.0,0.0,0.0,0.0,0.0,0.0,0.0,0.0,0.0,0.0,0.0
2014-11-13,0.0,0.0,0.0,0.0,0.0,0.0,0.0,0.0,0.0,0.0,0.0,102980.0,0.0,0.0,0.0,0.0,0.0,0.0,0.0,0.0,0.0,0.0,0.0
2014-11-14,0.0,0.0,0.0,0.0,0.0,0.0,0.0,0.0,0.0,0.0,0.0,7380.0,0.0,0.0,0.0,0.0,0.0,0.0,0.0,0.0,0.0,0.0,0.0
2014-11-15,0.0,0.0,0.0,0.0,0.0,0.0,0.0,0.0,0.0,0.0,0.0,0.0,0.0,0.0,0.0,0.0,0.0,0.0,0.0,0.0,0.0,0.0,0.0
2014-11-16,0.0,0.0,0.0,0.0,0.0,0.0,0.0,0.0,0.0,0.0,0.0,0.0,0.0,0.0,0.0,0.0,0.0,0.0,0.0,0.0,0.0,0.0,0.0
2014-11-17,0.0,0.0,0.0,0.0,0.0,0.0,0.0,0.0,0.0,0.0,0.0,6620.0,0.0,0.0,0.0,0.0,0.0,0.0,0.0,0.0,0.0,0.0,0.0
2014-11-18,0.0,0.0,0.0,0.0,0.0,0.0,0.0,0.0,0.0,0.0,0.0,410440.0,0.0,0.0,0.0,0.0,0.0,0.0,0.0,0.0,0.0,0.0,0.0
2014-11-19,0.0,0.0,0.0,0.0,0.0,0.0,0.0,0.0,0.0,0.0,0.0,411290.0,0.0,0.0,0.0,0.0,0.0,0.0,0.0,0.0,0.0,0.0,0.0
2014-11-20,0.0,0.0,0.0,0.0,0.0,0.0,0.0,0.0,0.0,0.0,0.0,403040.0,0.0,0.0,0.0,0.0,0.0,0.0,0.0,0.0,0.0,0.0,0.0
2014-11-21,0.0,0.0,0.0,0.0,0.0,0.0,0.0,0.0,0.0,0.0,0.0,492110.0,0.0,0.0,0.0,0.0,0.0,0.0,0.0,0.0,0.0,0.0,0.0
2014-11-22,0.0,0.0,0.0,0.0,0.0,0.0,0.0,0.0,0.0,0.0,0.0,0.0,0.0,0.0,0.0,0.0,0.0,0.0,0.0,0.0,0.0,0.0,0.0
2014-11-23,0.0,0.0,0.0,0.0,0.0,0.0,0.0,0.0,0.0,0.0,0.0,0.0,0.0,0.0,0.0,0.0,0.0,0.0,0.0,0.0,0.0,0.0,0.0
2014-11-24,0.0,0.0,0.0,0.0,0.0,0.0,0.0,0.0,0.0,0.0,0.0,29080.0,0.0,0.0,0.0,0.0,0.0,0.0,0.0,0.0,0.0,0.0,0.0
2014-11-25,0.0,0.0,0.0,0.0,0.0,0.0,0.0,0.0,0.0,0.0,0.0,3710.0,0.0,0.0,0.0,0.0,0.0,0.0,0.0,0.0,0.0,0.0,0.0
2014-11-26,0.0,0.0,0.0,0.0,0.0,0.0,0.0,0.0,0.0,0.0,0.0,3570.0,0.0,0.0,0.0,0.0,0.0,0.0,0.0,0.0,0.0,0.0,0.0
2014-11-27,0.0,0.0,0.0,0.0,0.0,0.0,0.0,0.0,0.0,0.0,0.0,6630.0,0.0,0.0,0.0,0.0,0.0,0.0,0.0,0.0,0.0,0.0,0.0
2014-11-28,0.0,0.0,0.0,0.0,0.0,0.0,0.0,0.0,0.0,0.0,0.0,1310.0,0.0,0.0,0.0,0.0,0.0,0.0,0.0,0.0,0.0,0.0,0.0
2014-11-29,0.0,0.0,0.0,0.0,0.0,0.0,0.0,0.0,0.0,0.0,0.0,0.0,0.0,0.0,0.0,0.0,0.0,0.0,0.0,0.0,0.0,0.0,0.0
2014-11-30,0.0,0.0,0.0,0.0,0.0,0.0,0.0,0.0,0.0,0.0,0.0,0.0,0.0,0.0,0.0,0.0,0.0,0.0,0.0,0.0,0.0,0.0,0.0
2014-12-01,0.0,0.0,0.0,0.0,0.0,0.0,0.0,0.0,0.0,0.0,0.0,50.0,0.0,0.0,0.0,0.0,0.0,0.0,0.0,0.0,0.0,0.0,0.0
2014-12-02,0.0,0.0,0.0,0.0,0.0,0.0,0.0,0.0,0.0,0.0,0.0,1250.0,0.0,0.0,0.0,0.0,0.0,0.0,0.0,0.0,0.0,0.0,0.0
2014-12-03,0.0,0.0,0.0,0.0,0.0,0.0,0.0,0.0,0.0,0.0,0.0,10360.0,0.0,0.0,0.0,0.0,0.0,0.0,0.0,0.0,0.0,0.0,0.0
2014-12-04,0.0,0.0,0.0,0.0,0.0,0.0,0.0,0.0,0.0,0.0,0.0,1910.0,0.0,0.0,0.0,0.0,0.0,0.0,0.0,0.0,0.0,0.0,0.0
2014-12-05,0.0,0.0,0.0,0.0,0.0,0.0,0.0,0.0,0.0,0.0,0.0,44640.0,0.0,0.0,0.0,0.0,0.0,0.0,0.0,0.0,0.0,0.0,0.0
2014-12-06,0.0,0.0,0.0,0.0,0.0,0.0,0.0,0.0,0.0,0.0,0.0,0.0,0.0,0.0,0.0,0.0,0.0,0.0,0.0,0.0,0.0,0.0,0.0
2014-12-07,0.0,0.0,0.0,0.0,0.0,0.0,0.0,0.0,0.0,0.0,0.0,0.0,0.0,0.0,0.0,0.0,0.0,0.0,0.0,0.0,0.0,0.0,0.0
2014-12-08,0.0,0.0,0.0,0.0,0.0,0.0,0.0,0.0,0.0,0.0,0.0,2960.0,0.0,0.0,0.0,0.0,0.0,0.0,0.0,0.0,0.0,0.0,0.0
2014-12-09,0.0,0.0,0.0,0.0,0.0,0.0,0.0,0.0,0.0,0.0,0.0,10550.0,0.0,0.0,0.0,0.0,0.0,0.0,0.0,0.0,0.0,0.0,0.0
2014-12-10,0.0,0.0,0.0,0.0,0.0,0.0,0.0,0.0,0.0,0.0,0.0,80100.0,0.0,0.0,0.0,0.0,0.0,0.0,0.0,0.0,0.0,0.0,0.0
2014-12-11,0.0,0.0,0.0,0.0,0.0,0.0,0.0,0.0,0.0,0.0,0.0,95100.0,0.0,0.0,0.0,0.0,0.0,0.0,0.0,0.0,0.0,0.0,0.0
2014-12-12,0.0,0.0,0.0,0.0,0.0,0.0,0.0,0.0,0.0,0.0,0.0,5890.0,0.0,0.0,0.0,0.0,0.0,0.0,0.0,0.0,0.0,0.0,0.0
2014-12-13,0.0,0.0,0.0,0.0,0.0,0.0,0.0,0.0,0.0,0.0,0.0,0.0,0.0,0.0,0.0,0.0,0.0,0.0,0.0,0.0,0.0,0.0,0.0
2014-12-14,0.0,0.0,0.0,0.0,0.0,0.0,0.0,0.0,0.0,0.0,0.0,0.0,0.0,0.0,0.0,0.0,0.0,0.0,0.0,0.0,0.0,0.0,0.0
2014-12-15,0.0,0.0,0.0,0.0,0.0,0.0,0.0,0.0,0.0,0.0,0.0,48470.0,0.0,0.0,0.0,0.0,0.0,0.0,0.0,0.0,0.0,0.0,0.0
2014-12-16,0.0,0.0,0.0,0.0,0.0,0.0,0.0,0.0,0.0,0.0,0.0,105310.0,0.0,0.0,0.0,0.0,0.0,0.0,0.0,0.0,0.0,0.0,0.0
2014-12-17,0.0,0.0,0.0,0.0,0.0,0.0,0.0,0.0,0.0,0.0,0.0,63460.0,0.0,0.0,0.0,0.0,0.0,0.0,0.0,0.0,0.0,0.0,0.0
2014-12-18,0.0,0.0,0.0,0.0,0.0,0.0,0.0,0.0,0.0,0.0,0.0,28110.0,0.0,0.0,0.0,0.0,0.0,0.0,0.0,0.0,0.0,0.0,0.0
2014-12-19,0.0,0.0,0.0,0.0,0.0,0.0,0.0,0.0,0.0,0.0,0.0,11400.0,0.0,0.0,0.0,0.0,0.0,0.0,0.0,0.0,0.0,0.0,0.0
2014-12-20,0.0,0.0,0.0,0.0,0.0,0.0,0.0,0.0,0.0,0.0,0.0,0.0,0.0,0.0,0.0,0.0,0.0,0.0,0.0,0.0,0.0,0.0,0.0
2014-12-21,0.0,0.0,0.0,0.0,0.0,0.0,0.0,0.0,0.0,0.0,0.0,0.0,0.0,0.0,0.0,0.0,0.0,0.0,0.0,0.0,0.0,0.0,0.0
2014-12-22,0.0,0.0,0.0,0.0,0.0,0.0,0.0,0.0,0.0,0.0,0.0,38550.0,0.0,0.0,0.0,0.0,0.0,0.0,0.0,0.0,0.0,0.0,0.0
2014-12-23,0.0,0.0,0.0,0.0,0.0,0.0,0.0,0.0,0.0,0.0,0.0,115910.0,0.0,0.0,0.0,0.0,0.0,0.0,0.0,0.0,0.0,0.0,0.0
2014-12-24,0.0,0.0,0.0,0.0,0.0,0.0,0.0,0.0,0.0,0.0,0.0,48660.0,0.0,0.0,0.0,0.0,0.0,0.0,0.0,0.0,0.0,0.0,0.0
2014-12-25,0.0,0.0,0.0,0.0,0.0,0.0,0.0,0.0,0.0,0.0,0.0,63100.0,0.0,0.0,0.0,0.0,0.0,0.0,0.0,0.0,0.0,0.0,0.0
2014-12-26,0.0,0.0,0.0,0.0,0.0,0.0,0.0,0.0,0.0,0.0,0.0,1160.0,0.0,0.0,0.0,0.0,0.0,0.0,0.0,0.0,0.0,0.0,0.0
2014-12-27,0.0,0.0,0.0,0.0,0.0,0.0,0.0,0.0,0.0,0.0,0.0,0.0,0.0,0.0,0.0,0.0,0.0,0.0,0.0,0.0,0.0,0.0,0.0
2014-12-28,0.0,0.0,0.0,0.0,0.0,0.0,0.0,0.0,0.0,0.0,0.0,0.0,0.0,0.0,0.0,0.0,0.0,0.0,0.0,0.0,0.0,0.0,0.0
2014-12-29,0.0,0.0,0.0,0.0,0.0,0.0,0.0,0.0,0.0,0.0,0.0,19580.0,0.0,0.0,0.0,0.0,0.0,0.0,0.0,0.0,0.0,0.0,0.0
2014-12-30,0.0,0.0,0.0,0.0,0.0,0.0,0.0,0.0,0.0,0.0,0.0,10330.0,0.0,0.0,0.0,0.0,0.0,0.0,0.0,0.0,0.0,0.0,0.0
2014-12-31,0.0,0.0,0.0,0.0,0.0,0.0,0.0,0.0,0.0,0.0,0.0,4090.0,0.0,0.0,0.0,0.0,0.0,0.0,0.0,0.0,0.0,0.0,0.0
2015-01-01,0.0,0.0,0.0,0.0,0.0,0.0,0.0,0.0,0.0,0.0,0.0,0.0,0.0,0.0,0.0,0.0,0.0,0.0,0.0,0.0,0.0,0.0,0.0
2015-01-02,0.0,0.0,0.0,0.0,0.0,0.0,0.0,0.0,0.0,0.0,0.0,0.0,0.0,0.0,0.0,0.0,0.0,0.0,0.0,0.0,0.0,0.0,0.0
2015-01-03,0.0,0.0,0.0,0.0,0.0,0.0,0.0,0.0,0.0,0.0,0.0,0.0,0.0,0.0,0.0,0.0,0.0,0.0,0.0,0.0,0.0,0.0,0.0
2015-01-04,0.0,0.0,0.0,0.0,0.0,0.0,0.0,0.0,0.0,0.0,0.0,0.0,0.0,0.0,0.0,0.0,0.0,0.0,0.0,0.0,0.0,0.0,0.0
2015-01-05,0.0,0.0,0.0,0.0,0.0,0.0,0.0,0.0,0.0,0.0,0.0,17810.0,0.0,0.0,0.0,0.0,0.0,0.0,0.0,0.0,0.0,0.0,0.0
2015-01-06,0.0,0.0,0.0,0.0,0.0,0.0,0.0,0.0,0.0,0.0,0.0,19840.0,0.0,0.0,0.0,0.0,0.0,0.0,0.0,0.0,0.0,0.0,0.0
2015-01-07,0.0,0.0,0.0,0.0,0.0,0.0,0.0,0.0,0.0,0.0,0.0,15940.0,0.0,0.0,0.0,0.0,0.0,0.0,0.0,0.0,0.0,0.0,0.0
2015-01-08,0.0,0.0,0.0,0.0,0.0,0.0,0.0,0.0,0.0,0.0,0.0,25600.0,0.0,0.0,0.0,0.0,0.0,0.0,0.0,0.0,0.0,0.0,0.0
2015-01-09,0.0,0.0,0.0,0.0,0.0,0.0,0.0,0.0,0.0,0.0,0.0,49670.0,0.0,0.0,0.0,0.0,0.0,0.0,0.0,0.0,0.0,0.0,0.0
2015-01-10,0.0,0.0,0.0,0.0,0.0,0.0,0.0,0.0,0.0,0.0,0.0,0.0,0.0,0.0,0.0,0.0,0.0,0.0,0.0,0.0,0.0,0.0,0.0
2015-01-11,0.0,0.0,0.0,0.0,0.0,0.0,0.0,0.0,0.0,0.0,0.0,0.0,0.0,0.0,0.0,0.0,0.0,0.0,0.0,0.0,0.0,0.0,0.0
2015-01-12,0.0,0.0,0.0,0.0,0.0,0.0,0.0,0.0,0.0,0.0,0.0,84430.0,0.0,0.0,0.0,0.0,0.0,0.0,0.0,0.0,0.0,0.0,0.0
2015-01-13,0.0,0.0,0.0,0.0,0.0,0.0,0.0,0.0,0.0,0.0,0.0,60830.0,0.0,0.0,0.0,0.0,0.0,0.0,0.0,0.0,0.0,0.0,0.0
2015-01-14,0.0,0.0,0.0,0.0,0.0,0.0,0.0,0.0,0.0,0.0,0.0,48280.0,0.0,0.0,0.0,0.0,0.0,0.0,0.0,0.0,0.0,0.0,0.0
2015-01-15,0.0,0.0,0.0,0.0,0.0,0.0,0.0,0.0,0.0,0.0,0.0,58000.0,0.0,0.0,0.0,0.0,0.0,0.0,0.0,0.0,0.0,0.0,0.0
2015-01-16,0.0,0.0,0.0,0.0,0.0,0.0,0.0,0.0,0.0,0.0,0.0,56290.0,0.0,0.0,0.0,0.0,0.0,0.0,0.0,0.0,0.0,0.0,0.0
2015-01-17,0.0,0.0,0.0,0.0,0.0,0.0,0.0,0.0,0.0,0.0,0.0,0.0,0.0,0.0,0.0,0.0,0.0,0.0,0.0,0.0,0.0,0.0,0.0
2015-01-18,0.0,0.0,0.0,0.0,0.0,0.0,0.0,0.0,0.0,0.0,0.0,0.0,0.0,0.0,0.0,0.0,0.0,0.0,0.0,0.0,0.0,0.0,0.0
2015-01-19,0.0,0.0,0.0,0.0,0.0,0.0,0.0,0.0,0.0,0.0,0.0,86310.0,0.0,0.0,0.0,0.0,0.0,0.0,0.0,0.0,0.0,0.0,0.0
2015-01-20,0.0,0.0,0.0,0.0,0.0,0.0,0.0,0.0,0.0,0.0,0.0,69150.0,0.0,0.0,0.0,0.0,0.0,0.0,0.0,0.0,0.0,0.0,0.0
2015-01-21,0.0,0.0,0.0,0.0,0.0,0.0,0.0,0.0,0.0,0.0,0.0,59010.0,0.0,0.0,0.0,0.0,0.0,0.0,0.0,0.0,0.0,0.0,0.0
2015-01-22,0.0,0.0,0.0,0.0,0.0,0.0,0.0,0.0,0.0,0.0,0.0,55350.0,0.0,0.0,0.0,0.0,0.0,0.0,0.0,0.0,0.0,0.0,0.0
2015-01-23,0.0,0.0,0.0,0.0,0.0,0.0,0.0,0.0,0.0,0.0,0.0,111380.0,0.0,0.0,0.0,0.0,0.0,0.0,0.0,0.0,0.0,0.0,0.0
2015-01-24,0.0,0.0,0.0,0.0,0.0,0.0,0.0,0.0,0.0,0.0,0.0,0.0,0.0,0.0,0.0,0.0,0.0,0.0,0.0,0.0,0.0,0.0,0.0
2015-01-25,0.0,0.0,0.0,0.0,0.0,0.0,0.0,0.0,0.0,0.0,0.0,0.0,0.0,0.0,0.0,0.0,0.0,0.0,0.0,0.0,0.0,0.0,0.0
2015-01-26,0.0,0.0,0.0,0.0,0.0,0.0,0.0,0.0,0.0,0.0,0.0,68010.0,0.0,0.0,0.0,0.0,0.0,0.0,0.0,0.0,0.0,0.0,0.0
2015-01-27,0.0,0.0,0.0,0.0,0.0,0.0,0.0,0.0,0.0,0.0,0.0,86620.0,0.0,0.0,0.0,0.0,0.0,0.0,0.0,0.0,0.0,0.0,0.0
2015-01-28,0.0,0.0,0.0,0.0,0.0,0.0,0.0,0.0,0.0,0.0,0.0,80060.0,0.0,0.0,0.0,0.0,0.0,0.0,0.0,0.0,0.0,0.0,0.0
2015-01-29,0.0,0.0,0.0,0.0,0.0,0.0,0.0,0.0,0.0,0.0,0.0,53620.0,0.0,0.0,0.0,0.0,0.0,0.0,0.0,0.0,0.0,0.0,0.0
2015-01-30,0.0,0.0,0.0,0.0,0.0,0.0,0.0,0.0,0.0,0.0,0.0,50800.0,0.0,0.0,0.0,0.0,0.0,0.0,0.0,0.0,0.0,0.0,0.0
2015-01-31,0.0,0.0,0.0,0.0,0.0,0.0,0.0,0.0,0.0,0.0,0.0,0.0,0.0,0.0,0.0,0.0,0.0,0.0,0.0,0.0,0.0,0.0,0.0
2015-02-01,0.0,0.0,0.0,0.0,0.0,0.0,0.0,0.0,0.0,0.0,0.0,0.0,0.0,0.0,0.0,0.0,0.0,0.0,0.0,0.0,0.0,0.0,0.0
2015-02-02,0.0,0.0,0.0,0.0,0.0,0.0,0.0,0.0,0.0,0.0,0.0,24800.0,0.0,0.0,0.0,0.0,0.0,0.0,0.0,0.0,0.0,0.0,0.0
2015-02-03,0.0,0.0,0.0,0.0,0.0,0.0,0.0,0.0,0.0,0.0,0.0,2020.0,0.0,0.0,0.0,0.0,0.0,0.0,0.0,0.0,0.0,0.0,0.0
2015-02-04,0.0,0.0,0.0,0.0,0.0,0.0,0.0,0.0,0.0,0.0,0.0,1700.0,0.0,0.0,0.0,0.0,0.0,0.0,0.0,0.0,0.0,0.0,0.0
2015-02-05,0.0,0.0,0.0,0.0,0.0,0.0,0.0,0.0,0.0,0.0,0.0,4180.0,0.0,0.0,0.0,0.0,0.0,0.0,0.0,0.0,0.0,0.0,0.0
2015-02-06,0.0,0.0,0.0,0.0,0.0,0.0,0.0,0.0,0.0,0.0,0.0,80960.0,0.0,0.0,0.0,0.0,0.0,0.0,0.0,0.0,0.0,0.0,0.0
2015-02-07,0.0,0.0,0.0,0.0,0.0,0.0,0.0,0.0,0.0,0.0,0.0,0.0,0.0,0.0,0.0,0.0,0.0,0.0,0.0,0.0,0.0,0.0,0.0
2015-02-08,0.0,0.0,0.0,0.0,0.0,0.0,0.0,0.0,0.0,0.0,0.0,0.0,0.0,0.0,0.0,0.0,0.0,0.0,0.0,0.0,0.0,0.0,0.0
2015-02-09,0.0,0.0,0.0,0.0,0.0,0.0,0.0,0.0,0.0,0.0,0.0,40380.0,0.0,0.0,0.0,0.0,0.0,0.0,0.0,0.0,0.0,0.0,0.0
2015-02-10,0.0,0.0,0.0,0.0,0.0,0.0,0.0,0.0,0.0,0.0,0.0,109710.0,0.0,0.0,0.0,0.0,0.0,0.0,0.0,0.0,0.0,0.0,0.0
2015-02-11,0.0,0.0,0.0,0.0,0.0,0.0,0.0,0.0,0.0,0.0,0.0,104000.0,0.0,0.0,0.0,0.0,0.0,0.0,0.0,0.0,0.0,0.0,0.0
2015-02-12,0.0,0.0,0.0,0.0,0.0,0.0,0.0,0.0,0.0,0.0,0.0,630.0,0.0,0.0,0.0,0.0,0.0,0.0,0.0,0.0,0.0,0.0,0.0
2015-02-13,0.0,0.0,0.0,0.0,0.0,0.0,0.0,0.0,0.0,0.0,0.0,40.0,0.0,0.0,0.0,0.0,0.0,0.0,0.0,0.0,0.0,0.0,0.0
2015-02-14,0.0,0.0,0.0,0.0,0.0,0.0,0.0,0.0,0.0,0.0,0.0,0.0,0.0,0.0,0.0,0.0,0.0,0.0,0.0,0.0,0.0,0.0,0.0
2015-02-15,0.0,0.0,0.0,0.0,0.0,0.0,0.0,0.0,0.0,0.0,0.0,0.0,0.0,0.0,0.0,0.0,0.0,0.0,0.0,0.0,0.0,0.0,0.0
2015-02-16,0.0,0.0,0.0,0.0,0.0,0.0,0.0,0.0,0.0,0.0,0.0,0.0,0.0,0.0,0.0,0.0,0.0,0.0,0.0,0.0,0.0,0.0,0.0
2015-02-17,0.0,0.0,0.0,0.0,0.0,0.0,0.0,0.0,0.0,0.0,0.0,0.0,0.0,0.0,0.0,0.0,0.0,0.0,0.0,0.0,0.0,0.0,0.0
2015-02-18,0.0,0.0,0.0,0.0,0.0,0.0,0.0,0.0,0.0,0.0,0.0,0.0,0.0,0.0,0.0,0.0,0.0,0.0,0.0,0.0,0.0,0.0,0.0
2015-02-19,0.0,0.0,0.0,0.0,0.0,0.0,0.0,0.0,0.0,0.0,0.0,0.0,0.0,0.0,0.0,0.0,0.0,0.0,0.0,0.0,0.0,0.0,0.0
2015-02-20,0.0,0.0,0.0,0.0,0.0,0.0,0.0,0.0,0.0,0.0,0.0,0.0,0.0,0.0,0.0,0.0,0.0,0.0,0.0,0.0,0.0,0.0,0.0
2015-02-21,0.0,0.0,0.0,0.0,0.0,0.0,0.0,0.0,0.0,0.0,0.0,0.0,0.0,0.0,0.0,0.0,0.0,0.0,0.0,0.0,0.0,0.0,0.0
2015-02-22,0.0,0.0,0.0,0.0,0.0,0.0,0.0,0.0,0.0,0.0,0.0,0.0,0.0,0.0,0.0,0.0,0.0,0.0,0.0,0.0,0.0,0.0,0.0
2015-02-23,0.0,0.0,0.0,0.0,0.0,0.0,0.0,0.0,0.0,0.0,0.0,0.0,0.0,0.0,0.0,0.0,0.0,0.0,0.0,0.0,0.0,0.0,0.0
2015-02-24,0.0,0.0,0.0,0.0,0.0,0.0,0.0,0.0,0.0,0.0,0.0,16830.0,0.0,0.0,0.0,0.0,0.0,0.0,0.0,0.0,0.0,0.0,0.0
2015-02-25,0.0,0.0,0.0,0.0,0.0,0.0,0.0,0.0,0.0,0.0,0.0,8070.0,0.0,0.0,0.0,0.0,0.0,0.0,0.0,0.0,0.0,0.0,0.0
2015-02-26,0.0,0.0,0.0,0.0,0.0,0.0,0.0,0.0,0.0,0.0,0.0,41640.0,0.0,0.0,0.0,0.0,0.0,0.0,0.0,0.0,0.0,0.0,0.0
2015-02-27,0.0,0.0,0.0,0.0,0.0,0.0,0.0,0.0,0.0,0.0,0.0,63170.0,0.0,0.0,0.0,0.0,0.0,0.0,0.0,0.0,0.0,0.0,0.0
2015-02-28,0.0,0.0,0.0,0.0,0.0,0.0,0.0,0.0,0.0,0.0,0.0,0.0,0.0,0.0,0.0,0.0,0.0,0.0,0.0,0.0,0.0,0.0,0.0
2015-03-01,0.0,0.0,0.0,0.0,0.0,0.0,0.0,0.0,0.0,0.0,0.0,0.0,0.0,0.0,0.0,0.0,0.0,0.0,0.0,0.0,0.0,0.0,0.0
2015-03-02,0.0,0.0,0.0,0.0,0.0,0.0,0.0,0.0,0.0,0.0,0.0,50610.0,0.0,0.0,0.0,0.0,0.0,0.0,0.0,0.0,0.0,0.0,0.0
2015-03-03,0.0,0.0,0.0,0.0,0.0,0.0,0.0,0.0,0.0,0.0,0.0,42030.0,0.0,0.0,0.0,0.0,0.0,0.0,0.0,0.0,0.0,0.0,0.0
2015-03-04,0.0,0.0,0.0,0.0,0.0,0.0,0.0,0.0,0.0,0.0,0.0,47250.0,0.0,0.0,0.0,0.0,0.0,0.0,0.0,0.0,0.0,0.0,0.0
2015-03-05,0.0,0.0,0.0,0.0,0.0,0.0,0.0,0.0,0.0,0.0,0.0,45210.0,0.0,0.0,0.0,0.0,0.0,0.0,0.0,0.0,0.0,0.0,0.0
2015-03-06,0.0,0.0,0.0,0.0,0.0,0.0,0.0,0.0,0.0,0.0,0.0,45300.0,0.0,0.0,0.0,0.0,0.0,0.0,0.0,0.0,0.0,0.0,0.0
2015-03-07,0.0,0.0,0.0,0.0,0.0,0.0,0.0,0.0,0.0,0.0,0.0,0.0,0.0,0.0,0.0,0.0,0.0,0.0,0.0,0.0,0.0,0.0,0.0
2015-03-08,0.0,0.0,0.0,0.0,0.0,0.0,0.0,0.0,0.0,0.0,0.0,0.0,0.0,0.0,0.0,0.0,0.0,0.0,0.0,0.0,0.0,0.0,0.0
2015-03-09,0.0,0.0,0.0,0.0,0.0,0.0,0.0,0.0,0.0,0.0,0.0,68860.0,0.0,0.0,0.0,0.0,0.0,0.0,0.0,0.0,0.0,0.0,0.0
2015-03-10,0.0,0.0,0.0,0.0,0.0,0.0,0.0,0.0,0.0,0.0,0.0,100.0,0.0,0.0,0.0,0.0,0.0,0.0,0.0,0.0,0.0,0.0,0.0
2015-03-11,0.0,0.0,0.0,0.0,0.0,0.0,0.0,0.0,0.0,0.0,0.0,2040.0,0.0,0.0,0.0,0.0,0.0,0.0,0.0,0.0,0.0,0.0,0.0
2015-03-12,0.0,0.0,0.0,0.0,0.0,0.0,0.0,0.0,0.0,0.0,0.0,13310.0,0.0,0.0,0.0,0.0,0.0,0.0,0.0,0.0,0.0,0.0,0.0
2015-03-13,0.0,0.0,0.0,0.0,0.0,0.0,0.0,0.0,0.0,0.0,0.0,50100.0,0.0,0.0,0.0,0.0,0.0,0.0,0.0,0.0,0.0,0.0,0.0
2015-03-14,0.0,0.0,0.0,0.0,0.0,0.0,0.0,0.0,0.0,0.0,0.0,0.0,0.0,0.0,0.0,0.0,0.0,0.0,0.0,0.0,0.0,0.0,0.0
2015-03-15,0.0,0.0,0.0,0.0,0.0,0.0,0.0,0.0,0.0,0.0,0.0,0.0,0.0,0.0,0.0,0.0,0.0,0.0,0.0,0.0,0.0,0.0,0.0
2015-03-16,0.0,0.0,0.0,0.0,0.0,0.0,0.0,0.0,0.0,0.0,0.0,49600.0,0.0,0.0,0.0,0.0,0.0,0.0,0.0,0.0,0.0,0.0,0.0
2015-03-17,0.0,0.0,0.0,0.0,0.0,0.0,0.0,0.0,0.0,0.0,0.0,49000.0,0.0,0.0,0.0,0.0,0.0,0.0,0.0,0.0,0.0,0.0,0.0
2015-03-18,0.0,0.0,0.0,0.0,0.0,0.0,0.0,0.0,0.0,0.0,0.0,50200.0,0.0,0.0,0.0,0.0,0.0,0.0,0.0,0.0,0.0,0.0,0.0
2015-03-19,0.0,0.0,0.0,0.0,0.0,0.0,0.0,0.0,0.0,0.0,0.0,51000.0,0.0,0.0,0.0,0.0,0.0,0.0,0.0,0.0,0.0,0.0,0.0
2015-03-20,0.0,0.0,0.0,0.0,0.0,0.0,0.0,0.0,0.0,0.0,0.0,48140.0,0.0,0.0,0.0,0.0,0.0,0.0,0.0,0.0,0.0,0.0,0.0
2015-03-21,0.0,0.0,0.0,0.0,0.0,0.0,0.0,0.0,0.0,0.0,0.0,0.0,0.0,0.0,0.0,0.0,0.0,0.0,0.0,0.0,0.0,0.0,0.0
2015-03-22,0.0,0.0,0.0,0.0,0.0,0.0,0.0,0.0,0.0,0.0,0.0,0.0,0.0,0.0,0.0,0.0,0.0,0.0,0.0,0.0,0.0,0.0,0.0
2015-03-23,0.0,0.0,0.0,0.0,0.0,0.0,0.0,0.0,0.0,0.0,0.0,37250.0,0.0,0.0,0.0,0.0,0.0,0.0,0.0,0.0,0.0,0.0,0.0
2015-03-24,0.0,0.0,0.0,0.0,0.0,0.0,0.0,0.0,0.0,0.0,0.0,42800.0,0.0,0.0,0.0,0.0,0.0,0.0,0.0,0.0,0.0,0.0,0.0
2015-03-25,0.0,0.0,0.0,0.0,0.0,0.0,0.0,0.0,0.0,0.0,0.0,1470.0,0.0,0.0,0.0,0.0,0.0,0.0,0.0,0.0,0.0,0.0,0.0
2015-03-26,0.0,0.0,0.0,0.0,0.0,0.0,0.0,0.0,0.0,0.0,0.0,300.0,0.0,0.0,0.0,0.0,0.0,0.0,0.0,0.0,0.0,0.0,0.0
2015-03-27,0.0,0.0,0.0,0.0,0.0,0.0,0.0,0.0,0.0,0.0,0.0,10000.0,0.0,0.0,0.0,0.0,0.0,0.0,0.0,0.0,0.0,0.0,0.0
2015-03-28,0.0,0.0,0.0,0.0,0.0,0.0,0.0,0.0,0.0,0.0,0.0,0.0,0.0,0.0,0.0,0.0,0.0,0.0,0.0,0.0,0.0,0.0,0.0
2015-03-29,0.0,0.0,0.0,0.0,0.0,0.0,0.0,0.0,0.0,0.0,0.0,0.0,0.0,0.0,0.0,0.0,0.0,0.0,0.0,0.0,0.0,0.0,0.0
2015-03-30,0.0,0.0,0.0,0.0,0.0,0.0,0.0,0.0,0.0,0.0,0.0,6590.0,0.0,0.0,0.0,0.0,0.0,0.0,0.0,0.0,0.0,0.0,0.0
2015-03-31,0.0,0.0,0.0,0.0,0.0,0.0,0.0,0.0,0.0,0.0,0.0,3150.0,0.0,0.0,0.0,0.0,0.0,0.0,0.0,0.0,0.0,0.0,0.0
2015-04-01,0.0,0.0,0.0,0.0,0.0,0.0,0.0,0.0,0.0,0.0,0.0,3320.0,0.0,0.0,0.0,0.0,0.0,0.0,0.0,0.0,0.0,0.0,0.0
2015-04-02,0.0,0.0,0.0,0.0,0.0,0.0,0.0,0.0,0.0,0.0,0.0,150850.0,0.0,0.0,0.0,0.0,0.0,0.0,0.0,0.0,0.0,0.0,0.0
2015-04-03,0.0,0.0,0.0,0.0,0.0,0.0,0.0,0.0,0.0,0.0,0.0,40320.0,0.0,0.0,0.0,0.0,0.0,0.0,0.0,0.0,0.0,0.0,0.0
2015-04-04,0.0,0.0,0.0,0.0,0.0,0.0,0.0,0.0,0.0,0.0,0.0,0.0,0.0,0.0,0.0,0.0,0.0,0.0,0.0,0.0,0.0,0.0,0.0
2015-04-05,0.0,0.0,0.0,0.0,0.0,0.0,0.0,0.0,0.0,0.0,0.0,0.0,0.0,0.0,0.0,0.0,0.0,0.0,0.0,0.0,0.0,0.0,0.0
2015-04-06,0.0,0.0,0.0,0.0,0.0,0.0,0.0,0.0,0.0,0.0,0.0,51600.0,0.0,0.0,0.0,0.0,0.0,0.0,0.0,0.0,0.0,0.0,0.0
2015-04-07,0.0,0.0,0.0,0.0,0.0,0.0,0.0,0.0,0.0,0.0,0.0,21420.0,0.0,0.0,0.0,0.0,0.0,0.0,0.0,0.0,0.0,0.0,0.0
2015-04-08,0.0,0.0,0.0,0.0,0.0,0.0,0.0,0.0,0.0,0.0,0.0,8090.0,0.0,0.0,0.0,0.0,0.0,0.0,0.0,0.0,0.0,0.0,0.0
2015-04-09,0.0,0.0,0.0,0.0,0.0,0.0,0.0,0.0,0.0,0.0,0.0,9110.0,0.0,0.0,0.0,0.0,0.0,0.0,0.0,0.0,0.0,0.0,0.0
2015-04-10,0.0,0.0,0.0,0.0,0.0,0.0,0.0,0.0,0.0,0.0,0.0,39700.0,0.0,0.0,0.0,0.0,0.0,0.0,0.0,0.0,0.0,0.0,0.0
2015-04-11,0.0,0.0,0.0,0.0,0.0,0.0,0.0,0.0,0.0,0.0,0.0,0.0,0.0,0.0,0.0,0.0,0.0,0.0,0.0,0.0,0.0,0.0,0.0
2015-04-12,0.0,0.0,0.0,0.0,0.0,0.0,0.0,0.0,0.0,0.0,0.0,0.0,0.0,0.0,0.0,0.0,0.0,0.0,0.0,0.0,0.0,0.0,0.0
2015-04-13,0.0,0.0,0.0,0.0,0.0,0.0,0.0,0.0,0.0,0.0,0.0,38160.0,0.0,0.0,0.0,0.0,0.0,0.0,0.0,0.0,0.0,0.0,0.0
2015-04-14,0.0,0.0,0.0,0.0,0.0,0.0,0.0,0.0,0.0,0.0,0.0,57870.0,0.0,0.0,0.0,0.0,0.0,0.0,0.0,0.0,0.0,0.0,0.0
2015-04-15,0.0,0.0,0.0,0.0,0.0,0.0,0.0,0.0,0.0,0.0,0.0,23010.0,0.0,0.0,0.0,0.0,0.0,0.0,0.0,0.0,0.0,0.0,0.0
2015-04-16,0.0,0.0,0.0,0.0,0.0,0.0,0.0,0.0,0.0,0.0,0.0,41570.0,0.0,0.0,0.0,0.0,0.0,0.0,0.0,0.0,0.0,0.0,0.0
2015-04-17,0.0,0.0,0.0,0.0,0.0,0.0,0.0,0.0,0.0,0.0,0.0,11170.0,0.0,0.0,0.0,0.0,0.0,0.0,0.0,0.0,0.0,0.0,0.0
2015-04-18,0.0,0.0,0.0,0.0,0.0,0.0,0.0,0.0,0.0,0.0,0.0,0.0,0.0,0.0,0.0,0.0,0.0,0.0,0.0,0.0,0.0,0.0,0.0
2015-04-19,0.0,0.0,0.0,0.0,0.0,0.0,0.0,0.0,0.0,0.0,0.0,0.0,0.0,0.0,0.0,0.0,0.0,0.0,0.0,0.0,0.0,0.0,0.0
2015-04-20,0.0,0.0,0.0,0.0,0.0,0.0,0.0,0.0,0.0,0.0,0.0,15150.0,0.0,0.0,0.0,0.0,0.0,0.0,0.0,0.0,0.0,0.0,0.0
2015-04-21,0.0,0.0,0.0,0.0,0.0,0.0,0.0,0.0,0.0,0.0,0.0,33830.0,0.0,0.0,0.0,0.0,0.0,0.0,0.0,0.0,0.0,0.0,0.0
2015-04-22,0.0,0.0,0.0,0.0,0.0,0.0,0.0,0.0,0.0,0.0,0.0,54900.0,0.0,0.0,0.0,0.0,0.0,0.0,0.0,0.0,0.0,0.0,0.0
2015-04-23,0.0,0.0,0.0,0.0,0.0,0.0,0.0,0.0,0.0,0.0,0.0,3020.0,0.0,0.0,0.0,0.0,0.0,0.0,0.0,0.0,0.0,0.0,0.0
2015-04-24,0.0,0.0,0.0,0.0,0.0,0.0,0.0,0.0,0.0,0.0,0.0,1010.0,0.0,0.0,0.0,0.0,0.0,0.0,0.0,0.0,0.0,0.0,0.0
2015-04-25,0.0,0.0,0.0,0.0,0.0,0.0,0.0,0.0,0.0,0.0,0.0,0.0,0.0,0.0,0.0,0.0,0.0,0.0,0.0,0.0,0.0,0.0,0.0
2015-04-26,0.0,0.0,0.0,0.0,0.0,0.0,0.0,0.0,0.0,0.0,0.0,0.0,0.0,0.0,0.0,0.0,0.0,0.0,0.0,0.0,0.0,0.0,0.0
2015-04-27,0.0,0.0,0.0,0.0,0.0,0.0,0.0,0.0,0.0,0.0,0.0,1040.0,0.0,0.0,0.0,0.0,0.0,0.0,0.0,0.0,0.0,0.0,0.0
2015-04-28,0.0,0.0,0.0,0.0,0.0,0.0,0.0,0.0,0.0,0.0,0.0,0.0,0.0,0.0,0.0,0.0,0.0,0.0,0.0,0.0,0.0,0.0,0.0
2015-04-29,0.0,0.0,0.0,0.0,0.0,0.0,0.0,0.0,0.0,0.0,0.0,0.0,0.0,0.0,0.0,0.0,0.0,0.0,0.0,0.0,0.0,0.0,0.0
2015-04-30,0.0,0.0,0.0,0.0,0.0,0.0,0.0,0.0,0.0,0.0,0.0,0.0,0.0,0.0,0.0,0.0,0.0,0.0,0.0,0.0,0.0,0.0,0.0
2015-05-01,0.0,0.0,0.0,0.0,0.0,0.0,0.0,0.0,0.0,0.0,0.0,0.0,0.0,0.0,0.0,0.0,0.0,0.0,0.0,0.0,0.0,0.0,0.0
2015-05-02,0.0,0.0,0.0,0.0,0.0,0.0,0.0,0.0,0.0,0.0,0.0,0.0,0.0,0.0,0.0,0.0,0.0,0.0,0.0,0.0,0.0,0.0,0.0
2015-05-03,0.0,0.0,0.0,0.0,0.0,0.0,0.0,0.0,0.0,0.0,0.0,0.0,0.0,0.0,0.0,0.0,0.0,0.0,0.0,0.0,0.0,0.0,0.0
2015-05-04,0.0,0.0,0.0,0.0,0.0,0.0,0.0,0.0,0.0,0.0,0.0,25790.0,0.0,0.0,0.0,0.0,0.0,0.0,0.0,0.0,0.0,0.0,0.0
2015-05-05,0.0,0.0,0.0,0.0,0.0,0.0,0.0,0.0,0.0,0.0,0.0,26540.0,0.0,0.0,0.0,0.0,0.0,0.0,0.0,0.0,0.0,0.0,0.0
2015-05-06,0.0,0.0,0.0,0.0,0.0,0.0,0.0,0.0,0.0,0.0,0.0,19950.0,0.0,0.0,0.0,0.0,0.0,0.0,0.0,0.0,0.0,0.0,0.0
2015-05-07,0.0,0.0,0.0,0.0,0.0,0.0,0.0,0.0,0.0,0.0,0.0,18010.0,0.0,0.0,0.0,0.0,0.0,0.0,0.0,0.0,0.0,0.0,0.0
2015-05-08,0.0,0.0,0.0,0.0,0.0,0.0,0.0,0.0,0.0,0.0,0.0,17500.0,0.0,0.0,0.0,0.0,0.0,0.0,0.0,0.0,0.0,0.0,0.0
2015-05-09,0.0,0.0,0.0,0.0,0.0,0.0,0.0,0.0,0.0,0.0,0.0,0.0,0.0,0.0,0.0,0.0,0.0,0.0,0.0,0.0,0.0,0.0,0.0
2015-05-10,0.0,0.0,0.0,0.0,0.0,0.0,0.0,0.0,0.0,0.0,0.0,0.0,0.0,0.0,0.0,0.0,0.0,0.0,0.0,0.0,0.0,0.0,0.0
2015-05-11,0.0,0.0,0.0,0.0,0.0,0.0,0.0,0.0,0.0,0.0,0.0,11930.0,0.0,0.0,0.0,0.0,0.0,0.0,0.0,0.0,0.0,0.0,0.0
2015-05-12,0.0,0.0,0.0,0.0,0.0,0.0,0.0,0.0,0.0,0.0,0.0,81030.0,0.0,0.0,0.0,0.0,0.0,0.0,0.0,0.0,0.0,0.0,0.0
2015-05-13,0.0,0.0,0.0,0.0,0.0,0.0,0.0,0.0,0.0,0.0,0.0,20010.0,0.0,0.0,0.0,0.0,0.0,0.0,0.0,0.0,0.0,0.0,0.0
2015-05-14,0.0,0.0,0.0,0.0,0.0,0.0,0.0,0.0,0.0,0.0,0.0,17510.0,0.0,0.0,0.0,0.0,0.0,0.0,0.0,0.0,0.0,0.0,0.0
2015-05-15,0.0,0.0,0.0,0.0,0.0,0.0,0.0,0.0,0.0,0.0,0.0,25520.0,0.0,0.0,0.0,0.0,0.0,0.0,0.0,0.0,0.0,0.0,0.0
2015-05-16,0.0,0.0,0.0,0.0,0.0,0.0,0.0,0.0,0.0,0.0,0.0,0.0,0.0,0.0,0.0,0.0,0.0,0.0,0.0,0.0,0.0,0.0,0.0
2015-05-17,0.0,0.0,0.0,0.0,0.0,0.0,0.0,0.0,0.0,0.0,0.0,0.0,0.0,0.0,0.0,0.0,0.0,0.0,0.0,0.0,0.0,0.0,0.0
2015-05-18,0.0,0.0,0.0,0.0,0.0,0.0,0.0,0.0,0.0,0.0,0.0,16440.0,0.0,0.0,0.0,0.0,0.0,0.0,0.0,0.0,0.0,0.0,0.0
2015-05-19,0.0,0.0,0.0,0.0,0.0,0.0,0.0,0.0,0.0,0.0,0.0,16140.0,0.0,0.0,0.0,0.0,0.0,0.0,0.0,0.0,0.0,0.0,0.0
2015-05-20,0.0,0.0,0.0,0.0,0.0,0.0,0.0,0.0,0.0,0.0,0.0,11310.0,0.0,0.0,0.0,0.0,0.0,0.0,0.0,0.0,0.0,0.0,0.0
2015-05-21,0.0,0.0,0.0,0.0,0.0,0.0,0.0,0.0,0.0,0.0,0.0,11100.0,0.0,0.0,0.0,0.0,0.0,0.0,0.0,0.0,0.0,0.0,0.0
2015-05-22,0.0,0.0,0.0,0.0,0.0,0.0,0.0,0.0,0.0,0.0,0.0,10450.0,0.0,0.0,0.0,0.0,0.0,0.0,0.0,0.0,0.0,0.0,0.0
2015-05-23,0.0,0.0,0.0,0.0,0.0,0.0,0.0,0.0,0.0,0.0,0.0,0.0,0.0,0.0,0.0,0.0,0.0,0.0,0.0,0.0,0.0,0.0,0.0
2015-05-24,0.0,0.0,0.0,0.0,0.0,0.0,0.0,0.0,0.0,0.0,0.0,0.0,0.0,0.0,0.0,0.0,0.0,0.0,0.0,0.0,0.0,0.0,0.0
2015-05-25,0.0,0.0,0.0,0.0,0.0,0.0,0.0,0.0,0.0,0.0,0.0,13730.0,0.0,0.0,0.0,0.0,0.0,0.0,0.0,0.0,0.0,0.0,0.0
2015-05-26,0.0,0.0,0.0,0.0,0.0,0.0,0.0,0.0,0.0,0.0,0.0,12320.0,0.0,0.0,0.0,0.0,0.0,0.0,0.0,0.0,0.0,0.0,0.0
2015-05-27,0.0,0.0,0.0,0.0,0.0,0.0,0.0,0.0,0.0,0.0,0.0,13150.0,0.0,0.0,0.0,0.0,0.0,0.0,0.0,0.0,0.0,0.0,0.0
2015-05-28,0.0,0.0,0.0,0.0,0.0,0.0,0.0,0.0,0.0,0.0,0.0,13010.0,0.0,0.0,0.0,0.0,0.0,0.0,0.0,0.0,0.0,0.0,0.0
2015-05-29,0.0,0.0,0.0,0.0,0.0,0.0,0.0,0.0,0.0,0.0,0.0,5520.0,0.0,0.0,0.0,0.0,0.0,0.0,0.0,0.0,0.0,0.0,0.0
2015-05-30,0.0,0.0,0.0,0.0,0.0,0.0,0.0,0.0,0.0,0.0,0.0,0.0,0.0,0.0,0.0,0.0,0.0,0.0,0.0,0.0,0.0,0.0,0.0
2015-05-31,0.0,0.0,0.0,0.0,0.0,0.0,0.0,0.0,0.0,0.0,0.0,0.0,0.0,0.0,0.0,0.0,0.0,0.0,0.0,0.0,0.0,0.0,0.0
2015-06-01,0.0,0.0,0.0,0.0,0.0,0.0,0.0,0.0,0.0,0.0,0.0,13250.0,0.0,0.0,0.0,0.0,0.0,0.0,0.0,0.0,0.0,0.0,0.0
2015-06-02,0.0,0.0,0.0,0.0,0.0,0.0,0.0,0.0,0.0,0.0,0.0,11240.0,0.0,0.0,0.0,0.0,0.0,0.0,0.0,0.0,0.0,0.0,0.0
2015-06-03,0.0,0.0,0.0,0.0,0.0,0.0,0.0,0.0,0.0,0.0,0.0,13000.0,0.0,0.0,0.0,0.0,0.0,0.0,0.0,0.0,0.0,0.0,0.0
2015-06-04,0.0,0.0,0.0,0.0,0.0,0.0,0.0,0.0,0.0,0.0,0.0,12460.0,0.0,0.0,0.0,0.0,0.0,0.0,0.0,0.0,0.0,0.0,0.0
2015-06-05,0.0,0.0,0.0,0.0,0.0,0.0,0.0,0.0,0.0,0.0,0.0,15180.0,0.0,0.0,0.0,0.0,0.0,0.0,0.0,0.0,0.0,0.0,0.0
2015-06-06,0.0,0.0,0.0,0.0,0.0,0.0,0.0,0.0,0.0,0.0,0.0,0.0,0.0,0.0,0.0,0.0,0.0,0.0,0.0,0.0,0.0,0.0,0.0
2015-06-07,0.0,0.0,0.0,0.0,0.0,0.0,0.0,0.0,0.0,0.0,0.0,0.0,0.0,0.0,0.0,0.0,0.0,0.0,0.0,0.0,0.0,0.0,0.0
2015-06-08,0.0,0.0,0.0,0.0,0.0,0.0,0.0,0.0,0.0,0.0,0.0,12300.0,0.0,0.0,0.0,0.0,0.0,0.0,0.0,0.0,0.0,0.0,0.0
2015-06-09,0.0,0.0,0.0,0.0,0.0,0.0,0.0,0.0,0.0,0.0,0.0,15300.0,0.0,0.0,0.0,0.0,0.0,0.0,0.0,0.0,0.0,0.0,0.0
2015-06-10,0.0,0.0,0.0,0.0,0.0,0.0,0.0,0.0,0.0,0.0,0.0,13530.0,0.0,0.0,0.0,0.0,0.0,0.0,0.0,0.0,0.0,0.0,0.0
2015-06-11,0.0,0.0,0.0,0.0,0.0,0.0,0.0,0.0,0.0,0.0,0.0,13700.0,0.0,0.0,0.0,0.0,0.0,0.0,0.0,0.0,0.0,0.0,0.0
2015-06-12,0.0,0.0,0.0,0.0,0.0,0.0,0.0,0.0,0.0,0.0,0.0,111110.0,0.0,0.0,0.0,0.0,0.0,0.0,0.0,0.0,0.0,0.0,0.0
2015-06-13,0.0,0.0,0.0,0.0,0.0,0.0,0.0,0.0,0.0,0.0,0.0,0.0,0.0,0.0,0.0,0.0,0.0,0.0,0.0,0.0,0.0,0.0,0.0
2015-06-14,0.0,0.0,0.0,0.0,0.0,0.0,0.0,0.0,0.0,0.0,0.0,0.0,0.0,0.0,0.0,0.0,0.0,0.0,0.0,0.0,0.0,0.0,0.0
2015-06-15,0.0,0.0,0.0,0.0,0.0,0.0,0.0,0.0,0.0,0.0,0.0,13320.0,0.0,0.0,0.0,0.0,0.0,0.0,0.0,0.0,0.0,0.0,0.0
2015-06-16,0.0,0.0,0.0,0.0,0.0,0.0,0.0,0.0,0.0,0.0,0.0,13700.0,0.0,0.0,0.0,0.0,0.0,0.0,0.0,0.0,0.0,0.0,0.0
2015-06-17,0.0,0.0,0.0,0.0,0.0,0.0,0.0,0.0,0.0,0.0,0.0,14900.0,0.0,0.0,0.0,0.0,0.0,0.0,0.0,0.0,0.0,0.0,0.0
2015-06-18,0.0,0.0,0.0,0.0,0.0,0.0,0.0,0.0,0.0,0.0,0.0,12700.0,0.0,0.0,0.0,0.0,0.0,0.0,0.0,0.0,0.0,0.0,0.0
2015-06-19,0.0,0.0,0.0,0.0,0.0,0.0,0.0,0.0,0.0,0.0,0.0,14260.0,0.0,0.0,0.0,0.0,0.0,0.0,0.0,0.0,0.0,0.0,0.0
2015-06-20,0.0,0.0,0.0,0.0,0.0,0.0,0.0,0.0,0.0,0.0,0.0,0.0,0.0,0.0,0.0,0.0,0.0,0.0,0.0,0.0,0.0,0.0,0.0
2015-06-21,0.0,0.0,0.0,0.0,0.0,0.0,0.0,0.0,0.0,0.0,0.0,0.0,0.0,0.0,0.0,0.0,0.0,0.0,0.0,0.0,0.0,0.0,0.0
2015-06-22,0.0,0.0,0.0,0.0,0.0,0.0,0.0,0.0,0.0,0.0,0.0,8460.0,0.0,0.0,0.0,0.0,0.0,0.0,0.0,0.0,0.0,0.0,0.0
2015-06-23,0.0,0.0,0.0,0.0,0.0,0.0,0.0,0.0,0.0,0.0,0.0,27500.0,0.0,0.0,0.0,0.0,0.0,0.0,0.0,0.0,0.0,0.0,0.0
2015-06-24,0.0,0.0,0.0,0.0,0.0,0.0,0.0,0.0,0.0,0.0,0.0,15010.0,0.0,0.0,0.0,0.0,0.0,0.0,0.0,0.0,0.0,0.0,0.0
2015-06-25,0.0,0.0,0.0,0.0,0.0,0.0,0.0,0.0,0.0,0.0,0.0,112300.0,0.0,0.0,0.0,0.0,0.0,0.0,0.0,0.0,0.0,0.0,0.0
2015-06-26,0.0,0.0,0.0,0.0,0.0,0.0,0.0,0.0,0.0,0.0,0.0,68270.0,0.0,0.0,0.0,0.0,0.0,0.0,0.0,0.0,0.0,0.0,0.0
2015-06-27,0.0,0.0,0.0,0.0,0.0,0.0,0.0,0.0,0.0,0.0,0.0,0.0,0.0,0.0,0.0,0.0,0.0,0.0,0.0,0.0,0.0,0.0,0.0
2015-06-28,0.0,0.0,0.0,0.0,0.0,0.0,0.0,0.0,0.0,0.0,0.0,0.0,0.0,0.0,0.0,0.0,0.0,0.0,0.0,0.0,0.0,0.0,0.0
2015-06-29,0.0,0.0,0.0,0.0,0.0,0.0,0.0,0.0,0.0,0.0,0.0,17910.0,0.0,0.0,0.0,0.0,0.0,0.0,0.0,0.0,0.0,0.0,0.0
2015-06-30,0.0,0.0,0.0,0.0,0.0,0.0,0.0,0.0,0.0,0.0,0.0,8610.0,0.0,0.0,0.0,0.0,0.0,0.0,0.0,0.0,0.0,0.0,0.0
2015-07-01,0.0,0.0,0.0,0.0,0.0,0.0,0.0,0.0,0.0,0.0,0.0,19500.0,0.0,0.0,0.0,0.0,0.0,0.0,0.0,0.0,0.0,0.0,0.0
2015-07-02,0.0,0.0,0.0,0.0,0.0,0.0,0.0,0.0,0.0,0.0,0.0,17110.0,0.0,0.0,0.0,0.0,0.0,0.0,0.0,0.0,0.0,0.0,0.0
2015-07-03,0.0,0.0,0.0,0.0,0.0,0.0,0.0,0.0,0.0,0.0,0.0,30200.0,0.0,0.0,0.0,0.0,0.0,0.0,0.0,0.0,0.0,0.0,0.0
2015-07-04,0.0,0.0,0.0,0.0,0.0,0.0,0.0,0.0,0.0,0.0,0.0,0.0,0.0,0.0,0.0,0.0,0.0,0.0,0.0,0.0,0.0,0.0,0.0
2015-07-05,0.0,0.0,0.0,0.0,0.0,0.0,0.0,0.0,0.0,0.0,0.0,0.0,0.0,0.0,0.0,0.0,0.0,0.0,0.0,0.0,0.0,0.0,0.0
2015-07-06,0.0,0.0,0.0,0.0,0.0,0.0,0.0,0.0,0.0,0.0,0.0,198890.0,0.0,0.0,0.0,0.0,0.0,0.0,0.0,0.0,0.0,0.0,0.0
2015-07-07,0.0,0.0,0.0,0.0,0.0,0.0,0.0,0.0,0.0,0.0,0.0,59800.0,0.0,0.0,0.0,0.0,0.0,0.0,0.0,0.0,0.0,0.0,0.0
2015-07-08,0.0,0.0,0.0,0.0,0.0,0.0,0.0,0.0,0.0,0.0,0.0,247150.0,0.0,0.0,0.0,0.0,0.0,0.0,0.0,0.0,0.0,0.0,0.0
2015-07-09,0.0,0.0,0.0,0.0,0.0,0.0,0.0,0.0,0.0,0.0,0.0,316510.0,0.0,0.0,0.0,0.0,0.0,0.0,0.0,0.0,0.0,0.0,0.0
2015-07-10,0.0,0.0,0.0,0.0,0.0,0.0,0.0,0.0,0.0,0.0,0.0,19250.0,0.0,0.0,0.0,0.0,0.0,0.0,0.0,0.0,0.0,0.0,0.0
2015-07-11,0.0,0.0,0.0,0.0,0.0,0.0,0.0,0.0,0.0,0.0,0.0,0.0,0.0,0.0,0.0,0.0,0.0,0.0,0.0,0.0,0.0,0.0,0.0
2015-07-12,0.0,0.0,0.0,0.0,0.0,0.0,0.0,0.0,0.0,0.0,0.0,0.0,0.0,0.0,0.0,0.0,0.0,0.0,0.0,0.0,0.0,0.0,0.0
2015-07-13,0.0,0.0,0.0,0.0,0.0,0.0,0.0,0.0,0.0,0.0,0.0,18630.0,0.0,0.0,0.0,0.0,0.0,0.0,0.0,0.0,0.0,0.0,0.0
2015-07-14,0.0,0.0,0.0,0.0,0.0,0.0,0.0,0.0,0.0,0.0,0.0,263530.0,0.0,0.0,0.0,0.0,0.0,0.0,0.0,0.0,0.0,0.0,0.0
2015-07-15,0.0,0.0,0.0,0.0,0.0,0.0,0.0,0.0,0.0,0.0,0.0,317810.0,0.0,0.0,0.0,0.0,0.0,0.0,0.0,0.0,0.0,0.0,0.0
2015-07-16,0.0,0.0,0.0,0.0,0.0,0.0,0.0,0.0,0.0,0.0,0.0,71220.0,0.0,0.0,0.0,0.0,0.0,0.0,0.0,0.0,0.0,0.0,0.0
2015-07-17,0.0,0.0,0.0,0.0,0.0,0.0,0.0,0.0,0.0,0.0,0.0,12000.0,0.0,0.0,0.0,0.0,0.0,0.0,0.0,0.0,0.0,0.0,0.0
2015-07-18,0.0,0.0,0.0,0.0,0.0,0.0,0.0,0.0,0.0,0.0,0.0,0.0,0.0,0.0,0.0,0.0,0.0,0.0,0.0,0.0,0.0,0.0,0.0
2015-07-19,0.0,0.0,0.0,0.0,0.0,0.0,0.0,0.0,0.0,0.0,0.0,0.0,0.0,0.0,0.0,0.0,0.0,0.0,0.0,0.0,0.0,0.0,0.0
2015-07-20,0.0,0.0,0.0,0.0,0.0,0.0,0.0,0.0,0.0,0.0,0.0,110670.0,0.0,0.0,0.0,0.0,0.0,0.0,0.0,0.0,0.0,0.0,0.0
2015-07-21,0.0,0.0,0.0,0.0,0.0,0.0,0.0,0.0,0.0,0.0,0.0,24010.0,0.0,0.0,0.0,0.0,0.0,0.0,0.0,0.0,0.0,0.0,0.0
2015-07-22,0.0,0.0,0.0,0.0,0.0,0.0,0.0,0.0,0.0,0.0,0.0,54230.0,0.0,0.0,0.0,0.0,0.0,0.0,0.0,0.0,0.0,0.0,0.0
2015-07-23,0.0,0.0,0.0,0.0,0.0,0.0,0.0,0.0,0.0,0.0,0.0,1150.0,0.0,0.0,0.0,0.0,0.0,0.0,0.0,0.0,0.0,0.0,0.0
2015-07-24,0.0,0.0,0.0,0.0,0.0,0.0,0.0,0.0,0.0,0.0,0.0,20450.0,0.0,0.0,0.0,0.0,0.0,0.0,0.0,0.0,0.0,0.0,0.0
2015-07-25,0.0,0.0,0.0,0.0,0.0,0.0,0.0,0.0,0.0,0.0,0.0,0.0,0.0,0.0,0.0,0.0,0.0,0.0,0.0,0.0,0.0,0.0,0.0
2015-07-26,0.0,0.0,0.0,0.0,0.0,0.0,0.0,0.0,0.0,0.0,0.0,0.0,0.0,0.0,0.0,0.0,0.0,0.0,0.0,0.0,0.0,0.0,0.0
2015-07-27,0.0,0.0,0.0,0.0,0.0,0.0,0.0,0.0,0.0,0.0,0.0,183200.0,0.0,0.0,0.0,0.0,0.0,0.0,0.0,0.0,0.0,0.0,0.0
2015-07-28,0.0,0.0,0.0,0.0,0.0,0.0,0.0,0.0,0.0,0.0,0.0,176880.0,0.0,0.0,0.0,0.0,0.0,0.0,0.0,0.0,0.0,0.0,0.0
2015-07-29,0.0,0.0,0.0,0.0,0.0,0.0,0.0,0.0,0.0,0.0,0.0,13610.0,0.0,0.0,0.0,0.0,0.0,0.0,0.0,0.0,0.0,0.0,0.0
2015-07-30,0.0,0.0,0.0,0.0,0.0,0.0,0.0,0.0,0.0,0.0,0.0,12900.0,0.0,0.0,0.0,0.0,0.0,0.0,0.0,0.0,0.0,0.0,0.0
2015-07-31,0.0,0.0,0.0,0.0,0.0,0.0,0.0,0.0,0.0,0.0,0.0,424180.0,0.0,0.0,0.0,0.0,0.0,0.0,0.0,0.0,0.0,0.0,0.0
2015-08-01,0.0,0.0,0.0,0.0,0.0,0.0,0.0,0.0,0.0,0.0,0.0,0.0,0.0,0.0,0.0,0.0,0.0,0.0,0.0,0.0,0.0,0.0,0.0
2015-08-02,0.0,0.0,0.0,0.0,0.0,0.0,0.0,0.0,0.0,0.0,0.0,0.0,0.0,0.0,0.0,0.0,0.0,0.0,0.0,0.0,0.0,0.0,0.0
2015-08-03,0.0,0.0,0.0,0.0,0.0,0.0,0.0,0.0,0.0,0.0,0.0,14740.0,0.0,0.0,0.0,0.0,0.0,0.0,0.0,0.0,0.0,0.0,0.0
2015-08-04,0.0,0.0,0.0,0.0,0.0,0.0,0.0,0.0,0.0,0.0,0.0,15680.0,0.0,0.0,0.0,0.0,0.0,0.0,0.0,0.0,0.0,0.0,0.0
2015-08-05,0.0,0.0,0.0,0.0,0.0,0.0,0.0,0.0,0.0,0.0,0.0,31500.0,0.0,0.0,0.0,0.0,0.0,0.0,0.0,0.0,0.0,0.0,0.0
2015-08-06,0.0,0.0,0.0,0.0,0.0,0.0,0.0,0.0,0.0,0.0,0.0,22540.0,0.0,0.0,0.0,0.0,0.0,0.0,0.0,0.0,0.0,0.0,0.0
2015-08-07,0.0,0.0,0.0,0.0,0.0,0.0,0.0,0.0,0.0,0.0,0.0,13240.0,0.0,0.0,0.0,0.0,0.0,0.0,0.0,0.0,0.0,0.0,0.0
2015-08-08,0.0,0.0,0.0,0.0,0.0,0.0,0.0,0.0,0.0,0.0,0.0,0.0,0.0,0.0,0.0,0.0,0.0,0.0,0.0,0.0,0.0,0.0,0.0
2015-08-09,0.0,0.0,0.0,0.0,0.0,0.0,0.0,0.0,0.0,0.0,0.0,0.0,0.0,0.0,0.0,0.0,0.0,0.0,0.0,0.0,0.0,0.0,0.0
2015-08-10,0.0,0.0,0.0,0.0,0.0,0.0,0.0,0.0,0.0,0.0,0.0,10030.0,0.0,0.0,0.0,0.0,0.0,0.0,0.0,0.0,0.0,0.0,0.0
2015-08-11,0.0,0.0,0.0,0.0,0.0,0.0,0.0,0.0,0.0,0.0,0.0,1110210.0,0.0,0.0,0.0,0.0,0.0,0.0,0.0,0.0,0.0,0.0,0.0
2015-08-12,0.0,0.0,0.0,0.0,0.0,0.0,0.0,0.0,0.0,0.0,0.0,20370.0,0.0,0.0,0.0,0.0,0.0,0.0,0.0,0.0,0.0,0.0,0.0
2015-08-13,0.0,0.0,0.0,0.0,0.0,0.0,0.0,0.0,0.0,0.0,0.0,10930.0,0.0,0.0,0.0,0.0,0.0,0.0,0.0,0.0,0.0,0.0,0.0
2015-08-14,0.0,0.0,0.0,0.0,0.0,0.0,0.0,0.0,0.0,0.0,0.0,17690.0,0.0,0.0,0.0,0.0,0.0,0.0,0.0,0.0,0.0,0.0,0.0
2015-08-15,0.0,0.0,0.0,0.0,0.0,0.0,0.0,0.0,0.0,0.0,0.0,0.0,0.0,0.0,0.0,0.0,0.0,0.0,0.0,0.0,0.0,0.0,0.0
2015-08-16,0.0,0.0,0.0,0.0,0.0,0.0,0.0,0.0,0.0,0.0,0.0,0.0,0.0,0.0,0.0,0.0,0.0,0.0,0.0,0.0,0.0,0.0,0.0
2015-08-17,0.0,0.0,0.0,0.0,0.0,0.0,0.0,0.0,0.0,0.0,0.0,193930.0,0.0,0.0,0.0,0.0,0.0,0.0,0.0,0.0,0.0,0.0,0.0
2015-08-18,0.0,0.0,0.0,0.0,0.0,0.0,0.0,0.0,0.0,0.0,0.0,334910.0,0.0,0.0,0.0,0.0,0.0,0.0,0.0,0.0,0.0,0.0,0.0
2015-08-19,0.0,0.0,0.0,0.0,0.0,0.0,0.0,0.0,0.0,0.0,0.0,46350.0,0.0,0.0,0.0,0.0,0.0,0.0,0.0,0.0,0.0,0.0,0.0
2015-08-20,0.0,0.0,0.0,0.0,0.0,0.0,0.0,0.0,0.0,0.0,0.0,235020.0,0.0,0.0,0.0,0.0,0.0,0.0,0.0,0.0,0.0,0.0,0.0
2015-08-21,0.0,0.0,0.0,0.0,0.0,0.0,0.0,0.0,0.0,0.0,0.0,502950.0,0.0,0.0,0.0,0.0,0.0,0.0,0.0,0.0,0.0,0.0,0.0
2015-08-22,0.0,0.0,0.0,0.0,0.0,0.0,0.0,0.0,0.0,0.0,0.0,0.0,0.0,0.0,0.0,0.0,0.0,0.0,0.0,0.0,0.0,0.0,0.0
2015-08-23,0.0,0.0,0.0,0.0,0.0,0.0,0.0,0.0,0.0,0.0,0.0,0.0,0.0,0.0,0.0,0.0,0.0,0.0,0.0,0.0,0.0,0.0,0.0
2015-08-24,0.0,0.0,0.0,0.0,0.0,0.0,0.0,0.0,0.0,0.0,0.0,339950.0,0.0,0.0,0.0,0.0,0.0,0.0,0.0,0.0,0.0,0.0,0.0
2015-08-25,0.0,0.0,0.0,0.0,0.0,0.0,0.0,0.0,0.0,0.0,0.0,134980.0,0.0,0.0,0.0,0.0,0.0,0.0,0.0,0.0,0.0,0.0,0.0
2015-08-26,0.0,0.0,0.0,0.0,0.0,0.0,0.0,0.0,0.0,0.0,0.0,69200.0,0.0,0.0,0.0,0.0,0.0,0.0,0.0,0.0,0.0,0.0,0.0
2015-08-27,0.0,0.0,0.0,0.0,0.0,0.0,0.0,0.0,0.0,0.0,0.0,162420.0,0.0,0.0,0.0,0.0,0.0,0.0,0.0,0.0,0.0,0.0,0.0
2015-08-28,0.0,0.0,0.0,0.0,0.0,0.0,0.0,0.0,0.0,0.0,0.0,292660.0,0.0,0.0,0.0,0.0,0.0,0.0,0.0,0.0,0.0,0.0,0.0
2015-08-29,0.0,0.0,0.0,0.0,0.0,0.0,0.0,0.0,0.0,0.0,0.0,0.0,0.0,0.0,0.0,0.0,0.0,0.0,0.0,0.0,0.0,0.0,0.0
2015-08-30,0.0,0.0,0.0,0.0,0.0,0.0,0.0,0.0,0.0,0.0,0.0,0.0,0.0,0.0,0.0,0.0,0.0,0.0,0.0,0.0,0.0,0.0,0.0
2015-08-31,0.0,0.0,0.0,0.0,0.0,0.0,0.0,0.0,0.0,0.0,0.0,34700.0,0.0,0.0,0.0,0.0,0.0,0.0,0.0,0.0,0.0,0.0,0.0
2015-09-01,0.0,0.0,0.0,0.0,0.0,0.0,0.0,0.0,0.0,0.0,0.0,27030.0,0.0,0.0,0.0,0.0,0.0,0.0,0.0,0.0,0.0,0.0,0.0
2015-09-02,0.0,0.0,0.0,0.0,0.0,0.0,0.0,0.0,0.0,0.0,0.0,0.0,0.0,0.0,0.0,0.0,0.0,0.0,0.0,0.0,0.0,0.0,0.0
2015-09-03,0.0,0.0,0.0,0.0,0.0,0.0,0.0,0.0,0.0,0.0,0.0,16060.0,0.0,0.0,0.0,0.0,0.0,0.0,0.0,0.0,0.0,0.0,0.0
2015-09-04,0.0,0.0,0.0,0.0,0.0,0.0,0.0,0.0,0.0,0.0,0.0,22100.0,0.0,0.0,0.0,0.0,0.0,0.0,0.0,0.0,0.0,0.0,0.0
2015-09-05,0.0,0.0,0.0,0.0,0.0,0.0,0.0,0.0,0.0,0.0,0.0,0.0,0.0,0.0,0.0,0.0,0.0,0.0,0.0,0.0,0.0,0.0,0.0
2015-09-06,0.0,0.0,0.0,0.0,0.0,0.0,0.0,0.0,0.0,0.0,0.0,0.0,0.0,0.0,0.0,0.0,0.0,0.0,0.0,0.0,0.0,0.0,0.0
2015-09-07,0.0,0.0,0.0,0.0,0.0,0.0,0.0,0.0,0.0,0.0,0.0,79750.0,0.0,0.0,0.0,0.0,0.0,0.0,0.0,0.0,0.0,0.0,0.0
2015-09-08,0.0,0.0,0.0,0.0,0.0,0.0,0.0,0.0,0.0,0.0,0.0,117100.0,0.0,0.0,0.0,0.0,0.0,0.0,0.0,0.0,0.0,0.0,0.0
2015-09-09,0.0,0.0,0.0,0.0,0.0,0.0,0.0,0.0,0.0,0.0,0.0,22270.0,0.0,0.0,0.0,0.0,0.0,0.0,0.0,0.0,0.0,0.0,0.0
2015-09-10,0.0,0.0,0.0,0.0,0.0,0.0,0.0,0.0,0.0,0.0,0.0,71900.0,0.0,0.0,0.0,0.0,0.0,0.0,0.0,0.0,0.0,0.0,0.0
2015-09-11,0.0,0.0,0.0,0.0,0.0,0.0,0.0,0.0,0.0,0.0,0.0,49260.0,0.0,0.0,0.0,0.0,0.0,0.0,0.0,0.0,0.0,0.0,0.0
2015-09-12,0.0,0.0,0.0,0.0,0.0,0.0,0.0,0.0,0.0,0.0,0.0,0.0,0.0,0.0,0.0,0.0,0.0,0.0,0.0,0.0,0.0,0.0,0.0
2015-09-13,0.0,0.0,0.0,0.0,0.0,0.0,0.0,0.0,0.0,0.0,0.0,0.0,0.0,0.0,0.0,0.0,0.0,0.0,0.0,0.0,0.0,0.0,0.0
2015-09-14,0.0,0.0,0.0,0.0,0.0,0.0,0.0,0.0,0.0,0.0,0.0,10500.0,0.0,0.0,0.0,0.0,0.0,0.0,0.0,0.0,0.0,0.0,0.0
2015-09-15,0.0,0.0,0.0,0.0,0.0,0.0,0.0,0.0,0.0,0.0,0.0,13480.0,0.0,0.0,0.0,0.0,0.0,0.0,0.0,0.0,0.0,0.0,0.0
2015-09-16,0.0,0.0,0.0,0.0,0.0,0.0,0.0,0.0,0.0,0.0,0.0,122640.0,0.0,0.0,0.0,0.0,0.0,0.0,0.0,0.0,0.0,0.0,0.0
2015-09-17,0.0,0.0,0.0,0.0,0.0,0.0,0.0,0.0,0.0,0.0,0.0,67540.0,0.0,0.0,0.0,0.0,0.0,0.0,0.0,0.0,0.0,0.0,0.0
2015-09-18,0.0,0.0,0.0,0.0,0.0,0.0,0.0,0.0,0.0,0.0,0.0,110810.0,0.0,0.0,0.0,0.0,0.0,0.0,0.0,0.0,0.0,0.0,0.0
2015-09-19,0.0,0.0,0.0,0.0,0.0,0.0,0.0,0.0,0.0,0.0,0.0,0.0,0.0,0.0,0.0,0.0,0.0,0.0,0.0,0.0,0.0,0.0,0.0
2015-09-20,0.0,0.0,0.0,0.0,0.0,0.0,0.0,0.0,0.0,0.0,0.0,0.0,0.0,0.0,0.0,0.0,0.0,0.0,0.0,0.0,0.0,0.0,0.0
2015-09-21,0.0,0.0,0.0,0.0,0.0,0.0,0.0,0.0,0.0,0.0,0.0,182120.0,0.0,0.0,0.0,0.0,0.0,0.0,0.0,0.0,0.0,0.0,0.0
2015-09-22,0.0,0.0,0.0,0.0,0.0,0.0,0.0,0.0,0.0,0.0,0.0,144050.0,0.0,0.0,0.0,0.0,0.0,0.0,0.0,0.0,0.0,0.0,0.0
2015-09-23,0.0,0.0,0.0,0.0,0.0,0.0,0.0,0.0,0.0,0.0,0.0,49040.0,0.0,0.0,0.0,0.0,0.0,0.0,0.0,0.0,0.0,0.0,0.0
2015-09-24,0.0,0.0,0.0,0.0,0.0,0.0,0.0,0.0,0.0,0.0,0.0,114700.0,0.0,0.0,0.0,0.0,0.0,0.0,0.0,0.0,0.0,0.0,0.0
2015-09-25,0.0,0.0,0.0,0.0,0.0,0.0,0.0,0.0,0.0,0.0,0.0,40000.0,0.0,0.0,0.0,0.0,0.0,0.0,0.0,0.0,0.0,0.0,0.0
2015-09-26,0.0,0.0,0.0,0.0,0.0,0.0,0.0,0.0,0.0,0.0,0.0,0.0,0.0,0.0,0.0,0.0,0.0,0.0,0.0,0.0,0.0,0.0,0.0
2015-09-27,0.0,0.0,0.0,0.0,0.0,0.0,0.0,0.0,0.0,0.0,0.0,0.0,0.0,0.0,0.0,0.0,0.0,0.0,0.0,0.0,0.0,0.0,0.0
2015-09-28,0.0,0.0,0.0,0.0,0.0,0.0,0.0,0.0,0.0,0.0,0.0,212410.0,0.0,0.0,0.0,0.0,0.0,0.0,0.0,0.0,0.0,0.0,0.0
2015-09-29,0.0,0.0,0.0,0.0,0.0,0.0,0.0,0.0,0.0,0.0,0.0,111710.0,0.0,0.0,0.0,0.0,0.0,0.0,0.0,0.0,0.0,0.0,0.0
2015-09-30,0.0,0.0,0.0,0.0,0.0,0.0,0.0,0.0,0.0,0.0,0.0,15850.0,0.0,0.0,0.0,0.0,0.0,0.0,0.0,0.0,0.0,0.0,0.0
2015-10-01,0.0,0.0,0.0,0.0,0.0,0.0,0.0,0.0,0.0,0.0,0.0,11300.0,0.0,0.0,0.0,0.0,0.0,0.0,0.0,0.0,0.0,0.0,0.0
2015-10-02,0.0,0.0,0.0,0.0,0.0,0.0,0.0,0.0,0.0,0.0,0.0,12500.0,0.0,0.0,0.0,0.0,0.0,0.0,0.0,0.0,0.0,0.0,0.0
2015-10-03,0.0,0.0,0.0,0.0,0.0,0.0,0.0,0.0,0.0,0.0,0.0,0.0,0.0,0.0,0.0,0.0,0.0,0.0,0.0,0.0,0.0,0.0,0.0
2015-10-04,0.0,0.0,0.0,0.0,0.0,0.0,0.0,0.0,0.0,0.0,0.0,0.0,0.0,0.0,0.0,0.0,0.0,0.0,0.0,0.0,0.0,0.0,0.0
2015-10-05,0.0,0.0,0.0,0.0,0.0,0.0,0.0,0.0,0.0,0.0,0.0,18750.0,0.0,0.0,0.0,0.0,0.0,0.0,0.0,0.0,0.0,0.0,0.0
2015-10-06,0.0,0.0,0.0,0.0,0.0,0.0,0.0,0.0,0.0,0.0,0.0,38110.0,0.0,0.0,0.0,0.0,0.0,0.0,0.0,0.0,0.0,0.0,0.0
2015-10-07,0.0,0.0,0.0,0.0,0.0,0.0,0.0,0.0,0.0,0.0,0.0,25380.0,0.0,0.0,0.0,0.0,0.0,0.0,0.0,0.0,0.0,0.0,0.0
2015-10-08,0.0,0.0,0.0,0.0,0.0,0.0,0.0,0.0,0.0,0.0,0.0,11520.0,0.0,0.0,0.0,0.0,0.0,0.0,0.0,0.0,0.0,0.0,0.0
2015-10-09,0.0,0.0,0.0,0.0,0.0,0.0,0.0,0.0,0.0,0.0,0.0,10400.0,0.0,0.0,0.0,0.0,0.0,0.0,0.0,0.0,0.0,0.0,0.0
2015-10-10,0.0,0.0,0.0,0.0,0.0,0.0,0.0,0.0,0.0,0.0,0.0,0.0,0.0,0.0,0.0,0.0,0.0,0.0,0.0,0.0,0.0,0.0,0.0
2015-10-11,0.0,0.0,0.0,0.0,0.0,0.0,0.0,0.0,0.0,0.0,0.0,0.0,0.0,0.0,0.0,0.0,0.0,0.0,0.0,0.0,0.0,0.0,0.0
2015-10-12,0.0,0.0,0.0,0.0,0.0,0.0,0.0,0.0,0.0,0.0,0.0,229010.0,0.0,0.0,0.0,0.0,0.0,0.0,0.0,0.0,0.0,0.0,0.0
2015-10-13,0.0,0.0,0.0,0.0,0.0,0.0,0.0,0.0,0.0,0.0,0.0,342730.0,0.0,0.0,0.0,0.0,0.0,0.0,0.0,0.0,0.0,0.0,0.0
2015-10-14,0.0,0.0,0.0,0.0,0.0,0.0,0.0,0.0,0.0,0.0,0.0,81620.0,0.0,0.0,0.0,0.0,0.0,0.0,0.0,0.0,0.0,0.0,0.0
2015-10-15,0.0,0.0,0.0,0.0,0.0,0.0,0.0,0.0,0.0,0.0,0.0,11510.0,0.0,0.0,0.0,0.0,0.0,0.0,0.0,0.0,0.0,0.0,0.0
2015-10-16,0.0,0.0,0.0,0.0,0.0,0.0,0.0,0.0,0.0,0.0,0.0,13110.0,0.0,0.0,0.0,0.0,0.0,0.0,0.0,0.0,0.0,0.0,0.0
2015-10-17,0.0,0.0,0.0,0.0,0.0,0.0,0.0,0.0,0.0,0.0,0.0,0.0,0.0,0.0,0.0,0.0,0.0,0.0,0.0,0.0,0.0,0.0,0.0
2015-10-18,0.0,0.0,0.0,0.0,0.0,0.0,0.0,0.0,0.0,0.0,0.0,0.0,0.0,0.0,0.0,0.0,0.0,0.0,0.0,0.0,0.0,0.0,0.0
2015-10-19,0.0,0.0,0.0,0.0,0.0,0.0,0.0,0.0,0.0,0.0,0.0,22060.0,0.0,0.0,0.0,0.0,0.0,0.0,0.0,0.0,0.0,0.0,0.0
2015-10-20,0.0,0.0,0.0,0.0,0.0,0.0,0.0,0.0,0.0,0.0,0.0,153510.0,0.0,0.0,0.0,0.0,0.0,0.0,0.0,0.0,0.0,0.0,0.0
2015-10-21,0.0,0.0,0.0,0.0,0.0,0.0,0.0,0.0,0.0,0.0,0.0,110110.0,0.0,0.0,0.0,0.0,0.0,0.0,0.0,0.0,0.0,0.0,0.0
2015-10-22,0.0,0.0,0.0,0.0,0.0,0.0,0.0,0.0,0.0,0.0,0.0,16570.0,0.0,0.0,0.0,0.0,0.0,0.0,0.0,0.0,0.0,0.0,0.0
2015-10-23,0.0,0.0,0.0,0.0,0.0,0.0,0.0,0.0,0.0,0.0,0.0,12040.0,0.0,0.0,0.0,0.0,0.0,0.0,0.0,0.0,0.0,0.0,0.0
2015-10-24,0.0,0.0,0.0,0.0,0.0,0.0,0.0,0.0,0.0,0.0,0.0,0.0,0.0,0.0,0.0,0.0,0.0,0.0,0.0,0.0,0.0,0.0,0.0
2015-10-25,0.0,0.0,0.0,0.0,0.0,0.0,0.0,0.0,0.0,0.0,0.0,0.0,0.0,0.0,0.0,0.0,0.0,0.0,0.0,0.0,0.0,0.0,0.0
2015-10-26,0.0,0.0,0.0,0.0,0.0,0.0,0.0,0.0,0.0,0.0,0.0,616010.0,0.0,0.0,0.0,0.0,0.0,0.0,0.0,0.0,0.0,0.0,0.0
2015-10-27,0.0,0.0,0.0,0.0,0.0,0.0,0.0,0.0,0.0,0.0,0.0,306360.0,0.0,0.0,0.0,0.0,0.0,0.0,0.0,0.0,0.0,0.0,0.0
2015-10-28,0.0,0.0,0.0,0.0,0.0,0.0,0.0,0.0,0.0,0.0,0.0,14700.0,0.0,0.0,0.0,0.0,0.0,0.0,0.0,0.0,0.0,0.0,0.0
2015-10-29,0.0,0.0,0.0,0.0,0.0,0.0,0.0,0.0,0.0,0.0,0.0,660110.0,0.0,0.0,0.0,0.0,0.0,0.0,0.0,0.0,0.0,0.0,0.0
2015-10-30,0.0,0.0,0.0,0.0,0.0,0.0,0.0,0.0,0.0,0.0,0.0,74890.0,0.0,0.0,0.0,0.0,0.0,0.0,0.0,0.0,0.0,0.0,0.0
2015-10-31,0.0,0.0,0.0,0.0,0.0,0.0,0.0,0.0,0.0,0.0,0.0,0.0,0.0,0.0,0.0,0.0,0.0,0.0,0.0,0.0,0.0,0.0,0.0
2015-11-01,0.0,0.0,0.0,0.0,0.0,0.0,0.0,0.0,0.0,0.0,0.0,0.0,0.0,0.0,0.0,0.0,0.0,0.0,0.0,0.0,0.0,0.0,0.0
2015-11-02,0.0,0.0,0.0,0.0,0.0,0.0,0.0,0.0,0.0,0.0,0.0,107010.0,0.0,0.0,0.0,0.0,0.0,0.0,0.0,0.0,0.0,0.0,0.0
2015-11-03,0.0,0.0,0.0,0.0,0.0,0.0,0.0,0.0,0.0,0.0,0.0,4110.0,0.0,0.0,0.0,0.0,0.0,0.0,0.0,0.0,0.0,0.0,0.0
2015-11-04,0.0,0.0,0.0,0.0,0.0,0.0,0.0,0.0,0.0,0.0,0.0,449250.0,0.0,0.0,0.0,0.0,0.0,0.0,0.0,0.0,0.0,0.0,0.0
2015-11-05,0.0,0.0,0.0,0.0,0.0,0.0,0.0,0.0,0.0,0.0,0.0,11530.0,0.0,0.0,0.0,0.0,0.0,0.0,0.0,0.0,0.0,0.0,0.0
2015-11-06,0.0,0.0,0.0,0.0,0.0,0.0,0.0,0.0,0.0,0.0,0.0,32870.0,0.0,0.0,0.0,0.0,0.0,0.0,0.0,0.0,0.0,0.0,0.0
2015-11-07,0.0,0.0,0.0,0.0,0.0,0.0,0.0,0.0,0.0,0.0,0.0,0.0,0.0,0.0,0.0,0.0,0.0,0.0,0.0,0.0,0.0,0.0,0.0
2015-11-08,0.0,0.0,0.0,0.0,0.0,0.0,0.0,0.0,0.0,0.0,0.0,0.0,0.0,0.0,0.0,0.0,0.0,0.0,0.0,0.0,0.0,0.0,0.0
2015-11-09,0.0,0.0,0.0,0.0,0.0,0.0,0.0,0.0,0.0,0.0,0.0,31000.0,0.0,0.0,0.0,0.0,0.0,0.0,0.0,0.0,0.0,0.0,0.0
2015-11-10,0.0,0.0,0.0,0.0,0.0,0.0,0.0,0.0,0.0,0.0,0.0,11000.0,0.0,0.0,0.0,0.0,0.0,0.0,0.0,0.0,0.0,0.0,0.0
2015-11-11,0.0,0.0,0.0,0.0,0.0,0.0,0.0,0.0,0.0,0.0,0.0,9130.0,0.0,0.0,0.0,0.0,0.0,0.0,0.0,0.0,0.0,0.0,0.0
2015-11-12,0.0,0.0,0.0,0.0,0.0,0.0,0.0,0.0,0.0,0.0,0.0,30300.0,0.0,0.0,0.0,0.0,0.0,0.0,0.0,0.0,0.0,0.0,0.0
2015-11-13,0.0,0.0,0.0,0.0,0.0,0.0,0.0,0.0,0.0,0.0,0.0,14300.0,0.0,0.0,0.0,0.0,0.0,0.0,0.0,0.0,0.0,0.0,0.0
2015-11-14,0.0,0.0,0.0,0.0,0.0,0.0,0.0,0.0,0.0,0.0,0.0,0.0,0.0,0.0,0.0,0.0,0.0,0.0,0.0,0.0,0.0,0.0,0.0
2015-11-15,0.0,0.0,0.0,0.0,0.0,0.0,0.0,0.0,0.0,0.0,0.0,0.0,0.0,0.0,0.0,0.0,0.0,0.0,0.0,0.0,0.0,0.0,0.0
2015-11-16,0.0,0.0,0.0,0.0,0.0,0.0,0.0,0.0,0.0,0.0,0.0,9500.0,0.0,0.0,0.0,0.0,0.0,0.0,0.0,0.0,0.0,0.0,0.0
2015-11-17,0.0,0.0,0.0,0.0,0.0,0.0,0.0,0.0,0.0,0.0,0.0,40960.0,0.0,0.0,0.0,0.0,0.0,0.0,0.0,0.0,0.0,0.0,0.0
2015-11-18,0.0,0.0,0.0,0.0,0.0,0.0,0.0,0.0,0.0,0.0,0.0,5020.0,0.0,0.0,0.0,0.0,0.0,0.0,0.0,0.0,0.0,0.0,0.0
2015-11-19,0.0,0.0,0.0,0.0,0.0,0.0,0.0,0.0,0.0,0.0,0.0,11550.0,0.0,0.0,0.0,0.0,0.0,0.0,0.0,0.0,0.0,0.0,0.0
2015-11-20,0.0,0.0,0.0,0.0,0.0,0.0,0.0,0.0,0.0,0.0,0.0,153560.0,0.0,0.0,0.0,0.0,0.0,0.0,0.0,0.0,0.0,0.0,0.0
2015-11-21,0.0,0.0,0.0,0.0,0.0,0.0,0.0,0.0,0.0,0.0,0.0,0.0,0.0,0.0,0.0,0.0,0.0,0.0,0.0,0.0,0.0,0.0,0.0
2015-11-22,0.0,0.0,0.0,0.0,0.0,0.0,0.0,0.0,0.0,0.0,0.0,0.0,0.0,0.0,0.0,0.0,0.0,0.0,0.0,0.0,0.0,0.0,0.0
2015-11-23,0.0,0.0,0.0,0.0,0.0,0.0,0.0,0.0,0.0,0.0,0.0,110360.0,0.0,0.0,0.0,0.0,0.0,0.0,0.0,0.0,0.0,0.0,0.0
2015-11-24,0.0,0.0,0.0,0.0,0.0,0.0,0.0,0.0,0.0,0.0,0.0,169470.0,0.0,0.0,0.0,0.0,0.0,0.0,0.0,0.0,0.0,0.0,0.0
2015-11-25,0.0,0.0,0.0,0.0,0.0,0.0,0.0,0.0,0.0,0.0,0.0,27120.0,0.0,0.0,0.0,0.0,0.0,0.0,0.0,0.0,0.0,0.0,0.0
2015-11-26,0.0,0.0,0.0,0.0,0.0,0.0,0.0,0.0,0.0,0.0,0.0,10000.0,0.0,0.0,0.0,0.0,0.0,0.0,0.0,0.0,0.0,0.0,0.0
2015-11-27,0.0,0.0,0.0,0.0,0.0,0.0,0.0,0.0,0.0,0.0,0.0,12900.0,0.0,0.0,0.0,0.0,0.0,0.0,0.0,0.0,0.0,0.0,0.0
2015-11-28,0.0,0.0,0.0,0.0,0.0,0.0,0.0,0.0,0.0,0.0,0.0,0.0,0.0,0.0,0.0,0.0,0.0,0.0,0.0,0.0,0.0,0.0,0.0
2015-11-29,0.0,0.0,0.0,0.0,0.0,0.0,0.0,0.0,0.0,0.0,0.0,0.0,0.0,0.0,0.0,0.0,0.0,0.0,0.0,0.0,0.0,0.0,0.0
2015-11-30,0.0,0.0,0.0,0.0,0.0,0.0,0.0,0.0,0.0,0.0,0.0,422840.0,0.0,0.0,0.0,0.0,0.0,0.0,0.0,0.0,0.0,0.0,0.0
2015-12-01,0.0,0.0,0.0,0.0,0.0,0.0,0.0,0.0,0.0,0.0,0.0,13000.0,0.0,0.0,0.0,0.0,0.0,0.0,0.0,0.0,0.0,0.0,0.0
2015-12-02,0.0,0.0,0.0,0.0,0.0,0.0,0.0,0.0,0.0,0.0,0.0,303770.0,0.0,0.0,0.0,0.0,0.0,0.0,0.0,0.0,0.0,0.0,0.0
2015-12-03,0.0,0.0,0.0,0.0,0.0,0.0,0.0,0.0,0.0,0.0,0.0,10030.0,0.0,0.0,0.0,0.0,0.0,0.0,0.0,0.0,0.0,0.0,0.0
2015-12-04,0.0,0.0,0.0,0.0,0.0,0.0,0.0,0.0,0.0,0.0,0.0,111700.0,0.0,0.0,0.0,0.0,0.0,0.0,0.0,0.0,0.0,0.0,0.0
2015-12-05,0.0,0.0,0.0,0.0,0.0,0.0,0.0,0.0,0.0,0.0,0.0,0.0,0.0,0.0,0.0,0.0,0.0,0.0,0.0,0.0,0.0,0.0,0.0
2015-12-06,0.0,0.0,0.0,0.0,0.0,0.0,0.0,0.0,0.0,0.0,0.0,0.0,0.0,0.0,0.0,0.0,0.0,0.0,0.0,0.0,0.0,0.0,0.0
2015-12-07,0.0,0.0,0.0,0.0,0.0,0.0,0.0,0.0,0.0,0.0,0.0,136520.0,0.0,0.0,0.0,0.0,0.0,0.0,0.0,0.0,0.0,0.0,0.0
2015-12-08,0.0,0.0,0.0,0.0,0.0,0.0,0.0,0.0,0.0,0.0,0.0,21990.0,0.0,0.0,0.0,0.0,0.0,0.0,0.0,0.0,0.0,0.0,0.0
2015-12-09,0.0,0.0,0.0,0.0,0.0,0.0,0.0,0.0,0.0,0.0,0.0,120610.0,0.0,0.0,0.0,0.0,0.0,0.0,0.0,0.0,0.0,0.0,0.0
2015-12-10,0.0,0.0,0.0,0.0,0.0,0.0,0.0,0.0,0.0,0.0,0.0,65940.0,0.0,0.0,0.0,0.0,0.0,0.0,0.0,0.0,0.0,0.0,0.0
2015-12-11,0.0,0.0,0.0,0.0,0.0,0.0,0.0,0.0,0.0,0.0,0.0,550000.0,0.0,0.0,0.0,0.0,0.0,0.0,0.0,0.0,0.0,0.0,0.0
2015-12-12,0.0,0.0,0.0,0.0,0.0,0.0,0.0,0.0,0.0,0.0,0.0,0.0,0.0,0.0,0.0,0.0,0.0,0.0,0.0,0.0,0.0,0.0,0.0
2015-12-13,0.0,0.0,0.0,0.0,0.0,0.0,0.0,0.0,0.0,0.0,0.0,0.0,0.0,0.0,0.0,0.0,0.0,0.0,0.0,0.0,0.0,0.0,0.0
2015-12-14,0.0,0.0,0.0,0.0,0.0,0.0,0.0,0.0,0.0,0.0,0.0,10000.0,0.0,0.0,0.0,0.0,0.0,0.0,0.0,0.0,0.0,0.0,0.0
2015-12-15,0.0,0.0,0.0,0.0,0.0,0.0,0.0,0.0,0.0,0.0,0.0,10000.0,0.0,0.0,0.0,0.0,0.0,0.0,0.0,0.0,0.0,0.0,0.0
2015-12-16,0.0,0.0,0.0,0.0,0.0,0.0,0.0,0.0,0.0,0.0,0.0,200420.0,0.0,0.0,0.0,0.0,0.0,0.0,0.0,0.0,0.0,0.0,0.0
2015-12-17,0.0,0.0,0.0,0.0,0.0,0.0,0.0,0.0,0.0,0.0,0.0,501930.0,0.0,0.0,0.0,0.0,0.0,0.0,0.0,0.0,0.0,0.0,0.0
2015-12-18,0.0,0.0,0.0,0.0,0.0,0.0,0.0,0.0,0.0,0.0,0.0,10100.0,0.0,0.0,0.0,0.0,0.0,0.0,0.0,0.0,0.0,0.0,0.0
2015-12-19,0.0,0.0,0.0,0.0,0.0,0.0,0.0,0.0,0.0,0.0,0.0,0.0,0.0,0.0,0.0,0.0,0.0,0.0,0.0,0.0,0.0,0.0,0.0
2015-12-20,0.0,0.0,0.0,0.0,0.0,0.0,0.0,0.0,0.0,0.0,0.0,0.0,0.0,0.0,0.0,0.0,0.0,0.0,0.0,0.0,0.0,0.0,0.0
2015-12-21,0.0,0.0,0.0,0.0,0.0,0.0,0.0,0.0,0.0,0.0,0.0,10010.0,0.0,0.0,0.0,0.0,0.0,0.0,0.0,0.0,0.0,0.0,0.0
2015-12-22,0.0,0.0,0.0,0.0,0.0,0.0,0.0,0.0,0.0,0.0,0.0,10760.0,0.0,0.0,0.0,0.0,0.0,0.0,0.0,0.0,0.0,0.0,0.0
2015-12-23,0.0,0.0,0.0,0.0,0.0,0.0,0.0,0.0,0.0,0.0,0.0,208540.0,0.0,0.0,0.0,0.0,0.0,0.0,0.0,0.0,0.0,0.0,0.0
2015-12-24,0.0,0.0,0.0,0.0,0.0,0.0,0.0,0.0,0.0,0.0,0.0,11700.0,0.0,0.0,0.0,0.0,0.0,0.0,0.0,0.0,0.0,0.0,0.0
2015-12-25,0.0,0.0,0.0,0.0,0.0,0.0,0.0,0.0,0.0,0.0,0.0,10000.0,0.0,0.0,0.0,0.0,0.0,0.0,0.0,0.0,0.0,0.0,0.0
2015-12-26,0.0,0.0,0.0,0.0,0.0,0.0,0.0,0.0,0.0,0.0,0.0,0.0,0.0,0.0,0.0,0.0,0.0,0.0,0.0,0.0,0.0,0.0,0.0
2015-12-27,0.0,0.0,0.0,0.0,0.0,0.0,0.0,0.0,0.0,0.0,0.0,0.0,0.0,0.0,0.0,0.0,0.0,0.0,0.0,0.0,0.0,0.0,0.0
2015-12-28,0.0,0.0,0.0,0.0,0.0,0.0,0.0,0.0,0.0,0.0,0.0,10.0,0.0,0.0,0.0,0.0,0.0,0.0,0.0,0.0,0.0,0.0,0.0
2015-12-29,0.0,0.0,0.0,0.0,0.0,0.0,0.0,0.0,0.0,0.0,0.0,202030.0,0.0,0.0,0.0,0.0,0.0,0.0,0.0,0.0,0.0,0.0,0.0
2015-12-30,0.0,0.0,0.0,0.0,0.0,0.0,0.0,0.0,0.0,0.0,0.0,140.0,0.0,0.0,0.0,0.0,0.0,0.0,0.0,0.0,0.0,0.0,0.0
2015-12-31,0.0,0.0,0.0,0.0,0.0,0.0,0.0,0.0,0.0,0.0,0.0,410.0,0.0,0.0,0.0,0.0,0.0,0.0,0.0,0.0,0.0,0.0,0.0
2016-01-01,0.0,0.0,0.0,0.0,0.0,0.0,0.0,0.0,0.0,0.0,0.0,0.0,0.0,0.0,0.0,0.0,0.0,0.0,0.0,0.0,0.0,0.0,0.0
2016-01-02,0.0,0.0,0.0,0.0,0.0,0.0,0.0,0.0,0.0,0.0,0.0,0.0,0.0,0.0,0.0,0.0,0.0,0.0,0.0,0.0,0.0,0.0,0.0
2016-01-03,0.0,0.0,0.0,0.0,0.0,0.0,0.0,0.0,0.0,0.0,0.0,0.0,0.0,0.0,0.0,0.0,0.0,0.0,0.0,0.0,0.0,0.0,0.0
2016-01-04,0.0,0.0,0.0,0.0,0.0,0.0,0.0,0.0,0.0,0.0,0.0,8010.0,0.0,0.0,0.0,0.0,0.0,0.0,0.0,0.0,0.0,0.0,0.0
2016-01-05,0.0,0.0,0.0,0.0,0.0,0.0,0.0,0.0,0.0,0.0,0.0,8660.0,0.0,0.0,0.0,0.0,0.0,0.0,0.0,0.0,0.0,0.0,0.0
2016-01-06,0.0,0.0,0.0,0.0,0.0,0.0,0.0,0.0,0.0,0.0,0.0,8400.0,0.0,0.0,0.0,0.0,0.0,0.0,0.0,0.0,0.0,0.0,0.0
2016-01-07,0.0,0.0,0.0,0.0,0.0,0.0,0.0,0.0,0.0,0.0,0.0,5000.0,0.0,0.0,0.0,0.0,0.0,0.0,0.0,0.0,0.0,0.0,0.0
2016-01-08,0.0,0.0,0.0,0.0,0.0,0.0,0.0,0.0,0.0,0.0,0.0,5080.0,0.0,0.0,0.0,0.0,0.0,0.0,0.0,0.0,0.0,0.0,0.0
2016-01-09,0.0,0.0,0.0,0.0,0.0,0.0,0.0,0.0,0.0,0.0,0.0,0.0,0.0,0.0,0.0,0.0,0.0,0.0,0.0,0.0,0.0,0.0,0.0
2016-01-10,0.0,0.0,0.0,0.0,0.0,0.0,0.0,0.0,0.0,0.0,0.0,0.0,0.0,0.0,0.0,0.0,0.0,0.0,0.0,0.0,0.0,0.0,0.0
2016-01-11,0.0,0.0,0.0,0.0,0.0,0.0,0.0,0.0,0.0,0.0,0.0,179000.0,0.0,0.0,0.0,0.0,0.0,0.0,0.0,0.0,0.0,0.0,0.0
2016-01-12,0.0,0.0,0.0,0.0,0.0,0.0,0.0,0.0,0.0,0.0,0.0,6260.0,0.0,0.0,0.0,0.0,0.0,0.0,0.0,0.0,0.0,0.0,0.0
2016-01-13,0.0,0.0,0.0,0.0,0.0,0.0,0.0,0.0,0.0,0.0,0.0,10620.0,0.0,0.0,0.0,0.0,0.0,0.0,0.0,0.0,0.0,0.0,0.0
2016-01-14,0.0,0.0,0.0,0.0,0.0,0.0,0.0,0.0,0.0,0.0,0.0,31320.0,0.0,0.0,0.0,0.0,0.0,0.0,0.0,0.0,0.0,0.0,0.0
2016-01-15,0.0,0.0,0.0,0.0,0.0,0.0,0.0,0.0,0.0,0.0,0.0,12100.0,0.0,0.0,0.0,0.0,0.0,0.0,0.0,0.0,0.0,0.0,0.0
2016-01-16,0.0,0.0,0.0,0.0,0.0,0.0,0.0,0.0,0.0,0.0,0.0,0.0,0.0,0.0,0.0,0.0,0.0,0.0,0.0,0.0,0.0,0.0,0.0
2016-01-17,0.0,0.0,0.0,0.0,0.0,0.0,0.0,0.0,0.0,0.0,0.0,0.0,0.0,0.0,0.0,0.0,0.0,0.0,0.0,0.0,0.0,0.0,0.0
2016-01-18,0.0,0.0,0.0,0.0,0.0,0.0,0.0,0.0,0.0,0.0,0.0,87590.0,0.0,0.0,0.0,0.0,0.0,0.0,0.0,0.0,0.0,0.0,0.0
2016-01-19,0.0,0.0,0.0,0.0,0.0,0.0,0.0,0.0,0.0,0.0,0.0,2770.0,0.0,0.0,0.0,0.0,0.0,0.0,0.0,0.0,0.0,0.0,0.0
2016-01-20,0.0,0.0,0.0,0.0,0.0,0.0,0.0,0.0,0.0,0.0,0.0,790.0,0.0,0.0,0.0,0.0,0.0,0.0,0.0,0.0,0.0,0.0,0.0
2016-01-21,0.0,0.0,0.0,0.0,0.0,0.0,0.0,0.0,0.0,0.0,0.0,10000.0,0.0,0.0,0.0,0.0,0.0,0.0,0.0,0.0,0.0,0.0,0.0
2016-01-22,0.0,0.0,0.0,0.0,0.0,0.0,0.0,0.0,0.0,0.0,0.0,10460.0,0.0,0.0,0.0,0.0,0.0,0.0,0.0,0.0,0.0,0.0,0.0
2016-01-23,0.0,0.0,0.0,0.0,0.0,0.0,0.0,0.0,0.0,0.0,0.0,0.0,0.0,0.0,0.0,0.0,0.0,0.0,0.0,0.0,0.0,0.0,0.0
2016-01-24,0.0,0.0,0.0,0.0,0.0,0.0,0.0,0.0,0.0,0.0,0.0,0.0,0.0,0.0,0.0,0.0,0.0,0.0,0.0,0.0,0.0,0.0,0.0
2016-01-25,0.0,0.0,0.0,0.0,0.0,0.0,0.0,0.0,0.0,0.0,0.0,20380.0,0.0,0.0,0.0,0.0,0.0,0.0,0.0,0.0,0.0,0.0,0.0
2016-01-26,0.0,0.0,0.0,0.0,0.0,0.0,0.0,0.0,0.0,0.0,0.0,4210.0,0.0,0.0,0.0,0.0,0.0,0.0,0.0,0.0,0.0,0.0,0.0
2016-01-27,0.0,0.0,0.0,0.0,0.0,0.0,0.0,0.0,0.0,0.0,0.0,10050.0,0.0,0.0,0.0,0.0,0.0,0.0,0.0,0.0,0.0,0.0,0.0
2016-01-28,0.0,0.0,0.0,0.0,0.0,0.0,0.0,0.0,0.0,0.0,0.0,606640.0,0.0,0.0,0.0,0.0,0.0,0.0,0.0,0.0,0.0,0.0,0.0
2016-01-29,0.0,0.0,0.0,0.0,0.0,0.0,0.0,0.0,0.0,0.0,0.0,27740.0,0.0,0.0,0.0,0.0,0.0,0.0,0.0,0.0,0.0,0.0,0.0
2016-01-30,0.0,0.0,0.0,0.0,0.0,0.0,0.0,0.0,0.0,0.0,0.0,0.0,0.0,0.0,0.0,0.0,0.0,0.0,0.0,0.0,0.0,0.0,0.0
2016-01-31,0.0,0.0,0.0,0.0,0.0,0.0,0.0,0.0,0.0,0.0,0.0,0.0,0.0,0.0,0.0,0.0,0.0,0.0,0.0,0.0,0.0,0.0,0.0
2016-02-01,0.0,0.0,0.0,0.0,0.0,0.0,0.0,0.0,0.0,0.0,0.0,6310.0,0.0,0.0,0.0,0.0,0.0,0.0,0.0,0.0,0.0,0.0,0.0
2016-02-02,0.0,0.0,0.0,0.0,0.0,0.0,0.0,0.0,0.0,0.0,0.0,10.0,0.0,0.0,0.0,0.0,0.0,0.0,0.0,0.0,0.0,0.0,0.0
2016-02-03,0.0,0.0,0.0,0.0,0.0,0.0,0.0,0.0,0.0,0.0,0.0,22050.0,0.0,0.0,0.0,0.0,0.0,0.0,0.0,0.0,0.0,0.0,0.0
2016-02-04,0.0,0.0,0.0,0.0,0.0,0.0,0.0,0.0,0.0,0.0,0.0,120.0,0.0,0.0,0.0,0.0,0.0,0.0,0.0,0.0,0.0,0.0,0.0
2016-02-05,0.0,0.0,0.0,0.0,0.0,0.0,0.0,0.0,0.0,0.0,0.0,10.0,0.0,0.0,0.0,0.0,0.0,0.0,0.0,0.0,0.0,0.0,0.0
2016-02-06,0.0,0.0,0.0,0.0,0.0,0.0,0.0,0.0,0.0,0.0,0.0,0.0,0.0,0.0,0.0,0.0,0.0,0.0,0.0,0.0,0.0,0.0,0.0
2016-02-07,0.0,0.0,0.0,0.0,0.0,0.0,0.0,0.0,0.0,0.0,0.0,0.0,0.0,0.0,0.0,0.0,0.0,0.0,0.0,0.0,0.0,0.0,0.0
2016-02-08,0.0,0.0,0.0,0.0,0.0,0.0,0.0,0.0,0.0,0.0,0.0,0.0,0.0,0.0,0.0,0.0,0.0,0.0,0.0,0.0,0.0,0.0,0.0
2016-02-09,0.0,0.0,0.0,0.0,0.0,0.0,0.0,0.0,0.0,0.0,0.0,0.0,0.0,0.0,0.0,0.0,0.0,0.0,0.0,0.0,0.0,0.0,0.0
2016-02-10,0.0,0.0,0.0,0.0,0.0,0.0,0.0,0.0,0.0,0.0,0.0,0.0,0.0,0.0,0.0,0.0,0.0,0.0,0.0,0.0,0.0,0.0,0.0
2016-02-11,0.0,0.0,0.0,0.0,0.0,0.0,0.0,0.0,0.0,0.0,0.0,0.0,0.0,0.0,0.0,0.0,0.0,0.0,0.0,0.0,0.0,0.0,0.0
2016-02-12,0.0,0.0,0.0,0.0,0.0,0.0,0.0,0.0,0.0,0.0,0.0,0.0,0.0,0.0,0.0,0.0,0.0,0.0,0.0,0.0,0.0,0.0,0.0
2016-02-13,0.0,0.0,0.0,0.0,0.0,0.0,0.0,0.0,0.0,0.0,0.0,0.0,0.0,0.0,0.0,0.0,0.0,0.0,0.0,0.0,0.0,0.0,0.0
2016-02-14,0.0,0.0,0.0,0.0,0.0,0.0,0.0,0.0,0.0,0.0,0.0,0.0,0.0,0.0,0.0,0.0,0.0,0.0,0.0,0.0,0.0,0.0,0.0
2016-02-15,0.0,0.0,0.0,0.0,0.0,0.0,0.0,0.0,0.0,0.0,0.0,310.0,0.0,0.0,0.0,0.0,0.0,0.0,0.0,0.0,0.0,0.0,0.0
2016-02-16,0.0,0.0,0.0,0.0,0.0,0.0,0.0,0.0,0.0,0.0,0.0,2500.0,0.0,0.0,0.0,0.0,0.0,0.0,0.0,0.0,0.0,0.0,0.0
2016-02-17,0.0,0.0,0.0,0.0,0.0,0.0,0.0,0.0,0.0,0.0,0.0,3000.0,0.0,0.0,0.0,0.0,0.0,0.0,0.0,0.0,0.0,0.0,0.0
2016-02-18,0.0,0.0,0.0,0.0,0.0,0.0,0.0,0.0,0.0,0.0,0.0,12900.0,0.0,0.0,0.0,0.0,0.0,0.0,0.0,0.0,0.0,0.0,0.0
2016-02-19,0.0,0.0,0.0,0.0,0.0,0.0,0.0,0.0,0.0,0.0,0.0,2340.0,0.0,0.0,0.0,0.0,0.0,0.0,0.0,0.0,0.0,0.0,0.0
2016-02-20,0.0,0.0,0.0,0.0,0.0,0.0,0.0,0.0,0.0,0.0,0.0,0.0,0.0,0.0,0.0,0.0,0.0,0.0,0.0,0.0,0.0,0.0,0.0
2016-02-21,0.0,0.0,0.0,0.0,0.0,0.0,0.0,0.0,0.0,0.0,0.0,0.0,0.0,0.0,0.0,0.0,0.0,0.0,0.0,0.0,0.0,0.0,0.0
2016-02-22,0.0,0.0,0.0,0.0,0.0,0.0,0.0,0.0,0.0,0.0,0.0,19590.0,0.0,0.0,0.0,0.0,0.0,0.0,0.0,0.0,0.0,0.0,0.0
2016-02-23,0.0,0.0,0.0,0.0,0.0,0.0,0.0,0.0,0.0,0.0,0.0,10860.0,0.0,0.0,0.0,0.0,0.0,0.0,0.0,0.0,0.0,0.0,0.0
2016-02-24,0.0,0.0,0.0,0.0,0.0,0.0,0.0,0.0,0.0,0.0,0.0,300.0,0.0,0.0,0.0,0.0,0.0,0.0,0.0,0.0,0.0,0.0,0.0
2016-02-25,0.0,0.0,0.0,0.0,0.0,0.0,0.0,0.0,0.0,0.0,0.0,4000.0,0.0,0.0,0.0,0.0,0.0,0.0,0.0,0.0,0.0,0.0,0.0
2016-02-26,0.0,0.0,0.0,0.0,0.0,0.0,0.0,0.0,0.0,0.0,0.0,74300.0,0.0,0.0,0.0,0.0,0.0,0.0,0.0,0.0,0.0,0.0,0.0
2016-02-27,0.0,0.0,0.0,0.0,0.0,0.0,0.0,0.0,0.0,0.0,0.0,0.0,0.0,0.0,0.0,0.0,0.0,0.0,0.0,0.0,0.0,0.0,0.0
2016-02-28,0.0,0.0,0.0,0.0,0.0,0.0,0.0,0.0,0.0,0.0,0.0,0.0,0.0,0.0,0.0,0.0,0.0,0.0,0.0,0.0,0.0,0.0,0.0
2016-02-29,0.0,0.0,0.0,0.0,0.0,0.0,0.0,0.0,0.0,0.0,0.0,7000.0,0.0,0.0,0.0,0.0,0.0,0.0,0.0,0.0,0.0,0.0,0.0
2016-03-01,0.0,0.0,0.0,0.0,0.0,0.0,0.0,0.0,0.0,0.0,0.0,7060.0,0.0,0.0,0.0,0.0,0.0,0.0,0.0,0.0,0.0,0.0,0.0
2016-03-02,0.0,0.0,0.0,0.0,0.0,0.0,0.0,0.0,0.0,0.0,0.0,2380.0,0.0,0.0,0.0,0.0,0.0,0.0,0.0,0.0,0.0,0.0,0.0
2016-03-03,0.0,0.0,0.0,0.0,0.0,0.0,0.0,0.0,0.0,0.0,0.0,420.0,0.0,0.0,0.0,0.0,0.0,0.0,0.0,0.0,0.0,0.0,0.0
2016-03-04,0.0,0.0,0.0,0.0,0.0,0.0,0.0,0.0,0.0,0.0,0.0,1010.0,0.0,0.0,0.0,0.0,0.0,0.0,0.0,0.0,0.0,0.0,0.0
2016-03-05,0.0,0.0,0.0,0.0,0.0,0.0,0.0,0.0,0.0,0.0,0.0,0.0,0.0,0.0,0.0,0.0,0.0,0.0,0.0,0.0,0.0,0.0,0.0
2016-03-06,0.0,0.0,0.0,0.0,0.0,0.0,0.0,0.0,0.0,0.0,0.0,0.0,0.0,0.0,0.0,0.0,0.0,0.0,0.0,0.0,0.0,0.0,0.0
2016-03-07,0.0,0.0,0.0,0.0,0.0,0.0,0.0,0.0,0.0,0.0,0.0,4010.0,0.0,0.0,0.0,0.0,0.0,0.0,0.0,0.0,0.0,0.0,0.0
2016-03-08,0.0,0.0,0.0,0.0,0.0,0.0,0.0,0.0,0.0,0.0,0.0,1880.0,0.0,0.0,0.0,0.0,0.0,0.0,0.0,0.0,0.0,0.0,0.0
2016-03-09,0.0,0.0,0.0,0.0,0.0,0.0,0.0,0.0,0.0,0.0,0.0,2000.0,0.0,0.0,0.0,0.0,0.0,0.0,0.0,0.0,0.0,0.0,0.0
2016-03-10,0.0,0.0,0.0,0.0,0.0,0.0,0.0,0.0,0.0,0.0,0.0,2000.0,0.0,0.0,0.0,0.0,0.0,0.0,0.0,0.0,0.0,0.0,0.0
2016-03-11,0.0,0.0,0.0,0.0,0.0,0.0,0.0,0.0,0.0,0.0,0.0,1000.0,0.0,0.0,0.0,0.0,0.0,0.0,0.0,0.0,0.0,0.0,0.0
2016-03-12,0.0,0.0,0.0,0.0,0.0,0.0,0.0,0.0,0.0,0.0,0.0,0.0,0.0,0.0,0.0,0.0,0.0,0.0,0.0,0.0,0.0,0.0,0.0
2016-03-13,0.0,0.0,0.0,0.0,0.0,0.0,0.0,0.0,0.0,0.0,0.0,0.0,0.0,0.0,0.0,0.0,0.0,0.0,0.0,0.0,0.0,0.0,0.0
2016-03-14,0.0,0.0,0.0,0.0,0.0,0.0,0.0,0.0,0.0,0.0,0.0,64440.0,0.0,0.0,0.0,0.0,0.0,0.0,0.0,0.0,0.0,0.0,0.0
2016-03-15,0.0,0.0,0.0,0.0,0.0,0.0,0.0,0.0,0.0,0.0,0.0,6300.0,0.0,0.0,0.0,0.0,0.0,0.0,0.0,0.0,0.0,0.0,0.0
2016-03-16,0.0,0.0,0.0,0.0,0.0,0.0,0.0,0.0,0.0,0.0,0.0,3950.0,0.0,0.0,0.0,0.0,0.0,0.0,0.0,0.0,0.0,0.0,0.0
2016-03-17,0.0,0.0,0.0,0.0,0.0,0.0,0.0,0.0,0.0,0.0,0.0,300.0,0.0,0.0,0.0,0.0,0.0,0.0,0.0,0.0,0.0,0.0,0.0
2016-03-18,0.0,0.0,0.0,0.0,0.0,0.0,0.0,0.0,0.0,0.0,0.0,11900.0,0.0,0.0,0.0,0.0,0.0,0.0,0.0,0.0,0.0,0.0,0.0
2016-03-19,0.0,0.0,0.0,0.0,0.0,0.0,0.0,0.0,0.0,0.0,0.0,0.0,0.0,0.0,0.0,0.0,0.0,0.0,0.0,0.0,0.0,0.0,0.0
2016-03-20,0.0,0.0,0.0,0.0,0.0,0.0,0.0,0.0,0.0,0.0,0.0,0.0,0.0,0.0,0.0,0.0,0.0,0.0,0.0,0.0,0.0,0.0,0.0
2016-03-21,0.0,0.0,0.0,0.0,0.0,0.0,0.0,0.0,0.0,0.0,0.0,2550.0,0.0,0.0,0.0,0.0,0.0,0.0,0.0,0.0,0.0,0.0,0.0
2016-03-22,0.0,0.0,0.0,0.0,0.0,0.0,0.0,0.0,0.0,0.0,0.0,3000.0,0.0,0.0,0.0,0.0,0.0,0.0,0.0,0.0,0.0,0.0,0.0
2016-03-23,0.0,0.0,0.0,0.0,0.0,0.0,0.0,0.0,0.0,0.0,0.0,40.0,0.0,0.0,0.0,0.0,0.0,0.0,0.0,0.0,0.0,0.0,0.0
2016-03-24,0.0,0.0,0.0,0.0,0.0,0.0,0.0,0.0,0.0,0.0,0.0,4040.0,0.0,0.0,0.0,0.0,0.0,0.0,0.0,0.0,0.0,0.0,0.0
2016-03-25,0.0,0.0,0.0,0.0,0.0,0.0,0.0,0.0,0.0,0.0,0.0,1090.0,0.0,0.0,0.0,0.0,0.0,0.0,0.0,0.0,0.0,0.0,0.0
2016-03-26,0.0,0.0,0.0,0.0,0.0,0.0,0.0,0.0,0.0,0.0,0.0,0.0,0.0,0.0,0.0,0.0,0.0,0.0,0.0,0.0,0.0,0.0,0.0
2016-03-27,0.0,0.0,0.0,0.0,0.0,0.0,0.0,0.0,0.0,0.0,0.0,0.0,0.0,0.0,0.0,0.0,0.0,0.0,0.0,0.0,0.0,0.0,0.0
2016-03-28,0.0,0.0,0.0,0.0,0.0,0.0,0.0,0.0,0.0,0.0,0.0,12000.0,0.0,0.0,0.0,0.0,0.0,0.0,0.0,0.0,0.0,0.0,0.0
2016-03-29,0.0,0.0,0.0,0.0,0.0,0.0,0.0,0.0,0.0,0.0,0.0,4000.0,0.0,0.0,0.0,0.0,0.0,0.0,0.0,0.0,0.0,0.0,0.0
2016-03-30,0.0,0.0,0.0,0.0,0.0,0.0,0.0,0.0,0.0,0.0,0.0,60.0,0.0,0.0,0.0,0.0,0.0,0.0,0.0,0.0,0.0,0.0,0.0
2016-03-31,0.0,0.0,0.0,0.0,0.0,0.0,0.0,0.0,0.0,0.0,0.0,3010.0,0.0,0.0,0.0,0.0,0.0,0.0,0.0,0.0,0.0,0.0,0.0
2016-04-01,0.0,0.0,0.0,0.0,0.0,0.0,0.0,0.0,0.0,0.0,0.0,400.0,0.0,0.0,0.0,0.0,0.0,0.0,0.0,0.0,0.0,0.0,0.0
2016-04-02,0.0,0.0,0.0,0.0,0.0,0.0,0.0,0.0,0.0,0.0,0.0,0.0,0.0,0.0,0.0,0.0,0.0,0.0,0.0,0.0,0.0,0.0,0.0
2016-04-03,0.0,0.0,0.0,0.0,0.0,0.0,0.0,0.0,0.0,0.0,0.0,0.0,0.0,0.0,0.0,0.0,0.0,0.0,0.0,0.0,0.0,0.0,0.0
2016-04-04,0.0,0.0,0.0,0.0,0.0,0.0,0.0,0.0,0.0,0.0,0.0,600.0,0.0,0.0,0.0,0.0,0.0,0.0,0.0,0.0,0.0,0.0,0.0
2016-04-05,0.0,0.0,0.0,0.0,0.0,0.0,0.0,0.0,0.0,0.0,0.0,4000.0,0.0,0.0,0.0,0.0,0.0,0.0,0.0,0.0,0.0,0.0,0.0
2016-04-06,0.0,0.0,0.0,0.0,0.0,0.0,0.0,0.0,0.0,0.0,0.0,10.0,0.0,0.0,0.0,0.0,0.0,0.0,0.0,0.0,0.0,0.0,0.0
2016-04-07,0.0,0.0,0.0,0.0,0.0,0.0,0.0,0.0,0.0,0.0,0.0,300.0,0.0,0.0,0.0,0.0,0.0,0.0,0.0,0.0,0.0,0.0,0.0
2016-04-08,0.0,0.0,0.0,0.0,0.0,0.0,0.0,0.0,0.0,0.0,0.0,102920.0,0.0,0.0,0.0,0.0,0.0,0.0,0.0,0.0,0.0,0.0,0.0
2016-04-09,0.0,0.0,0.0,0.0,0.0,0.0,0.0,0.0,0.0,0.0,0.0,0.0,0.0,0.0,0.0,0.0,0.0,0.0,0.0,0.0,0.0,0.0,0.0
2016-04-10,0.0,0.0,0.0,0.0,0.0,0.0,0.0,0.0,0.0,0.0,0.0,0.0,0.0,0.0,0.0,0.0,0.0,0.0,0.0,0.0,0.0,0.0,0.0
2016-04-11,0.0,0.0,0.0,0.0,0.0,0.0,0.0,0.0,0.0,0.0,0.0,2150.0,0.0,0.0,0.0,0.0,0.0,0.0,0.0,0.0,0.0,0.0,0.0
2016-04-12,0.0,0.0,0.0,0.0,0.0,0.0,0.0,0.0,0.0,0.0,0.0,3100.0,0.0,0.0,0.0,0.0,0.0,0.0,0.0,0.0,0.0,0.0,0.0
2016-04-13,0.0,0.0,0.0,0.0,0.0,0.0,0.0,0.0,0.0,0.0,0.0,3000.0,0.0,0.0,0.0,0.0,0.0,0.0,0.0,0.0,0.0,0.0,0.0
2016-04-14,0.0,0.0,0.0,0.0,0.0,0.0,0.0,0.0,0.0,0.0,0.0,2100.0,0.0,0.0,0.0,0.0,0.0,0.0,0.0,0.0,0.0,0.0,0.0
2016-04-15,0.0,0.0,0.0,0.0,0.0,0.0,0.0,0.0,0.0,0.0,0.0,20.0,0.0,0.0,0.0,0.0,0.0,0.0,0.0,0.0,0.0,0.0,0.0
2016-04-16,0.0,0.0,0.0,0.0,0.0,0.0,0.0,0.0,0.0,0.0,0.0,0.0,0.0,0.0,0.0,0.0,0.0,0.0,0.0,0.0,0.0,0.0,0.0
2016-04-17,0.0,0.0,0.0,0.0,0.0,0.0,0.0,0.0,0.0,0.0,0.0,0.0,0.0,0.0,0.0,0.0,0.0,0.0,0.0,0.0,0.0,0.0,0.0
2016-04-18,0.0,0.0,0.0,0.0,0.0,0.0,0.0,0.0,0.0,0.0,0.0,0.0,0.0,0.0,0.0,0.0,0.0,0.0,0.0,0.0,0.0,0.0,0.0
2016-04-19,0.0,0.0,0.0,0.0,0.0,0.0,0.0,0.0,0.0,0.0,0.0,50410.0,0.0,0.0,0.0,0.0,0.0,0.0,0.0,0.0,0.0,0.0,0.0
2016-04-20,0.0,0.0,0.0,0.0,0.0,0.0,0.0,0.0,0.0,0.0,0.0,2550.0,0.0,0.0,0.0,0.0,0.0,0.0,0.0,0.0,0.0,0.0,0.0
2016-04-21,0.0,0.0,0.0,0.0,0.0,0.0,0.0,0.0,0.0,0.0,0.0,4010.0,0.0,0.0,0.0,0.0,0.0,0.0,0.0,0.0,0.0,0.0,0.0
2016-04-22,0.0,0.0,0.0,0.0,0.0,0.0,0.0,0.0,0.0,0.0,0.0,2230.0,0.0,0.0,0.0,0.0,0.0,0.0,0.0,0.0,0.0,0.0,0.0
2016-04-23,0.0,0.0,0.0,0.0,0.0,0.0,0.0,0.0,0.0,0.0,0.0,0.0,0.0,0.0,0.0,0.0,0.0,0.0,0.0,0.0,0.0,0.0,0.0
2016-04-24,0.0,0.0,0.0,0.0,0.0,0.0,0.0,0.0,0.0,0.0,0.0,0.0,0.0,0.0,0.0,0.0,0.0,0.0,0.0,0.0,0.0,0.0,0.0
2016-04-25,0.0,0.0,0.0,0.0,0.0,0.0,0.0,0.0,0.0,0.0,0.0,3570.0,0.0,0.0,0.0,0.0,0.0,0.0,0.0,0.0,0.0,0.0,0.0
2016-04-26,0.0,0.0,0.0,0.0,0.0,0.0,0.0,0.0,0.0,0.0,0.0,339300.0,0.0,0.0,0.0,0.0,0.0,0.0,0.0,0.0,0.0,0.0,0.0
2016-04-27,0.0,0.0,0.0,0.0,0.0,0.0,0.0,0.0,0.0,0.0,0.0,4000.0,0.0,0.0,0.0,0.0,0.0,0.0,0.0,0.0,0.0,0.0,0.0
2016-04-28,0.0,0.0,0.0,0.0,0.0,0.0,0.0,0.0,0.0,0.0,0.0,30590.0,0.0,0.0,0.0,0.0,0.0,0.0,0.0,0.0,0.0,0.0,0.0
2016-04-29,0.0,0.0,0.0,0.0,0.0,0.0,0.0,0.0,0.0,0.0,0.0,73820.0,0.0,0.0,0.0,0.0,0.0,0.0,0.0,0.0,0.0,0.0,0.0
2016-04-30,0.0,0.0,0.0,0.0,0.0,0.0,0.0,0.0,0.0,0.0,0.0,0.0,0.0,0.0,0.0,0.0,0.0,0.0,0.0,0.0,0.0,0.0,0.0
2016-05-01,0.0,0.0,0.0,0.0,0.0,0.0,0.0,0.0,0.0,0.0,0.0,0.0,0.0,0.0,0.0,0.0,0.0,0.0,0.0,0.0,0.0,0.0,0.0
2016-05-02,0.0,0.0,0.0,0.0,0.0,0.0,0.0,0.0,0.0,0.0,0.0,0.0,0.0,0.0,0.0,0.0,0.0,0.0,0.0,0.0,0.0,0.0,0.0
2016-05-03,0.0,0.0,0.0,0.0,0.0,0.0,0.0,0.0,0.0,0.0,0.0,0.0,0.0,0.0,0.0,0.0,0.0,0.0,0.0,0.0,0.0,0.0,0.0
2016-05-04,0.0,0.0,0.0,0.0,0.0,0.0,0.0,0.0,0.0,0.0,0.0,103800.0,0.0,0.0,0.0,0.0,0.0,0.0,0.0,0.0,0.0,0.0,0.0
2016-05-05,0.0,0.0,0.0,0.0,0.0,0.0,0.0,0.0,0.0,0.0,0.0,10.0,0.0,0.0,0.0,0.0,0.0,0.0,0.0,0.0,0.0,0.0,0.0
2016-05-06,0.0,0.0,0.0,0.0,0.0,0.0,0.0,0.0,0.0,0.0,0.0,653000.0,0.0,0.0,0.0,0.0,0.0,0.0,0.0,0.0,0.0,0.0,0.0
2016-05-07,0.0,0.0,0.0,0.0,0.0,0.0,0.0,0.0,0.0,0.0,0.0,0.0,0.0,0.0,0.0,0.0,0.0,0.0,0.0,0.0,0.0,0.0,0.0
2016-05-08,0.0,0.0,0.0,0.0,0.0,0.0,0.0,0.0,0.0,0.0,0.0,0.0,0.0,0.0,0.0,0.0,0.0,0.0,0.0,0.0,0.0,0.0,0.0
2016-05-09,0.0,0.0,0.0,0.0,0.0,0.0,0.0,0.0,0.0,0.0,0.0,406490.0,0.0,0.0,0.0,0.0,0.0,0.0,0.0,0.0,0.0,0.0,0.0
2016-05-10,0.0,0.0,0.0,0.0,0.0,0.0,0.0,0.0,0.0,0.0,0.0,820.0,0.0,0.0,0.0,0.0,0.0,0.0,0.0,0.0,0.0,0.0,0.0
2016-05-11,0.0,0.0,0.0,0.0,0.0,0.0,0.0,0.0,0.0,0.0,0.0,2500.0,0.0,0.0,0.0,0.0,0.0,0.0,0.0,0.0,0.0,0.0,0.0
2016-05-12,0.0,0.0,0.0,0.0,0.0,0.0,0.0,0.0,0.0,0.0,0.0,118510.0,0.0,0.0,0.0,0.0,0.0,0.0,0.0,0.0,0.0,0.0,0.0
2016-05-13,0.0,0.0,0.0,0.0,0.0,0.0,0.0,0.0,0.0,0.0,0.0,0.0,0.0,0.0,0.0,0.0,0.0,0.0,0.0,0.0,0.0,0.0,0.0
2016-05-14,0.0,0.0,0.0,0.0,0.0,0.0,0.0,0.0,0.0,0.0,0.0,0.0,0.0,0.0,0.0,0.0,0.0,0.0,0.0,0.0,0.0,0.0,0.0
2016-05-15,0.0,0.0,0.0,0.0,0.0,0.0,0.0,0.0,0.0,0.0,0.0,0.0,0.0,0.0,0.0,0.0,0.0,0.0,0.0,0.0,0.0,0.0,0.0
2016-05-16,0.0,0.0,0.0,0.0,0.0,0.0,0.0,0.0,0.0,0.0,0.0,1110.0,0.0,0.0,0.0,0.0,0.0,0.0,0.0,0.0,0.0,0.0,0.0
2016-05-17,0.0,0.0,0.0,0.0,0.0,0.0,0.0,0.0,0.0,0.0,0.0,105790.0,0.0,0.0,0.0,0.0,0.0,0.0,0.0,0.0,0.0,0.0,0.0
2016-05-18,0.0,0.0,0.0,0.0,0.0,0.0,0.0,0.0,0.0,0.0,0.0,135000.0,0.0,0.0,0.0,0.0,0.0,0.0,0.0,0.0,0.0,0.0,0.0
2016-05-19,0.0,0.0,0.0,0.0,0.0,0.0,0.0,0.0,0.0,0.0,0.0,9600.0,0.0,0.0,0.0,0.0,0.0,0.0,0.0,0.0,0.0,0.0,0.0
2016-05-20,0.0,0.0,0.0,0.0,0.0,0.0,0.0,0.0,0.0,0.0,0.0,10600.0,0.0,0.0,0.0,0.0,0.0,0.0,0.0,0.0,0.0,0.0,0.0
2016-05-21,0.0,0.0,0.0,0.0,0.0,0.0,0.0,0.0,0.0,0.0,0.0,0.0,0.0,0.0,0.0,0.0,0.0,0.0,0.0,0.0,0.0,0.0,0.0
2016-05-22,0.0,0.0,0.0,0.0,0.0,0.0,0.0,0.0,0.0,0.0,0.0,0.0,0.0,0.0,0.0,0.0,0.0,0.0,0.0,0.0,0.0,0.0,0.0
2016-05-23,0.0,0.0,0.0,0.0,0.0,0.0,0.0,0.0,0.0,0.0,0.0,26600.0,0.0,0.0,0.0,0.0,0.0,0.0,0.0,0.0,0.0,0.0,0.0
2016-05-24,0.0,0.0,0.0,0.0,0.0,0.0,0.0,0.0,0.0,0.0,0.0,200510.0,0.0,0.0,0.0,0.0,0.0,0.0,0.0,0.0,0.0,0.0,0.0
2016-05-25,0.0,0.0,0.0,0.0,0.0,0.0,0.0,0.0,0.0,0.0,0.0,1000.0,0.0,0.0,0.0,0.0,0.0,0.0,0.0,0.0,0.0,0.0,0.0
2016-05-26,0.0,0.0,0.0,0.0,0.0,0.0,0.0,0.0,0.0,0.0,0.0,107550.0,0.0,0.0,0.0,0.0,0.0,0.0,0.0,0.0,0.0,0.0,0.0
2016-05-27,0.0,0.0,0.0,0.0,0.0,0.0,0.0,0.0,0.0,0.0,0.0,2300.0,0.0,0.0,0.0,0.0,0.0,0.0,0.0,0.0,0.0,0.0,0.0
2016-05-28,0.0,0.0,0.0,0.0,0.0,0.0,0.0,0.0,0.0,0.0,0.0,0.0,0.0,0.0,0.0,0.0,0.0,0.0,0.0,0.0,0.0,0.0,0.0
2016-05-29,0.0,0.0,0.0,0.0,0.0,0.0,0.0,0.0,0.0,0.0,0.0,0.0,0.0,0.0,0.0,0.0,0.0,0.0,0.0,0.0,0.0,0.0,0.0
2016-05-30,0.0,0.0,0.0,0.0,0.0,0.0,0.0,0.0,0.0,0.0,0.0,570.0,0.0,0.0,0.0,0.0,0.0,0.0,0.0,0.0,0.0,0.0,0.0
2016-05-31,0.0,0.0,0.0,0.0,0.0,0.0,0.0,0.0,0.0,0.0,0.0,715000.0,0.0,0.0,0.0,0.0,0.0,0.0,0.0,0.0,0.0,0.0,0.0
2016-06-01,0.0,0.0,0.0,0.0,0.0,0.0,0.0,0.0,0.0,0.0,0.0,30450.0,0.0,0.0,0.0,0.0,0.0,0.0,0.0,0.0,0.0,0.0,0.0
2016-06-02,0.0,0.0,0.0,0.0,0.0,0.0,0.0,0.0,0.0,0.0,0.0,200600.0,0.0,0.0,0.0,0.0,0.0,0.0,0.0,0.0,0.0,0.0,0.0
2016-06-03,0.0,0.0,0.0,0.0,0.0,0.0,0.0,0.0,0.0,0.0,0.0,15810.0,0.0,0.0,0.0,0.0,0.0,0.0,0.0,0.0,0.0,0.0,0.0
2016-06-04,0.0,0.0,0.0,0.0,0.0,0.0,0.0,0.0,0.0,0.0,0.0,0.0,0.0,0.0,0.0,0.0,0.0,0.0,0.0,0.0,0.0,0.0,0.0
2016-06-05,0.0,0.0,0.0,0.0,0.0,0.0,0.0,0.0,0.0,0.0,0.0,0.0,0.0,0.0,0.0,0.0,0.0,0.0,0.0,0.0,0.0,0.0,0.0
2016-06-06,0.0,0.0,0.0,0.0,0.0,0.0,0.0,0.0,0.0,0.0,0.0,100000.0,0.0,0.0,0.0,0.0,0.0,0.0,0.0,0.0,0.0,0.0,0.0
2016-06-07,0.0,0.0,0.0,0.0,0.0,0.0,0.0,0.0,0.0,0.0,0.0,2000.0,0.0,0.0,0.0,0.0,0.0,0.0,0.0,0.0,0.0,0.0,0.0
2016-06-08,0.0,0.0,0.0,0.0,0.0,0.0,0.0,0.0,0.0,0.0,0.0,65810.0,0.0,0.0,0.0,0.0,0.0,0.0,0.0,0.0,0.0,0.0,0.0
2016-06-09,0.0,0.0,0.0,0.0,0.0,0.0,0.0,0.0,0.0,0.0,0.0,70530.0,0.0,0.0,0.0,0.0,0.0,0.0,0.0,0.0,0.0,0.0,0.0
2016-06-10,0.0,0.0,0.0,0.0,0.0,0.0,0.0,0.0,0.0,0.0,0.0,31890.0,0.0,0.0,0.0,0.0,0.0,0.0,0.0,0.0,0.0,0.0,0.0
2016-06-11,0.0,0.0,0.0,0.0,0.0,0.0,0.0,0.0,0.0,0.0,0.0,0.0,0.0,0.0,0.0,0.0,0.0,0.0,0.0,0.0,0.0,0.0,0.0
2016-06-12,0.0,0.0,0.0,0.0,0.0,0.0,0.0,0.0,0.0,0.0,0.0,0.0,0.0,0.0,0.0,0.0,0.0,0.0,0.0,0.0,0.0,0.0,0.0
2016-06-13,0.0,0.0,0.0,0.0,0.0,0.0,0.0,0.0,0.0,0.0,0.0,90000.0,0.0,0.0,0.0,0.0,0.0,0.0,0.0,0.0,0.0,0.0,0.0
2016-06-14,0.0,0.0,0.0,0.0,0.0,0.0,0.0,0.0,0.0,0.0,0.0,2200.0,0.0,0.0,0.0,0.0,0.0,0.0,0.0,0.0,0.0,0.0,0.0
2016-06-15,0.0,0.0,0.0,0.0,0.0,0.0,0.0,0.0,0.0,0.0,0.0,3000.0,0.0,0.0,0.0,0.0,0.0,0.0,0.0,0.0,0.0,0.0,0.0
2016-06-16,0.0,0.0,0.0,0.0,0.0,0.0,0.0,0.0,0.0,0.0,0.0,20.0,0.0,0.0,0.0,0.0,0.0,0.0,0.0,0.0,0.0,0.0,0.0
2016-06-17,0.0,0.0,0.0,0.0,0.0,0.0,0.0,0.0,0.0,0.0,0.0,112400.0,0.0,0.0,0.0,0.0,0.0,0.0,0.0,0.0,0.0,0.0,0.0
2016-06-18,0.0,0.0,0.0,0.0,0.0,0.0,0.0,0.0,0.0,0.0,0.0,0.0,0.0,0.0,0.0,0.0,0.0,0.0,0.0,0.0,0.0,0.0,0.0
2016-06-19,0.0,0.0,0.0,0.0,0.0,0.0,0.0,0.0,0.0,0.0,0.0,0.0,0.0,0.0,0.0,0.0,0.0,0.0,0.0,0.0,0.0,0.0,0.0
2016-06-20,0.0,0.0,0.0,0.0,0.0,0.0,0.0,0.0,0.0,0.0,0.0,43060.0,0.0,0.0,0.0,0.0,0.0,0.0,0.0,0.0,0.0,0.0,0.0
2016-06-21,0.0,0.0,0.0,0.0,0.0,0.0,0.0,0.0,0.0,0.0,0.0,115510.0,0.0,0.0,0.0,0.0,0.0,0.0,0.0,0.0,0.0,0.0,0.0
2016-06-22,0.0,0.0,0.0,0.0,0.0,0.0,0.0,0.0,0.0,0.0,0.0,230000.0,0.0,0.0,0.0,0.0,0.0,0.0,0.0,0.0,0.0,0.0,0.0
2016-06-23,0.0,0.0,0.0,0.0,0.0,0.0,0.0,0.0,0.0,0.0,0.0,500.0,0.0,0.0,0.0,0.0,0.0,0.0,0.0,0.0,0.0,0.0,0.0
2016-06-24,0.0,0.0,0.0,0.0,0.0,0.0,0.0,0.0,0.0,0.0,0.0,291710.0,0.0,0.0,0.0,0.0,0.0,0.0,0.0,0.0,0.0,0.0,0.0
2016-06-25,0.0,0.0,0.0,0.0,0.0,0.0,0.0,0.0,0.0,0.0,0.0,0.0,0.0,0.0,0.0,0.0,0.0,0.0,0.0,0.0,0.0,0.0,0.0
2016-06-26,0.0,0.0,0.0,0.0,0.0,0.0,0.0,0.0,0.0,0.0,0.0,0.0,0.0,0.0,0.0,0.0,0.0,0.0,0.0,0.0,0.0,0.0,0.0
2016-06-27,0.0,0.0,0.0,0.0,0.0,0.0,0.0,0.0,0.0,0.0,0.0,16360.0,0.0,0.0,0.0,0.0,0.0,0.0,0.0,0.0,0.0,0.0,0.0
2016-06-28,0.0,0.0,0.0,0.0,0.0,0.0,0.0,0.0,0.0,0.0,0.0,200.0,0.0,0.0,0.0,0.0,0.0,0.0,0.0,0.0,0.0,0.0,0.0
2016-06-29,0.0,0.0,0.0,0.0,0.0,0.0,0.0,0.0,0.0,0.0,0.0,900000.0,0.0,0.0,0.0,0.0,0.0,0.0,0.0,0.0,0.0,0.0,0.0
2016-06-30,0.0,0.0,0.0,0.0,0.0,0.0,0.0,0.0,0.0,0.0,0.0,80200.0,0.0,0.0,0.0,0.0,0.0,0.0,0.0,0.0,0.0,0.0,0.0
2016-07-01,0.0,0.0,0.0,0.0,0.0,0.0,0.0,0.0,0.0,0.0,0.0,30300.0,0.0,0.0,0.0,0.0,0.0,0.0,0.0,0.0,0.0,0.0,0.0
2016-07-02,0.0,0.0,0.0,0.0,0.0,0.0,0.0,0.0,0.0,0.0,0.0,0.0,0.0,0.0,0.0,0.0,0.0,0.0,0.0,0.0,0.0,0.0,0.0
2016-07-03,0.0,0.0,0.0,0.0,0.0,0.0,0.0,0.0,0.0,0.0,0.0,0.0,0.0,0.0,0.0,0.0,0.0,0.0,0.0,0.0,0.0,0.0,0.0
2016-07-04,0.0,0.0,0.0,0.0,0.0,0.0,0.0,0.0,0.0,0.0,0.0,13460.0,0.0,0.0,0.0,0.0,0.0,0.0,0.0,0.0,0.0,0.0,0.0
2016-07-05,0.0,0.0,0.0,0.0,0.0,0.0,0.0,0.0,0.0,0.0,0.0,132250.0,0.0,0.0,0.0,0.0,0.0,0.0,0.0,0.0,0.0,0.0,0.0
2016-07-06,0.0,0.0,0.0,0.0,0.0,0.0,0.0,0.0,0.0,0.0,0.0,580.0,0.0,0.0,0.0,0.0,0.0,0.0,0.0,0.0,0.0,0.0,0.0
2016-07-07,0.0,0.0,0.0,0.0,0.0,0.0,0.0,0.0,0.0,0.0,0.0,210300.0,0.0,0.0,0.0,0.0,0.0,0.0,0.0,0.0,0.0,0.0,0.0
2016-07-08,0.0,0.0,0.0,0.0,0.0,0.0,0.0,0.0,0.0,0.0,0.0,168300.0,0.0,0.0,0.0,0.0,0.0,0.0,0.0,0.0,0.0,0.0,0.0
2016-07-09,0.0,0.0,0.0,0.0,0.0,0.0,0.0,0.0,0.0,0.0,0.0,0.0,0.0,0.0,0.0,0.0,0.0,0.0,0.0,0.0,0.0,0.0,0.0
2016-07-10,0.0,0.0,0.0,0.0,0.0,0.0,0.0,0.0,0.0,0.0,0.0,0.0,0.0,0.0,0.0,0.0,0.0,0.0,0.0,0.0,0.0,0.0,0.0
2016-07-11,0.0,0.0,0.0,0.0,0.0,0.0,0.0,0.0,0.0,0.0,0.0,44990.0,0.0,0.0,0.0,0.0,0.0,0.0,0.0,0.0,0.0,0.0,0.0
2016-07-12,0.0,0.0,0.0,0.0,0.0,0.0,0.0,0.0,0.0,0.0,0.0,1000.0,0.0,0.0,0.0,0.0,0.0,0.0,0.0,0.0,0.0,0.0,0.0
2016-07-13,0.0,0.0,0.0,0.0,0.0,0.0,0.0,0.0,0.0,0.0,0.0,202080.0,0.0,0.0,0.0,0.0,0.0,0.0,0.0,0.0,0.0,0.0,0.0
2016-07-14,0.0,0.0,0.0,0.0,0.0,0.0,0.0,0.0,0.0,0.0,0.0,181810.0,0.0,0.0,0.0,0.0,0.0,0.0,0.0,0.0,0.0,0.0,0.0
2016-07-15,0.0,0.0,0.0,0.0,0.0,0.0,0.0,0.0,0.0,0.0,0.0,33450.0,0.0,0.0,0.0,0.0,0.0,0.0,0.0,0.0,0.0,0.0,0.0
2016-07-16,0.0,0.0,0.0,0.0,0.0,0.0,0.0,0.0,0.0,0.0,0.0,0.0,0.0,0.0,0.0,0.0,0.0,0.0,0.0,0.0,0.0,0.0,0.0
2016-07-17,0.0,0.0,0.0,0.0,0.0,0.0,0.0,0.0,0.0,0.0,0.0,0.0,0.0,0.0,0.0,0.0,0.0,0.0,0.0,0.0,0.0,0.0,0.0
2016-07-18,0.0,0.0,0.0,0.0,0.0,0.0,0.0,0.0,0.0,0.0,0.0,220.0,0.0,0.0,0.0,0.0,0.0,0.0,0.0,0.0,0.0,0.0,0.0
2016-07-19,0.0,0.0,0.0,0.0,0.0,0.0,0.0,0.0,0.0,0.0,0.0,1100.0,0.0,0.0,0.0,0.0,0.0,0.0,0.0,0.0,0.0,0.0,0.0
2016-07-20,0.0,0.0,0.0,0.0,0.0,0.0,0.0,0.0,0.0,0.0,0.0,40.0,0.0,0.0,0.0,0.0,0.0,0.0,0.0,0.0,0.0,0.0,0.0
2016-07-21,0.0,0.0,0.0,0.0,0.0,0.0,0.0,0.0,0.0,0.0,0.0,680.0,0.0,0.0,0.0,0.0,0.0,0.0,0.0,0.0,0.0,0.0,0.0
2016-07-22,0.0,0.0,0.0,0.0,0.0,0.0,0.0,0.0,0.0,0.0,0.0,20.0,0.0,0.0,0.0,0.0,0.0,0.0,0.0,0.0,0.0,0.0,0.0
2016-07-23,0.0,0.0,0.0,0.0,0.0,0.0,0.0,0.0,0.0,0.0,0.0,0.0,0.0,0.0,0.0,0.0,0.0,0.0,0.0,0.0,0.0,0.0,0.0
2016-07-24,0.0,0.0,0.0,0.0,0.0,0.0,0.0,0.0,0.0,0.0,0.0,0.0,0.0,0.0,0.0,0.0,0.0,0.0,0.0,0.0,0.0,0.0,0.0
2016-07-25,0.0,0.0,0.0,0.0,0.0,0.0,0.0,0.0,0.0,0.0,0.0,130.0,0.0,0.0,0.0,0.0,0.0,0.0,0.0,0.0,0.0,0.0,0.0
2016-07-26,0.0,0.0,0.0,0.0,0.0,0.0,0.0,0.0,0.0,0.0,0.0,0.0,0.0,0.0,0.0,0.0,0.0,0.0,0.0,0.0,0.0,0.0,0.0
2016-07-27,0.0,0.0,0.0,0.0,0.0,0.0,0.0,0.0,0.0,0.0,0.0,810.0,0.0,0.0,0.0,0.0,0.0,0.0,0.0,0.0,0.0,0.0,0.0
2016-07-28,0.0,0.0,0.0,0.0,0.0,0.0,0.0,0.0,0.0,0.0,0.0,1710.0,0.0,0.0,0.0,0.0,0.0,0.0,0.0,0.0,0.0,0.0,0.0
2016-07-29,0.0,0.0,0.0,0.0,0.0,0.0,0.0,0.0,0.0,0.0,0.0,0.0,0.0,0.0,0.0,0.0,0.0,0.0,0.0,0.0,0.0,0.0,0.0
2016-07-30,0.0,0.0,0.0,0.0,0.0,0.0,0.0,0.0,0.0,0.0,0.0,0.0,0.0,0.0,0.0,0.0,0.0,0.0,0.0,0.0,0.0,0.0,0.0
2016-07-31,0.0,0.0,0.0,0.0,0.0,0.0,0.0,0.0,0.0,0.0,0.0,0.0,0.0,0.0,0.0,0.0,0.0,0.0,0.0,0.0,0.0,0.0,0.0
2016-08-01,0.0,0.0,0.0,0.0,0.0,0.0,0.0,0.0,0.0,0.0,0.0,17200.0,0.0,0.0,0.0,0.0,0.0,0.0,0.0,0.0,0.0,0.0,0.0
2016-08-02,0.0,0.0,0.0,0.0,0.0,0.0,0.0,0.0,0.0,0.0,0.0,600.0,0.0,0.0,0.0,0.0,0.0,0.0,0.0,0.0,0.0,0.0,0.0
2016-08-03,0.0,0.0,0.0,0.0,0.0,0.0,0.0,0.0,0.0,0.0,0.0,10460.0,0.0,0.0,0.0,0.0,0.0,0.0,0.0,0.0,0.0,0.0,0.0
2016-08-04,0.0,0.0,0.0,0.0,0.0,0.0,0.0,0.0,0.0,0.0,0.0,650.0,0.0,0.0,0.0,0.0,0.0,0.0,0.0,0.0,0.0,0.0,0.0
2016-08-05,0.0,0.0,0.0,0.0,0.0,0.0,0.0,0.0,0.0,0.0,0.0,3900.0,0.0,0.0,0.0,0.0,0.0,0.0,0.0,0.0,0.0,0.0,0.0
2016-08-06,0.0,0.0,0.0,0.0,0.0,0.0,0.0,0.0,0.0,0.0,0.0,0.0,0.0,0.0,0.0,0.0,0.0,0.0,0.0,0.0,0.0,0.0,0.0
2016-08-07,0.0,0.0,0.0,0.0,0.0,0.0,0.0,0.0,0.0,0.0,0.0,0.0,0.0,0.0,0.0,0.0,0.0,0.0,0.0,0.0,0.0,0.0,0.0
2016-08-08,0.0,0.0,0.0,0.0,0.0,0.0,0.0,0.0,0.0,0.0,0.0,1300.0,0.0,0.0,0.0,0.0,0.0,0.0,0.0,0.0,0.0,0.0,0.0
2016-08-09,0.0,0.0,0.0,0.0,0.0,0.0,0.0,0.0,0.0,0.0,0.0,150.0,0.0,0.0,0.0,0.0,0.0,0.0,0.0,0.0,0.0,0.0,0.0
2016-08-10,0.0,0.0,0.0,0.0,0.0,0.0,0.0,0.0,0.0,0.0,0.0,110.0,0.0,0.0,0.0,0.0,0.0,0.0,0.0,0.0,0.0,0.0,0.0
2016-08-11,0.0,0.0,0.0,0.0,0.0,0.0,0.0,0.0,0.0,0.0,0.0,10360.0,0.0,0.0,0.0,0.0,0.0,0.0,0.0,0.0,0.0,0.0,0.0
2016-08-12,0.0,0.0,0.0,0.0,0.0,0.0,0.0,0.0,0.0,0.0,0.0,210.0,0.0,0.0,0.0,0.0,0.0,0.0,0.0,0.0,0.0,0.0,0.0
2016-08-13,0.0,0.0,0.0,0.0,0.0,0.0,0.0,0.0,0.0,0.0,0.0,0.0,0.0,0.0,0.0,0.0,0.0,0.0,0.0,0.0,0.0,0.0,0.0
2016-08-14,0.0,0.0,0.0,0.0,0.0,0.0,0.0,0.0,0.0,0.0,0.0,0.0,0.0,0.0,0.0,0.0,0.0,0.0,0.0,0.0,0.0,0.0,0.0
2016-08-15,0.0,0.0,0.0,0.0,0.0,0.0,0.0,0.0,0.0,0.0,0.0,29800.0,0.0,0.0,0.0,0.0,0.0,0.0,0.0,0.0,0.0,0.0,0.0
2016-08-16,0.0,0.0,0.0,0.0,0.0,0.0,0.0,0.0,0.0,0.0,0.0,200.0,0.0,0.0,0.0,0.0,0.0,0.0,0.0,0.0,0.0,0.0,0.0
2016-08-17,0.0,0.0,0.0,0.0,0.0,0.0,0.0,0.0,0.0,0.0,0.0,500.0,0.0,0.0,0.0,0.0,0.0,0.0,0.0,0.0,0.0,0.0,0.0
2016-08-18,0.0,0.0,0.0,0.0,0.0,0.0,0.0,0.0,0.0,0.0,0.0,19670.0,0.0,0.0,0.0,0.0,0.0,0.0,0.0,0.0,0.0,0.0,0.0
2016-08-19,0.0,0.0,0.0,0.0,0.0,0.0,0.0,0.0,0.0,0.0,0.0,300000.0,0.0,0.0,0.0,0.0,0.0,0.0,0.0,0.0,0.0,0.0,0.0
2016-08-20,0.0,0.0,0.0,0.0,0.0,0.0,0.0,0.0,0.0,0.0,0.0,0.0,0.0,0.0,0.0,0.0,0.0,0.0,0.0,0.0,0.0,0.0,0.0
2016-08-21,0.0,0.0,0.0,0.0,0.0,0.0,0.0,0.0,0.0,0.0,0.0,0.0,0.0,0.0,0.0,0.0,0.0,0.0,0.0,0.0,0.0,0.0,0.0
2016-08-22,0.0,0.0,0.0,0.0,0.0,0.0,0.0,0.0,0.0,0.0,0.0,18090.0,0.0,0.0,0.0,0.0,0.0,0.0,0.0,0.0,0.0,0.0,0.0
2016-08-23,0.0,0.0,0.0,0.0,0.0,0.0,0.0,0.0,0.0,0.0,0.0,200.0,0.0,0.0,0.0,0.0,0.0,0.0,0.0,0.0,0.0,0.0,0.0
2016-08-24,0.0,0.0,0.0,0.0,0.0,0.0,0.0,0.0,0.0,0.0,0.0,10030.0,0.0,0.0,0.0,0.0,0.0,0.0,0.0,0.0,0.0,0.0,0.0
2016-08-25,0.0,0.0,0.0,0.0,0.0,0.0,0.0,0.0,0.0,0.0,0.0,12800.0,0.0,0.0,0.0,0.0,0.0,0.0,0.0,0.0,0.0,0.0,0.0
2016-08-26,0.0,0.0,0.0,0.0,0.0,0.0,0.0,0.0,0.0,0.0,0.0,34170.0,0.0,0.0,0.0,0.0,0.0,0.0,0.0,0.0,0.0,0.0,0.0
2016-08-27,0.0,0.0,0.0,0.0,0.0,0.0,0.0,0.0,0.0,0.0,0.0,0.0,0.0,0.0,0.0,0.0,0.0,0.0,0.0,0.0,0.0,0.0,0.0
2016-08-28,0.0,0.0,0.0,0.0,0.0,0.0,0.0,0.0,0.0,0.0,0.0,0.0,0.0,0.0,0.0,0.0,0.0,0.0,0.0,0.0,0.0,0.0,0.0
2016-08-29,0.0,0.0,0.0,0.0,0.0,0.0,0.0,0.0,0.0,0.0,0.0,16000.0,0.0,0.0,0.0,0.0,0.0,0.0,0.0,0.0,0.0,0.0,0.0
2016-08-30,0.0,0.0,0.0,0.0,0.0,0.0,0.0,0.0,0.0,0.0,0.0,0.0,0.0,0.0,0.0,0.0,0.0,0.0,0.0,0.0,0.0,0.0,0.0
2016-08-31,0.0,0.0,0.0,0.0,0.0,0.0,0.0,0.0,0.0,0.0,0.0,10100.0,0.0,0.0,0.0,0.0,0.0,0.0,0.0,0.0,0.0,0.0,0.0
2016-09-01,0.0,0.0,0.0,0.0,0.0,0.0,0.0,0.0,0.0,0.0,0.0,0.0,0.0,0.0,0.0,0.0,0.0,0.0,0.0,0.0,0.0,0.0,0.0
2016-09-02,0.0,0.0,0.0,0.0,0.0,0.0,0.0,0.0,0.0,0.0,0.0,0.0,0.0,0.0,0.0,0.0,0.0,0.0,0.0,0.0,0.0,0.0,0.0
2016-09-03,0.0,0.0,0.0,0.0,0.0,0.0,0.0,0.0,0.0,0.0,0.0,0.0,0.0,0.0,0.0,0.0,0.0,0.0,0.0,0.0,0.0,0.0,0.0
2016-09-04,0.0,0.0,0.0,0.0,0.0,0.0,0.0,0.0,0.0,0.0,0.0,0.0,0.0,0.0,0.0,0.0,0.0,0.0,0.0,0.0,0.0,0.0,0.0
2016-09-05,0.0,0.0,0.0,0.0,0.0,0.0,0.0,0.0,0.0,0.0,0.0,29100.0,0.0,0.0,0.0,0.0,0.0,0.0,0.0,0.0,0.0,0.0,0.0
2016-09-06,0.0,0.0,0.0,0.0,0.0,0.0,0.0,0.0,0.0,0.0,0.0,100.0,0.0,0.0,0.0,0.0,0.0,0.0,0.0,0.0,0.0,0.0,0.0
2016-09-07,0.0,0.0,0.0,0.0,0.0,0.0,0.0,0.0,0.0,0.0,0.0,630.0,0.0,0.0,0.0,0.0,0.0,0.0,0.0,0.0,0.0,0.0,0.0
2016-09-08,0.0,0.0,0.0,0.0,0.0,0.0,0.0,0.0,0.0,0.0,0.0,1050.0,0.0,0.0,0.0,0.0,0.0,0.0,0.0,0.0,0.0,0.0,0.0
2016-09-09,0.0,0.0,0.0,0.0,0.0,0.0,0.0,0.0,0.0,0.0,0.0,17400.0,0.0,0.0,0.0,0.0,0.0,0.0,0.0,0.0,0.0,0.0,0.0
2016-09-10,0.0,0.0,0.0,0.0,0.0,0.0,0.0,0.0,0.0,0.0,0.0,0.0,0.0,0.0,0.0,0.0,0.0,0.0,0.0,0.0,0.0,0.0,0.0
2016-09-11,0.0,0.0,0.0,0.0,0.0,0.0,0.0,0.0,0.0,0.0,0.0,0.0,0.0,0.0,0.0,0.0,0.0,0.0,0.0,0.0,0.0,0.0,0.0
2016-09-12,0.0,0.0,0.0,0.0,0.0,0.0,0.0,0.0,0.0,0.0,0.0,970.0,0.0,0.0,0.0,0.0,0.0,0.0,0.0,0.0,0.0,0.0,0.0
2016-09-13,0.0,0.0,0.0,0.0,0.0,0.0,0.0,0.0,0.0,0.0,0.0,0.0,0.0,0.0,0.0,0.0,0.0,0.0,0.0,0.0,0.0,0.0,0.0
2016-09-14,0.0,0.0,0.0,0.0,0.0,0.0,0.0,0.0,0.0,0.0,0.0,30.0,0.0,0.0,0.0,0.0,0.0,0.0,0.0,0.0,0.0,0.0,0.0
2016-09-15,0.0,0.0,0.0,0.0,0.0,0.0,0.0,0.0,0.0,0.0,0.0,100360.0,0.0,0.0,0.0,0.0,0.0,0.0,0.0,0.0,0.0,0.0,0.0
2016-09-16,0.0,0.0,0.0,0.0,0.0,0.0,0.0,0.0,0.0,0.0,0.0,0.0,0.0,0.0,0.0,0.0,0.0,0.0,0.0,0.0,0.0,0.0,0.0
2016-09-17,0.0,0.0,0.0,0.0,0.0,0.0,0.0,0.0,0.0,0.0,0.0,0.0,0.0,0.0,0.0,0.0,0.0,0.0,0.0,0.0,0.0,0.0,0.0
2016-09-18,0.0,0.0,0.0,0.0,0.0,0.0,0.0,0.0,0.0,0.0,0.0,0.0,0.0,0.0,0.0,0.0,0.0,0.0,0.0,0.0,0.0,0.0,0.0
2016-09-19,0.0,0.0,0.0,0.0,0.0,0.0,0.0,0.0,0.0,0.0,0.0,1500.0,0.0,0.0,0.0,0.0,0.0,0.0,0.0,0.0,0.0,0.0,0.0
2016-09-20,0.0,0.0,0.0,0.0,0.0,0.0,0.0,0.0,0.0,0.0,0.0,2000.0,0.0,0.0,0.0,0.0,0.0,0.0,0.0,0.0,0.0,0.0,0.0
2016-09-21,0.0,0.0,0.0,0.0,0.0,0.0,0.0,0.0,0.0,0.0,0.0,100000.0,0.0,0.0,0.0,0.0,0.0,0.0,0.0,0.0,0.0,0.0,0.0
2016-09-22,0.0,0.0,0.0,0.0,0.0,0.0,0.0,0.0,0.0,0.0,0.0,2240.0,0.0,0.0,0.0,0.0,0.0,0.0,0.0,0.0,0.0,0.0,0.0
2016-09-23,0.0,0.0,0.0,0.0,0.0,0.0,0.0,0.0,0.0,0.0,0.0,0.0,0.0,0.0,0.0,0.0,0.0,0.0,0.0,0.0,0.0,0.0,0.0
2016-09-24,0.0,0.0,0.0,0.0,0.0,0.0,0.0,0.0,0.0,0.0,0.0,0.0,0.0,0.0,0.0,0.0,0.0,0.0,0.0,0.0,0.0,0.0,0.0
2016-09-25,0.0,0.0,0.0,0.0,0.0,0.0,0.0,0.0,0.0,0.0,0.0,0.0,0.0,0.0,0.0,0.0,0.0,0.0,0.0,0.0,0.0,0.0,0.0
2016-09-26,0.0,0.0,0.0,0.0,0.0,0.0,0.0,0.0,0.0,0.0,0.0,3010.0,0.0,0.0,0.0,0.0,0.0,0.0,0.0,0.0,0.0,0.0,0.0
2016-09-27,0.0,0.0,0.0,0.0,0.0,0.0,0.0,0.0,0.0,0.0,0.0,400000.0,0.0,0.0,0.0,0.0,0.0,0.0,0.0,0.0,0.0,0.0,0.0
2016-09-28,0.0,0.0,0.0,0.0,0.0,0.0,0.0,0.0,0.0,0.0,0.0,35600.0,0.0,0.0,0.0,0.0,0.0,0.0,0.0,0.0,0.0,0.0,0.0
2016-09-29,0.0,0.0,0.0,0.0,0.0,0.0,0.0,0.0,0.0,0.0,0.0,3810.0,0.0,0.0,0.0,0.0,0.0,0.0,0.0,0.0,0.0,0.0,0.0
2016-09-30,0.0,0.0,0.0,0.0,0.0,0.0,0.0,0.0,0.0,0.0,0.0,150.0,0.0,0.0,0.0,0.0,0.0,0.0,0.0,0.0,0.0,0.0,0.0
2016-10-01,0.0,0.0,0.0,0.0,0.0,0.0,0.0,0.0,0.0,0.0,0.0,0.0,0.0,0.0,0.0,0.0,0.0,0.0,0.0,0.0,0.0,0.0,0.0
2016-10-02,0.0,0.0,0.0,0.0,0.0,0.0,0.0,0.0,0.0,0.0,0.0,0.0,0.0,0.0,0.0,0.0,0.0,0.0,0.0,0.0,0.0,0.0,0.0
2016-10-03,0.0,0.0,0.0,0.0,0.0,0.0,0.0,0.0,0.0,0.0,0.0,200.0,0.0,0.0,0.0,0.0,0.0,0.0,0.0,0.0,0.0,0.0,0.0
2016-10-04,0.0,0.0,0.0,0.0,0.0,0.0,0.0,0.0,0.0,0.0,0.0,47800.0,0.0,0.0,0.0,0.0,0.0,0.0,0.0,0.0,0.0,0.0,0.0
2016-10-05,0.0,0.0,0.0,0.0,0.0,0.0,0.0,0.0,0.0,0.0,0.0,370.0,0.0,0.0,0.0,0.0,0.0,0.0,0.0,0.0,0.0,0.0,0.0
2016-10-06,0.0,0.0,0.0,0.0,0.0,0.0,0.0,0.0,0.0,0.0,0.0,80420.0,0.0,0.0,0.0,0.0,0.0,0.0,0.0,0.0,0.0,0.0,0.0
2016-10-07,0.0,0.0,0.0,0.0,0.0,0.0,0.0,0.0,0.0,0.0,0.0,17470.0,0.0,0.0,0.0,0.0,0.0,0.0,0.0,0.0,0.0,0.0,0.0
2016-10-08,0.0,0.0,0.0,0.0,0.0,0.0,0.0,0.0,0.0,0.0,0.0,0.0,0.0,0.0,0.0,0.0,0.0,0.0,0.0,0.0,0.0,0.0,0.0
2016-10-09,0.0,0.0,0.0,0.0,0.0,0.0,0.0,0.0,0.0,0.0,0.0,0.0,0.0,0.0,0.0,0.0,0.0,0.0,0.0,0.0,0.0,0.0,0.0
2016-10-10,0.0,0.0,0.0,0.0,0.0,0.0,0.0,0.0,0.0,0.0,0.0,50.0,0.0,0.0,0.0,0.0,0.0,0.0,0.0,0.0,0.0,0.0,0.0
2016-10-11,0.0,0.0,0.0,0.0,0.0,0.0,0.0,0.0,0.0,0.0,0.0,55060.0,0.0,0.0,0.0,0.0,0.0,0.0,0.0,0.0,0.0,0.0,0.0
2016-10-12,0.0,0.0,0.0,0.0,0.0,0.0,0.0,0.0,0.0,0.0,0.0,0.0,0.0,0.0,0.0,0.0,0.0,0.0,0.0,0.0,0.0,0.0,0.0
2016-10-13,0.0,0.0,0.0,0.0,0.0,0.0,0.0,0.0,0.0,0.0,0.0,20100.0,0.0,0.0,0.0,0.0,0.0,0.0,0.0,0.0,0.0,0.0,0.0
2016-10-14,0.0,0.0,0.0,0.0,0.0,0.0,0.0,0.0,0.0,0.0,0.0,35000.0,0.0,0.0,0.0,0.0,0.0,0.0,0.0,0.0,0.0,0.0,0.0
2016-10-15,0.0,0.0,0.0,0.0,0.0,0.0,0.0,0.0,0.0,0.0,0.0,0.0,0.0,0.0,0.0,0.0,0.0,0.0,0.0,0.0,0.0,0.0,0.0
2016-10-16,0.0,0.0,0.0,0.0,0.0,0.0,0.0,0.0,0.0,0.0,0.0,0.0,0.0,0.0,0.0,0.0,0.0,0.0,0.0,0.0,0.0,0.0,0.0
2016-10-17,0.0,0.0,0.0,0.0,0.0,0.0,0.0,0.0,0.0,0.0,0.0,10050.0,0.0,0.0,0.0,0.0,0.0,0.0,0.0,0.0,0.0,0.0,0.0
2016-10-18,0.0,0.0,0.0,0.0,0.0,0.0,0.0,0.0,0.0,0.0,0.0,31000.0,0.0,0.0,0.0,0.0,0.0,0.0,0.0,0.0,0.0,0.0,0.0
2016-10-19,0.0,0.0,0.0,0.0,0.0,0.0,0.0,0.0,0.0,0.0,0.0,232000.0,0.0,0.0,0.0,0.0,0.0,0.0,0.0,0.0,0.0,0.0,0.0
2016-10-20,0.0,0.0,0.0,0.0,0.0,0.0,0.0,0.0,0.0,0.0,0.0,200910.0,0.0,0.0,0.0,0.0,0.0,0.0,0.0,0.0,0.0,0.0,0.0
2016-10-21,0.0,0.0,0.0,0.0,0.0,0.0,0.0,0.0,0.0,0.0,0.0,10.0,0.0,0.0,0.0,0.0,0.0,0.0,0.0,0.0,0.0,0.0,0.0
2016-10-22,0.0,0.0,0.0,0.0,0.0,0.0,0.0,0.0,0.0,0.0,0.0,0.0,0.0,0.0,0.0,0.0,0.0,0.0,0.0,0.0,0.0,0.0,0.0
2016-10-23,0.0,0.0,0.0,0.0,0.0,0.0,0.0,0.0,0.0,0.0,0.0,0.0,0.0,0.0,0.0,0.0,0.0,0.0,0.0,0.0,0.0,0.0,0.0
2016-10-24,0.0,0.0,0.0,0.0,0.0,0.0,0.0,0.0,0.0,0.0,0.0,0.0,0.0,0.0,0.0,0.0,0.0,0.0,0.0,0.0,0.0,0.0,0.0
2016-10-25,0.0,0.0,0.0,0.0,0.0,0.0,0.0,0.0,0.0,0.0,0.0,2900.0,0.0,0.0,0.0,0.0,0.0,0.0,0.0,0.0,0.0,0.0,0.0
2016-10-26,0.0,0.0,0.0,0.0,0.0,0.0,0.0,0.0,0.0,0.0,0.0,35000.0,0.0,0.0,0.0,0.0,0.0,0.0,0.0,0.0,0.0,0.0,0.0
2016-10-27,0.0,0.0,0.0,0.0,0.0,0.0,0.0,0.0,0.0,0.0,0.0,0.0,0.0,0.0,0.0,0.0,0.0,0.0,0.0,0.0,0.0,0.0,0.0
2016-10-28,0.0,0.0,0.0,0.0,0.0,0.0,0.0,0.0,0.0,0.0,0.0,0.0,0.0,0.0,0.0,0.0,0.0,0.0,0.0,0.0,0.0,0.0,0.0
2016-10-29,0.0,0.0,0.0,0.0,0.0,0.0,0.0,0.0,0.0,0.0,0.0,0.0,0.0,0.0,0.0,0.0,0.0,0.0,0.0,0.0,0.0,0.0,0.0
2016-10-30,0.0,0.0,0.0,0.0,0.0,0.0,0.0,0.0,0.0,0.0,0.0,0.0,0.0,0.0,0.0,0.0,0.0,0.0,0.0,0.0,0.0,0.0,0.0
2016-10-31,0.0,0.0,0.0,0.0,0.0,0.0,0.0,0.0,0.0,0.0,0.0,24050.0,0.0,0.0,0.0,0.0,0.0,0.0,0.0,0.0,0.0,0.0,0.0
2016-11-01,0.0,0.0,0.0,0.0,0.0,0.0,0.0,0.0,0.0,0.0,0.0,50000.0,0.0,0.0,0.0,0.0,0.0,0.0,0.0,0.0,0.0,0.0,0.0
2016-11-02,0.0,0.0,0.0,0.0,0.0,0.0,0.0,0.0,0.0,0.0,0.0,6820.0,0.0,0.0,0.0,0.0,0.0,0.0,0.0,0.0,0.0,0.0,0.0
2016-11-03,0.0,0.0,0.0,0.0,0.0,0.0,0.0,0.0,0.0,0.0,0.0,500000.0,0.0,0.0,0.0,0.0,0.0,0.0,0.0,0.0,0.0,0.0,0.0
2016-11-04,0.0,0.0,0.0,0.0,0.0,0.0,0.0,0.0,0.0,0.0,0.0,50.0,0.0,0.0,0.0,0.0,0.0,0.0,0.0,0.0,0.0,0.0,0.0
2016-11-05,0.0,0.0,0.0,0.0,0.0,0.0,0.0,0.0,0.0,0.0,0.0,0.0,0.0,0.0,0.0,0.0,0.0,0.0,0.0,0.0,0.0,0.0,0.0
2016-11-06,0.0,0.0,0.0,0.0,0.0,0.0,0.0,0.0,0.0,0.0,0.0,0.0,0.0,0.0,0.0,0.0,0.0,0.0,0.0,0.0,0.0,0.0,0.0
2016-11-07,0.0,0.0,0.0,0.0,0.0,0.0,0.0,0.0,0.0,0.0,0.0,750540.0,0.0,0.0,0.0,0.0,0.0,0.0,0.0,0.0,0.0,0.0,0.0
2016-11-08,0.0,0.0,0.0,0.0,0.0,0.0,0.0,0.0,0.0,0.0,0.0,750000.0,0.0,0.0,0.0,0.0,0.0,0.0,0.0,0.0,0.0,0.0,0.0
2016-11-09,0.0,0.0,0.0,0.0,0.0,0.0,0.0,0.0,0.0,0.0,0.0,553500.0,0.0,0.0,0.0,0.0,0.0,0.0,0.0,0.0,0.0,0.0,0.0
2016-11-10,0.0,0.0,0.0,0.0,0.0,0.0,0.0,0.0,0.0,0.0,0.0,170.0,0.0,0.0,0.0,0.0,0.0,0.0,0.0,0.0,0.0,0.0,0.0
2016-11-11,0.0,0.0,0.0,0.0,0.0,0.0,0.0,0.0,0.0,0.0,0.0,0.0,0.0,0.0,0.0,0.0,0.0,0.0,0.0,0.0,0.0,0.0,0.0
2016-11-12,0.0,0.0,0.0,0.0,0.0,0.0,0.0,0.0,0.0,0.0,0.0,0.0,0.0,0.0,0.0,0.0,0.0,0.0,0.0,0.0,0.0,0.0,0.0
2016-11-13,0.0,0.0,0.0,0.0,0.0,0.0,0.0,0.0,0.0,0.0,0.0,0.0,0.0,0.0,0.0,0.0,0.0,0.0,0.0,0.0,0.0,0.0,0.0
2016-11-14,0.0,0.0,0.0,0.0,0.0,0.0,0.0,0.0,0.0,0.0,0.0,6870.0,0.0,0.0,0.0,0.0,0.0,0.0,0.0,0.0,0.0,0.0,0.0
2016-11-15,0.0,0.0,0.0,0.0,0.0,0.0,0.0,0.0,0.0,0.0,0.0,390.0,0.0,0.0,0.0,0.0,0.0,0.0,0.0,0.0,0.0,0.0,0.0
2016-11-16,0.0,0.0,0.0,0.0,0.0,0.0,0.0,0.0,0.0,0.0,0.0,550430.0,0.0,0.0,0.0,0.0,0.0,0.0,0.0,0.0,0.0,0.0,0.0
2016-11-17,0.0,0.0,0.0,0.0,0.0,0.0,0.0,0.0,0.0,0.0,0.0,0.0,0.0,0.0,0.0,0.0,0.0,0.0,0.0,0.0,0.0,0.0,0.0
2016-11-18,0.0,0.0,0.0,0.0,0.0,0.0,0.0,0.0,0.0,0.0,0.0,0.0,0.0,0.0,0.0,0.0,0.0,0.0,0.0,0.0,0.0,0.0,0.0
2016-11-19,0.0,0.0,0.0,0.0,0.0,0.0,0.0,0.0,0.0,0.0,0.0,0.0,0.0,0.0,0.0,0.0,0.0,0.0,0.0,0.0,0.0,0.0,0.0
2016-11-20,0.0,0.0,0.0,0.0,0.0,0.0,0.0,0.0,0.0,0.0,0.0,0.0,0.0,0.0,0.0,0.0,0.0,0.0,0.0,0.0,0.0,0.0,0.0
2016-11-21,0.0,0.0,0.0,0.0,0.0,0.0,0.0,0.0,0.0,0.0,0.0,90.0,0.0,0.0,0.0,0.0,0.0,0.0,0.0,0.0,0.0,0.0,0.0
2016-11-22,0.0,0.0,0.0,0.0,0.0,0.0,0.0,0.0,0.0,0.0,0.0,163070.0,0.0,0.0,0.0,0.0,0.0,0.0,0.0,0.0,0.0,0.0,0.0
2016-11-23,0.0,0.0,0.0,0.0,0.0,0.0,0.0,0.0,0.0,0.0,0.0,0.0,0.0,0.0,0.0,0.0,0.0,0.0,0.0,0.0,0.0,0.0,0.0
2016-11-24,0.0,0.0,0.0,0.0,0.0,0.0,0.0,0.0,0.0,0.0,0.0,3740.0,0.0,0.0,0.0,0.0,0.0,0.0,0.0,0.0,0.0,0.0,0.0
2016-11-25,0.0,0.0,0.0,0.0,0.0,0.0,0.0,0.0,0.0,0.0,0.0,3600.0,0.0,0.0,0.0,0.0,0.0,0.0,0.0,0.0,0.0,0.0,0.0
2016-11-26,0.0,0.0,0.0,0.0,0.0,0.0,0.0,0.0,0.0,0.0,0.0,0.0,0.0,0.0,0.0,0.0,0.0,0.0,0.0,0.0,0.0,0.0,0.0
2016-11-27,0.0,0.0,0.0,0.0,0.0,0.0,0.0,0.0,0.0,0.0,0.0,0.0,0.0,0.0,0.0,0.0,0.0,0.0,0.0,0.0,0.0,0.0,0.0
2016-11-28,0.0,0.0,0.0,0.0,0.0,0.0,0.0,0.0,0.0,0.0,0.0,160.0,0.0,0.0,0.0,0.0,0.0,0.0,0.0,0.0,0.0,0.0,0.0
2016-11-29,0.0,0.0,0.0,0.0,0.0,0.0,0.0,0.0,0.0,0.0,0.0,26240.0,0.0,0.0,0.0,0.0,0.0,0.0,0.0,0.0,0.0,0.0,0.0
2016-11-30,0.0,0.0,0.0,0.0,0.0,0.0,0.0,0.0,0.0,0.0,0.0,700300.0,0.0,0.0,0.0,0.0,0.0,0.0,0.0,0.0,0.0,0.0,0.0
2016-12-01,0.0,0.0,0.0,0.0,0.0,0.0,0.0,0.0,0.0,0.0,0.0,10.0,0.0,0.0,0.0,0.0,0.0,0.0,0.0,0.0,0.0,0.0,0.0
2016-12-02,0.0,0.0,0.0,0.0,0.0,0.0,0.0,0.0,0.0,0.0,0.0,1550.0,0.0,0.0,0.0,0.0,0.0,0.0,0.0,0.0,0.0,0.0,0.0
2016-12-03,0.0,0.0,0.0,0.0,0.0,0.0,0.0,0.0,0.0,0.0,0.0,0.0,0.0,0.0,0.0,0.0,0.0,0.0,0.0,0.0,0.0,0.0,0.0
2016-12-04,0.0,0.0,0.0,0.0,0.0,0.0,0.0,0.0,0.0,0.0,0.0,0.0,0.0,0.0,0.0,0.0,0.0,0.0,0.0,0.0,0.0,0.0,0.0
2016-12-05,0.0,0.0,0.0,0.0,0.0,0.0,0.0,0.0,0.0,0.0,0.0,100.0,0.0,0.0,0.0,0.0,0.0,0.0,0.0,0.0,0.0,0.0,0.0
2016-12-06,0.0,0.0,0.0,0.0,0.0,0.0,0.0,0.0,0.0,0.0,0.0,890.0,0.0,0.0,0.0,0.0,0.0,0.0,0.0,0.0,0.0,0.0,0.0
2016-12-07,0.0,0.0,0.0,0.0,0.0,0.0,0.0,0.0,0.0,0.0,0.0,8700.0,0.0,0.0,0.0,0.0,0.0,0.0,0.0,0.0,0.0,0.0,0.0
2016-12-08,0.0,0.0,0.0,0.0,0.0,0.0,0.0,0.0,0.0,0.0,0.0,1050.0,0.0,0.0,0.0,0.0,0.0,0.0,0.0,0.0,0.0,0.0,0.0
2016-12-09,0.0,0.0,0.0,0.0,0.0,0.0,0.0,0.0,0.0,0.0,0.0,1000490.0,0.0,0.0,0.0,0.0,0.0,0.0,0.0,0.0,0.0,0.0,0.0
2016-12-10,0.0,0.0,0.0,0.0,0.0,0.0,0.0,0.0,0.0,0.0,0.0,0.0,0.0,0.0,0.0,0.0,0.0,0.0,0.0,0.0,0.0,0.0,0.0
2016-12-11,0.0,0.0,0.0,0.0,0.0,0.0,0.0,0.0,0.0,0.0,0.0,0.0,0.0,0.0,0.0,0.0,0.0,0.0,0.0,0.0,0.0,0.0,0.0
2016-12-12,0.0,0.0,0.0,0.0,0.0,0.0,0.0,0.0,0.0,0.0,0.0,200.0,0.0,0.0,0.0,0.0,0.0,0.0,0.0,0.0,0.0,0.0,0.0
2016-12-13,0.0,0.0,0.0,0.0,0.0,0.0,0.0,0.0,0.0,0.0,0.0,580.0,0.0,0.0,0.0,0.0,0.0,0.0,0.0,0.0,0.0,0.0,0.0
2016-12-14,0.0,0.0,0.0,0.0,0.0,0.0,0.0,0.0,0.0,0.0,0.0,8100.0,0.0,0.0,0.0,0.0,0.0,0.0,0.0,0.0,0.0,0.0,0.0
2016-12-15,0.0,0.0,0.0,0.0,0.0,0.0,0.0,0.0,0.0,0.0,0.0,100.0,0.0,0.0,0.0,0.0,0.0,0.0,0.0,0.0,0.0,0.0,0.0
2016-12-16,0.0,0.0,0.0,0.0,0.0,0.0,0.0,0.0,0.0,0.0,0.0,0.0,0.0,0.0,0.0,0.0,0.0,0.0,0.0,0.0,0.0,0.0,0.0
2016-12-17,0.0,0.0,0.0,0.0,0.0,0.0,0.0,0.0,0.0,0.0,0.0,0.0,0.0,0.0,0.0,0.0,0.0,0.0,0.0,0.0,0.0,0.0,0.0
2016-12-18,0.0,0.0,0.0,0.0,0.0,0.0,0.0,0.0,0.0,0.0,0.0,0.0,0.0,0.0,0.0,0.0,0.0,0.0,0.0,0.0,0.0,0.0,0.0
2016-12-19,0.0,0.0,0.0,0.0,0.0,0.0,0.0,0.0,0.0,0.0,0.0,8100.0,0.0,0.0,0.0,0.0,0.0,0.0,0.0,0.0,0.0,0.0,0.0
2016-12-20,0.0,0.0,0.0,0.0,0.0,0.0,0.0,0.0,0.0,0.0,0.0,8000.0,0.0,0.0,0.0,0.0,0.0,0.0,0.0,0.0,0.0,0.0,0.0
2016-12-21,0.0,0.0,0.0,0.0,0.0,0.0,0.0,0.0,0.0,0.0,0.0,10010.0,0.0,0.0,0.0,0.0,0.0,0.0,0.0,0.0,0.0,0.0,0.0
2016-12-22,0.0,0.0,0.0,0.0,0.0,0.0,0.0,0.0,0.0,0.0,0.0,49500.0,0.0,0.0,0.0,0.0,0.0,0.0,0.0,0.0,0.0,0.0,0.0
2016-12-23,0.0,0.0,0.0,0.0,0.0,0.0,0.0,0.0,0.0,0.0,0.0,1001100.0,0.0,0.0,0.0,0.0,0.0,0.0,0.0,0.0,0.0,0.0,0.0
2016-12-24,0.0,0.0,0.0,0.0,0.0,0.0,0.0,0.0,0.0,0.0,0.0,0.0,0.0,0.0,0.0,0.0,0.0,0.0,0.0,0.0,0.0,0.0,0.0
2016-12-25,0.0,0.0,0.0,0.0,0.0,0.0,0.0,0.0,0.0,0.0,0.0,0.0,0.0,0.0,0.0,0.0,0.0,0.0,0.0,0.0,0.0,0.0,0.0
2016-12-26,0.0,0.0,0.0,0.0,0.0,0.0,0.0,0.0,0.0,0.0,0.0,29910.0,0.0,0.0,0.0,0.0,0.0,0.0,0.0,0.0,0.0,0.0,0.0
2016-12-27,0.0,0.0,0.0,0.0,0.0,0.0,0.0,0.0,0.0,0.0,0.0,153950.0,0.0,0.0,0.0,0.0,0.0,0.0,0.0,0.0,0.0,0.0,0.0
2016-12-28,0.0,0.0,0.0,0.0,0.0,0.0,0.0,0.0,0.0,0.0,0.0,100.0,0.0,0.0,0.0,0.0,0.0,0.0,0.0,0.0,0.0,0.0,0.0
2016-12-29,0.0,0.0,0.0,0.0,0.0,0.0,0.0,0.0,0.0,0.0,0.0,10.0,0.0,0.0,0.0,0.0,0.0,0.0,0.0,0.0,0.0,0.0,0.0
2016-12-30,0.0,0.0,0.0,0.0,0.0,0.0,0.0,0.0,0.0,0.0,0.0,3600.0,0.0,0.0,0.0,0.0,0.0,0.0,0.0,0.0,0.0,0.0,0.0
2016-12-31,0.0,0.0,0.0,0.0,0.0,0.0,0.0,0.0,0.0,0.0,0.0,0.0,0.0,0.0,0.0,0.0,0.0,0.0,0.0,0.0,0.0,0.0,0.0
2017-01-01,0.0,0.0,0.0,0.0,0.0,0.0,0.0,0.0,0.0,0.0,0.0,0.0,0.0,0.0,0.0,0.0,0.0,0.0,0.0,0.0,0.0,0.0,0.0
2017-01-02,0.0,0.0,0.0,0.0,0.0,0.0,0.0,0.0,0.0,0.0,0.0,0.0,0.0,0.0,0.0,0.0,0.0,0.0,0.0,0.0,0.0,0.0,0.0
2017-01-03,0.0,0.0,0.0,0.0,0.0,0.0,0.0,0.0,0.0,0.0,0.0,500.0,0.0,0.0,0.0,0.0,0.0,0.0,0.0,0.0,0.0,0.0,0.0
2017-01-04,0.0,0.0,0.0,0.0,0.0,0.0,0.0,0.0,0.0,0.0,0.0,12200.0,0.0,0.0,0.0,0.0,0.0,0.0,0.0,0.0,0.0,0.0,0.0
2017-01-05,0.0,0.0,0.0,0.0,0.0,0.0,0.0,0.0,0.0,0.0,0.0,5470.0,0.0,0.0,0.0,0.0,0.0,0.0,0.0,0.0,0.0,0.0,0.0
2017-01-06,0.0,0.0,0.0,0.0,0.0,0.0,0.0,0.0,0.0,0.0,0.0,1007580.0,0.0,0.0,0.0,0.0,0.0,0.0,0.0,0.0,0.0,0.0,0.0
2017-01-07,0.0,0.0,0.0,0.0,0.0,0.0,0.0,0.0,0.0,0.0,0.0,0.0,0.0,0.0,0.0,0.0,0.0,0.0,0.0,0.0,0.0,0.0,0.0
2017-01-08,0.0,0.0,0.0,0.0,0.0,0.0,0.0,0.0,0.0,0.0,0.0,0.0,0.0,0.0,0.0,0.0,0.0,0.0,0.0,0.0,0.0,0.0,0.0
2017-01-09,0.0,0.0,0.0,0.0,0.0,0.0,0.0,0.0,0.0,0.0,0.0,552450.0,0.0,0.0,0.0,0.0,0.0,0.0,0.0,0.0,0.0,0.0,0.0
2017-01-10,0.0,0.0,0.0,0.0,0.0,0.0,0.0,0.0,0.0,0.0,0.0,0.0,0.0,0.0,0.0,0.0,0.0,0.0,0.0,0.0,0.0,0.0,0.0
2017-01-11,0.0,0.0,0.0,0.0,0.0,0.0,0.0,0.0,0.0,0.0,0.0,25300.0,0.0,0.0,0.0,0.0,0.0,0.0,0.0,0.0,0.0,0.0,0.0
2017-01-12,0.0,0.0,0.0,0.0,0.0,0.0,0.0,0.0,0.0,0.0,0.0,550.0,0.0,0.0,0.0,0.0,0.0,0.0,0.0,0.0,0.0,0.0,0.0
2017-01-13,0.0,0.0,0.0,0.0,0.0,0.0,0.0,0.0,0.0,0.0,0.0,600.0,0.0,0.0,0.0,0.0,0.0,0.0,0.0,0.0,0.0,0.0,0.0
2017-01-14,0.0,0.0,0.0,0.0,0.0,0.0,0.0,0.0,0.0,0.0,0.0,0.0,0.0,0.0,0.0,0.0,0.0,0.0,0.0,0.0,0.0,0.0,0.0
2017-01-15,0.0,0.0,0.0,0.0,0.0,0.0,0.0,0.0,0.0,0.0,0.0,0.0,0.0,0.0,0.0,0.0,0.0,0.0,0.0,0.0,0.0,0.0,0.0
2017-01-16,0.0,0.0,0.0,0.0,0.0,0.0,0.0,0.0,0.0,0.0,0.0,1000.0,0.0,0.0,0.0,0.0,0.0,0.0,0.0,0.0,0.0,0.0,0.0
2017-01-17,0.0,0.0,0.0,0.0,0.0,0.0,0.0,0.0,0.0,0.0,0.0,500.0,0.0,0.0,0.0,0.0,0.0,0.0,0.0,0.0,0.0,0.0,0.0
2017-01-18,0.0,0.0,0.0,0.0,0.0,0.0,0.0,0.0,0.0,0.0,0.0,440.0,0.0,0.0,0.0,0.0,0.0,0.0,0.0,0.0,0.0,0.0,0.0
2017-01-19,0.0,0.0,0.0,0.0,0.0,0.0,0.0,0.0,0.0,0.0,0.0,0.0,0.0,0.0,0.0,0.0,0.0,0.0,0.0,0.0,0.0,0.0,0.0
2017-01-20,0.0,0.0,0.0,0.0,0.0,0.0,0.0,0.0,0.0,0.0,0.0,0.0,0.0,0.0,0.0,0.0,0.0,0.0,0.0,0.0,0.0,0.0,0.0
2017-01-21,0.0,0.0,0.0,0.0,0.0,0.0,0.0,0.0,0.0,0.0,0.0,0.0,0.0,0.0,0.0,0.0,0.0,0.0,0.0,0.0,0.0,0.0,0.0
2017-01-22,0.0,0.0,0.0,0.0,0.0,0.0,0.0,0.0,0.0,0.0,0.0,0.0,0.0,0.0,0.0,0.0,0.0,0.0,0.0,0.0,0.0,0.0,0.0
2017-01-23,0.0,0.0,0.0,0.0,0.0,0.0,0.0,0.0,0.0,0.0,0.0,0.0,0.0,0.0,0.0,0.0,0.0,0.0,0.0,0.0,0.0,0.0,0.0
2017-01-24,0.0,0.0,0.0,0.0,0.0,0.0,0.0,0.0,0.0,0.0,0.0,1000.0,0.0,0.0,0.0,0.0,0.0,0.0,0.0,0.0,0.0,0.0,0.0
2017-01-25,0.0,0.0,0.0,0.0,0.0,0.0,0.0,0.0,0.0,0.0,0.0,3600.0,0.0,0.0,0.0,0.0,0.0,0.0,0.0,0.0,0.0,0.0,0.0
2017-01-26,0.0,0.0,0.0,0.0,0.0,0.0,0.0,0.0,0.0,0.0,0.0,0.0,0.0,0.0,0.0,0.0,0.0,0.0,0.0,0.0,0.0,0.0,0.0
2017-01-27,0.0,0.0,0.0,0.0,0.0,0.0,0.0,0.0,0.0,0.0,0.0,0.0,0.0,0.0,0.0,0.0,0.0,0.0,0.0,0.0,0.0,0.0,0.0
2017-01-28,0.0,0.0,0.0,0.0,0.0,0.0,0.0,0.0,0.0,0.0,0.0,0.0,0.0,0.0,0.0,0.0,0.0,0.0,0.0,0.0,0.0,0.0,0.0
2017-01-29,0.0,0.0,0.0,0.0,0.0,0.0,0.0,0.0,0.0,0.0,0.0,0.0,0.0,0.0,0.0,0.0,0.0,0.0,0.0,0.0,0.0,0.0,0.0
2017-01-30,0.0,0.0,0.0,0.0,0.0,0.0,0.0,0.0,0.0,0.0,0.0,0.0,0.0,0.0,0.0,0.0,0.0,0.0,0.0,0.0,0.0,0.0,0.0
2017-01-31,0.0,0.0,0.0,0.0,0.0,0.0,0.0,0.0,0.0,0.0,0.0,0.0,0.0,0.0,0.0,0.0,0.0,0.0,0.0,0.0,0.0,0.0,0.0
2017-02-01,0.0,0.0,0.0,0.0,0.0,0.0,0.0,0.0,0.0,0.0,0.0,0.0,0.0,0.0,0.0,0.0,0.0,0.0,0.0,0.0,0.0,0.0,0.0
2017-02-02,0.0,0.0,0.0,0.0,0.0,0.0,0.0,0.0,0.0,0.0,0.0,29380.0,0.0,0.0,0.0,0.0,0.0,0.0,0.0,0.0,0.0,0.0,0.0
2017-02-03,0.0,0.0,0.0,0.0,0.0,0.0,0.0,0.0,0.0,0.0,0.0,1010.0,0.0,0.0,0.0,0.0,0.0,0.0,0.0,0.0,0.0,0.0,0.0
2017-02-04,0.0,0.0,0.0,0.0,0.0,0.0,0.0,0.0,0.0,0.0,0.0,0.0,0.0,0.0,0.0,0.0,0.0,0.0,0.0,0.0,0.0,0.0,0.0
2017-02-05,0.0,0.0,0.0,0.0,0.0,0.0,0.0,0.0,0.0,0.0,0.0,0.0,0.0,0.0,0.0,0.0,0.0,0.0,0.0,0.0,0.0,0.0,0.0
2017-02-06,0.0,0.0,0.0,0.0,0.0,0.0,0.0,0.0,0.0,0.0,0.0,12240.0,0.0,0.0,0.0,0.0,0.0,0.0,0.0,0.0,0.0,0.0,0.0
2017-02-07,0.0,0.0,0.0,0.0,0.0,0.0,0.0,0.0,0.0,0.0,0.0,10100.0,0.0,0.0,0.0,0.0,0.0,0.0,0.0,0.0,0.0,0.0,0.0
2017-02-08,0.0,0.0,0.0,0.0,0.0,0.0,0.0,0.0,0.0,0.0,0.0,136100.0,0.0,0.0,0.0,0.0,0.0,0.0,0.0,0.0,0.0,0.0,0.0
2017-02-09,0.0,0.0,0.0,0.0,0.0,0.0,0.0,0.0,0.0,0.0,0.0,10100.0,0.0,0.0,0.0,0.0,0.0,0.0,0.0,0.0,0.0,0.0,0.0
2017-02-10,0.0,0.0,0.0,0.0,0.0,0.0,0.0,0.0,0.0,0.0,0.0,36000.0,0.0,0.0,0.0,0.0,0.0,0.0,0.0,0.0,0.0,0.0,0.0
2017-02-11,0.0,0.0,0.0,0.0,0.0,0.0,0.0,0.0,0.0,0.0,0.0,0.0,0.0,0.0,0.0,0.0,0.0,0.0,0.0,0.0,0.0,0.0,0.0
2017-02-12,0.0,0.0,0.0,0.0,0.0,0.0,0.0,0.0,0.0,0.0,0.0,0.0,0.0,0.0,0.0,0.0,0.0,0.0,0.0,0.0,0.0,0.0,0.0
2017-02-13,0.0,0.0,0.0,0.0,0.0,0.0,0.0,0.0,0.0,0.0,0.0,343000.0,0.0,0.0,0.0,0.0,0.0,0.0,0.0,0.0,0.0,0.0,0.0
2017-02-14,0.0,0.0,0.0,0.0,0.0,0.0,0.0,0.0,0.0,0.0,0.0,500130.0,0.0,0.0,0.0,0.0,0.0,0.0,0.0,0.0,0.0,0.0,0.0
2017-02-15,0.0,0.0,0.0,0.0,0.0,0.0,0.0,0.0,0.0,0.0,0.0,1100100.0,0.0,0.0,0.0,0.0,0.0,0.0,0.0,0.0,0.0,0.0,0.0
2017-02-16,0.0,0.0,0.0,0.0,0.0,0.0,0.0,0.0,0.0,0.0,0.0,2010.0,0.0,0.0,0.0,0.0,0.0,0.0,0.0,0.0,0.0,0.0,0.0
2017-02-17,0.0,0.0,0.0,0.0,0.0,0.0,0.0,0.0,0.0,0.0,0.0,113020.0,0.0,0.0,0.0,0.0,0.0,0.0,0.0,0.0,0.0,0.0,0.0
2017-02-18,0.0,0.0,0.0,0.0,0.0,0.0,0.0,0.0,0.0,0.0,0.0,0.0,0.0,0.0,0.0,0.0,0.0,0.0,0.0,0.0,0.0,0.0,0.0
2017-02-19,0.0,0.0,0.0,0.0,0.0,0.0,0.0,0.0,0.0,0.0,0.0,0.0,0.0,0.0,0.0,0.0,0.0,0.0,0.0,0.0,0.0,0.0,0.0
2017-02-20,0.0,0.0,0.0,0.0,0.0,0.0,0.0,0.0,0.0,0.0,0.0,80.0,0.0,0.0,0.0,0.0,0.0,0.0,0.0,0.0,0.0,0.0,0.0
2017-02-21,0.0,0.0,0.0,0.0,0.0,0.0,0.0,0.0,0.0,0.0,0.0,2810.0,0.0,0.0,0.0,0.0,0.0,0.0,0.0,0.0,0.0,0.0,0.0
2017-02-22,0.0,0.0,0.0,0.0,0.0,0.0,0.0,0.0,0.0,0.0,0.0,31690.0,0.0,0.0,0.0,0.0,0.0,0.0,0.0,0.0,0.0,0.0,0.0
2017-02-23,0.0,0.0,0.0,0.0,0.0,0.0,0.0,0.0,0.0,0.0,0.0,48590.0,0.0,0.0,0.0,0.0,0.0,0.0,0.0,0.0,0.0,0.0,0.0
2017-02-24,0.0,0.0,0.0,0.0,0.0,0.0,0.0,0.0,0.0,0.0,0.0,35860.0,0.0,0.0,0.0,0.0,0.0,0.0,0.0,0.0,0.0,0.0,0.0
2017-02-25,0.0,0.0,0.0,0.0,0.0,0.0,0.0,0.0,0.0,0.0,0.0,0.0,0.0,0.0,0.0,0.0,0.0,0.0,0.0,0.0,0.0,0.0,0.0
2017-02-26,0.0,0.0,0.0,0.0,0.0,0.0,0.0,0.0,0.0,0.0,0.0,0.0,0.0,0.0,0.0,0.0,0.0,0.0,0.0,0.0,0.0,0.0,0.0
2017-02-27,0.0,0.0,0.0,0.0,0.0,0.0,0.0,0.0,0.0,0.0,0.0,120.0,0.0,0.0,0.0,0.0,0.0,0.0,0.0,0.0,0.0,0.0,0.0
2017-02-28,0.0,0.0,0.0,0.0,0.0,0.0,0.0,0.0,0.0,0.0,0.0,0.0,0.0,0.0,0.0,0.0,0.0,0.0,0.0,0.0,0.0,0.0,0.0
2017-03-01,0.0,0.0,0.0,0.0,0.0,0.0,0.0,0.0,0.0,0.0,0.0,31590.0,0.0,0.0,0.0,0.0,0.0,0.0,0.0,0.0,0.0,0.0,0.0
2017-03-02,0.0,0.0,0.0,0.0,0.0,0.0,0.0,0.0,0.0,0.0,0.0,50.0,0.0,0.0,0.0,0.0,0.0,0.0,0.0,0.0,0.0,0.0,0.0
2017-03-03,0.0,0.0,0.0,0.0,0.0,0.0,0.0,0.0,0.0,0.0,0.0,3000.0,0.0,0.0,0.0,0.0,0.0,0.0,0.0,0.0,0.0,0.0,0.0
2017-03-04,0.0,0.0,0.0,0.0,0.0,0.0,0.0,0.0,0.0,0.0,0.0,0.0,0.0,0.0,0.0,0.0,0.0,0.0,0.0,0.0,0.0,0.0,0.0
2017-03-05,0.0,0.0,0.0,0.0,0.0,0.0,0.0,0.0,0.0,0.0,0.0,0.0,0.0,0.0,0.0,0.0,0.0,0.0,0.0,0.0,0.0,0.0,0.0
2017-03-06,0.0,0.0,0.0,0.0,0.0,0.0,0.0,0.0,0.0,0.0,0.0,16620.0,0.0,0.0,0.0,0.0,0.0,0.0,0.0,0.0,0.0,0.0,0.0
2017-03-07,0.0,0.0,0.0,0.0,0.0,0.0,0.0,0.0,0.0,0.0,0.0,1290.0,0.0,0.0,0.0,0.0,0.0,0.0,0.0,0.0,0.0,0.0,0.0
2017-03-08,0.0,0.0,0.0,0.0,0.0,0.0,0.0,0.0,0.0,0.0,0.0,14840.0,0.0,0.0,0.0,0.0,0.0,0.0,0.0,0.0,0.0,0.0,0.0
2017-03-09,0.0,0.0,0.0,0.0,0.0,0.0,0.0,0.0,0.0,0.0,0.0,36230.0,0.0,0.0,0.0,0.0,0.0,0.0,0.0,0.0,0.0,0.0,0.0
2017-03-10,0.0,0.0,0.0,0.0,0.0,0.0,0.0,0.0,0.0,0.0,0.0,31600.0,0.0,0.0,0.0,0.0,0.0,0.0,0.0,0.0,0.0,0.0,0.0
2017-03-11,0.0,0.0,0.0,0.0,0.0,0.0,0.0,0.0,0.0,0.0,0.0,0.0,0.0,0.0,0.0,0.0,0.0,0.0,0.0,0.0,0.0,0.0,0.0
2017-03-12,0.0,0.0,0.0,0.0,0.0,0.0,0.0,0.0,0.0,0.0,0.0,0.0,0.0,0.0,0.0,0.0,0.0,0.0,0.0,0.0,0.0,0.0,0.0
2017-03-13,0.0,0.0,0.0,0.0,0.0,0.0,0.0,0.0,0.0,0.0,0.0,31200.0,0.0,0.0,0.0,0.0,0.0,0.0,0.0,0.0,0.0,0.0,0.0
2017-03-14,0.0,0.0,0.0,0.0,0.0,0.0,0.0,0.0,0.0,0.0,0.0,550.0,0.0,0.0,0.0,0.0,0.0,0.0,0.0,0.0,0.0,0.0,0.0
2017-03-15,0.0,0.0,0.0,0.0,0.0,0.0,0.0,0.0,0.0,0.0,0.0,2000.0,0.0,0.0,0.0,0.0,0.0,0.0,0.0,0.0,0.0,0.0,0.0
2017-03-16,0.0,0.0,0.0,0.0,0.0,0.0,0.0,0.0,0.0,0.0,0.0,102520.0,0.0,0.0,0.0,0.0,0.0,0.0,0.0,0.0,0.0,0.0,0.0
2017-03-17,0.0,0.0,0.0,0.0,0.0,0.0,0.0,0.0,0.0,0.0,0.0,250.0,0.0,0.0,0.0,0.0,0.0,0.0,0.0,0.0,0.0,0.0,0.0
2017-03-18,0.0,0.0,0.0,0.0,0.0,0.0,0.0,0.0,0.0,0.0,0.0,0.0,0.0,0.0,0.0,0.0,0.0,0.0,0.0,0.0,0.0,0.0,0.0
2017-03-19,0.0,0.0,0.0,0.0,0.0,0.0,0.0,0.0,0.0,0.0,0.0,0.0,0.0,0.0,0.0,0.0,0.0,0.0,0.0,0.0,0.0,0.0,0.0
2017-03-20,0.0,0.0,0.0,0.0,0.0,0.0,0.0,0.0,0.0,0.0,0.0,1160.0,0.0,0.0,0.0,0.0,0.0,0.0,0.0,0.0,0.0,0.0,0.0
2017-03-21,0.0,0.0,0.0,0.0,0.0,0.0,0.0,0.0,0.0,0.0,0.0,2340.0,0.0,0.0,0.0,0.0,0.0,0.0,0.0,0.0,0.0,0.0,0.0
2017-03-22,0.0,0.0,0.0,0.0,0.0,0.0,0.0,0.0,0.0,0.0,0.0,6560.0,0.0,0.0,0.0,0.0,0.0,0.0,0.0,0.0,0.0,0.0,0.0
2017-03-23,0.0,0.0,0.0,0.0,0.0,0.0,0.0,0.0,0.0,0.0,0.0,37360.0,0.0,0.0,0.0,0.0,0.0,0.0,0.0,0.0,0.0,0.0,0.0
2017-03-24,0.0,0.0,0.0,0.0,0.0,0.0,0.0,0.0,0.0,0.0,0.0,1830.0,0.0,0.0,0.0,0.0,0.0,0.0,0.0,0.0,0.0,0.0,0.0
2017-03-25,0.0,0.0,0.0,0.0,0.0,0.0,0.0,0.0,0.0,0.0,0.0,0.0,0.0,0.0,0.0,0.0,0.0,0.0,0.0,0.0,0.0,0.0,0.0
2017-03-26,0.0,0.0,0.0,0.0,0.0,0.0,0.0,0.0,0.0,0.0,0.0,0.0,0.0,0.0,0.0,0.0,0.0,0.0,0.0,0.0,0.0,0.0,0.0
2017-03-27,0.0,0.0,0.0,0.0,0.0,0.0,0.0,0.0,0.0,0.0,0.0,840.0,0.0,0.0,0.0,0.0,0.0,0.0,0.0,0.0,0.0,0.0,0.0
2017-03-28,0.0,0.0,0.0,0.0,0.0,0.0,0.0,0.0,0.0,0.0,0.0,4700.0,0.0,0.0,0.0,0.0,0.0,0.0,0.0,0.0,0.0,0.0,0.0
2017-03-29,0.0,0.0,0.0,0.0,0.0,0.0,0.0,0.0,0.0,0.0,0.0,14900.0,0.0,0.0,0.0,0.0,0.0,0.0,0.0,0.0,0.0,0.0,0.0
2017-03-30,0.0,0.0,0.0,0.0,0.0,0.0,0.0,0.0,0.0,0.0,0.0,920.0,0.0,0.0,0.0,0.0,0.0,0.0,0.0,0.0,0.0,0.0,0.0
2017-03-31,0.0,0.0,0.0,0.0,0.0,0.0,0.0,0.0,0.0,0.0,0.0,830.0,0.0,0.0,0.0,0.0,0.0,0.0,0.0,0.0,0.0,0.0,0.0
2017-04-01,0.0,0.0,0.0,0.0,0.0,0.0,0.0,0.0,0.0,0.0,0.0,0.0,0.0,0.0,0.0,0.0,0.0,0.0,0.0,0.0,0.0,0.0,0.0
2017-04-02,0.0,0.0,0.0,0.0,0.0,0.0,0.0,0.0,0.0,0.0,0.0,0.0,0.0,0.0,0.0,0.0,0.0,0.0,0.0,0.0,0.0,0.0,0.0
2017-04-03,0.0,0.0,0.0,0.0,0.0,0.0,0.0,0.0,0.0,0.0,0.0,600.0,0.0,0.0,0.0,0.0,0.0,0.0,0.0,0.0,0.0,0.0,0.0
2017-04-04,0.0,0.0,0.0,0.0,0.0,0.0,0.0,0.0,0.0,0.0,0.0,20850.0,0.0,0.0,0.0,0.0,0.0,0.0,0.0,0.0,0.0,0.0,0.0
2017-04-05,0.0,0.0,0.0,0.0,0.0,0.0,0.0,0.0,0.0,0.0,0.0,11400.0,0.0,0.0,0.0,0.0,0.0,0.0,0.0,0.0,0.0,0.0,0.0
2017-04-06,0.0,0.0,0.0,0.0,0.0,0.0,0.0,0.0,0.0,0.0,0.0,0.0,0.0,0.0,0.0,0.0,0.0,0.0,0.0,0.0,0.0,0.0,0.0
2017-04-07,0.0,0.0,0.0,0.0,0.0,0.0,0.0,0.0,0.0,0.0,0.0,22700.0,0.0,0.0,0.0,0.0,0.0,0.0,0.0,0.0,0.0,0.0,0.0
2017-04-08,0.0,0.0,0.0,0.0,0.0,0.0,0.0,0.0,0.0,0.0,0.0,0.0,0.0,0.0,0.0,0.0,0.0,0.0,0.0,0.0,0.0,0.0,0.0
2017-04-09,0.0,0.0,0.0,0.0,0.0,0.0,0.0,0.0,0.0,0.0,0.0,0.0,0.0,0.0,0.0,0.0,0.0,0.0,0.0,0.0,0.0,0.0,0.0
2017-04-10,0.0,0.0,0.0,0.0,0.0,0.0,0.0,0.0,0.0,0.0,0.0,31160.0,0.0,0.0,0.0,0.0,0.0,0.0,0.0,0.0,0.0,0.0,0.0
2017-04-11,0.0,0.0,0.0,0.0,0.0,0.0,0.0,0.0,0.0,0.0,0.0,85070.0,0.0,0.0,0.0,0.0,0.0,0.0,0.0,0.0,0.0,0.0,0.0
2017-04-12,0.0,0.0,0.0,0.0,0.0,0.0,0.0,0.0,0.0,0.0,0.0,23800.0,0.0,0.0,0.0,0.0,0.0,0.0,0.0,0.0,0.0,0.0,0.0
2017-04-13,0.0,0.0,0.0,0.0,0.0,0.0,0.0,0.0,0.0,0.0,0.0,10160.0,0.0,0.0,0.0,0.0,0.0,0.0,0.0,0.0,0.0,0.0,0.0
2017-04-14,0.0,0.0,0.0,0.0,0.0,0.0,0.0,0.0,0.0,0.0,0.0,4910.0,0.0,0.0,0.0,0.0,0.0,0.0,0.0,0.0,0.0,0.0,0.0
2017-04-15,0.0,0.0,0.0,0.0,0.0,0.0,0.0,0.0,0.0,0.0,0.0,0.0,0.0,0.0,0.0,0.0,0.0,0.0,0.0,0.0,0.0,0.0,0.0
2017-04-16,0.0,0.0,0.0,0.0,0.0,0.0,0.0,0.0,0.0,0.0,0.0,0.0,0.0,0.0,0.0,0.0,0.0,0.0,0.0,0.0,0.0,0.0,0.0
2017-04-17,0.0,0.0,0.0,0.0,0.0,0.0,0.0,0.0,0.0,0.0,0.0,29350.0,0.0,0.0,0.0,0.0,0.0,0.0,0.0,0.0,0.0,0.0,0.0
2017-04-18,0.0,0.0,0.0,0.0,0.0,0.0,0.0,0.0,0.0,0.0,0.0,31000.0,0.0,0.0,0.0,0.0,0.0,0.0,0.0,0.0,0.0,0.0,0.0
2017-04-19,0.0,0.0,0.0,0.0,0.0,0.0,0.0,0.0,0.0,0.0,0.0,11000.0,0.0,0.0,0.0,0.0,0.0,0.0,0.0,0.0,0.0,0.0,0.0
2017-04-20,0.0,0.0,0.0,0.0,0.0,0.0,0.0,0.0,0.0,0.0,0.0,110.0,0.0,0.0,0.0,0.0,0.0,0.0,0.0,0.0,0.0,0.0,0.0
2017-04-21,0.0,0.0,0.0,0.0,0.0,0.0,0.0,0.0,0.0,0.0,0.0,800.0,0.0,0.0,0.0,0.0,0.0,0.0,0.0,0.0,0.0,0.0,0.0
2017-04-22,0.0,0.0,0.0,0.0,0.0,0.0,0.0,0.0,0.0,0.0,0.0,0.0,0.0,0.0,0.0,0.0,0.0,0.0,0.0,0.0,0.0,0.0,0.0
2017-04-23,0.0,0.0,0.0,0.0,0.0,0.0,0.0,0.0,0.0,0.0,0.0,0.0,0.0,0.0,0.0,0.0,0.0,0.0,0.0,0.0,0.0,0.0,0.0
2017-04-24,0.0,0.0,0.0,0.0,0.0,0.0,0.0,0.0,0.0,0.0,0.0,6660.0,0.0,0.0,0.0,0.0,0.0,0.0,0.0,0.0,0.0,0.0,0.0
2017-04-25,0.0,0.0,0.0,0.0,0.0,0.0,0.0,0.0,0.0,0.0,0.0,1050500.0,0.0,0.0,0.0,0.0,0.0,0.0,0.0,0.0,0.0,0.0,0.0
2017-04-26,0.0,0.0,0.0,0.0,0.0,0.0,0.0,0.0,0.0,0.0,0.0,1032000.0,0.0,0.0,0.0,0.0,0.0,0.0,0.0,0.0,0.0,0.0,0.0
2017-04-27,0.0,0.0,0.0,0.0,0.0,0.0,0.0,0.0,0.0,0.0,0.0,125100.0,0.0,0.0,0.0,0.0,0.0,0.0,0.0,0.0,0.0,0.0,0.0
2017-04-28,0.0,0.0,0.0,0.0,0.0,0.0,0.0,0.0,0.0,0.0,0.0,71330.0,0.0,0.0,0.0,0.0,0.0,0.0,0.0,0.0,0.0,0.0,0.0
2017-04-29,0.0,0.0,0.0,0.0,0.0,0.0,0.0,0.0,0.0,0.0,0.0,0.0,0.0,0.0,0.0,0.0,0.0,0.0,0.0,0.0,0.0,0.0,0.0
2017-04-30,0.0,0.0,0.0,0.0,0.0,0.0,0.0,0.0,0.0,0.0,0.0,0.0,0.0,0.0,0.0,0.0,0.0,0.0,0.0,0.0,0.0,0.0,0.0
2017-05-01,0.0,0.0,0.0,0.0,0.0,0.0,0.0,0.0,0.0,0.0,0.0,0.0,0.0,0.0,0.0,0.0,0.0,0.0,0.0,0.0,0.0,0.0,0.0
2017-05-02,0.0,0.0,0.0,0.0,0.0,0.0,0.0,0.0,0.0,0.0,0.0,0.0,0.0,0.0,0.0,0.0,0.0,0.0,0.0,0.0,0.0,0.0,0.0
2017-05-03,0.0,0.0,0.0,0.0,0.0,0.0,0.0,0.0,0.0,0.0,0.0,99800.0,0.0,0.0,0.0,0.0,0.0,0.0,0.0,0.0,0.0,0.0,0.0
2017-05-04,0.0,0.0,0.0,0.0,0.0,0.0,0.0,0.0,0.0,0.0,0.0,49000.0,0.0,0.0,0.0,0.0,0.0,0.0,0.0,0.0,0.0,0.0,0.0
2017-05-05,0.0,0.0,0.0,0.0,0.0,0.0,0.0,0.0,0.0,0.0,0.0,3300.0,0.0,0.0,0.0,0.0,0.0,0.0,0.0,0.0,0.0,0.0,0.0
2017-05-06,0.0,0.0,0.0,0.0,0.0,0.0,0.0,0.0,0.0,0.0,0.0,0.0,0.0,0.0,0.0,0.0,0.0,0.0,0.0,0.0,0.0,0.0,0.0
2017-05-07,0.0,0.0,0.0,0.0,0.0,0.0,0.0,0.0,0.0,0.0,0.0,0.0,0.0,0.0,0.0,0.0,0.0,0.0,0.0,0.0,0.0,0.0,0.0
2017-05-08,0.0,0.0,0.0,0.0,0.0,0.0,0.0,0.0,0.0,0.0,0.0,39720.0,0.0,0.0,0.0,0.0,0.0,0.0,0.0,0.0,0.0,0.0,0.0
2017-05-09,0.0,0.0,0.0,0.0,0.0,0.0,0.0,0.0,0.0,0.0,0.0,71690.0,0.0,0.0,0.0,0.0,0.0,0.0,0.0,0.0,0.0,0.0,0.0
2017-05-10,0.0,0.0,0.0,0.0,0.0,0.0,0.0,0.0,0.0,0.0,0.0,1460.0,0.0,0.0,0.0,0.0,0.0,0.0,0.0,0.0,0.0,0.0,0.0
2017-05-11,0.0,0.0,0.0,0.0,0.0,0.0,0.0,0.0,0.0,0.0,0.0,79150.0,0.0,0.0,0.0,0.0,0.0,0.0,0.0,0.0,0.0,0.0,0.0
2017-05-12,0.0,0.0,0.0,0.0,0.0,0.0,0.0,0.0,0.0,0.0,0.0,3060.0,0.0,0.0,0.0,0.0,0.0,0.0,0.0,0.0,0.0,0.0,0.0
2017-05-13,0.0,0.0,0.0,0.0,0.0,0.0,0.0,0.0,0.0,0.0,0.0,0.0,0.0,0.0,0.0,0.0,0.0,0.0,0.0,0.0,0.0,0.0,0.0
2017-05-14,0.0,0.0,0.0,0.0,0.0,0.0,0.0,0.0,0.0,0.0,0.0,0.0,0.0,0.0,0.0,0.0,0.0,0.0,0.0,0.0,0.0,0.0,0.0
2017-05-15,0.0,0.0,0.0,0.0,0.0,0.0,0.0,0.0,0.0,0.0,0.0,37010.0,0.0,0.0,0.0,0.0,0.0,0.0,0.0,0.0,0.0,0.0,0.0
2017-05-16,0.0,0.0,0.0,0.0,0.0,0.0,0.0,0.0,0.0,0.0,0.0,38550.0,0.0,0.0,0.0,0.0,0.0,0.0,0.0,0.0,0.0,0.0,0.0
2017-05-17,0.0,0.0,0.0,0.0,0.0,0.0,0.0,0.0,0.0,0.0,0.0,66420.0,0.0,0.0,0.0,0.0,0.0,0.0,0.0,0.0,0.0,0.0,0.0
2017-05-18,0.0,0.0,0.0,0.0,0.0,0.0,0.0,0.0,0.0,0.0,0.0,69400.0,0.0,0.0,0.0,0.0,0.0,0.0,0.0,0.0,0.0,0.0,0.0
2017-05-19,0.0,0.0,0.0,0.0,0.0,0.0,0.0,0.0,0.0,0.0,0.0,41000.0,0.0,0.0,0.0,0.0,0.0,0.0,0.0,0.0,0.0,0.0,0.0
2017-05-20,0.0,0.0,0.0,0.0,0.0,0.0,0.0,0.0,0.0,0.0,0.0,0.0,0.0,0.0,0.0,0.0,0.0,0.0,0.0,0.0,0.0,0.0,0.0
2017-05-21,0.0,0.0,0.0,0.0,0.0,0.0,0.0,0.0,0.0,0.0,0.0,0.0,0.0,0.0,0.0,0.0,0.0,0.0,0.0,0.0,0.0,0.0,0.0
2017-05-22,0.0,0.0,0.0,0.0,0.0,0.0,0.0,0.0,0.0,0.0,0.0,420.0,0.0,0.0,0.0,0.0,0.0,0.0,0.0,0.0,0.0,0.0,0.0
2017-05-23,0.0,0.0,0.0,0.0,0.0,0.0,0.0,0.0,0.0,0.0,0.0,550.0,0.0,0.0,0.0,0.0,0.0,0.0,0.0,0.0,0.0,0.0,0.0
2017-05-24,0.0,0.0,0.0,0.0,0.0,0.0,0.0,0.0,0.0,0.0,0.0,34310.0,0.0,0.0,0.0,0.0,0.0,0.0,0.0,0.0,0.0,0.0,0.0
2017-05-25,0.0,0.0,0.0,0.0,0.0,0.0,0.0,0.0,0.0,0.0,0.0,5500.0,0.0,0.0,0.0,0.0,0.0,0.0,0.0,0.0,0.0,0.0,0.0
2017-05-26,0.0,0.0,0.0,0.0,0.0,0.0,0.0,0.0,0.0,0.0,0.0,4100.0,0.0,0.0,0.0,0.0,0.0,0.0,0.0,0.0,0.0,0.0,0.0
2017-05-27,0.0,0.0,0.0,0.0,0.0,0.0,0.0,0.0,0.0,0.0,0.0,0.0,0.0,0.0,0.0,0.0,0.0,0.0,0.0,0.0,0.0,0.0,0.0
2017-05-28,0.0,0.0,0.0,0.0,0.0,0.0,0.0,0.0,0.0,0.0,0.0,0.0,0.0,0.0,0.0,0.0,0.0,0.0,0.0,0.0,0.0,0.0,0.0
2017-05-29,0.0,0.0,0.0,0.0,0.0,0.0,0.0,0.0,0.0,0.0,0.0,6460.0,0.0,0.0,0.0,0.0,0.0,0.0,0.0,0.0,0.0,0.0,0.0
2017-05-30,0.0,0.0,0.0,0.0,0.0,0.0,0.0,0.0,0.0,0.0,0.0,1050.0,0.0,0.0,0.0,0.0,0.0,0.0,0.0,0.0,0.0,0.0,0.0
2017-05-31,0.0,0.0,0.0,0.0,0.0,0.0,0.0,0.0,0.0,0.0,0.0,3730.0,0.0,0.0,0.0,0.0,0.0,0.0,0.0,0.0,0.0,0.0,0.0
2017-06-01,0.0,0.0,0.0,0.0,0.0,0.0,0.0,0.0,0.0,0.0,0.0,14520.0,0.0,0.0,0.0,0.0,0.0,0.0,0.0,0.0,0.0,0.0,0.0
2017-06-02,0.0,0.0,0.0,0.0,0.0,0.0,0.0,0.0,0.0,0.0,0.0,11300.0,0.0,0.0,0.0,0.0,0.0,0.0,0.0,0.0,0.0,0.0,0.0
2017-06-03,0.0,0.0,0.0,0.0,0.0,0.0,0.0,0.0,0.0,0.0,0.0,0.0,0.0,0.0,0.0,0.0,0.0,0.0,0.0,0.0,0.0,0.0,0.0
2017-06-04,0.0,0.0,0.0,0.0,0.0,0.0,0.0,0.0,0.0,0.0,0.0,0.0,0.0,0.0,0.0,0.0,0.0,0.0,0.0,0.0,0.0,0.0,0.0
2017-06-05,0.0,0.0,0.0,0.0,0.0,0.0,0.0,0.0,0.0,0.0,0.0,1000.0,0.0,0.0,0.0,0.0,0.0,0.0,0.0,0.0,0.0,0.0,0.0
2017-06-06,0.0,0.0,0.0,0.0,0.0,0.0,0.0,0.0,0.0,0.0,0.0,39280.0,0.0,0.0,0.0,0.0,0.0,0.0,0.0,0.0,0.0,0.0,0.0
2017-06-07,0.0,0.0,0.0,0.0,0.0,0.0,0.0,0.0,0.0,0.0,0.0,49620.0,0.0,0.0,0.0,0.0,0.0,0.0,0.0,0.0,0.0,0.0,0.0
2017-06-08,0.0,0.0,0.0,0.0,0.0,0.0,0.0,0.0,0.0,0.0,0.0,49730.0,0.0,0.0,0.0,0.0,0.0,0.0,0.0,0.0,0.0,0.0,0.0
2017-06-09,0.0,0.0,0.0,0.0,0.0,0.0,0.0,0.0,0.0,0.0,0.0,41160.0,0.0,0.0,0.0,0.0,0.0,0.0,0.0,0.0,0.0,0.0,0.0
2017-06-10,0.0,0.0,0.0,0.0,0.0,0.0,0.0,0.0,0.0,0.0,0.0,0.0,0.0,0.0,0.0,0.0,0.0,0.0,0.0,0.0,0.0,0.0,0.0
2017-06-11,0.0,0.0,0.0,0.0,0.0,0.0,0.0,0.0,0.0,0.0,0.0,0.0,0.0,0.0,0.0,0.0,0.0,0.0,0.0,0.0,0.0,0.0,0.0
2017-06-12,0.0,0.0,0.0,0.0,0.0,0.0,0.0,0.0,0.0,0.0,0.0,43080.0,0.0,0.0,0.0,0.0,0.0,0.0,0.0,0.0,0.0,0.0,0.0
2017-06-13,0.0,0.0,0.0,0.0,0.0,0.0,0.0,0.0,0.0,0.0,0.0,34350.0,0.0,0.0,0.0,0.0,0.0,0.0,0.0,0.0,0.0,0.0,0.0
2017-06-14,0.0,0.0,0.0,0.0,0.0,0.0,0.0,0.0,0.0,0.0,0.0,110520.0,0.0,0.0,0.0,0.0,0.0,0.0,0.0,0.0,0.0,0.0,0.0
2017-06-15,0.0,0.0,0.0,0.0,0.0,0.0,0.0,0.0,0.0,0.0,0.0,1530.0,0.0,0.0,0.0,0.0,0.0,0.0,0.0,0.0,0.0,0.0,0.0
2017-06-16,0.0,0.0,0.0,0.0,0.0,0.0,0.0,0.0,0.0,0.0,0.0,26500.0,0.0,0.0,0.0,0.0,0.0,0.0,0.0,0.0,0.0,0.0,0.0
2017-06-17,0.0,0.0,0.0,0.0,0.0,0.0,0.0,0.0,0.0,0.0,0.0,0.0,0.0,0.0,0.0,0.0,0.0,0.0,0.0,0.0,0.0,0.0,0.0
2017-06-18,0.0,0.0,0.0,0.0,0.0,0.0,0.0,0.0,0.0,0.0,0.0,0.0,0.0,0.0,0.0,0.0,0.0,0.0,0.0,0.0,0.0,0.0,0.0
2017-06-19,0.0,0.0,0.0,0.0,0.0,0.0,0.0,0.0,0.0,0.0,0.0,17750.0,0.0,0.0,0.0,0.0,0.0,0.0,0.0,0.0,0.0,0.0,0.0
2017-06-20,0.0,0.0,0.0,0.0,0.0,0.0,0.0,0.0,0.0,0.0,0.0,705100.0,0.0,0.0,0.0,0.0,0.0,0.0,0.0,0.0,0.0,0.0,0.0
2017-06-21,0.0,0.0,0.0,0.0,0.0,0.0,0.0,0.0,0.0,0.0,0.0,5410.0,0.0,0.0,0.0,0.0,0.0,0.0,0.0,0.0,0.0,0.0,0.0
2017-06-22,0.0,0.0,0.0,0.0,0.0,0.0,0.0,0.0,0.0,0.0,0.0,57240.0,0.0,0.0,0.0,0.0,0.0,0.0,0.0,0.0,0.0,0.0,0.0
2017-06-23,0.0,0.0,0.0,0.0,0.0,0.0,0.0,0.0,0.0,0.0,0.0,210.0,0.0,0.0,0.0,0.0,0.0,0.0,0.0,0.0,0.0,0.0,0.0
2017-06-24,0.0,0.0,0.0,0.0,0.0,0.0,0.0,0.0,0.0,0.0,0.0,0.0,0.0,0.0,0.0,0.0,0.0,0.0,0.0,0.0,0.0,0.0,0.0
2017-06-25,0.0,0.0,0.0,0.0,0.0,0.0,0.0,0.0,0.0,0.0,0.0,0.0,0.0,0.0,0.0,0.0,0.0,0.0,0.0,0.0,0.0,0.0,0.0
2017-06-26,0.0,0.0,0.0,0.0,0.0,0.0,0.0,0.0,0.0,0.0,0.0,3040.0,0.0,0.0,0.0,0.0,0.0,0.0,0.0,0.0,0.0,0.0,0.0
2017-06-27,0.0,0.0,0.0,0.0,0.0,0.0,0.0,0.0,0.0,0.0,0.0,1710.0,0.0,0.0,0.0,0.0,0.0,0.0,0.0,0.0,0.0,0.0,0.0
2017-06-28,0.0,0.0,0.0,0.0,0.0,0.0,0.0,0.0,0.0,0.0,0.0,42140.0,0.0,0.0,0.0,0.0,0.0,0.0,0.0,0.0,0.0,0.0,0.0
2017-06-29,0.0,0.0,0.0,0.0,0.0,0.0,0.0,0.0,0.0,0.0,0.0,1547940.0,0.0,0.0,0.0,0.0,0.0,0.0,0.0,0.0,0.0,0.0,0.0
2017-06-30,0.0,0.0,0.0,0.0,0.0,0.0,0.0,0.0,0.0,0.0,0.0,80000.0,0.0,0.0,0.0,0.0,0.0,0.0,0.0,0.0,0.0,0.0,0.0
2017-07-01,0.0,0.0,0.0,0.0,0.0,0.0,0.0,0.0,0.0,0.0,0.0,0.0,0.0,0.0,0.0,0.0,0.0,0.0,0.0,0.0,0.0,0.0,0.0
2017-07-02,0.0,0.0,0.0,0.0,0.0,0.0,0.0,0.0,0.0,0.0,0.0,0.0,0.0,0.0,0.0,0.0,0.0,0.0,0.0,0.0,0.0,0.0,0.0
2017-07-03,0.0,0.0,0.0,0.0,0.0,0.0,0.0,0.0,0.0,0.0,0.0,1556250.0,0.0,0.0,0.0,0.0,0.0,0.0,0.0,0.0,0.0,0.0,0.0
2017-07-04,0.0,0.0,0.0,0.0,0.0,0.0,0.0,0.0,0.0,0.0,0.0,548260.0,0.0,0.0,0.0,0.0,0.0,0.0,0.0,0.0,0.0,0.0,0.0
2017-07-05,0.0,0.0,0.0,0.0,0.0,0.0,0.0,0.0,0.0,0.0,0.0,504730.0,0.0,0.0,0.0,0.0,0.0,0.0,0.0,0.0,0.0,0.0,0.0
2017-07-06,0.0,0.0,0.0,0.0,0.0,0.0,0.0,0.0,0.0,0.0,0.0,118370.0,0.0,0.0,0.0,0.0,0.0,0.0,0.0,0.0,0.0,0.0,0.0
2017-07-07,0.0,0.0,0.0,0.0,0.0,0.0,0.0,0.0,0.0,0.0,0.0,330020.0,0.0,0.0,0.0,0.0,0.0,0.0,0.0,0.0,0.0,0.0,0.0
2017-07-08,0.0,0.0,0.0,0.0,0.0,0.0,0.0,0.0,0.0,0.0,0.0,0.0,0.0,0.0,0.0,0.0,0.0,0.0,0.0,0.0,0.0,0.0,0.0
2017-07-09,0.0,0.0,0.0,0.0,0.0,0.0,0.0,0.0,0.0,0.0,0.0,0.0,0.0,0.0,0.0,0.0,0.0,0.0,0.0,0.0,0.0,0.0,0.0
2017-07-10,0.0,0.0,0.0,0.0,0.0,0.0,0.0,0.0,0.0,0.0,0.0,487680.0,0.0,0.0,0.0,0.0,0.0,0.0,0.0,0.0,0.0,0.0,0.0
2017-07-11,0.0,0.0,0.0,0.0,0.0,0.0,0.0,0.0,0.0,0.0,0.0,45180.0,0.0,0.0,0.0,0.0,0.0,0.0,0.0,0.0,0.0,0.0,0.0
2017-07-12,0.0,0.0,0.0,0.0,0.0,0.0,0.0,0.0,0.0,0.0,0.0,1541900.0,0.0,0.0,0.0,0.0,0.0,0.0,0.0,0.0,0.0,0.0,0.0
2017-07-13,0.0,0.0,0.0,0.0,0.0,0.0,0.0,0.0,0.0,0.0,0.0,18680.0,0.0,0.0,0.0,0.0,0.0,0.0,0.0,0.0,0.0,0.0,0.0
2017-07-14,0.0,0.0,0.0,0.0,0.0,0.0,0.0,0.0,0.0,0.0,0.0,10260.0,0.0,0.0,0.0,0.0,0.0,0.0,0.0,0.0,0.0,0.0,0.0
2017-07-15,0.0,0.0,0.0,0.0,0.0,0.0,0.0,0.0,0.0,0.0,0.0,0.0,0.0,0.0,0.0,0.0,0.0,0.0,0.0,0.0,0.0,0.0,0.0
2017-07-16,0.0,0.0,0.0,0.0,0.0,0.0,0.0,0.0,0.0,0.0,0.0,0.0,0.0,0.0,0.0,0.0,0.0,0.0,0.0,0.0,0.0,0.0,0.0
2017-07-17,0.0,0.0,0.0,0.0,0.0,0.0,0.0,0.0,0.0,0.0,0.0,81930.0,0.0,0.0,0.0,0.0,0.0,0.0,0.0,0.0,0.0,0.0,0.0
2017-07-18,0.0,0.0,0.0,0.0,0.0,0.0,0.0,0.0,0.0,0.0,0.0,40190.0,0.0,0.0,0.0,0.0,0.0,0.0,0.0,0.0,0.0,0.0,0.0
2017-07-19,0.0,0.0,0.0,0.0,0.0,0.0,0.0,0.0,0.0,0.0,0.0,20.0,0.0,0.0,0.0,0.0,0.0,0.0,0.0,0.0,0.0,0.0,0.0
2017-07-20,0.0,0.0,0.0,0.0,0.0,0.0,0.0,0.0,0.0,0.0,0.0,341200.0,0.0,0.0,0.0,0.0,0.0,0.0,0.0,0.0,0.0,0.0,0.0
2017-07-21,0.0,0.0,0.0,0.0,0.0,0.0,0.0,0.0,0.0,0.0,0.0,303600.0,0.0,0.0,0.0,0.0,0.0,0.0,0.0,0.0,0.0,0.0,0.0
2017-07-22,0.0,0.0,0.0,0.0,0.0,0.0,0.0,0.0,0.0,0.0,0.0,0.0,0.0,0.0,0.0,0.0,0.0,0.0,0.0,0.0,0.0,0.0,0.0
2017-07-23,0.0,0.0,0.0,0.0,0.0,0.0,0.0,0.0,0.0,0.0,0.0,0.0,0.0,0.0,0.0,0.0,0.0,0.0,0.0,0.0,0.0,0.0,0.0
2017-07-24,0.0,0.0,0.0,0.0,0.0,0.0,0.0,0.0,0.0,0.0,0.0,305190.0,0.0,0.0,0.0,0.0,0.0,0.0,0.0,0.0,0.0,0.0,0.0
2017-07-25,0.0,0.0,0.0,0.0,0.0,0.0,0.0,0.0,0.0,0.0,0.0,307280.0,0.0,0.0,0.0,0.0,0.0,0.0,0.0,0.0,0.0,0.0,0.0
2017-07-26,0.0,0.0,0.0,0.0,0.0,0.0,0.0,0.0,0.0,0.0,0.0,302800.0,0.0,0.0,0.0,0.0,0.0,0.0,0.0,0.0,0.0,0.0,0.0
2017-07-27,0.0,0.0,0.0,0.0,0.0,0.0,0.0,0.0,0.0,0.0,0.0,302950.0,0.0,0.0,0.0,0.0,0.0,0.0,0.0,0.0,0.0,0.0,0.0
2017-07-28,0.0,0.0,0.0,0.0,0.0,0.0,0.0,0.0,0.0,0.0,0.0,301810.0,0.0,0.0,0.0,0.0,0.0,0.0,0.0,0.0,0.0,0.0,0.0
2017-07-29,0.0,0.0,0.0,0.0,0.0,0.0,0.0,0.0,0.0,0.0,0.0,0.0,0.0,0.0,0.0,0.0,0.0,0.0,0.0,0.0,0.0,0.0,0.0
2017-07-30,0.0,0.0,0.0,0.0,0.0,0.0,0.0,0.0,0.0,0.0,0.0,0.0,0.0,0.0,0.0,0.0,0.0,0.0,0.0,0.0,0.0,0.0,0.0
2017-07-31,0.0,0.0,0.0,0.0,0.0,0.0,0.0,0.0,0.0,0.0,0.0,302400.0,0.0,0.0,0.0,0.0,0.0,0.0,0.0,0.0,0.0,0.0,0.0
2017-08-01,0.0,0.0,0.0,0.0,0.0,0.0,0.0,0.0,0.0,0.0,0.0,305200.0,0.0,0.0,0.0,0.0,0.0,0.0,0.0,0.0,0.0,0.0,0.0
2017-08-02,0.0,0.0,0.0,0.0,0.0,0.0,0.0,0.0,0.0,0.0,0.0,302150.0,0.0,0.0,0.0,0.0,0.0,0.0,0.0,0.0,0.0,0.0,0.0
2017-08-03,0.0,0.0,0.0,0.0,0.0,0.0,0.0,0.0,0.0,0.0,0.0,302110.0,0.0,0.0,0.0,0.0,0.0,0.0,0.0,0.0,0.0,0.0,0.0
2017-08-04,0.0,0.0,0.0,0.0,0.0,0.0,0.0,0.0,0.0,0.0,0.0,303850.0,0.0,0.0,0.0,0.0,0.0,0.0,0.0,0.0,0.0,0.0,0.0
2017-08-05,0.0,0.0,0.0,0.0,0.0,0.0,0.0,0.0,0.0,0.0,0.0,0.0,0.0,0.0,0.0,0.0,0.0,0.0,0.0,0.0,0.0,0.0,0.0
2017-08-06,0.0,0.0,0.0,0.0,0.0,0.0,0.0,0.0,0.0,0.0,0.0,0.0,0.0,0.0,0.0,0.0,0.0,0.0,0.0,0.0,0.0,0.0,0.0
2017-08-07,0.0,0.0,0.0,0.0,0.0,0.0,0.0,0.0,0.0,0.0,0.0,261000.0,0.0,0.0,0.0,0.0,0.0,0.0,0.0,0.0,0.0,0.0,0.0
2017-08-08,0.0,0.0,0.0,0.0,0.0,0.0,0.0,0.0,0.0,0.0,0.0,266770.0,0.0,0.0,0.0,0.0,0.0,0.0,0.0,0.0,0.0,0.0,0.0
2017-08-09,0.0,0.0,0.0,0.0,0.0,0.0,0.0,0.0,0.0,0.0,0.0,276870.0,0.0,0.0,0.0,0.0,0.0,0.0,0.0,0.0,0.0,0.0,0.0
2017-08-10,0.0,0.0,0.0,0.0,0.0,0.0,0.0,0.0,0.0,0.0,0.0,304570.0,0.0,0.0,0.0,0.0,0.0,0.0,0.0,0.0,0.0,0.0,0.0
2017-08-11,0.0,0.0,0.0,0.0,0.0,0.0,0.0,0.0,0.0,0.0,0.0,1068950.0,0.0,0.0,0.0,0.0,0.0,0.0,0.0,0.0,0.0,0.0,0.0
2017-08-12,0.0,0.0,0.0,0.0,0.0,0.0,0.0,0.0,0.0,0.0,0.0,0.0,0.0,0.0,0.0,0.0,0.0,0.0,0.0,0.0,0.0,0.0,0.0
2017-08-13,0.0,0.0,0.0,0.0,0.0,0.0,0.0,0.0,0.0,0.0,0.0,0.0,0.0,0.0,0.0,0.0,0.0,0.0,0.0,0.0,0.0,0.0,0.0
2017-08-14,0.0,0.0,0.0,0.0,0.0,0.0,0.0,0.0,0.0,0.0,0.0,303950.0,0.0,0.0,0.0,0.0,0.0,0.0,0.0,0.0,0.0,0.0,0.0
2017-08-15,0.0,0.0,0.0,0.0,0.0,0.0,0.0,0.0,0.0,0.0,0.0,304270.0,0.0,0.0,0.0,0.0,0.0,0.0,0.0,0.0,0.0,0.0,0.0
2017-08-16,0.0,0.0,0.0,0.0,0.0,0.0,0.0,0.0,0.0,0.0,0.0,304740.0,0.0,0.0,0.0,0.0,0.0,0.0,0.0,0.0,0.0,0.0,0.0
2017-08-17,0.0,0.0,0.0,0.0,0.0,0.0,0.0,0.0,0.0,0.0,0.0,305900.0,0.0,0.0,0.0,0.0,0.0,0.0,0.0,0.0,0.0,0.0,0.0
2017-08-18,0.0,0.0,0.0,0.0,0.0,0.0,0.0,0.0,0.0,0.0,0.0,306790.0,0.0,0.0,0.0,0.0,0.0,0.0,0.0,0.0,0.0,0.0,0.0
2017-08-19,0.0,0.0,0.0,0.0,0.0,0.0,0.0,0.0,0.0,0.0,0.0,0.0,0.0,0.0,0.0,0.0,0.0,0.0,0.0,0.0,0.0,0.0,0.0
2017-08-20,0.0,0.0,0.0,0.0,0.0,0.0,0.0,0.0,0.0,0.0,0.0,0.0,0.0,0.0,0.0,0.0,0.0,0.0,0.0,0.0,0.0,0.0,0.0
2017-08-21,0.0,0.0,0.0,0.0,0.0,0.0,0.0,0.0,0.0,0.0,0.0,218270.0,0.0,0.0,0.0,0.0,0.0,0.0,0.0,0.0,0.0,0.0,0.0
2017-08-22,0.0,0.0,0.0,0.0,0.0,0.0,0.0,0.0,0.0,0.0,0.0,1018540.0,0.0,0.0,0.0,0.0,0.0,0.0,0.0,0.0,0.0,0.0,0.0
2017-08-23,0.0,0.0,0.0,0.0,0.0,0.0,0.0,0.0,0.0,0.0,0.0,233330.0,0.0,0.0,0.0,0.0,0.0,0.0,0.0,0.0,0.0,0.0,0.0
2017-08-24,208905050.0,33630890.0,159632110.0,126001220.0,32420090.0,133841708.0,0.0,0.0,0.0,48661700.0,5590500.0,927940.0,0.0,0.0,0.0,0.0,0.0,0.0,0.0,0.0,0.0,0.0,0.0
2017-08-25,218265430.0,32784240.0,155393450.0,122609210.0,46001660.0,122025620.0,0.0,0.0,0.0,52762700.0,8139900.0,103500.0,0.0,0.0,0.0,0.0,0.0,0.0,0.0,0.0,0.0,0.0,0.0
2017-08-26,0.0,0.0,0.0,0.0,0.0,0.0,0.0,0.0,0.0,0.0,0.0,0.0,0.0,0.0,0.0,0.0,0.0,0.0,0.0,0.0,0.0,0.0,0.0
2017-08-27,0.0,0.0,0.0,0.0,0.0,0.0,0.0,0.0,0.0,0.0,0.0,0.0,0.0,0.0,0.0,0.0,0.0,0.0,0.0,0.0,0.0,0.0,0.0
2017-08-28,240572610.0,42763860.0,175341930.0,132578070.0,36898180.0,137201940.0,0.0,0.0,0.0,56252400.0,8573900.0,58490.0,0.0,0.0,0.0,0.0,0.0,0.0,0.0,0.0,0.0,0.0,0.0
2017-08-29,255981300.0,44549640.0,201614540.0,157064900.0,29150020.0,140986004.0,0.0,0.0,0.0,47815800.0,5510600.0,161410.0,0.0,0.0,0.0,0.0,0.0,0.0,0.0,0.0,0.0,0.0,0.0
2017-08-30,193496470.0,34232490.0,144216500.0,109984010.0,33489130.0,116623966.0,0.0,0.0,0.0,37945700.0,8622200.0,111120.0,0.0,0.0,0.0,0.0,0.0,0.0,0.0,0.0,0.0,0.0,0.0
2017-08-31,191640520.0,52330590.0,136459350.0,84128760.0,33566210.0,118867062.0,0.0,0.0,0.0,66598100.0,8007300.0,160140.0,0.0,0.0,0.0,0.0,0.0,0.0,0.0,0.0,0.0,0.0,0.0
2017-09-01,137914410.0,35505600.0,87990200.0,52484600.0,24519070.0,67561025.0,0.0,0.0,0.0,28877800.0,7901400.0,123980.0,0.0,0.0,0.0,0.0,0.0,0.0,0.0,0.0,0.0,0.0,0.0
2017-09-02,0.0,0.0,0.0,0.0,0.0,0.0,0.0,0.0,0.0,0.0,0.0,0.0,0.0,0.0,0.0,0.0,0.0,0.0,0.0,0.0,0.0,0.0,0.0
2017-09-03,0.0,0.0,0.0,0.0,0.0,0.0,0.0,0.0,0.0,0.0,0.0,0.0,0.0,0.0,0.0,0.0,0.0,0.0,0.0,0.0,0.0,0.0,0.0
2017-09-04,0.0,0.0,0.0,0.0,0.0,0.0,0.0,0.0,0.0,0.0,0.0,0.0,0.0,0.0,0.0,0.0,0.0,0.0,0.0,0.0,0.0,0.0,0.0
2017-09-05,153091050.0,36892990.0,111922820.0,75029830.0,23389890.0,85078989.0,0.0,0.0,0.0,35498100.0,7930400.0,151260.0,0.0,0.0,0.0,0.0,0.0,0.0,0.0,0.0,0.0,0.0,0.0
2017-09-06,144147770.0,36720990.0,98260250.0,61539260.0,28166110.0,73838441.0,0.0,0.0,0.0,37867900.0,7792900.0,215230.0,0.0,0.0,0.0,0.0,0.0,0.0,0.0,0.0,0.0,0.0,0.0
2017-09-07,143540810.0,41321790.0,97933320.0,56611530.0,28747750.0,69202570.0,0.0,0.0,0.0,34361200.0,8012400.0,176900.0,0.0,0.0,0.0,0.0,0.0,0.0,0.0,0.0,0.0,0.0,0.0
2017-09-08,122071810.0,36355220.0,89379190.0,53023970.0,19399720.0,77722922.0,0.0,0.0,0.0,40536200.0,7795000.0,1564260.0,0.0,0.0,0.0,0.0,0.0,0.0,0.0,0.0,0.0,0.0,0.0
2017-09-09,0.0,0.0,0.0,0.0,0.0,0.0,0.0,0.0,0.0,0.0,0.0,0.0,0.0,0.0,0.0,0.0,0.0,0.0,0.0,0.0,0.0,0.0,0.0
2017-09-10,0.0,0.0,0.0,0.0,0.0,0.0,0.0,0.0,0.0,0.0,0.0,0.0,0.0,0.0,0.0,0.0,0.0,0.0,0.0,0.0,0.0,0.0,0.0
2017-09-11,138929970.0,37682800.0,101452090.0,63769290.0,23787540.0,82033642.0,0.0,0.0,0.0,36940100.0,6387500.0,8960.0,0.0,0.0,0.0,0.0,0.0,0.0,0.0,0.0,0.0,0.0,0.0
2017-09-12,133449030.0,40952630.0,94848280.0,53895650.0,21407580.0,73905765.0,0.0,0.0,0.0,34809600.0,7156800.0,7830.0,0.0,0.0,0.0,0.0,0.0,0.0,0.0,0.0,0.0,0.0,0.0
2017-09-13,139692830.0,37972820.0,95839890.0,57867070.0,26317640.0,70998091.0,0.0,0.0,0.0,33599000.0,6807900.0,1026550.0,0.0,0.0,0.0,0.0,0.0,0.0,0.0,0.0,0.0,0.0,0.0
2017-09-14,139352800.0,40608490.0,101110130.0,60501640.0,23168120.0,86699488.0,0.0,0.0,0.0,66770800.0,4596500.0,93110.0,0.0,0.0,0.0,0.0,0.0,0.0,0.0,0.0,0.0,0.0,0.0
2017-09-15,142760690.0,47588250.0,103030800.0,55442550.0,23342750.0,83706128.0,0.0,0.0,0.0,52296000.0,8088300.0,1025510.0,0.0,0.0,0.0,0.0,0.0,0.0,0.0,0.0,0.0,0.0,0.0
2017-09-16,0.0,0.0,0.0,0.0,0.0,0.0,0.0,0.0,0.0,0.0,0.0,0.0,0.0,0.0,0.0,0.0,0.0,0.0,0.0,0.0,0.0,0.0,0.0
2017-09-17,0.0,0.0,0.0,0.0,0.0,0.0,0.0,0.0,0.0,0.0,0.0,0.0,0.0,0.0,0.0,0.0,0.0,0.0,0.0,0.0,0.0,0.0,0.0
2017-09-18,167579320.0,44590000.0,113223660.0,68633660.0,32540850.0,102486300.0,0.0,0.0,0.0,70848100.0,7482500.0,14190.0,0.0,0.0,0.0,0.0,0.0,0.0,0.0,0.0,0.0,0.0,0.0
2017-09-19,160487610.0,42234580.0,112195260.0,69960680.0,31933400.0,92012327.0,0.0,0.0,0.0,53199800.0,8062200.0,533530.0,0.0,0.0,0.0,0.0,0.0,0.0,0.0,0.0,0.0,0.0,0.0
2017-09-20,137443940.0,33853130.0,89979310.0,56126180.0,27132830.0,83229361.0,0.0,0.0,0.0,55852500.0,7382400.0,61430.0,0.0,0.0,0.0,0.0,0.0,0.0,0.0,0.0,0.0,0.0,0.0
2017-09-21,130767410.0,38420390.0,91761890.0,53341500.0,26622950.0,75583435.0,0.0,0.0,0.0,72732300.0,6589000.0,47300.0,0.0,0.0,0.0,0.0,0.0,0.0,0.0,0.0,0.0,0.0,0.0
2017-09-22,150381610.0,37752620.0,107722930.0,69970310.0,28106730.0,84649083.0,0.0,0.0,0.0,70839300.0,8911300.0,267370.0,0.0,0.0,0.0,0.0,0.0,0.0,0.0,0.0,0.0,0.0,0.0
2017-09-23,0.0,0.0,0.0,0.0,0.0,0.0,0.0,0.0,0.0,0.0,0.0,0.0,0.0,0.0,0.0,0.0,0.0,0.0,0.0,0.0,0.0,0.0,0.0
2017-09-24,0.0,0.0,0.0,0.0,0.0,0.0,0.0,0.0,0.0,0.0,0.0,0.0,0.0,0.0,0.0,0.0,0.0,0.0,0.0,0.0,0.0,0.0,0.0
2017-09-25,126085700.0,35485110.0,88357440.0,52872330.0,23806550.0,75210246.0,0.0,0.0,0.0,62351100.0,5566300.0,239110.0,0.0,0.0,0.0,0.0,0.0,0.0,0.0,0.0,0.0,0.0,0.0
2017-09-26,155559280.0,45389610.0,110198380.0,64808770.0,32311000.0,90366476.0,0.0,0.0,0.0,66482800.0,4422700.0,213560.0,0.0,0.0,0.0,0.0,0.0,0.0,0.0,0.0,0.0,0.0,0.0
2017-09-27,142029330.0,34118620.0,106483310.0,72364690.0,22096690.0,70755767.0,0.0,0.0,0.0,50152800.0,5341100.0,203860.0,0.0,0.0,0.0,0.0,0.0,0.0,0.0,0.0,0.0,0.0,0.0
2017-09-28,161949260.0,44993620.0,116785950.0,71792330.0,29643500.0,89947726.0,0.0,0.0,0.0,58068000.0,6497500.0,707820.0,0.0,0.0,0.0,0.0,0.0,0.0,0.0,0.0,0.0,0.0,0.0
2017-09-29,124224690.0,36410220.0,86543580.0,50133360.0,24654770.0,65174565.0,0.0,0.0,0.0,59375300.0,9279900.0,1605080.0,0.0,0.0,0.0,0.0,0.0,0.0,0.0,0.0,0.0,0.0,0.0
2017-09-30,0.0,0.0,0.0,0.0,0.0,0.0,0.0,0.0,0.0,0.0,0.0,0.0,0.0,0.0,0.0,0.0,0.0,0.0,0.0,0.0,0.0,0.0,0.0
2017-10-01,0.0,0.0,0.0,0.0,0.0,0.0,0.0,0.0,0.0,0.0,0.0,0.0,0.0,0.0,0.0,0.0,0.0,0.0,0.0,0.0,0.0,0.0,0.0
2017-10-02,101196300.0,28268530.0,70457730.0,42189200.0,20788450.0,57502124.0,0.0,0.0,0.0,50772900.0,6423200.0,83650.0,0.0,0.0,0.0,0.0,0.0,0.0,0.0,0.0,0.0,0.0,0.0
2017-10-03,134162476.0,35763950.0,105424150.0,69660200.0,30042570.0,78021585.0,0.0,0.0,0.0,51920300.0,8906700.0,157340.0,0.0,0.0,0.0,0.0,0.0,0.0,0.0,0.0,0.0,0.0,0.0
2017-10-04,100329413.0,30909740.0,70427030.0,39517290.0,20266920.0,55941497.0,0.0,0.0,0.0,35284300.0,5739800.0,203720.0,0.0,0.0,0.0,0.0,0.0,0.0,0.0,0.0,0.0,0.0,0.0
2017-10-05,130049115.0,48801950.0,99535000.0,50733050.0,21143870.0,84985992.0,0.0,0.0,0.0,46500400.0,12945000.0,637030.0,0.0,0.0,0.0,0.0,0.0,0.0,0.0,0.0,0.0,0.0,0.0
2017-10-06,106922275.0,35233530.0,87748180.0,52514650.0,21515380.0,76550186.0,0.0,0.0,0.0,48717400.0,9345800.0,118650.0,0.0,0.0,0.0,0.0,0.0,0.0,0.0,0.0,0.0,0.0,0.0
2017-10-07,0.0,0.0,0.0,0.0,0.0,0.0,0.0,0.0,0.0,0.0,0.0,0.0,0.0,0.0,0.0,0.0,0.0,0.0,0.0,0.0,0.0,0.0,0.0
2017-10-08,0.0,0.0,0.0,0.0,0.0,0.0,0.0,0.0,0.0,0.0,0.0,0.0,0.0,0.0,0.0,0.0,0.0,0.0,0.0,0.0,0.0,0.0,0.0
2017-10-09,90710071.0,36338320.0,90945720.0,54607400.0,26597330.0,90542076.0,0.0,0.0,0.0,50900600.0,5931800.0,161220.0,0.0,0.0,0.0,0.0,0.0,0.0,0.0,0.0,0.0,0.0,0.0
2017-10-10,135959126.0,38304820.0,94952910.0,56648090.0,28748130.0,79110466.0,0.0,0.0,0.0,38483900.0,7963400.0,200590.0,0.0,0.0,0.0,0.0,0.0,0.0,0.0,0.0,0.0,0.0,0.0
2017-10-11,163158300.0,51017440.0,104790500.0,53773060.0,32466990.0,94153793.0,0.0,0.0,0.0,46690500.0,12261400.0,201600.0,0.0,0.0,0.0,0.0,0.0,0.0,0.0,0.0,0.0,0.0,0.0
2017-10-12,136859420.0,43690510.0,97144640.0,53454130.0,25065470.0,81981784.0,0.0,0.0,0.0,34350900.0,11313500.0,201830.0,0.0,0.0,0.0,0.0,0.0,0.0,0.0,0.0,0.0,0.0,0.0
2017-10-13,141204400.0,36085610.0,98836440.0,62750830.0,27623150.0,86159322.0,0.0,0.0,0.0,40194700.0,12723400.0,196540.0,0.0,0.0,0.0,0.0,0.0,0.0,0.0,0.0,0.0,0.0,0.0
2017-10-14,0.0,0.0,0.0,0.0,0.0,0.0,0.0,0.0,0.0,0.0,0.0,0.0,0.0,0.0,0.0,0.0,0.0,0.0,0.0,0.0,0.0,0.0,0.0
2017-10-15,0.0,0.0,0.0,0.0,0.0,0.0,0.0,0.0,0.0,0.0,0.0,0.0,0.0,0.0,0.0,0.0,0.0,0.0,0.0,0.0,0.0,0.0,0.0
2017-10-16,149580780.0,43241140.0,99928530.0,56687390.0,31856020.0,91249708.0,0.0,0.0,0.0,44973000.0,15581200.0,199970.0,0.0,0.0,0.0,0.0,0.0,0.0,0.0,0.0,0.0,0.0,0.0
2017-10-17,162264680.0,47568950.0,117803540.0,70234590.0,30520160.0,103218686.0,0.0,0.0,0.0,50144000.0,9173200.0,205400.0,0.0,0.0,0.0,0.0,0.0,0.0,0.0,0.0,0.0,0.0,0.0
2017-10-18,183072810.0,54134480.0,123339600.0,69205120.0,37335200.0,113783632.0,0.0,0.0,0.0,48424900.0,9181100.0,1512240.0,0.0,0.0,0.0,0.0,0.0,0.0,0.0,0.0,0.0,0.0,0.0
2017-10-19,143640120.0,46206790.0,95185670.0,48978880.0,36743100.0,81866367.0,0.0,0.0,0.0,48378100.0,8833900.0,27400.0,0.0,0.0,0.0,0.0,0.0,0.0,0.0,0.0,0.0,0.0,0.0
2017-10-20,175594060.0,47718220.0,122767910.0,75049690.0,34646240.0,105695247.0,0.0,0.0,0.0,42348300.0,8110600.0,204070.0,0.0,0.0,0.0,0.0,0.0,0.0,0.0,0.0,0.0,0.0,0.0
2017-10-21,0.0,0.0,0.0,0.0,0.0,0.0,0.0,0.0,0.0,0.0,0.0,0.0,0.0,0.0,0.0,0.0,0.0,0.0,0.0,0.0,0.0,0.0,0.0
2017-10-22,0.0,0.0,0.0,0.0,0.0,0.0,0.0,0.0,0.0,0.0,0.0,0.0,0.0,0.0,0.0,0.0,0.0,0.0,0.0,0.0,0.0,0.0,0.0
2017-10-23,194440930.0,43372170.0,140755180.0,97383010.0,34940160.0,129016559.0,0.0,0.0,0.0,50059900.0,13582400.0,207650.0,0.0,0.0,0.0,0.0,0.0,0.0,0.0,0.0,0.0,0.0,0.0
2017-10-24,141570200.0,33007760.0,97545290.0,64537530.0,29519870.0,90465136.0,0.0,0.0,0.0,39028400.0,7457200.0,2155840.0,0.0,0.0,0.0,0.0,0.0,23000.0,0.0,0.0,0.0,0.0,0.0
2017-10-25,160167014.0,33404710.0,81416160.0,48011450.0,26486420.0,66427075.0,0.0,0.0,0.0,34647900.0,10922200.0,327390.0,0.0,0.0,0.0,0.0,0.0,46130.0,0.0,0.0,0.0,0.0,0.0
2017-10-26,166974910.0,38746780.0,126007140.0,87260360.0,28214370.0,113284638.0,0.0,0.0,0.0,55755500.0,11330700.0,51000.0,0.0,0.0,0.0,0.0,0.0,3060.0,0.0,0.0,0.0,0.0,0.0
2017-10-27,125941130.0,37048300.0,89298120.0,52249820.0,22609300.0,79293832.0,0.0,0.0,0.0,37620300.0,7727300.0,202430.0,0.0,0.0,0.0,0.0,0.0,3340.0,0.0,0.0,0.0,0.0,0.0
2017-10-28,0.0,0.0,0.0,0.0,0.0,0.0,0.0,0.0,0.0,0.0,0.0,0.0,0.0,0.0,0.0,0.0,0.0,0.0,0.0,0.0,0.0,0.0,0.0
2017-10-29,0.0,0.0,0.0,0.0,0.0,0.0,0.0,0.0,0.0,0.0,0.0,0.0,0.0,0.0,0.0,0.0,0.0,0.0,0.0,0.0,0.0,0.0,0.0
2017-10-30,162129150.0,51097930.0,120878530.0,69780600.0,25596260.0,106922921.0,0.0,0.0,0.0,41165800.0,8328800.0,203380.0,0.0,0.0,0.0,0.0,0.0,2160.0,0.0,0.0,0.0,0.0,0.0
2017-10-31,159926430.0,38090110.0,116865620.0,78775510.0,23499730.0,86660118.0,0.0,0.0,0.0,44100600.0,7256300.0,200360.0,0.0,0.0,0.0,0.0,0.0,18880.0,0.0,0.0,0.0,0.0,0.0
2017-11-01,154993610.0,47545760.0,110126220.0,62580460.0,25475140.0,93707055.0,0.0,0.0,0.0,45240100.0,6558700.0,225040.0,0.0,0.0,0.0,0.0,0.0,6680.0,0.0,0.0,0.0,0.0,0.0
2017-11-02,174440020.0,48545310.0,119697050.0,71151740.0,36278980.0,93320263.0,0.0,0.0,0.0,47387600.0,6998800.0,236700.0,0.0,0.0,0.0,0.0,0.0,7680.0,0.0,0.0,0.0,0.0,0.0
2017-11-03,149701990.0,41463180.0,107195820.0,65732640.0,27287840.0,89087236.0,0.0,0.0,0.0,45262000.0,9917900.0,75490.0,0.0,0.0,0.0,0.0,0.0,0.0,0.0,0.0,0.0,0.0,0.0
2017-11-04,0.0,0.0,0.0,0.0,0.0,0.0,0.0,0.0,0.0,0.0,0.0,0.0,0.0,0.0,0.0,0.0,0.0,0.0,0.0,0.0,0.0,0.0,0.0
2017-11-05,0.0,0.0,0.0,0.0,0.0,0.0,0.0,0.0,0.0,0.0,0.0,0.0,0.0,0.0,0.0,0.0,0.0,0.0,0.0,0.0,0.0,0.0,0.0
2017-11-06,128405430.0,50114170.0,95108920.0,44994750.0,21687090.0,88865527.0,0.0,0.0,0.0,32488000.0,6426800.0,211490.0,0.0,0.0,0.0,0.0,0.0,27900.0,0.0,0.0,0.0,0.0,0.0
2017-11-07,150836950.0,48624420.0,105891790.0,57267370.0,29897290.0,96361160.0,0.0,0.0,0.0,38007000.0,8470200.0,204190.0,0.0,0.0,0.0,0.0,0.0,21010.0,0.0,0.0,0.0,0.0,0.0
2017-11-08,147296730.0,60191020.0,109902270.0,49711250.0,21218960.0,102834404.0,0.0,0.0,0.0,38509900.0,8820100.0,201450.0,0.0,0.0,0.0,0.0,0.0,60520.0,0.0,0.0,0.0,0.0,0.0
2017-11-09,142874820.0,48698660.0,101378440.0,52679780.0,24369760.0,92680637.0,0.0,0.0,0.0,31403600.0,6226200.0,558280.0,0.0,0.0,0.0,0.0,0.0,92200.0,0.0,0.0,0.0,0.0,0.0
2017-11-10,150413680.0,59483530.0,112550090.0,53066560.0,24998030.0,98059610.0,0.0,0.0,0.0,36810700.0,9543400.0,1060560.0,0.0,0.0,0.0,0.0,0.0,141210.0,0.0,0.0,0.0,0.0,0.0
2017-11-11,0.0,0.0,0.0,0.0,0.0,0.0,0.0,0.0,0.0,0.0,0.0,0.0,0.0,0.0,0.0,0.0,0.0,0.0,0.0,0.0,0.0,0.0,0.0
2017-11-12,0.0,0.0,0.0,0.0,0.0,0.0,0.0,0.0,0.0,0.0,0.0,0.0,0.0,0.0,0.0,0.0,0.0,0.0,0.0,0.0,0.0,0.0,0.0
2017-11-13,189223330.0,56424440.0,147403010.0,90978570.0,24591250.0,132770255.0,0.0,0.0,0.0,58141600.0,8036600.0,3026020.0,0.0,0.0,0.0,0.0,0.0,52670.0,0.0,0.0,0.0,0.0,0.0
2017-11-14,168957930.0,55709260.0,112309730.0,56600470.0,25358760.0,100515657.0,0.0,0.0,0.0,42967800.0,8936500.0,196240.0,0.0,0.0,0.0,0.0,0.0,8820.0,0.0,0.0,0.0,0.0,0.0
2017-11-15,162193450.0,53387930.0,110716240.0,57328310.0,18517050.0,85613262.0,0.0,0.0,0.0,35156200.0,10268900.0,129930.0,0.0,0.0,0.0,0.0,0.0,22790.0,0.0,0.0,0.0,0.0,0.0
2017-11-16,169624640.0,57892150.0,119691460.0,61799310.0,23818470.0,109574045.0,0.0,0.0,0.0,54135200.0,10344600.0,203570.0,0.0,0.0,0.0,0.0,0.0,110540.0,0.0,0.0,0.0,0.0,0.0
2017-11-17,168088500.0,53201860.0,111383860.0,58182000.0,25048350.0,111960564.0,0.0,0.0,0.0,57425900.0,10706300.0,1768270.0,0.0,0.0,0.0,0.0,0.0,21530.0,0.0,0.0,0.0,0.0,0.0
2017-11-18,0.0,0.0,0.0,0.0,0.0,0.0,0.0,0.0,0.0,0.0,0.0,0.0,0.0,0.0,0.0,0.0,0.0,0.0,0.0,0.0,0.0,0.0,0.0
2017-11-19,0.0,0.0,0.0,0.0,0.0,0.0,0.0,0.0,0.0,0.0,0.0,0.0,0.0,0.0,0.0,0.0,0.0,0.0,0.0,0.0,0.0,0.0,0.0
2017-11-20,145015010.0,46446580.0,103518850.0,57072270.0,19502430.0,93510332.0,0.0,0.0,0.0,39897100.0,8724700.0,75300.0,0.0,0.0,0.0,0.0,0.0,50640.0,0.0,0.0,0.0,0.0,0.0
2017-11-21,207576000.0,73809320.0,146029690.0,72220370.0,23897360.0,135802526.0,0.0,0.0,0.0,48256700.0,12050500.0,300000.0,0.0,0.0,0.0,0.0,0.0,246020.0,0.0,0.0,0.0,0.0,0.0
2017-11-22,181455380.0,71917540.0,132143230.0,60225690.0,21577760.0,129816273.0,0.0,0.0,0.0,49193800.0,19471900.0,324240.0,0.0,0.0,0.0,0.0,0.0,12870.0,0.0,0.0,0.0,0.0,0.0
2017-11-23,205435150.0,68969900.0,152942980.0,83973080.0,27507650.0,161789196.0,0.0,0.0,0.0,80684500.0,10989700.0,440530.0,0.0,0.0,0.0,0.0,0.0,17210.0,0.0,0.0,0.0,0.0,0.0
2017-11-24,199758010.0,57989760.0,150678490.0,92688730.0,26874200.0,129880961.0,0.0,0.0,0.0,59955400.0,13432800.0,187610.0,0.0,0.0,0.0,0.0,0.0,3370.0,0.0,0.0,0.0,0.0,0.0
2017-11-25,0.0,0.0,0.0,0.0,0.0,0.0,0.0,0.0,0.0,0.0,0.0,0.0,0.0,0.0,0.0,0.0,0.0,0.0,0.0,0.0,0.0,0.0,0.0
2017-11-26,0.0,0.0,0.0,0.0,0.0,0.0,0.0,0.0,0.0,0.0,0.0,0.0,0.0,0.0,0.0,0.0,0.0,0.0,0.0,0.0,0.0,0.0,0.0
2017-11-27,225989050.0,61672700.0,160288070.0,98615370.0,36582230.0,152330194.0,0.0,0.0,0.0,84820400.0,18233000.0,186600.0,0.0,0.0,0.0,0.0,0.0,116240.0,0.0,0.0,0.0,0.0,0.0
2017-11-28,323706840.0,54896360.0,267658050.0,212761690.0,35118340.0,116778175.0,0.0,0.0,0.0,60265700.0,18684000.0,193090.0,0.0,0.0,0.0,0.0,0.0,300.0,0.0,0.0,0.0,0.0,0.0
2017-11-29,206121930.0,67067020.0,150947500.0,83880480.0,38122090.0,140212994.0,0.0,0.0,0.0,63485900.0,11478700.0,210860.0,0.0,0.0,0.0,0.0,0.0,5980.0,0.0,0.0,0.0,0.0,0.0
2017-11-30,225052010.0,70833940.0,163324050.0,92490110.0,36157840.0,161923022.0,0.0,0.0,0.0,71386500.0,14597600.0,201630.0,0.0,0.0,0.0,0.0,0.0,49420.0,0.0,0.0,0.0,0.0,0.0
2017-12-01,204845390.0,49064220.0,153450830.0,104386610.0,31114050.0,142400827.0,0.0,0.0,0.0,66884000.0,17319500.0,1025620.0,0.0,0.0,0.0,0.0,0.0,3810.0,0.0,0.0,0.0,0.0,0.0
2017-12-02,0.0,0.0,0.0,0.0,0.0,0.0,0.0,0.0,0.0,0.0,0.0,0.0,0.0,0.0,0.0,0.0,0.0,0.0,0.0,0.0,0.0,0.0,0.0
2017-12-03,0.0,0.0,0.0,0.0,0.0,0.0,0.0,0.0,0.0,0.0,0.0,0.0,0.0,0.0,0.0,0.0,0.0,0.0,0.0,0.0,0.0,0.0,0.0
2017-12-04,253286410.0,76804810.0,191628940.0,114824130.0,35747370.0,198734919.0,0.0,0.0,0.0,93433800.0,15398400.0,1110380.0,0.0,0.0,0.0,0.0,0.0,298760.0,0.0,0.0,0.0,0.0,0.0
2017-12-05,237663970.0,80813330.0,178884460.0,98071130.0,30384570.0,166582998.0,0.0,0.0,0.0,77147500.0,13785600.0,308790.0,0.0,0.0,0.0,0.0,0.0,421830.0,0.0,0.0,0.0,0.0,0.0
2017-12-06,225172150.0,75799400.0,172078130.0,96278730.0,31669600.0,172912024.0,0.0,0.0,0.0,70784300.0,12019800.0,288940.0,0.0,0.0,0.0,0.0,0.0,32570.0,0.0,0.0,0.0,0.0,0.0
2017-12-07,162853390.0,50048760.0,116012040.0,65963280.0,25990020.0,100501745.0,0.0,0.0,0.0,49165600.0,7992700.0,151880.0,0.0,0.0,0.0,0.0,0.0,35000.0,0.0,0.0,0.0,0.0,0.0
2017-12-08,153106250.0,43797010.0,108604000.0,64806990.0,23292510.0,84717455.0,0.0,0.0,0.0,43926900.0,11467600.0,215990.0,0.0,0.0,0.0,0.0,0.0,24580.0,0.0,0.0,0.0,0.0,0.0
2017-12-09,0.0,0.0,0.0,0.0,0.0,0.0,0.0,0.0,0.0,0.0,0.0,0.0,0.0,0.0,0.0,0.0,0.0,0.0,0.0,0.0,0.0,0.0,0.0
2017-12-10,0.0,0.0,0.0,0.0,0.0,0.0,0.0,0.0,0.0,0.0,0.0,0.0,0.0,0.0,0.0,0.0,0.0,0.0,0.0,0.0,0.0,0.0,0.0
2017-12-11,170105480.0,49025420.0,128383800.0,79358380.0,20996450.0,127101233.0,0.0,0.0,0.0,73451500.0,10714100.0,222660.0,0.0,0.0,0.0,0.0,0.0,7940.0,0.0,0.0,0.0,0.0,0.0
2017-12-12,225246300.0,73926010.0,171134180.0,97208170.0,30911020.0,177831862.0,0.0,0.0,0.0,87013400.0,11244600.0,241060.0,0.0,0.0,0.0,0.0,0.0,41230.0,0.0,0.0,0.0,0.0,0.0
2017-12-13,127047580.0,39786810.0,87199640.0,47412830.0,22219250.0,84262195.0,0.0,0.0,0.0,51301200.0,13679300.0,2832190.0,0.0,0.0,0.0,0.0,0.0,3180.0,0.0,0.0,0.0,0.0,0.0
2017-12-14,154262610.0,34120530.0,98404390.0,64283860.0,38499690.0,84319888.0,0.0,0.0,0.0,38500200.0,9295400.0,389310.0,0.0,0.0,0.0,0.0,0.0,6950.0,0.0,0.0,0.0,0.0,0.0
2017-12-15,229584110.0,61767940.0,177282520.0,115514580.0,27058620.0,155854418.0,0.0,0.0,0.0,46592600.0,11233700.0,81850.0,0.0,0.0,0.0,0.0,0.0,285380.0,0.0,0.0,0.0,0.0,0.0
2017-12-16,0.0,0.0,0.0,0.0,0.0,0.0,0.0,0.0,0.0,0.0,0.0,0.0,0.0,0.0,0.0,0.0,0.0,0.0,0.0,0.0,0.0,0.0,0.0
2017-12-17,0.0,0.0,0.0,0.0,0.0,0.0,0.0,0.0,0.0,0.0,0.0,0.0,0.0,0.0,0.0,0.0,0.0,0.0,0.0,0.0,0.0,0.0,0.0
2017-12-18,226365940.0,52511530.0,176245990.0,123734460.0,27118160.0,170612947.0,0.0,0.0,0.0,60268200.0,8751200.0,49510.0,0.0,0.0,0.0,0.0,0.0,42860.0,0.0,0.0,0.0,0.0,0.0
2017-12-19,206933350.0,55559460.0,138289380.0,82729920.0,43643960.0,117229962.0,0.0,0.0,0.0,46764500.0,10906400.0,784640.0,0.0,0.0,0.0,0.0,0.0,12190.0,0.0,0.0,0.0,0.0,0.0
2017-12-20,174376230.0,52767110.0,117307790.0,64540680.0,32308180.0,113089246.0,0.0,0.0,0.0,62444800.0,12065100.0,265790.0,0.0,0.0,0.0,0.0,0.0,80300.0,0.0,0.0,0.0,0.0,0.0
2017-12-21,146788730.0,50096640.0,107680300.0,57583660.0,20570260.0,107534481.0,0.0,0.0,0.0,55193800.0,8736600.0,42500.0,0.0,0.0,0.0,0.0,0.0,121460.0,0.0,0.0,0.0,0.0,0.0
2017-12-22,146008550.0,49827300.0,99628790.0,49801490.0,28637540.0,93416387.0,0.0,0.0,0.0,46966100.0,9189500.0,2500410.0,0.0,0.0,0.0,0.0,0.0,13000.0,0.0,0.0,0.0,0.0,0.0
2017-12-23,0.0,0.0,0.0,0.0,0.0,0.0,0.0,0.0,0.0,0.0,0.0,0.0,0.0,0.0,0.0,0.0,0.0,0.0,0.0,0.0,0.0,0.0,0.0
2017-12-24,0.0,0.0,0.0,0.0,0.0,0.0,0.0,0.0,0.0,0.0,0.0,0.0,0.0,0.0,0.0,0.0,0.0,0.0,0.0,0.0,0.0,0.0,0.0
2017-12-25,116082960.0,34740270.0,78683830.0,43943560.0,22150310.0,70291513.0,0.0,0.0,0.0,38723000.0,7678100.0,56790.0,0.0,0.0,0.0,0.0,0.0,15190.0,0.0,0.0,0.0,0.0,0.0
2017-12-26,134417650.0,43576440.0,95093380.0,51516940.0,22794210.0,86880278.0,0.0,0.0,0.0,49366000.0,11365500.0,437720.0,0.0,0.0,0.0,0.0,0.0,21230.0,0.0,0.0,0.0,0.0,0.0
2017-12-27,177748110.0,65128550.0,125927070.0,60798520.0,33732340.0,126983295.0,0.0,0.0,0.0,49680400.0,10284900.0,142500.0,0.0,0.0,0.0,0.0,0.0,25760.0,0.0,0.0,0.0,0.0,0.0
2017-12-28,143944680.0,54597790.0,103910050.0,49312260.0,18352620.0,101588797.0,0.0,0.0,0.0,43859100.0,34807400.0,78460.0,0.0,0.0,0.0,0.0,0.0,42720.0,0.0,0.0,0.0,0.0,0.0
2017-12-29,180964800.0,65828140.0,136095750.0,70267610.0,22567260.0,131765819.0,0.0,0.0,0.0,48845400.0,14273100.0,157690.0,0.0,0.0,0.0,0.0,0.0,62070.0,0.0,0.0,0.0,0.0,0.0
2017-12-30,0.0,0.0,0.0,0.0,0.0,0.0,0.0,0.0,0.0,0.0,0.0,0.0,0.0,0.0,0.0,0.0,0.0,0.0,0.0,0.0,0.0,0.0,0.0
2017-12-31,0.0,0.0,0.0,0.0,0.0,0.0,0.0,0.0,0.0,0.0,0.0,0.0,0.0,0.0,0.0,0.0,0.0,0.0,0.0,0.0,0.0,0.0,0.0
2018-01-01,0.0,0.0,0.0,0.0,0.0,0.0,0.0,0.0,0.0,0.0,0.0,0.0,0.0,0.0,0.0,0.0,0.0,0.0,0.0,0.0,0.0,0.0,0.0
2018-01-02,173125210.0,74433420.0,132230400.0,57796980.0,20306100.0,144628126.0,0.0,0.0,0.0,64311200.0,10894600.0,113830.0,0.0,0.0,0.0,0.0,0.0,123990.0,0.0,0.0,0.0,0.0,0.0
2018-01-03,212755670.0,86286030.0,158334390.0,72048360.0,27992780.0,169201484.0,0.0,0.0,0.0,68455000.0,17544500.0,210090.0,0.0,0.0,0.0,0.0,0.0,112960.0,0.0,0.0,0.0,0.0,0.0
2018-01-04,235427380.0,91542860.0,177646650.0,86103790.0,29155810.0,161017392.0,0.0,0.0,0.0,59860400.0,15855800.0,186570.0,0.0,0.0,0.0,0.0,0.0,71140.0,0.0,0.0,0.0,0.0,0.0
2018-01-05,267882440.0,86905060.0,179748120.0,92843060.0,27999430.0,166291891.0,0.0,0.0,0.0,62901000.0,19915600.0,2249140.0,0.0,0.0,0.0,0.0,0.0,113930.0,0.0,0.0,0.0,0.0,0.0
2018-01-06,0.0,0.0,0.0,0.0,0.0,0.0,0.0,0.0,0.0,0.0,0.0,0.0,0.0,0.0,0.0,0.0,0.0,0.0,0.0,0.0,0.0,0.0,0.0
2018-01-07,0.0,0.0,0.0,0.0,0.0,0.0,0.0,0.0,0.0,0.0,0.0,0.0,0.0,0.0,0.0,0.0,0.0,0.0,0.0,0.0,0.0,0.0,0.0
2018-01-08,236387900.0,107211920.0,174088830.0,66876910.0,27912280.0,168837433.0,0.0,0.0,0.0,65954200.0,22924700.0,1424120.0,0.0,0.0,0.0,0.0,0.0,208270.0,0.0,0.0,0.0,0.0,0.0
2018-01-09,290482980.0,121152560.0,211944080.0,90791520.0,38221510.0,203577560.0,0.0,0.0,0.0,90858600.0,22532900.0,323790.0,0.0,0.0,0.0,0.0,0.0,74420.0,0.0,0.0,0.0,0.0,0.0
2018-01-10,341600970.0,143073010.0,250431260.0,107358250.0,46913950.0,230082794.0,0.0,0.0,0.0,83280600.0,18945400.0,168690.0,0.0,0.0,0.0,0.0,0.0,75230.0,0.0,0.0,0.0,0.0,0.0
2018-01-11,288550670.0,92977260.0,197759660.0,104782400.0,38794550.0,182162359.0,0.0,0.0,0.0,84518000.0,21353900.0,1025720.0,0.0,0.0,0.0,0.0,0.0,49720.0,0.0,0.0,0.0,0.0,0.0
2018-01-12,320836070.0,125705770.0,217868420.0,92162650.0,41535100.0,252719720.0,0.0,0.0,0.0,125355100.0,24678500.0,370240.0,0.0,0.0,0.0,0.0,0.0,105440.0,0.0,0.0,0.0,0.0,0.0
2018-01-13,0.0,0.0,0.0,0.0,0.0,0.0,0.0,0.0,0.0,0.0,0.0,0.0,0.0,0.0,0.0,0.0,0.0,0.0,0.0,0.0,0.0,0.0,0.0
2018-01-14,0.0,0.0,0.0,0.0,0.0,0.0,0.0,0.0,0.0,0.0,0.0,0.0,0.0,0.0,0.0,0.0,0.0,0.0,0.0,0.0,0.0,0.0,0.0
2018-01-15,256567310.0,105735110.0,189578970.0,83843860.0,35868080.0,177658878.0,0.0,0.0,0.0,64987600.0,11389500.0,192300.0,0.0,0.0,0.0,0.0,0.0,212460.0,0.0,0.0,0.0,0.0,0.0
2018-01-16,294792490.0,117057510.0,217928210.0,100870700.0,42822490.0,184543536.0,0.0,0.0,0.0,64422100.0,14879100.0,954650.0,0.0,0.0,0.0,0.0,0.0,198670.0,0.0,0.0,0.0,0.0,0.0
2018-01-17,294301610.0,109084310.0,197157920.0,88073610.0,54422160.0,187041161.0,0.0,0.0,0.0,75870600.0,19184700.0,1315950.0,0.0,0.0,0.0,0.0,0.0,50610.0,0.0,0.0,0.0,0.0,0.0
2018-01-18,256859550.0,105765710.0,183745810.0,77980100.0,37979770.0,182297009.0,0.0,0.0,0.0,79477000.0,13802500.0,992700.0,0.0,0.0,0.0,0.0,0.0,4850.0,0.0,0.0,0.0,0.0,0.0
2018-01-19,279706010.0,113277900.0,193278050.0,80000150.0,47035910.0,189607954.0,0.0,0.0,0.0,72477200.0,16395900.0,651840.0,0.0,0.0,0.0,0.0,0.0,62450.0,0.0,0.0,0.0,0.0,0.0
2018-01-20,0.0,0.0,0.0,0.0,0.0,0.0,0.0,0.0,0.0,0.0,0.0,0.0,0.0,0.0,0.0,0.0,0.0,0.0,0.0,0.0,0.0,0.0,0.0
2018-01-21,0.0,0.0,0.0,0.0,0.0,0.0,0.0,0.0,0.0,0.0,0.0,0.0,0.0,0.0,0.0,0.0,0.0,0.0,0.0,0.0,0.0,0.0,0.0
2018-01-22,246215500.0,91783390.0,175017200.0,83233810.0,33651040.0,163642380.0,0.0,0.0,0.0,79662900.0,17420800.0,327250.0,0.0,0.0,0.0,0.0,0.0,59860.0,0.0,0.0,0.0,0.0,0.0
2018-01-23,0.0,0.0,0.0,0.0,0.0,0.0,0.0,0.0,0.0,79631400.0,24582400.0,0.0,0.0,0.0,0.0,0.0,0.0,0.0,0.0,0.0,0.0,0.0,0.0
2018-01-24,0.0,0.0,0.0,0.0,0.0,0.0,0.0,0.0,0.0,59503500.0,15515700.0,0.0,0.0,0.0,0.0,0.0,0.0,0.0,0.0,0.0,0.0,0.0,0.0
2018-01-25,445940510.0,174651080.0,317569020.0,142917940.0,66914060.0,277582872.0,0.0,0.0,0.0,87487900.0,17943900.0,678060.0,0.0,0.0,0.0,0.0,0.0,169130.0,0.0,0.0,0.0,0.0,0.0
2018-01-26,261062660.0,94375760.0,188405290.0,94029530.0,35260260.0,167496558.0,0.0,0.0,0.0,71657400.0,18051100.0,528090.0,0.0,0.0,0.0,0.0,0.0,76490.0,0.0,0.0,0.0,0.0,0.0
2018-01-27,0.0,0.0,0.0,0.0,0.0,0.0,0.0,0.0,0.0,0.0,0.0,0.0,0.0,0.0,0.0,0.0,0.0,0.0,0.0,0.0,0.0,0.0,0.0
2018-01-28,0.0,0.0,0.0,0.0,0.0,0.0,0.0,0.0,0.0,0.0,0.0,0.0,0.0,0.0,0.0,0.0,0.0,0.0,0.0,0.0,0.0,0.0,0.0
2018-01-29,263321700.0,108388270.0,194931250.0,86542980.0,37188950.0,184009959.0,0.0,0.0,0.0,78565700.0,14667600.0,317800.0,0.0,0.0,0.0,0.0,0.0,53150.0,0.0,0.0,0.0,0.0,0.0
2018-01-30,287489730.0,105160720.0,210784930.0,105624210.0,40503870.0,190882449.0,0.0,0.0,0.0,76628800.0,14978000.0,102250.0,0.0,0.0,0.0,0.0,0.0,14130.0,0.0,0.0,0.0,0.0,0.0
2018-01-31,312880930.0,104403310.0,226624620.0,122221310.0,49008130.0,206213111.0,0.0,0.0,0.0,91012800.0,15303900.0,233870.0,0.0,0.0,0.0,0.0,0.0,42600.0,0.0,0.0,0.0,0.0,0.0
2018-02-01,233072190.0,84194680.0,169334520.0,85139840.0,37941280.0,194128086.0,0.0,0.0,0.0,102668900.0,18516700.0,307310.0,0.0,0.0,0.0,0.0,0.0,33530.0,0.0,0.0,0.0,0.0,0.0
2018-02-02,172601930.0,66558440.0,121306270.0,54747830.0,27674320.0,116538185.0,0.0,0.0,0.0,54125900.0,13909200.0,196920.0,0.0,0.0,0.0,0.0,0.0,49270.0,0.0,0.0,0.0,0.0,0.0
2018-02-03,0.0,0.0,0.0,0.0,0.0,0.0,0.0,0.0,0.0,0.0,0.0,0.0,0.0,0.0,0.0,0.0,0.0,0.0,0.0,0.0,0.0,0.0,0.0
2018-02-04,0.0,0.0,0.0,0.0,0.0,0.0,0.0,0.0,0.0,0.0,0.0,0.0,0.0,0.0,0.0,0.0,0.0,0.0,0.0,0.0,0.0,0.0,0.0
2018-02-05,248154720.0,92445200.0,185967880.0,93522680.0,33390720.0,168498899.0,0.0,0.0,0.0,76909700.0,17044700.0,433980.0,0.0,0.0,0.0,0.0,0.0,132440.0,0.0,0.0,0.0,0.0,0.0
2018-02-06,364437550.0,144851080.0,275100670.0,130249590.0,43389920.0,274666432.0,0.0,0.0,0.0,116521100.0,22299200.0,284450.0,0.0,0.0,0.0,0.0,0.0,90490.0,0.0,0.0,0.0,0.0,0.0
2018-02-07,208749250.0,64845810.0,140023770.0,75177960.0,40802860.0,130913508.0,0.0,0.0,0.0,57415800.0,11730900.0,357550.0,0.0,0.0,0.0,0.0,0.0,216360.0,0.0,0.0,0.0,0.0,0.0
2018-02-08,161025060.0,45313480.0,115280810.0,69967330.0,25316870.0,90061884.0,0.0,0.0,0.0,46475000.0,8313500.0,375100.0,0.0,0.0,0.0,0.0,0.0,221600.0,0.0,0.0,0.0,0.0,0.0
2018-02-09,199516810.0,64741560.0,139982130.0,75240570.0,33955180.0,131283548.0,0.0,0.0,0.0,62962300.0,13105300.0,282370.0,0.0,0.0,0.0,0.0,0.0,92090.0,0.0,0.0,0.0,0.0,0.0
2018-02-10,0.0,0.0,0.0,0.0,0.0,0.0,0.0,0.0,0.0,0.0,0.0,0.0,0.0,0.0,0.0,0.0,0.0,0.0,0.0,0.0,0.0,0.0,0.0
2018-02-11,0.0,0.0,0.0,0.0,0.0,0.0,0.0,0.0,0.0,0.0,0.0,0.0,0.0,0.0,0.0,0.0,0.0,0.0,0.0,0.0,0.0,0.0,0.0
2018-02-12,162098570.0,56577710.0,118925710.0,62348000.0,21418630.0,98582114.0,0.0,0.0,0.0,40540500.0,6978900.0,115590.0,0.0,0.0,0.0,0.0,0.0,137390.0,0.0,0.0,0.0,0.0,0.0
2018-02-13,157958690.0,52962090.0,107384460.0,54422370.0,26924170.0,100587939.0,0.0,0.0,0.0,45165800.0,8027700.0,178320.0,0.0,0.0,0.0,0.0,0.0,121910.0,0.0,0.0,0.0,0.0,0.0
2018-02-14,0.0,0.0,0.0,0.0,0.0,0.0,0.0,0.0,0.0,0.0,0.0,0.0,0.0,0.0,0.0,0.0,0.0,0.0,0.0,0.0,0.0,0.0,0.0
2018-02-15,0.0,0.0,0.0,0.0,0.0,0.0,0.0,0.0,0.0,0.0,0.0,0.0,0.0,0.0,0.0,0.0,0.0,0.0,0.0,0.0,0.0,0.0,0.0
2018-02-16,0.0,0.0,0.0,0.0,0.0,0.0,0.0,0.0,0.0,0.0,0.0,0.0,0.0,0.0,0.0,0.0,0.0,0.0,0.0,0.0,0.0,0.0,0.0
2018-02-17,0.0,0.0,0.0,0.0,0.0,0.0,0.0,0.0,0.0,0.0,0.0,0.0,0.0,0.0,0.0,0.0,0.0,0.0,0.0,0.0,0.0,0.0,0.0
2018-02-18,0.0,0.0,0.0,0.0,0.0,0.0,0.0,0.0,0.0,0.0,0.0,0.0,0.0,0.0,0.0,0.0,0.0,0.0,0.0,0.0,0.0,0.0,0.0
2018-02-19,0.0,0.0,0.0,0.0,0.0,0.0,0.0,0.0,0.0,0.0,0.0,0.0,0.0,0.0,0.0,0.0,0.0,0.0,0.0,0.0,0.0,0.0,0.0
2018-02-20,0.0,0.0,0.0,0.0,0.0,0.0,0.0,0.0,0.0,0.0,0.0,0.0,0.0,0.0,0.0,0.0,0.0,0.0,0.0,0.0,0.0,0.0,0.0
2018-02-21,165043220.0,74172940.0,126146410.0,51973470.0,18622700.0,133240840.0,0.0,0.0,0.0,50813900.0,7820800.0,307780.0,0.0,0.0,0.0,0.0,0.0,43000.0,0.0,0.0,0.0,0.0,0.0
2018-02-22,185011630.0,85113240.0,141674140.0,56560900.0,22262470.0,146476995.0,0.0,0.0,0.0,52659800.0,9907200.0,194570.0,0.0,0.0,0.0,0.0,0.0,72940.0,0.0,0.0,0.0,0.0,0.0
2018-02-23,177049320.0,85270820.0,135942980.0,50672160.0,21879580.0,134434319.0,0.0,0.0,0.0,45696300.0,10159700.0,74950.0,0.0,0.0,0.0,0.0,0.0,113470.0,0.0,0.0,0.0,0.0,0.0
2018-02-24,0.0,0.0,0.0,0.0,0.0,0.0,0.0,0.0,0.0,0.0,0.0,0.0,0.0,0.0,0.0,0.0,0.0,0.0,0.0,0.0,0.0,0.0,0.0
2018-02-25,0.0,0.0,0.0,0.0,0.0,0.0,0.0,0.0,0.0,0.0,0.0,0.0,0.0,0.0,0.0,0.0,0.0,0.0,0.0,0.0,0.0,0.0,0.0
2018-02-26,221574620.0,97630000.0,168112920.0,70482920.0,25575180.0,179763826.0,0.0,0.0,0.0,73557400.0,13264100.0,367490.0,0.0,0.0,0.0,0.0,0.0,199480.0,0.0,0.0,0.0,0.0,0.0
2018-02-27,175305260.0,76580980.0,133016200.0,56435220.0,23324240.0,127954014.0,0.0,0.0,0.0,51730900.0,12117500.0,80120.0,0.0,0.0,0.0,0.0,0.0,51860.0,0.0,0.0,0.0,0.0,0.0
2018-02-28,213347390.0,102125870.0,161455660.0,59329790.0,28622610.0,160502766.0,0.0,0.0,0.0,61735000.0,15179200.0,162080.0,0.0,0.0,0.0,0.0,0.0,164030.0,0.0,0.0,0.0,0.0,0.0
2018-03-01,207156270.0,94020940.0,157398700.0,63377760.0,30666200.0,153522131.0,0.0,0.0,0.0,74268300.0,27125100.0,159330.0,0.0,0.0,0.0,0.0,0.0,148090.0,0.0,0.0,0.0,0.0,0.0
2018-03-02,188043270.0,73543190.0,138172060.0,64628870.0,27936140.0,128868439.0,0.0,0.0,0.0,54621600.0,19659300.0,123040.0,0.0,0.0,0.0,0.0,0.0,53000.0,0.0,0.0,0.0,0.0,0.0
2018-03-03,0.0,0.0,0.0,0.0,0.0,0.0,0.0,0.0,0.0,0.0,0.0,0.0,0.0,0.0,0.0,0.0,0.0,0.0,0.0,0.0,0.0,0.0,0.0
2018-03-04,0.0,0.0,0.0,0.0,0.0,0.0,0.0,0.0,0.0,0.0,0.0,0.0,0.0,0.0,0.0,0.0,0.0,0.0,0.0,0.0,0.0,0.0,0.0
2018-03-05,252795970.0,105069780.0,189660440.0,84590660.0,39005670.0,175241212.0,0.0,0.0,0.0,65239000.0,16036300.0,189250.0,0.0,0.0,0.0,0.0,0.0,126350.0,0.0,0.0,0.0,0.0,0.0
2018-03-06,210241820.0,74498780.0,152823130.0,78324350.0,34295340.0,133607819.0,0.0,0.0,0.0,53862200.0,28029600.0,88130.0,0.0,0.0,0.0,0.0,0.0,65790.0,0.0,0.0,0.0,0.0,0.0
2018-03-07,239942030.0,71108980.0,175083280.0,103974300.0,37485260.0,154495366.0,0.0,0.0,0.0,63383600.0,30736400.0,192790.0,0.0,0.0,0.0,0.0,0.0,99650.0,0.0,0.0,0.0,0.0,0.0
2018-03-08,186579760.0,48218080.0,126395130.0,78177050.0,39040880.0,95904388.0,0.0,0.0,0.0,52471200.0,21908300.0,177560.0,0.0,0.0,0.0,0.0,0.0,108530.0,0.0,0.0,0.0,0.0,0.0
2018-03-09,205512360.0,65730040.0,135958320.0,70228280.0,43702410.0,112515361.0,0.0,0.0,0.0,54076100.0,25146300.0,157430.0,0.0,0.0,0.0,0.0,0.0,92520.0,0.0,0.0,0.0,0.0,0.0
2018-03-10,0.0,0.0,0.0,0.0,0.0,0.0,0.0,0.0,0.0,0.0,0.0,0.0,0.0,0.0,0.0,0.0,0.0,0.0,0.0,0.0,0.0,0.0,0.0
2018-03-11,0.0,0.0,0.0,0.0,0.0,0.0,0.0,0.0,0.0,0.0,0.0,0.0,0.0,0.0,0.0,0.0,0.0,0.0,0.0,0.0,0.0,0.0,0.0
2018-03-12,197146780.0,73669840.0,131310930.0,57641090.0,36453850.0,122642522.0,0.0,0.0,0.0,56712400.0,21005100.0,1049710.0,0.0,0.0,0.0,0.0,0.0,89840.0,0.0,0.0,0.0,0.0,0.0
2018-03-13,208112910.0,77315100.0,146088570.0,68773470.0,37059960.0,128577471.0,0.0,0.0,0.0,51860500.0,18203500.0,5630.0,0.0,0.0,0.0,0.0,0.0,50840.0,0.0,0.0,0.0,0.0,0.0
2018-03-14,222436340.0,84857310.0,161009810.0,76152500.0,35763340.0,162293093.0,0.0,0.0,0.0,75515100.0,23593800.0,73070.0,0.0,0.0,0.0,0.0,0.0,154600.0,0.0,0.0,0.0,0.0,0.0
2018-03-15,207105860.0,72267400.0,147566030.0,75298630.0,34328700.0,132305214.0,0.0,0.0,0.0,71552800.0,18586300.0,286810.0,0.0,0.0,0.0,0.0,0.0,61640.0,0.0,0.0,0.0,0.0,0.0
2018-03-16,260196900.0,108041750.0,189954900.0,81913150.0,34612840.0,181558243.0,0.0,0.0,0.0,71403800.0,19617000.0,463930.0,0.0,0.0,0.0,0.0,0.0,69460.0,0.0,0.0,0.0,0.0,0.0
2018-03-17,0.0,0.0,0.0,0.0,0.0,0.0,0.0,0.0,0.0,0.0,0.0,0.0,0.0,0.0,0.0,0.0,0.0,0.0,0.0,0.0,0.0,0.0,0.0
2018-03-18,0.0,0.0,0.0,0.0,0.0,0.0,0.0,0.0,0.0,0.0,0.0,0.0,0.0,0.0,0.0,0.0,0.0,0.0,0.0,0.0,0.0,0.0,0.0
2018-03-19,221555290.0,72805230.0,161950990.0,89145760.0,40823720.0,152700665.0,0.0,0.0,0.0,74140100.0,18866900.0,37670.0,0.0,0.0,0.0,0.0,0.0,91040.0,0.0,0.0,0.0,0.0,0.0
2018-03-20,189756080.0,69643210.0,136960980.0,67317770.0,31049460.0,119328287.0,0.0,0.0,0.0,57294400.0,30276400.0,68220.0,0.0,0.0,0.0,0.0,0.0,75080.0,0.0,0.0,0.0,0.0,0.0
2018-03-21,212812970.0,77056320.0,157198780.0,80142460.0,29558530.0,133511369.0,0.0,0.0,0.0,56373100.0,15657400.0,101940.0,0.0,0.0,0.0,0.0,0.0,84890.0,0.0,0.0,0.0,0.0,0.0
2018-03-22,215497530.0,71823070.0,154870450.0,83047380.0,37344540.0,140184692.0,0.0,0.0,0.0,58212200.0,13285200.0,68610.0,0.0,0.0,0.0,0.0,0.0,100510.0,0.0,0.0,0.0,0.0,0.0
2018-03-23,237107530.0,95733110.0,186186050.0,90452940.0,30627970.0,178660710.0,0.0,0.0,0.0,81226700.0,21654400.0,205930.0,0.0,0.0,0.0,0.0,0.0,91660.0,0.0,0.0,0.0,0.0,0.0
2018-03-24,0.0,0.0,0.0,0.0,0.0,0.0,0.0,0.0,0.0,0.0,0.0,0.0,0.0,0.0,0.0,0.0,0.0,0.0,0.0,0.0,0.0,0.0,0.0
2018-03-25,0.0,0.0,0.0,0.0,0.0,0.0,0.0,0.0,0.0,0.0,0.0,0.0,0.0,0.0,0.0,0.0,0.0,0.0,0.0,0.0,0.0,0.0,0.0
2018-03-26,176032690.0,69781490.0,129471310.0,59689820.0,27775270.0,131803066.0,0.0,0.0,0.0,60495000.0,13194700.0,93490.0,0.0,0.0,0.0,0.0,0.0,133870.0,0.0,0.0,0.0,0.0,0.0
2018-03-27,201305790.0,60425680.0,151349030.0,90923350.0,29848080.0,148981760.0,0.0,0.0,0.0,64873100.0,12151600.0,130620.0,0.0,0.0,0.0,0.0,0.0,95550.0,0.0,0.0,0.0,0.0,0.0
2018-03-28,165131520.0,41767000.0,117000580.0,75233580.0,28243460.0,101606099.0,0.0,0.0,0.0,40956100.0,15820400.0,257010.0,0.0,0.0,0.0,0.0,0.0,55510.0,0.0,0.0,0.0,0.0,0.0
2018-03-29,184950625.0,39960850.0,99681220.0,59720370.0,29861820.0,86561322.0,0.0,0.0,0.0,40261600.0,14761500.0,254090.0,0.0,0.0,0.0,0.0,0.0,59350.0,0.0,0.0,0.0,0.0,0.0
2018-03-30,150318960.0,49196940.0,112156880.0,62959940.0,18603440.0,95943325.0,0.0,0.0,0.0,43218700.0,17518600.0,178590.0,0.0,0.0,0.0,0.0,0.0,102330.0,0.0,0.0,0.0,0.0,0.0
2018-03-31,0.0,0.0,0.0,0.0,0.0,0.0,0.0,0.0,0.0,0.0,0.0,0.0,0.0,0.0,0.0,0.0,0.0,0.0,0.0,0.0,0.0,0.0,0.0
2018-04-01,0.0,0.0,0.0,0.0,0.0,0.0,0.0,0.0,0.0,0.0,0.0,0.0,0.0,0.0,0.0,0.0,0.0,0.0,0.0,0.0,0.0,0.0,0.0
2018-04-02,221037550.0,64577290.0,170240380.0,105663090.0,25321770.0,123769452.0,0.0,0.0,0.0,50552600.0,14493400.0,236210.0,0.0,0.0,0.0,0.0,0.0,152840.0,0.0,0.0,0.0,0.0,0.0
2018-04-03,217626820.0,73015130.0,162181710.0,89166580.0,30087490.0,132484931.0,0.0,0.0,0.0,54682100.0,14895200.0,388470.0,0.0,0.0,0.0,0.0,0.0,63560.0,0.0,0.0,0.0,0.0,0.0
2018-04-04,194006930.0,59705780.0,139208160.0,79502380.0,28133020.0,128189105.0,0.0,0.0,0.0,59708000.0,34073200.0,257290.0,0.0,0.0,0.0,0.0,0.0,88160.0,0.0,0.0,0.0,0.0,0.0
2018-04-05,186567260.0,49974420.0,129876620.0,79902200.0,32199500.0,109388320.0,0.0,0.0,0.0,47293400.0,27424500.0,310570.0,0.0,0.0,0.0,0.0,0.0,110830.0,0.0,0.0,0.0,0.0,0.0
2018-04-06,217719530.0,74390840.0,159953880.0,85563040.0,32381670.0,145858887.0,0.0,0.0,0.0,65036000.0,28947400.0,179710.0,0.0,0.0,0.0,0.0,0.0,101190.0,0.0,0.0,0.0,0.0,0.0
2018-04-07,0.0,0.0,0.0,0.0,0.0,0.0,0.0,0.0,0.0,0.0,0.0,0.0,0.0,0.0,0.0,0.0,0.0,0.0,0.0,0.0,0.0,0.0,0.0
2018-04-08,0.0,0.0,0.0,0.0,0.0,0.0,0.0,0.0,0.0,0.0,0.0,0.0,0.0,0.0,0.0,0.0,0.0,0.0,0.0,0.0,0.0,0.0,0.0
2018-04-09,235805146.0,79977840.0,158458180.0,78480340.0,28997060.0,158896676.0,0.0,0.0,0.0,69233400.0,21408000.0,83140.0,0.0,0.0,0.0,0.0,0.0,78580.0,0.0,0.0,0.0,0.0,0.0
2018-04-10,246566650.0,77682020.0,178415880.0,100733860.0,34911720.0,161358744.0,0.0,0.0,0.0,65147800.0,22050300.0,110930.0,0.0,0.0,0.0,0.0,0.0,162350.0,0.0,0.0,0.0,0.0,0.0
2018-04-11,245785470.0,87627260.0,184138410.0,96511150.0,32849730.0,167971864.0,0.0,0.0,0.0,71727700.0,18414600.0,48860.0,0.0,0.0,0.0,0.0,0.0,53580.0,0.0,0.0,0.0,0.0,0.0
2018-04-12,168958120.0,63713270.0,127432620.0,63719350.0,22986020.0,119816776.0,0.0,0.0,0.0,51351000.0,15108300.0,155430.0,0.0,0.0,0.0,0.0,0.0,81000.0,0.0,0.0,0.0,0.0,0.0
2018-04-13,156898440.0,64877280.0,116962630.0,52085350.0,21489910.0,112299831.0,0.0,0.0,0.0,48132700.0,20714900.0,119840.0,0.0,0.0,0.0,0.0,0.0,33530.0,0.0,0.0,0.0,0.0,0.0
2018-04-14,0.0,0.0,0.0,0.0,0.0,0.0,0.0,0.0,0.0,0.0,0.0,0.0,0.0,0.0,0.0,0.0,0.0,0.0,0.0,0.0,0.0,0.0,0.0
2018-04-15,0.0,0.0,0.0,0.0,0.0,0.0,0.0,0.0,0.0,0.0,0.0,0.0,0.0,0.0,0.0,0.0,0.0,0.0,0.0,0.0,0.0,0.0,0.0
2018-04-16,138666630.0,49041710.0,100948210.0,51906500.0,22407420.0,88255412.0,0.0,0.0,0.0,42575300.0,15790400.0,48340.0,0.0,0.0,0.0,0.0,0.0,78340.0,0.0,0.0,0.0,0.0,0.0
2018-04-17,159801027.0,47627900.0,101103300.0,53475400.0,20172480.0,90457834.0,0.0,0.0,0.0,43486500.0,11147700.0,71310.0,0.0,0.0,0.0,0.0,0.0,82370.0,0.0,0.0,0.0,0.0,0.0
2018-04-18,152105320.0,45880100.0,99420510.0,53540410.0,26655930.0,104174365.0,0.0,0.0,0.0,56406600.0,10990700.0,268840.0,0.0,0.0,0.0,0.0,0.0,52340.0,0.0,0.0,0.0,0.0,0.0
2018-04-19,183841740.0,75220680.0,126314400.0,51093720.0,23996310.0,127437891.0,0.0,0.0,0.0,53966300.0,14822100.0,798820.0,0.0,0.0,0.0,0.0,0.0,21450.0,0.0,0.0,0.0,0.0,0.0
2018-04-20,209547676.0,56317850.0,105238340.0,48920490.0,20422010.0,98382874.0,0.0,0.0,0.0,43930400.0,11870400.0,252540.0,0.0,0.0,0.0,0.0,0.0,15730.0,0.0,0.0,0.0,0.0,0.0
2018-04-21,0.0,0.0,0.0,0.0,0.0,0.0,0.0,0.0,0.0,0.0,0.0,0.0,0.0,0.0,0.0,0.0,0.0,0.0,0.0,0.0,0.0,0.0,0.0
2018-04-22,0.0,0.0,0.0,0.0,0.0,0.0,0.0,0.0,0.0,0.0,0.0,0.0,0.0,0.0,0.0,0.0,0.0,0.0,0.0,0.0,0.0,0.0,0.0
2018-04-23,194901680.0,67286800.0,136364110.0,69077310.0,27026370.0,151394163.0,0.0,0.0,0.0,71116400.0,13592600.0,94140.0,0.0,0.0,0.0,0.0,0.0,69230.0,0.0,0.0,0.0,0.0,0.0
2018-04-24,166004870.0,67319960.0,125022000.0,57702040.0,21093730.0,122598857.0,0.0,0.0,0.0,50175900.0,13422700.0,98030.0,0.0,0.0,0.0,0.0,0.0,19140.0,0.0,0.0,0.0,0.0,0.0
2018-04-25,0.0,0.0,0.0,0.0,0.0,0.0,0.0,0.0,0.0,0.0,0.0,0.0,0.0,0.0,0.0,0.0,0.0,0.0,0.0,0.0,0.0,0.0,0.0
2018-04-26,184919930.0,78320450.0,137961580.0,59641130.0,22747600.0,133752610.0,0.0,0.0,0.0,59123200.0,15199000.0,224460.0,0.0,0.0,0.0,0.0,0.0,14490.0,0.0,0.0,0.0,0.0,0.0
2018-04-27,152853910.0,60636760.0,112876080.0,52239320.0,20031740.0,114256084.0,0.0,0.0,0.0,44330400.0,10579200.0,675140.0,0.0,0.0,0.0,0.0,0.0,28040.0,0.0,0.0,0.0,0.0,0.0
2018-04-28,0.0,0.0,0.0,0.0,0.0,0.0,0.0,0.0,0.0,0.0,0.0,0.0,0.0,0.0,0.0,0.0,0.0,0.0,0.0,0.0,0.0,0.0,0.0
2018-04-29,0.0,0.0,0.0,0.0,0.0,0.0,0.0,0.0,0.0,0.0,0.0,0.0,0.0,0.0,0.0,0.0,0.0,0.0,0.0,0.0,0.0,0.0,0.0
2018-04-30,0.0,0.0,0.0,0.0,0.0,0.0,0.0,0.0,0.0,0.0,0.0,0.0,0.0,0.0,0.0,0.0,0.0,0.0,0.0,0.0,0.0,0.0,0.0
2018-05-01,0.0,0.0,0.0,0.0,0.0,0.0,0.0,0.0,0.0,0.0,0.0,0.0,0.0,0.0,0.0,0.0,0.0,0.0,0.0,0.0,0.0,0.0,0.0
2018-05-02,172885579.0,57649930.0,115012320.0,57362390.0,16132830.0,111522453.0,0.0,0.0,0.0,42181300.0,8741100.0,202090.0,0.0,0.0,0.0,0.0,0.0,37460.0,0.0,0.0,0.0,0.0,0.0
2018-05-03,170959320.0,74959430.0,128834480.0,53875050.0,18313480.0,129954911.0,0.0,0.0,0.0,49534800.0,14288100.0,97690.0,0.0,0.0,0.0,0.0,0.0,35410.0,0.0,0.0,0.0,0.0,0.0
2018-05-04,150452987.0,46195320.0,97687500.0,51492180.0,14136360.0,90957967.0,0.0,0.0,0.0,48872700.0,9698700.0,48200.0,0.0,0.0,0.0,0.0,0.0,32060.0,0.0,0.0,0.0,0.0,0.0
2018-05-05,0.0,0.0,0.0,0.0,0.0,0.0,0.0,0.0,0.0,0.0,0.0,0.0,0.0,0.0,0.0,0.0,0.0,0.0,0.0,0.0,0.0,0.0,0.0
2018-05-06,0.0,0.0,0.0,0.0,0.0,0.0,0.0,0.0,0.0,0.0,0.0,0.0,0.0,0.0,0.0,0.0,0.0,0.0,0.0,0.0,0.0,0.0,0.0
2018-05-07,122128310.0,52321070.0,92563760.0,40242690.0,15075730.0,95013293.0,0.0,0.0,0.0,43097900.0,12000500.0,91470.0,0.0,0.0,0.0,0.0,0.0,61690.0,0.0,0.0,0.0,0.0,0.0
2018-05-08,145322006.0,53713130.0,96206580.0,42493450.0,19784750.0,92924922.0,0.0,0.0,0.0,44040900.0,11333000.0,88910.0,0.0,0.0,0.0,0.0,0.0,22650.0,0.0,0.0,0.0,0.0,0.0
2018-05-09,125896530.0,41448830.0,86568460.0,45119630.0,23010730.0,79030235.0,0.0,0.0,0.0,43341600.0,10901500.0,79870.0,0.0,0.0,0.0,0.0,0.0,15670.0,0.0,0.0,0.0,0.0,0.0
2018-05-10,143626080.0,59664030.0,103084950.0,43420920.0,17446900.0,104228538.0,0.0,0.0,0.0,47615900.0,16078500.0,1071330.0,0.0,0.0,0.0,0.0,0.0,73520.0,0.0,0.0,0.0,0.0,0.0
2018-05-11,132884180.0,55925890.0,93097070.0,37171180.0,15866620.0,91048670.0,0.0,0.0,0.0,38132300.0,12753400.0,240060.0,0.0,0.0,0.0,0.0,0.0,53510.0,0.0,0.0,0.0,0.0,0.0
2018-05-12,0.0,0.0,0.0,0.0,0.0,0.0,0.0,0.0,0.0,0.0,0.0,0.0,0.0,0.0,0.0,0.0,0.0,0.0,0.0,0.0,0.0,0.0,0.0
2018-05-13,0.0,0.0,0.0,0.0,0.0,0.0,0.0,0.0,0.0,0.0,0.0,0.0,0.0,0.0,0.0,0.0,0.0,0.0,0.0,0.0,0.0,0.0,0.0
2018-05-14,112785900.0,43654810.0,76160390.0,32505580.0,16761830.0,73902216.0,0.0,0.0,0.0,30015400.0,9239600.0,114420.0,0.0,0.0,0.0,0.0,0.0,73340.0,0.0,0.0,0.0,0.0,0.0
2018-05-15,133723564.0,47144640.0,86043280.0,38898640.0,16846930.0,82273480.0,0.0,0.0,0.0,36539800.0,11057600.0,107490.0,0.0,0.0,0.0,0.0,0.0,60450.0,0.0,0.0,0.0,0.0,0.0
2018-05-16,121268150.0,39849340.0,81075120.0,41225780.0,17591910.0,75094870.0,0.0,0.0,0.0,40556200.0,9451800.0,160750.0,0.0,0.0,0.0,0.0,0.0,34880.0,0.0,0.0,0.0,0.0,0.0
2018-05-17,112545205.0,42807500.0,76000860.0,33193360.0,15614590.0,83810402.0,0.0,0.0,0.0,40185500.0,8553500.0,402070.0,0.0,0.0,0.0,0.0,0.0,59580.0,0.0,0.0,0.0,0.0,0.0
2018-05-18,408221419.0,46157080.0,85376090.0,39219010.0,15411370.0,89901953.0,0.0,0.0,0.0,46745100.0,14820500.0,317580.0,0.0,0.0,0.0,0.0,0.0,58850.0,0.0,0.0,0.0,0.0,0.0
2018-05-19,0.0,0.0,0.0,0.0,0.0,0.0,0.0,0.0,0.0,0.0,0.0,0.0,0.0,0.0,0.0,0.0,0.0,0.0,0.0,0.0,0.0,0.0,0.0
2018-05-20,0.0,0.0,0.0,0.0,0.0,0.0,0.0,0.0,0.0,0.0,0.0,0.0,0.0,0.0,0.0,0.0,0.0,0.0,0.0,0.0,0.0,0.0,0.0
2018-05-21,104031010.0,40480580.0,71972890.0,31492310.0,16762160.0,72775115.0,0.0,0.0,0.0,34336900.0,13166800.0,179210.0,0.0,0.0,0.0,0.0,0.0,82920.0,0.0,0.0,0.0,0.0,0.0
2018-05-22,158542820.0,64672780.0,117567870.0,52895090.0,19873170.0,122978262.0,0.0,0.0,0.0,61167200.0,15785800.0,436920.0,0.0,0.0,0.0,0.0,0.0,60260.0,0.0,0.0,0.0,0.0,0.0
2018-05-23,126755700.0,52816560.0,89569440.0,36752880.0,16708480.0,85913953.0,0.0,0.0,0.0,36673100.0,9621500.0,254150.0,0.0,0.0,0.0,0.0,0.0,22690.0,0.0,0.0,0.0,0.0,0.0
2018-05-24,104772830.0,43995840.0,76497680.0,32501840.0,12049330.0,71240535.0,0.0,0.0,0.0,25556300.0,6286100.0,207990.0,0.0,0.0,0.0,0.0,0.0,15770.0,0.0,0.0,0.0,0.0,0.0
2018-05-25,143615915.0,49219100.0,90539910.0,41320810.0,14935670.0,93287694.0,0.0,0.0,0.0,41645100.0,11178100.0,27520.0,0.0,0.0,0.0,0.0,0.0,11200.0,0.0,0.0,0.0,0.0,0.0
2018-05-26,0.0,0.0,0.0,0.0,0.0,0.0,0.0,0.0,0.0,0.0,0.0,0.0,0.0,0.0,0.0,0.0,0.0,0.0,0.0,0.0,0.0,0.0,0.0
2018-05-27,0.0,0.0,0.0,0.0,0.0,0.0,0.0,0.0,0.0,0.0,0.0,0.0,0.0,0.0,0.0,0.0,0.0,0.0,0.0,0.0,0.0,0.0,0.0
2018-05-28,191197120.0,73635380.0,140667480.0,67032100.0,22788740.0,138837120.0,0.0,0.0,0.0,61400700.0,14176600.0,1097480.0,0.0,0.0,0.0,0.0,0.0,38930.0,0.0,0.0,0.0,0.0,0.0
2018-05-29,155301290.0,64474410.0,112360260.0,47885850.0,17686350.0,115688996.0,0.0,0.0,0.0,46586700.0,11482300.0,98090.0,0.0,0.0,0.0,0.0,0.0,68870.0,0.0,0.0,0.0,0.0,0.0
2018-05-30,117512290.0,53178740.0,79237070.0,26058330.0,15551870.0,85935762.0,0.0,0.0,0.0,37465200.0,6323600.0,97210.0,0.0,0.0,0.0,0.0,0.0,12800.0,0.0,0.0,0.0,0.0,0.0
2018-05-31,162415893.0,67378240.0,105424180.0,38045940.0,18857060.0,106899734.0,0.0,0.0,0.0,40505600.0,9785200.0,142950.0,0.0,0.0,0.0,0.0,0.0,15470.0,0.0,0.0,0.0,0.0,0.0
2018-06-01,160913600.0,68484770.0,118961170.0,50476400.0,19594080.0,118966357.0,0.0,0.0,0.0,47972800.0,10444400.0,76840.0,0.0,0.0,0.0,0.0,0.0,19420.0,0.0,0.0,0.0,0.0,0.0
2018-06-02,0.0,0.0,0.0,0.0,0.0,0.0,0.0,0.0,0.0,0.0,0.0,0.0,0.0,0.0,0.0,0.0,0.0,0.0,0.0,0.0,0.0,0.0,0.0
2018-06-03,0.0,0.0,0.0,0.0,0.0,0.0,0.0,0.0,0.0,0.0,0.0,0.0,0.0,0.0,0.0,0.0,0.0,0.0,0.0,0.0,0.0,0.0,0.0
2018-06-04,146895440.0,59532250.0,104936460.0,45404210.0,19386240.0,107546869.0,0.0,0.0,0.0,51757700.0,9800500.0,82960.0,0.0,0.0,0.0,0.0,0.0,58040.0,0.0,0.0,0.0,0.0,0.0
2018-06-05,173096680.0,65884640.0,122159230.0,56274590.0,29683780.0,120677512.0,0.0,0.0,0.0,55824800.0,13024400.0,1197860.0,0.0,0.0,0.0,0.0,0.0,49000.0,0.0,0.0,0.0,0.0,0.0
2018-06-06,155014065.0,60797020.0,106454520.0,45657500.0,23574470.0,107171836.0,0.0,0.0,0.0,44848600.0,9668400.0,189190.0,0.0,0.0,0.0,0.0,0.0,57610.0,0.0,0.0,0.0,0.0,0.0
2018-06-07,151829230.0,60335720.0,109852230.0,49516510.0,25900190.0,105469970.0,0.0,0.0,0.0,42728800.0,10094200.0,195240.0,0.0,0.0,0.0,0.0,0.0,61330.0,0.0,0.0,0.0,0.0,0.0
2018-06-08,137991270.0,46069920.0,85319150.0,39249230.0,22032110.0,83465754.0,0.0,0.0,0.0,40712100.0,16425900.0,652820.0,0.0,0.0,0.0,0.0,0.0,60520.0,0.0,0.0,0.0,0.0,0.0
2018-06-09,0.0,0.0,0.0,0.0,0.0,0.0,0.0,0.0,0.0,0.0,0.0,0.0,0.0,0.0,0.0,0.0,0.0,0.0,0.0,0.0,0.0,0.0,0.0
2018-06-10,0.0,0.0,0.0,0.0,0.0,0.0,0.0,0.0,0.0,0.0,0.0,0.0,0.0,0.0,0.0,0.0,0.0,0.0,0.0,0.0,0.0,0.0,0.0
2018-06-11,133836660.0,49970780.0,92499060.0,42528280.0,23240450.0,91229149.0,0.0,0.0,0.0,32064900.0,8477000.0,355940.0,0.0,0.0,0.0,0.0,0.0,22020.0,0.0,0.0,0.0,0.0,0.0
2018-06-12,169945710.0,79033540.0,130754090.0,51720550.0,19887330.0,132196155.0,0.0,0.0,0.0,49522100.0,8950900.0,288540.0,0.0,0.0,0.0,0.0,0.0,39550.0,0.0,0.0,0.0,0.0,0.0
2018-06-13,104474723.0,34757120.0,69644650.0,34887530.0,13701780.0,62915014.0,0.0,0.0,0.0,28274000.0,6614500.0,57650.0,0.0,0.0,0.0,0.0,0.0,30000.0,0.0,0.0,0.0,0.0,0.0
2018-06-14,135233070.0,43470320.0,106458620.0,62988300.0,16506260.0,86957237.0,0.0,0.0,0.0,36805100.0,5997400.0,114420.0,0.0,0.0,0.0,0.0,0.0,10030.0,0.0,0.0,0.0,0.0,0.0
2018-06-15,144865820.0,55843590.0,107406100.0,51562510.0,15634970.0,87447447.0,0.0,0.0,0.0,29231500.0,8515100.0,7250.0,0.0,0.0,0.0,0.0,0.0,47600.0,0.0,0.0,0.0,0.0,0.0
2018-06-16,0.0,0.0,0.0,0.0,0.0,0.0,0.0,0.0,0.0,0.0,0.0,0.0,0.0,0.0,0.0,0.0,0.0,0.0,0.0,0.0,0.0,0.0,0.0
2018-06-17,0.0,0.0,0.0,0.0,0.0,0.0,0.0,0.0,0.0,0.0,0.0,0.0,0.0,0.0,0.0,0.0,0.0,0.0,0.0,0.0,0.0,0.0,0.0
2018-06-18,145591940.0,51490330.0,107968860.0,56478530.0,21679510.0,96832713.0,0.0,0.0,0.0,37506900.0,8656000.0,255890.0,0.0,0.0,0.0,0.0,0.0,77520.0,0.0,0.0,0.0,0.0,0.0
2018-06-19,203659510.0,87420100.0,155016600.0,67596500.0,22624980.0,152691189.0,0.0,0.0,0.0,59518500.0,13863900.0,562910.0,0.0,0.0,0.0,0.0,0.0,58220.0,0.0,0.0,0.0,0.0,0.0
2018-06-20,119730870.0,39846540.0,81795040.0,41948500.0,15045390.0,81045874.0,0.0,0.0,0.0,32340500.0,7279700.0,111860.0,0.0,0.0,0.0,0.0,0.0,31000.0,0.0,0.0,0.0,0.0,0.0
2018-06-21,94237830.0,30312030.0,67405740.0,37093710.0,14178180.0,60404940.0,0.0,0.0,0.0,26271100.0,11397700.0,10580.0,0.0,0.0,0.0,0.0,0.0,19360.0,0.0,0.0,0.0,0.0,0.0
2018-06-22,102746580.0,39415100.0,71685610.0,32270510.0,16314060.0,75767015.0,0.0,0.0,0.0,32999900.0,9188500.0,331650.0,0.0,0.0,0.0,0.0,0.0,28600.0,0.0,0.0,0.0,0.0,0.0
2018-06-23,0.0,0.0,0.0,0.0,0.0,0.0,0.0,0.0,0.0,0.0,0.0,0.0,0.0,0.0,0.0,0.0,0.0,0.0,0.0,0.0,0.0,0.0,0.0
2018-06-24,0.0,0.0,0.0,0.0,0.0,0.0,0.0,0.0,0.0,0.0,0.0,0.0,0.0,0.0,0.0,0.0,0.0,0.0,0.0,0.0,0.0,0.0,0.0
2018-06-25,118181310.0,34365490.0,87359030.0,52993540.0,16378230.0,77881721.0,0.0,0.0,0.0,28744700.0,8110000.0,23210.0,0.0,0.0,0.0,0.0,0.0,16640.0,0.0,0.0,0.0,0.0,0.0
2018-06-26,114881010.0,24306300.0,86093550.0,61787250.0,16807420.0,69343800.0,0.0,0.0,0.0,25360800.0,9592600.0,28090.0,0.0,0.0,0.0,0.0,0.0,4040.0,0.0,0.0,0.0,0.0,0.0
2018-06-27,126510710.0,31801350.0,98190530.0,66389180.0,16986610.0,90658528.0,0.0,0.0,0.0,34051700.0,9068300.0,19000.0,0.0,0.0,0.0,0.0,0.0,12990.0,0.0,0.0,0.0,0.0,0.0
2018-06-28,130318210.0,47414270.0,98176520.0,50762250.0,15924780.0,98973017.0,0.0,0.0,0.0,35021500.0,10094100.0,165350.0,0.0,0.0,0.0,0.0,0.0,59920.0,0.0,0.0,0.0,0.0,0.0
2018-06-29,110043130.0,35643460.0,76946370.0,41302910.0,16231600.0,70506279.0,0.0,0.0,0.0,28114400.0,10975900.0,43520.0,0.0,0.0,0.0,0.0,0.0,40310.0,0.0,0.0,0.0,0.0,0.0
2018-06-30,0.0,0.0,0.0,0.0,0.0,0.0,0.0,0.0,0.0,0.0,0.0,0.0,0.0,0.0,0.0,0.0,0.0,0.0,0.0,0.0,0.0,0.0,0.0
2018-07-01,0.0,0.0,0.0,0.0,0.0,0.0,0.0,0.0,0.0,0.0,0.0,0.0,0.0,0.0,0.0,0.0,0.0,0.0,0.0,0.0,0.0,0.0,0.0
2018-07-02,142222740.0,54615820.0,111213860.0,56598040.0,15787450.0,113013731.0,0.0,0.0,0.0,42151700.0,8991000.0,164140.0,0.0,0.0,0.0,0.0,0.0,73120.0,0.0,0.0,0.0,0.0,0.0
2018-07-03,161389340.0,67908770.0,122863730.0,54954960.0,19273090.0,120008927.0,0.0,0.0,0.0,39769000.0,10300200.0,396500.0,0.0,0.0,0.0,0.0,0.0,33700.0,0.0,0.0,0.0,0.0,0.0
2018-07-04,125177438.0,44415900.0,85988090.0,41572190.0,14493300.0,81027592.0,0.0,0.0,0.0,29506000.0,8875600.0,514800.0,0.0,0.0,0.0,0.0,0.0,52840.0,0.0,0.0,0.0,0.0,0.0
2018-07-05,127434590.0,44755220.0,94219100.0,49463880.0,14806170.0,88523709.0,0.0,0.0,0.0,37606200.0,10553200.0,101590.0,0.0,0.0,0.0,0.0,0.0,31320.0,0.0,0.0,0.0,0.0,0.0
2018-07-06,141624520.0,58312610.0,106124550.0,47811940.0,15575640.0,107723910.0,0.0,0.0,0.0,42819500.0,11026700.0,52940.0,0.0,0.0,0.0,0.0,0.0,13170.0,0.0,0.0,0.0,0.0,0.0
2018-07-07,0.0,0.0,0.0,0.0,0.0,0.0,0.0,0.0,0.0,0.0,0.0,0.0,0.0,0.0,0.0,0.0,0.0,0.0,0.0,0.0,0.0,0.0,0.0
2018-07-08,0.0,0.0,0.0,0.0,0.0,0.0,0.0,0.0,0.0,0.0,0.0,0.0,0.0,0.0,0.0,0.0,0.0,0.0,0.0,0.0,0.0,0.0,0.0
2018-07-09,106167080.0,40288420.0,78019210.0,37730790.0,13764380.0,78202575.0,0.0,0.0,0.0,31125300.0,8519400.0,12940.0,0.0,0.0,0.0,0.0,0.0,25000.0,0.0,0.0,0.0,0.0,0.0
2018-07-10,93102100.0,33122720.0,67892780.0,34770060.0,11141180.0,65275084.0,0.0,0.0,0.0,25940200.0,10203100.0,45130.0,0.0,0.0,0.0,0.0,0.0,33790.0,0.0,0.0,0.0,0.0,0.0
2018-07-11,138119530.0,53412900.0,108698200.0,55285300.0,13690340.0,107547015.0,0.0,0.0,0.0,37572300.0,14598600.0,75830.0,0.0,0.0,0.0,0.0,0.0,32490.0,0.0,0.0,0.0,0.0,0.0
2018-07-12,90464330.0,33199790.0,66763650.0,33563860.0,11707480.0,62855826.0,0.0,0.0,0.0,25047600.0,10147600.0,716620.0,0.0,0.0,0.0,0.0,0.0,31710.0,0.0,0.0,0.0,0.0,0.0
2018-07-13,121978590.0,38297470.0,93510050.0,55212580.0,14844780.0,77816620.0,0.0,0.0,0.0,30833300.0,9635900.0,38350.0,0.0,0.0,0.0,0.0,0.0,31310.0,0.0,0.0,0.0,0.0,0.0
2018-07-14,0.0,0.0,0.0,0.0,0.0,0.0,0.0,0.0,0.0,0.0,0.0,0.0,0.0,0.0,0.0,0.0,0.0,0.0,0.0,0.0,0.0,0.0,0.0
2018-07-15,0.0,0.0,0.0,0.0,0.0,0.0,0.0,0.0,0.0,0.0,0.0,0.0,0.0,0.0,0.0,0.0,0.0,0.0,0.0,0.0,0.0,0.0,0.0
2018-07-16,110882460.0,36480810.0,83899520.0,47418710.0,14433750.0,71258256.0,0.0,0.0,0.0,27594400.0,8981900.0,60480.0,0.0,0.0,0.0,0.0,0.0,40420.0,0.0,0.0,0.0,0.0,0.0
2018-07-17,136304660.0,44273370.0,102788590.0,58515220.0,13968770.0,92955094.0,0.0,0.0,0.0,30811300.0,7281900.0,8800.0,0.0,0.0,0.0,0.0,0.0,53690.0,0.0,0.0,0.0,0.0,0.0
2018-07-18,184648680.0,54820940.0,146038130.0,91217190.0,17537790.0,114483996.0,0.0,0.0,0.0,46569100.0,11106200.0,10210.0,0.0,0.0,0.0,0.0,0.0,43050.0,0.0,0.0,0.0,0.0,0.0
2018-07-19,166842920.0,47892560.0,125959720.0,78067160.0,19937840.0,105293590.0,0.0,0.0,0.0,42735900.0,15605900.0,5480.0,0.0,0.0,0.0,0.0,0.0,55520.0,0.0,0.0,0.0,0.0,0.0
2018-07-20,178891900.0,56213210.0,132468660.0,76255450.0,18415920.0,127019828.0,0.0,0.0,0.0,43730400.0,11553200.0,2890.0,0.0,0.0,0.0,0.0,0.0,65000.0,0.0,0.0,0.0,0.0,0.0
2018-07-21,0.0,0.0,0.0,0.0,0.0,0.0,0.0,0.0,0.0,0.0,0.0,0.0,0.0,0.0,0.0,0.0,0.0,0.0,0.0,0.0,0.0,0.0,0.0
2018-07-22,0.0,0.0,0.0,0.0,0.0,0.0,0.0,0.0,0.0,0.0,0.0,0.0,0.0,0.0,0.0,0.0,0.0,0.0,0.0,0.0,0.0,0.0,0.0
2018-07-23,190030610.0,64550220.0,154885840.0,90335620.0,26294960.0,125922458.0,0.0,0.0,0.0,43286600.0,18900200.0,142950.0,0.0,0.0,0.0,0.0,0.0,61700.0,0.0,0.0,0.0,0.0,0.0
2018-07-24,169638570.0,52018870.0,129983850.0,77964980.0,28577290.0,107290440.0,0.0,0.0,0.0,44481300.0,10492700.0,11050.0,0.0,0.0,0.0,0.0,0.0,56900.0,0.0,0.0,0.0,0.0,0.0
2018-07-25,201884580.0,46045930.0,148039660.0,101993730.0,37956800.0,116484245.0,0.0,0.0,0.0,45075800.0,12955100.0,27880.0,0.0,0.0,0.0,0.0,0.0,39350.0,0.0,0.0,0.0,0.0,0.0
2018-07-26,175235210.0,45645350.0,130245820.0,84600470.0,33093910.0,105206414.0,0.0,0.0,0.0,37959600.0,8779400.0,118830.0,0.0,0.0,0.0,0.0,0.0,21600.0,0.0,0.0,0.0,0.0,0.0
2018-07-27,176933885.0,42561810.0,118483880.0,75922070.0,29013090.0,98503920.0,0.0,0.0,0.0,39910000.0,15950800.0,5820.0,0.0,0.0,0.0,0.0,0.0,56500.0,0.0,0.0,0.0,0.0,0.0
2018-07-28,0.0,0.0,0.0,0.0,0.0,0.0,0.0,0.0,0.0,0.0,0.0,0.0,0.0,0.0,0.0,0.0,0.0,0.0,0.0,0.0,0.0,0.0,0.0
2018-07-29,0.0,0.0,0.0,0.0,0.0,0.0,0.0,0.0,0.0,0.0,0.0,0.0,0.0,0.0,0.0,0.0,0.0,0.0,0.0,0.0,0.0,0.0,0.0
2018-07-30,192188002.0,49711210.0,135455190.0,85743980.0,35628500.0,119544420.0,0.0,0.0,0.0,35320700.0,13618200.0,30430.0,0.0,0.0,0.0,0.0,0.0,41460.0,0.0,0.0,0.0,0.0,0.0
2018-07-31,229774470.0,60275210.0,175393190.0,115117980.0,35748960.0,138084054.0,0.0,0.0,0.0,37596400.0,14705500.0,16160.0,0.0,0.0,0.0,0.0,0.0,42000.0,0.0,0.0,0.0,0.0,0.0
2018-08-01,180793930.0,46101770.0,137957740.0,91855970.0,25066490.0,120389084.0,0.0,0.0,0.0,44685500.0,16814100.0,56080.0,0.0,0.0,0.0,0.0,0.0,78470.0,0.0,0.0,0.0,0.0,0.0
2018-08-02,204154330.0,51675220.0,149458770.0,97783550.0,28843930.0,132866295.0,0.0,0.0,0.0,36759900.0,18820500.0,9520.0,0.0,0.0,0.0,0.0,0.0,108000.0,0.0,0.0,0.0,0.0,0.0
2018-08-03,166126830.0,43962570.0,119935610.0,75973040.0,28835500.0,107807386.0,0.0,0.0,0.0,38769200.0,18947300.0,12170.0,0.0,0.0,0.0,0.0,0.0,73600.0,0.0,0.0,0.0,0.0,0.0
2018-08-04,0.0,0.0,0.0,0.0,0.0,0.0,0.0,0.0,0.0,0.0,0.0,0.0,0.0,0.0,0.0,0.0,0.0,0.0,0.0,0.0,0.0,0.0,0.0
2018-08-05,0.0,0.0,0.0,0.0,0.0,0.0,0.0,0.0,0.0,0.0,0.0,0.0,0.0,0.0,0.0,0.0,0.0,0.0,0.0,0.0,0.0,0.0,0.0
2018-08-06,153665970.0,40724720.0,114044360.0,73319640.0,23858580.0,103170326.0,0.0,0.0,0.0,32697700.0,15330200.0,39900.0,0.0,0.0,0.0,0.0,0.0,80440.0,0.0,0.0,0.0,0.0,0.0
2018-08-07,162135792.0,41887000.0,95810920.0,53923920.0,24732920.0,90179872.0,0.0,0.0,0.0,31669800.0,11830900.0,10630.0,0.0,0.0,0.0,0.0,0.0,95980.0,0.0,0.0,0.0,0.0,0.0
2018-08-08,149714118.0,42894910.0,100991940.0,58097030.0,19301030.0,103946274.0,0.0,0.0,0.0,43642400.0,17825400.0,107120.0,0.0,0.0,0.0,0.0,0.0,105480.0,0.0,0.0,0.0,0.0,0.0
2018-08-09,163508317.0,60492130.0,120528710.0,60036580.0,21163380.0,121816797.0,0.0,0.0,0.0,39709900.0,22798700.0,153440.0,0.0,0.0,0.0,0.0,0.0,105980.0,0.0,0.0,0.0,0.0,0.0
2018-08-10,173773801.0,42915110.0,130373650.0,87458540.0,21885880.0,90223680.0,0.0,0.0,0.0,32343800.0,12902400.0,29070.0,0.0,0.0,0.0,0.0,0.0,5190.0,0.0,0.0,0.0,0.0,0.0
2018-08-11,0.0,0.0,0.0,0.0,0.0,0.0,0.0,0.0,0.0,0.0,0.0,0.0,0.0,0.0,0.0,0.0,0.0,0.0,0.0,0.0,0.0,0.0,0.0
2018-08-12,0.0,0.0,0.0,0.0,0.0,0.0,0.0,0.0,0.0,0.0,0.0,0.0,0.0,0.0,0.0,0.0,0.0,0.0,0.0,0.0,0.0,0.0,0.0
2018-08-13,198289764.0,82537140.0,136707670.0,54170530.0,21434230.0,155354471.0,0.0,0.0,0.0,59135300.0,14896000.0,24430.0,0.0,0.0,0.0,0.0,0.0,106000.0,0.0,0.0,0.0,0.0,0.0
2018-08-14,169008276.0,57362220.0,111399190.0,54036970.0,21978840.0,107495457.0,0.0,0.0,0.0,36556000.0,17076100.0,101150.0,0.0,0.0,0.0,0.0,0.0,138690.0,0.0,0.0,0.0,0.0,0.0
2018-08-15,174032212.0,62334260.0,130929730.0,68595470.0,21813890.0,137292368.0,0.0,0.0,0.0,54474500.0,14783300.0,32990.0,0.0,0.0,0.0,0.0,0.0,71700.0,0.0,0.0,0.0,0.0,0.0
2018-08-16,165539624.0,63716490.0,119928820.0,56212330.0,18012860.0,124990984.0,0.0,0.0,0.0,42523400.0,13133600.0,242850.0,0.0,0.0,0.0,0.0,0.0,67600.0,0.0,0.0,0.0,0.0,0.0
2018-08-17,136124710.0,45071520.0,88773750.0,43702230.0,21554450.0,87875821.0,0.0,0.0,0.0,31547500.0,11917100.0,53230.0,0.0,0.0,0.0,0.0,0.0,77980.0,0.0,0.0,0.0,0.0,0.0
2018-08-18,0.0,0.0,0.0,0.0,0.0,0.0,0.0,0.0,0.0,0.0,0.0,0.0,0.0,0.0,0.0,0.0,0.0,0.0,0.0,0.0,0.0,0.0,0.0
2018-08-19,0.0,0.0,0.0,0.0,0.0,0.0,0.0,0.0,0.0,0.0,0.0,0.0,0.0,0.0,0.0,0.0,0.0,0.0,0.0,0.0,0.0,0.0,0.0
2018-08-20,173800308.0,55600490.0,121710840.0,66110350.0,18607010.0,107565048.0,0.0,0.0,0.0,30801500.0,12767300.0,7600.0,0.0,0.0,0.0,0.0,0.0,98600.0,0.0,0.0,0.0,0.0,0.0
2018-08-21,191941407.0,47813300.0,127519040.0,79705740.0,21194900.0,116813249.0,0.0,0.0,0.0,36242200.0,11022200.0,100010.0,0.0,0.0,0.0,0.0,0.0,72560.0,0.0,0.0,0.0,0.0,0.0
2018-08-22,194167661.0,50597700.0,128872300.0,78274600.0,18540570.0,123184151.0,0.0,0.0,0.0,37895000.0,9777100.0,35200.0,0.0,0.0,0.0,0.0,0.0,70330.0,0.0,0.0,0.0,0.0,0.0
2018-08-23,144608276.0,42645800.0,102143800.0,59498000.0,18023450.0,94421059.0,0.0,0.0,0.0,32168000.0,8722400.0,54970.0,0.0,0.0,0.0,0.0,0.0,55020.0,0.0,0.0,0.0,0.0,0.0
2018-08-24,176073439.0,56892380.0,113522000.0,56629620.0,22352150.0,113929185.0,0.0,0.0,0.0,45008700.0,9070300.0,34370.0,0.0,0.0,0.0,0.0,0.0,116110.0,0.0,0.0,0.0,0.0,0.0
2018-08-25,0.0,0.0,0.0,0.0,0.0,0.0,0.0,0.0,0.0,0.0,0.0,0.0,0.0,0.0,0.0,0.0,0.0,0.0,0.0,0.0,0.0,0.0,0.0
2018-08-26,0.0,0.0,0.0,0.0,0.0,0.0,0.0,0.0,0.0,0.0,0.0,0.0,0.0,0.0,0.0,0.0,0.0,0.0,0.0,0.0,0.0,0.0,0.0
2018-08-27,186556153.0,64177160.0,133081180.0,68904020.0,22656280.0,127522956.0,0.0,0.0,0.0,50519900.0,12858600.0,117360.0,0.0,0.0,0.0,0.0,0.0,45000.0,0.0,0.0,0.0,0.0,0.0
2018-08-28,169516208.0,60469630.0,118248850.0,57779220.0,22616960.0,119672428.0,0.0,0.0,0.0,43743600.0,9857400.0,239980.0,0.0,0.0,0.0,0.0,0.0,51000.0,0.0,0.0,0.0,0.0,0.0
2018-08-29,153550135.0,44587960.0,105268160.0,60680200.0,19792670.0,93823849.0,0.0,0.0,0.0,37359200.0,12608100.0,425650.0,0.0,0.0,0.0,0.0,0.0,58000.0,0.0,0.0,0.0,0.0,0.0
2018-08-30,186694516.0,54009950.0,115170880.0,61160930.0,21979330.0,105152416.0,0.0,0.0,0.0,36370300.0,14127000.0,1158720.0,0.0,0.0,0.0,0.0,0.0,72900.0,0.0,0.0,0.0,0.0,0.0
2018-08-31,174103014.0,59641300.0,120226840.0,60585540.0,20921140.0,110905281.0,0.0,0.0,0.0,37324800.0,15608400.0,1134750.0,0.0,0.0,0.0,0.0,0.0,80000.0,0.0,0.0,0.0,0.0,0.0
2018-09-01,0.0,0.0,0.0,0.0,0.0,0.0,0.0,0.0,0.0,0.0,0.0,0.0,0.0,0.0,0.0,0.0,0.0,0.0,0.0,0.0,0.0,0.0,0.0
2018-09-02,0.0,0.0,0.0,0.0,0.0,0.0,0.0,0.0,0.0,0.0,0.0,0.0,0.0,0.0,0.0,0.0,0.0,0.0,0.0,0.0,0.0,0.0,0.0
2018-09-03,0.0,0.0,0.0,0.0,0.0,0.0,0.0,0.0,0.0,0.0,0.0,0.0,0.0,0.0,0.0,0.0,0.0,0.0,0.0,0.0,0.0,0.0,0.0
2018-09-04,183720902.0,51817530.0,124594060.0,72776530.0,24237850.0,119233292.0,0.0,0.0,0.0,43532900.0,10163400.0,299430.0,0.0,0.0,0.0,0.0,0.0,71570.0,0.0,0.0,0.0,0.0,0.0
2018-09-05,178350066.0,53502870.0,115350150.0,61847280.0,22249830.0,109570511.0,0.0,0.0,0.0,42551900.0,10405500.0,208450.0,0.0,0.0,0.0,0.0,0.0,50340.0,0.0,0.0,0.0,0.0,0.0
2018-09-06,155339805.0,45113490.0,99107630.0,53994140.0,19614530.0,89207352.0,0.0,0.0,0.0,36085900.0,7507400.0,283220.0,0.0,0.0,0.0,0.0,0.0,108480.0,0.0,0.0,0.0,0.0,0.0
2018-09-07,167454932.0,46814260.0,107067260.0,60253000.0,24261000.0,94878135.0,0.0,0.0,0.0,40157400.0,13152000.0,256180.0,0.0,0.0,0.0,0.0,0.0,64000.0,0.0,0.0,0.0,0.0,0.0
2018-09-08,0.0,0.0,0.0,0.0,0.0,0.0,0.0,0.0,0.0,0.0,0.0,0.0,0.0,0.0,0.0,0.0,0.0,0.0,0.0,0.0,0.0,0.0,0.0
2018-09-09,0.0,0.0,0.0,0.0,0.0,0.0,0.0,0.0,0.0,0.0,0.0,0.0,0.0,0.0,0.0,0.0,0.0,0.0,0.0,0.0,0.0,0.0,0.0
2018-09-10,176443998.0,50012320.0,98593280.0,48580960.0,24429810.0,92269901.0,0.0,0.0,0.0,39207900.0,11678100.0,89710.0,0.0,0.0,0.0,0.0,0.0,62670.0,0.0,0.0,0.0,0.0,0.0
2018-09-11,184132846.0,47924060.0,104298620.0,56374560.0,27024070.0,94758418.0,0.0,0.0,0.0,41099100.0,16713200.0,185830.0,0.0,0.0,0.0,0.0,0.0,75020.0,0.0,0.0,0.0,0.0,0.0
2018-09-12,170858030.0,55984740.0,121282170.0,65297430.0,28756980.0,115287540.0,0.0,0.0,0.0,49976000.0,17405200.0,66690.0,0.0,0.0,0.0,0.0,0.0,120000.0,0.0,0.0,0.0,0.0,0.0
2018-09-13,166912802.0,48964120.0,99914280.0,50950160.0,28800970.0,100090249.0,0.0,0.0,0.0,55579700.0,15872300.0,351200.0,0.0,0.0,0.0,0.0,0.0,31050.0,0.0,0.0,0.0,0.0,0.0
2018-09-14,174829950.0,57050340.0,105924230.0,48873890.0,25331940.0,97271293.0,0.0,0.0,0.0,40849300.0,16105300.0,161810.0,0.0,0.0,0.0,0.0,0.0,51370.0,0.0,0.0,0.0,0.0,0.0
2018-09-15,0.0,0.0,0.0,0.0,0.0,0.0,0.0,0.0,0.0,0.0,0.0,0.0,0.0,0.0,0.0,0.0,0.0,0.0,0.0,0.0,0.0,0.0,0.0
2018-09-16,0.0,0.0,0.0,0.0,0.0,0.0,0.0,0.0,0.0,0.0,0.0,0.0,0.0,0.0,0.0,0.0,0.0,0.0,0.0,0.0,0.0,0.0,0.0
2018-09-17,154938288.0,43725890.0,94194730.0,50468840.0,31689840.0,87166558.0,0.0,0.0,0.0,43373700.0,13664300.0,282340.0,0.0,0.0,0.0,0.0,0.0,40010.0,0.0,0.0,0.0,0.0,0.0
2018-09-18,177174157.0,58886410.0,116174460.0,57288050.0,34227380.0,118367122.0,0.0,0.0,0.0,51447700.0,19410600.0,152620.0,0.0,0.0,0.0,0.0,0.0,20010.0,0.0,0.0,0.0,0.0,0.0
2018-09-19,238611650.0,66978840.0,143275230.0,76296390.0,41559000.0,143438188.0,0.0,0.0,0.0,62037200.0,28228200.0,63430.0,0.0,0.0,0.0,0.0,0.0,30120.0,0.0,0.0,0.0,0.0,0.0
2018-09-20,179431950.0,56330910.0,118803290.0,62472380.0,37115120.0,109776155.0,0.0,0.0,0.0,46427800.0,24812300.0,674470.0,0.0,0.0,0.0,0.0,0.0,37510.0,0.0,0.0,0.0,0.0,0.0
2018-09-21,282363809.0,117096540.0,197573900.0,80477360.0,42682410.0,203921965.0,0.0,0.0,0.0,69642900.0,33952400.0,153680.0,0.0,0.0,0.0,0.0,0.0,42300.0,0.0,0.0,0.0,0.0,0.0
2018-09-22,0.0,0.0,0.0,0.0,0.0,0.0,0.0,0.0,0.0,0.0,0.0,0.0,0.0,0.0,0.0,0.0,0.0,0.0,0.0,0.0,0.0,0.0,0.0
2018-09-23,0.0,0.0,0.0,0.0,0.0,0.0,0.0,0.0,0.0,0.0,0.0,0.0,0.0,0.0,0.0,0.0,0.0,0.0,0.0,0.0,0.0,0.0,0.0
2018-09-24,169398920.0,55248400.0,115503670.0,60255270.0,35611750.0,103053009.0,0.0,0.0,0.0,48620100.0,19416800.0,276120.0,0.0,0.0,0.0,0.0,0.0,58100.0,0.0,0.0,0.0,0.0,0.0
2018-09-25,198241540.0,53103760.0,140184560.0,87080800.0,39808740.0,131342088.0,0.0,0.0,0.0,59242400.0,23356600.0,123480.0,0.0,0.0,0.0,0.0,0.0,92350.0,0.0,0.0,0.0,0.0,0.0
2018-09-26,219897580.0,60311360.0,150528350.0,90216990.0,46144150.0,129379719.0,0.0,0.0,0.0,54338100.0,24689400.0,417470.0,0.0,0.0,0.0,0.0,0.0,175510.0,0.0,0.0,0.0,0.0,0.0
2018-09-27,180962780.0,51372600.0,119236580.0,67863980.0,40732330.0,122654174.0,0.0,0.0,0.0,58100100.0,21285500.0,346250.0,0.0,0.0,0.0,0.0,0.0,68050.0,0.0,0.0,0.0,0.0,0.0
2018-09-28,224567020.0,89440260.0,159854360.0,70414100.0,39984250.0,154310367.0,0.0,0.0,0.0,56326700.0,32723300.0,525990.0,0.0,0.0,0.0,0.0,0.0,56000.0,0.0,0.0,0.0,0.0,0.0
2018-09-29,0.0,0.0,0.0,0.0,0.0,0.0,0.0,0.0,0.0,0.0,0.0,0.0,0.0,0.0,0.0,0.0,0.0,0.0,0.0,0.0,0.0,0.0,0.0
2018-09-30,0.0,0.0,0.0,0.0,0.0,0.0,0.0,0.0,0.0,0.0,0.0,0.0,0.0,0.0,0.0,0.0,0.0,0.0,0.0,0.0,0.0,0.0,0.0
2018-10-01,225044930.0,81255010.0,167618030.0,86363020.0,36820010.0,159838421.0,0.0,0.0,0.0,56444900.0,27966300.0,921640.0,0.0,0.0,0.0,0.0,0.0,44000.0,0.0,0.0,0.0,0.0,0.0
2018-10-02,203932870.0,66203650.0,145905570.0,79701920.0,34868860.0,144329084.0,0.0,0.0,0.0,58450700.0,22654800.0,660300.0,0.0,0.0,0.0,0.0,0.0,60650.0,0.0,0.0,0.0,0.0,0.0
2018-10-03,160155660.0,57100270.0,108085510.0,50985240.0,33566660.0,101880537.0,0.0,0.0,0.0,39065700.0,19228700.0,634990.0,0.0,0.0,0.0,0.0,0.0,54740.0,0.0,0.0,0.0,0.0,0.0
2018-10-04,183870790.0,74038630.0,125840430.0,51801800.0,32262290.0,123181557.0,0.0,0.0,0.0,42215100.0,19125600.0,330450.0,0.0,0.0,0.0,0.0,0.0,46440.0,0.0,0.0,0.0,0.0,0.0
2018-10-05,206650560.0,74563800.0,138869560.0,64305760.0,34899170.0,137544165.0,0.0,0.0,0.0,58948000.0,21788500.0,2263000.0,0.0,0.0,0.0,0.0,0.0,75180.0,0.0,0.0,0.0,0.0,0.0
2018-10-06,0.0,0.0,0.0,0.0,0.0,0.0,0.0,0.0,0.0,0.0,0.0,0.0,0.0,0.0,0.0,0.0,0.0,0.0,0.0,0.0,0.0,0.0,0.0
2018-10-07,0.0,0.0,0.0,0.0,0.0,0.0,0.0,0.0,0.0,0.0,0.0,0.0,0.0,0.0,0.0,0.0,0.0,0.0,0.0,0.0,0.0,0.0,0.0
2018-10-08,185949540.0,71307590.0,131768410.0,60460820.0,31840660.0,123685069.0,0.0,0.0,0.0,50826700.0,15868900.0,1396880.0,0.0,0.0,0.0,0.0,0.0,58000.0,0.0,0.0,0.0,0.0,0.0
2018-10-09,178954450.0,63817220.0,130599270.0,66782050.0,29738610.0,119193049.0,0.0,0.0,0.0,41003700.0,14607300.0,249470.0,0.0,0.0,0.0,0.0,0.0,33460.0,0.0,0.0,0.0,0.0,0.0
2018-10-10,171846560.0,63521280.0,124107340.0,60586060.0,29899530.0,115267088.0,0.0,0.0,0.0,40749700.0,18664800.0,1500680.0,0.0,0.0,0.0,0.0,0.0,35300.0,0.0,0.0,0.0,0.0,0.0
2018-10-11,344023630.0,136876030.0,264478290.0,127602260.0,47701110.0,257252144.0,0.0,0.0,0.0,99111800.0,35417200.0,1549030.0,0.0,0.0,0.0,0.0,0.0,151820.0,0.0,0.0,0.0,0.0,0.0
2018-10-12,203631780.0,78654890.0,148172790.0,69517900.0,28123310.0,140846322.0,0.0,0.0,0.0,58523700.0,19344400.0,1305300.0,0.0,0.0,0.0,0.0,0.0,146230.0,0.0,0.0,0.0,0.0,0.0
2018-10-13,0.0,0.0,0.0,0.0,0.0,0.0,0.0,0.0,0.0,0.0,0.0,0.0,0.0,0.0,0.0,0.0,0.0,0.0,0.0,0.0,0.0,0.0,0.0
2018-10-14,0.0,0.0,0.0,0.0,0.0,0.0,0.0,0.0,0.0,0.0,0.0,0.0,0.0,0.0,0.0,0.0,0.0,0.0,0.0,0.0,0.0,0.0,0.0
2018-10-15,123102110.0,41833000.0,86444730.0,44611730.0,20849790.0,75981818.0,0.0,0.0,0.0,32402300.0,11068000.0,701750.0,0.0,0.0,0.0,0.0,0.0,52700.0,0.0,0.0,0.0,0.0,0.0
2018-10-16,117735940.0,42663640.0,81122570.0,38458930.0,21594860.0,75415820.0,0.0,0.0,0.0,31911900.0,10061100.0,225520.0,0.0,0.0,0.0,0.0,0.0,47000.0,0.0,0.0,0.0,0.0,0.0
2018-10-17,137820740.0,51482610.0,99321340.0,47838730.0,23591470.0,93556254.0,0.0,0.0,0.0,39583200.0,11852900.0,22810.0,0.0,0.0,0.0,0.0,0.0,37870.0,0.0,0.0,0.0,0.0,0.0
2018-10-18,126109950.0,45079700.0,81486120.0,36406420.0,28888350.0,80163426.0,0.0,0.0,0.0,36965200.0,11077400.0,182750.0,0.0,0.0,0.0,0.0,0.0,23000.0,0.0,0.0,0.0,0.0,0.0
2018-10-19,132371320.0,47143040.0,95854820.0,48711780.0,21490460.0,85634892.0,0.0,0.0,0.0,36857700.0,13341700.0,540350.0,0.0,0.0,0.0,0.0,0.0,80220.0,0.0,0.0,0.0,0.0,0.0
2018-10-20,0.0,0.0,0.0,0.0,0.0,0.0,0.0,0.0,0.0,0.0,0.0,0.0,0.0,0.0,0.0,0.0,0.0,0.0,0.0,0.0,0.0,0.0,0.0
2018-10-21,0.0,0.0,0.0,0.0,0.0,0.0,0.0,0.0,0.0,0.0,0.0,0.0,0.0,0.0,0.0,0.0,0.0,0.0,0.0,0.0,0.0,0.0,0.0
2018-10-22,133005070.0,41144780.0,93285960.0,52141180.0,22757830.0,75586934.0,0.0,0.0,0.0,38447000.0,11876900.0,70970.0,0.0,0.0,0.0,0.0,0.0,26730.0,0.0,0.0,0.0,0.0,0.0
2018-10-23,181840880.0,72791480.0,136882490.0,64091010.0,26336720.0,122667300.0,0.0,0.0,0.0,53368000.0,13640100.0,1335860.0,0.0,0.0,0.0,0.0,0.0,52800.0,0.0,0.0,0.0,0.0,0.0
2018-10-24,132105240.0,48110900.0,91749730.0,43638830.0,22555060.0,82290465.0,0.0,0.0,0.0,33987100.0,11894900.0,218190.0,0.0,0.0,0.0,0.0,0.0,74470.0,0.0,0.0,0.0,0.0,0.0
2018-10-25,163619880.0,56983320.0,118800470.0,61817150.0,23759740.0,103280766.0,0.0,0.0,0.0,48218300.0,15066800.0,235570.0,0.0,0.0,0.0,0.0,0.0,116440.0,0.0,0.0,0.0,0.0,0.0
2018-10-26,133621650.0,45672420.0,95770930.0,50098510.0,20710870.0,80583395.0,0.0,0.0,0.0,32888000.0,9986200.0,351230.0,0.0,0.0,0.0,0.0,0.0,74140.0,0.0,0.0,0.0,0.0,0.0
2018-10-27,0.0,0.0,0.0,0.0,0.0,0.0,0.0,0.0,0.0,0.0,0.0,0.0,0.0,0.0,0.0,0.0,0.0,0.0,0.0,0.0,0.0,0.0,0.0
2018-10-28,0.0,0.0,0.0,0.0,0.0,0.0,0.0,0.0,0.0,0.0,0.0,0.0,0.0,0.0,0.0,0.0,0.0,0.0,0.0,0.0,0.0,0.0,0.0
2018-10-29,113424680.0,41645700.0,84093800.0,42448100.0,15544750.0,75895650.0,0.0,0.0,0.0,30567900.0,9836600.0,213360.0,0.0,0.0,0.0,0.0,0.0,21210.0,0.0,0.0,0.0,0.0,0.0
2018-10-30,119547410.0,37875270.0,84365510.0,46490240.0,20316890.0,76009393.0,0.0,0.0,0.0,35840500.0,6995200.0,40560.0,0.0,0.0,0.0,0.0,0.0,64450.0,0.0,0.0,0.0,0.0,0.0
2018-10-31,159222360.0,60484190.0,112843280.0,52359090.0,24809600.0,100148088.0,0.0,0.0,0.0,37707700.0,11433800.0,356880.0,0.0,0.0,0.0,0.0,0.0,30190.0,0.0,0.0,0.0,0.0,0.0
2018-11-01,121693330.0,39445040.0,84593800.0,45148760.0,17509310.0,74227339.0,0.0,0.0,0.0,30361700.0,8928500.0,134880.0,0.0,0.0,0.0,0.0,0.0,20610.0,0.0,0.0,0.0,0.0,0.0
2018-11-02,209087970.0,55629860.0,121597050.0,65967190.0,24831280.0,100567600.0,0.0,0.0,0.0,38223100.0,10974600.0,735640.0,0.0,0.0,0.0,0.0,0.0,46060.0,0.0,0.0,0.0,0.0,0.0
2018-11-03,0.0,0.0,0.0,0.0,0.0,0.0,0.0,0.0,0.0,0.0,0.0,0.0,0.0,0.0,0.0,0.0,0.0,0.0,0.0,0.0,0.0,0.0,0.0
2018-11-04,0.0,0.0,0.0,0.0,0.0,0.0,0.0,0.0,0.0,0.0,0.0,0.0,0.0,0.0,0.0,0.0,0.0,0.0,0.0,0.0,0.0,0.0,0.0
2018-11-05,121121310.0,33823220.0,83721620.0,49898400.0,17994730.0,67047508.0,0.0,0.0,0.0,30355900.0,6271100.0,411790.0,0.0,0.0,0.0,0.0,0.0,73500.0,0.0,0.0,0.0,0.0,0.0
2018-11-06,120442560.0,37075370.0,80020720.0,42945350.0,21129050.0,66873940.0,0.0,0.0,0.0,31336000.0,9135800.0,29940.0,0.0,0.0,0.0,0.0,0.0,62670.0,0.0,0.0,0.0,0.0,0.0
2018-11-07,126800490.0,45544000.0,85323520.0,39779520.0,21444180.0,76285443.0,0.0,0.0,0.0,29142100.0,7496900.0,234310.0,0.0,0.0,0.0,0.0,0.0,73070.0,0.0,0.0,0.0,0.0,0.0
2018-11-08,136692720.0,31118060.0,91774840.0,60656780.0,27353880.0,72215365.0,0.0,0.0,0.0,33523100.0,8508000.0,223120.0,0.0,0.0,0.0,0.0,0.0,98350.0,0.0,0.0,0.0,0.0,0.0
2018-11-09,131109630.0,38609740.0,94983590.0,56373850.0,20920560.0,83892715.0,0.0,0.0,0.0,34923500.0,10197300.0,62410.0,0.0,0.0,0.0,0.0,0.0,59650.0,0.0,0.0,0.0,0.0,0.0
2018-11-10,0.0,0.0,0.0,0.0,0.0,0.0,0.0,0.0,0.0,0.0,0.0,0.0,0.0,0.0,0.0,0.0,0.0,0.0,0.0,0.0,0.0,0.0,0.0
2018-11-11,0.0,0.0,0.0,0.0,0.0,0.0,0.0,0.0,0.0,0.0,0.0,0.0,0.0,0.0,0.0,0.0,0.0,0.0,0.0,0.0,0.0,0.0,0.0
2018-11-12,109808760.0,33821800.0,73871570.0,40049770.0,23053590.0,65317188.0,0.0,0.0,0.0,28814600.0,7607800.0,555940.0,0.0,0.0,0.0,0.0,0.0,55940.0,0.0,0.0,0.0,0.0,0.0
2018-11-13,132807600.0,39563470.0,92997210.0,53433740.0,27155830.0,73287968.0,0.0,0.0,0.0,35499400.0,12103500.0,336030.0,0.0,0.0,0.0,0.0,0.0,50720.0,0.0,0.0,0.0,0.0,0.0
2018-11-14,125187850.0,46154090.0,86702200.0,40548110.0,24284060.0,77769281.0,0.0,0.0,0.0,33683400.0,9982500.0,165420.0,0.0,0.0,0.0,0.0,0.0,48540.0,0.0,0.0,0.0,0.0,0.0
2018-11-15,134989500.0,42382820.0,90623650.0,48240830.0,20591340.0,86229484.0,0.0,0.0,0.0,36526700.0,8383700.0,747320.0,0.0,0.0,0.0,0.0,0.0,84960.0,0.0,0.0,0.0,0.0,0.0
2018-11-16,142498160.0,40658870.0,101870440.0,61211570.0,19620880.0,88224045.0,0.0,0.0,0.0,33783400.0,13320200.0,38230.0,0.0,0.0,0.0,0.0,0.0,55120.0,0.0,0.0,0.0,0.0,0.0
2018-11-17,0.0,0.0,0.0,0.0,0.0,0.0,0.0,0.0,0.0,0.0,0.0,0.0,0.0,0.0,0.0,0.0,0.0,0.0,0.0,0.0,0.0,0.0,0.0
2018-11-18,0.0,0.0,0.0,0.0,0.0,0.0,0.0,0.0,0.0,0.0,0.0,0.0,0.0,0.0,0.0,0.0,0.0,0.0,0.0,0.0,0.0,0.0,0.0
2018-11-19,123860310.0,39845470.0,86440960.0,46595490.0,19992230.0,68297274.0,0.0,0.0,0.0,27400500.0,7852500.0,72460.0,0.0,0.0,0.0,0.0,0.0,36020.0,0.0,0.0,0.0,0.0,0.0
2018-11-20,126164590.0,43543750.0,86230860.0,42687110.0,21258910.0,71915710.0,0.0,0.0,0.0,30133000.0,6916200.0,75950.0,0.0,0.0,0.0,0.0,0.0,40.0,0.0,0.0,0.0,0.0,0.0
2018-11-21,119083100.0,38917250.0,82152340.0,43235090.0,21618480.0,66414920.0,0.0,0.0,0.0,30057400.0,7805300.0,425500.0,0.0,0.0,0.0,0.0,0.0,59190.0,0.0,0.0,0.0,0.0,0.0
2018-11-22,114412140.0,39224680.0,79476270.0,40251590.0,20371120.0,65822238.0,0.0,0.0,0.0,34619900.0,14182700.0,205750.0,0.0,0.0,0.0,0.0,0.0,53000.0,0.0,0.0,0.0,0.0,0.0
2018-11-23,111905790.0,37254570.0,74809490.0,37554920.0,19811340.0,71760051.0,0.0,0.0,0.0,36456000.0,9310000.0,512110.0,0.0,0.0,0.0,0.0,0.0,25260.0,0.0,0.0,0.0,0.0,0.0
2018-11-24,0.0,0.0,0.0,0.0,0.0,0.0,0.0,0.0,0.0,0.0,0.0,0.0,0.0,0.0,0.0,0.0,0.0,0.0,0.0,0.0,0.0,0.0,0.0
2018-11-25,0.0,0.0,0.0,0.0,0.0,0.0,0.0,0.0,0.0,0.0,0.0,0.0,0.0,0.0,0.0,0.0,0.0,0.0,0.0,0.0,0.0,0.0,0.0
2018-11-26,90451440.0,25039270.0,57383500.0,32344230.0,20065480.0,49523431.0,0.0,0.0,0.0,29877100.0,7822100.0,1402490.0,0.0,0.0,0.0,0.0,0.0,30230.0,0.0,0.0,0.0,0.0,0.0
2018-11-27,109001530.0,32748380.0,72547650.0,39799270.0,19739230.0,58647905.0,0.0,0.0,0.0,29136700.0,10235900.0,42700.0,0.0,0.0,0.0,0.0,0.0,66010.0,0.0,0.0,0.0,0.0,0.0
2018-11-28,96777710.0,29503510.0,61914030.0,32410520.0,17859190.0,53491827.0,0.0,0.0,0.0,26666000.0,6635300.0,309380.0,0.0,0.0,0.0,0.0,0.0,30500.0,0.0,0.0,0.0,0.0,0.0
2018-11-29,117424890.0,40276100.0,76974830.0,36698730.0,18098120.0,66567890.0,0.0,0.0,0.0,26931400.0,10644000.0,72190.0,0.0,0.0,0.0,0.0,0.0,56550.0,0.0,0.0,0.0,0.0,0.0
2018-11-30,128769250.0,54625390.0,90653640.0,36028250.0,18706900.0,80576381.0,0.0,0.0,0.0,29199800.0,10022300.0,329170.0,0.0,0.0,0.0,0.0,0.0,35150.0,0.0,0.0,0.0,0.0,0.0
2018-12-01,0.0,0.0,0.0,0.0,0.0,0.0,0.0,0.0,0.0,0.0,0.0,0.0,0.0,0.0,0.0,0.0,0.0,0.0,0.0,0.0,0.0,0.0,0.0
2018-12-02,0.0,0.0,0.0,0.0,0.0,0.0,0.0,0.0,0.0,0.0,0.0,0.0,0.0,0.0,0.0,0.0,0.0,0.0,0.0,0.0,0.0,0.0,0.0
2018-12-03,157206860.0,63629050.0,116156690.0,52527640.0,21586340.0,109800916.0,0.0,0.0,0.0,42944600.0,12984300.0,200480.0,0.0,0.0,0.0,0.0,0.0,96700.0,0.0,0.0,0.0,0.0,0.0
2018-12-04,177097760.0,52507190.0,137625090.0,85117900.0,20462600.0,129428927.0,0.0,0.0,0.0,34385500.0,13559000.0,33640.0,0.0,0.0,0.0,0.0,0.0,106670.0,0.0,0.0,0.0,0.0,0.0
2018-12-05,153998080.0,61081880.0,112049970.0,50968090.0,23237950.0,103040730.0,0.0,0.0,0.0,41884400.0,11113500.0,107790.0,0.0,0.0,0.0,0.0,0.0,76700.0,0.0,0.0,0.0,0.0,0.0
2018-12-06,145040180.0,55213240.0,109862650.0,54649410.0,18639450.0,97046708.0,0.0,0.0,0.0,35016000.0,12890900.0,488360.0,0.0,0.0,0.0,0.0,0.0,37510.0,0.0,0.0,0.0,0.0,0.0
2018-12-07,151647570.0,51431880.0,111005650.0,59573770.0,20165390.0,89570704.0,0.0,0.0,0.0,36382200.0,11568900.0,3854120.0,0.0,0.0,0.0,0.0,0.0,16130.0,0.0,0.0,0.0,0.0,0.0
2018-12-08,0.0,0.0,0.0,0.0,0.0,0.0,0.0,0.0,0.0,0.0,0.0,0.0,0.0,0.0,0.0,0.0,0.0,0.0,0.0,0.0,0.0,0.0,0.0
2018-12-09,0.0,0.0,0.0,0.0,0.0,0.0,0.0,0.0,0.0,0.0,0.0,0.0,0.0,0.0,0.0,0.0,0.0,0.0,0.0,0.0,0.0,0.0,0.0
2018-12-10,129252710.0,48776970.0,88031480.0,39254510.0,17821320.0,78161157.0,0.0,0.0,0.0,29047800.0,8748900.0,4823000.0,0.0,0.0,0.0,0.0,0.0,25900.0,0.0,0.0,0.0,0.0,0.0
2018-12-11,126821330.0,43565480.0,84974550.0,41409070.0,18306010.0,74375150.0,0.0,0.0,0.0,31398000.0,11843700.0,5481320.0,0.0,0.0,0.0,0.0,0.0,42250.0,0.0,0.0,0.0,0.0,0.0
2018-12-12,143971260.0,37560590.0,102833600.0,65273010.0,17265760.0,72555701.0,0.0,0.0,0.0,29758800.0,9239200.0,5964330.0,0.0,0.0,0.0,0.0,0.0,103450.0,0.0,0.0,0.0,0.0,0.0
2018-12-13,145835490.0,46592070.0,104335020.0,57742950.0,20278490.0,76156453.0,0.0,0.0,0.0,30695700.0,8331300.0,1913930.0,0.0,0.0,0.0,0.0,0.0,14940.0,0.0,0.0,0.0,0.0,0.0
2018-12-14,131393080.0,48405980.0,98964490.0,50558510.0,17717250.0,85932464.0,0.0,0.0,0.0,29160300.0,8488800.0,201890.0,0.0,0.0,0.0,0.0,0.0,152540.0,0.0,0.0,0.0,0.0,0.0
2018-12-15,0.0,0.0,0.0,0.0,0.0,0.0,0.0,0.0,0.0,0.0,0.0,0.0,0.0,0.0,0.0,0.0,0.0,0.0,0.0,0.0,0.0,0.0,0.0
2018-12-16,0.0,0.0,0.0,0.0,0.0,0.0,0.0,0.0,0.0,0.0,0.0,0.0,0.0,0.0,0.0,0.0,0.0,0.0,0.0,0.0,0.0,0.0,0.0
2018-12-17,143135290.0,47291390.0,108053510.0,60762120.0,14987480.0,89926378.0,0.0,0.0,0.0,33182600.0,10482600.0,355940.0,0.0,0.0,0.0,0.0,0.0,51920.0,0.0,0.0,0.0,0.0,0.0
2018-12-18,155653890.0,52306770.0,112457780.0,60151010.0,20143680.0,91012741.0,0.0,0.0,0.0,37988800.0,12148500.0,1115100.0,0.0,0.0,0.0,0.0,0.0,67120.0,0.0,0.0,0.0,0.0,0.0
2018-12-19,119410210.0,52148460.0,91131980.0,38983520.0,15920250.0,83171755.0,0.0,0.0,0.0,31431100.0,7023300.0,671170.0,0.0,0.0,0.0,0.0,0.0,41420.0,0.0,0.0,0.0,0.0,0.0
2018-12-20,107806880.0,38045070.0,72445470.0,34400400.0,19890570.0,65974631.0,0.0,0.0,0.0,25389400.0,7285700.0,980700.0,0.0,0.0,0.0,0.0,0.0,67250.0,0.0,0.0,0.0,0.0,0.0
2018-12-21,131219760.0,45669710.0,85128650.0,39458940.0,21370420.0,80496686.0,0.0,0.0,0.0,29182500.0,7738600.0,515700.0,0.0,0.0,0.0,0.0,0.0,86380.0,0.0,0.0,0.0,0.0,0.0
2018-12-22,0.0,0.0,0.0,0.0,0.0,0.0,0.0,0.0,0.0,0.0,0.0,0.0,0.0,0.0,0.0,0.0,0.0,0.0,0.0,0.0,0.0,0.0,0.0
2018-12-23,0.0,0.0,0.0,0.0,0.0,0.0,0.0,0.0,0.0,0.0,0.0,0.0,0.0,0.0,0.0,0.0,0.0,0.0,0.0,0.0,0.0,0.0,0.0
2018-12-24,109246400.0,31104560.0,77002820.0,45898260.0,15995380.0,68026551.0,0.0,0.0,0.0,34041200.0,8325400.0,53440.0,0.0,0.0,0.0,0.0,0.0,56670.0,0.0,0.0,0.0,0.0,0.0
2018-12-25,168379500.0,51475970.0,116289690.0,64813720.0,27045530.0,97833470.0,0.0,0.0,0.0,42037700.0,14770800.0,124900.0,0.0,0.0,0.0,0.0,0.0,65820.0,0.0,0.0,0.0,0.0,0.0
2018-12-26,104065930.0,32704590.0,70054100.0,37349510.0,16370420.0,58649288.0,0.0,0.0,0.0,25529300.0,11629300.0,1358180.0,0.0,0.0,0.0,0.0,0.0,31270.0,0.0,0.0,0.0,0.0,0.0
2018-12-27,112522140.0,35751060.0,76725640.0,40974580.0,16181680.0,62784727.0,0.0,0.0,0.0,32476300.0,16892500.0,679800.0,0.0,0.0,0.0,0.0,0.0,41130.0,0.0,0.0,0.0,0.0,0.0
2018-12-28,123558630.0,38254570.0,85608460.0,47353890.0,21357200.0,65332996.0,0.0,0.0,0.0,23578500.0,15787500.0,44520.0,0.0,0.0,0.0,0.0,0.0,30010.0,0.0,0.0,0.0,0.0,0.0
2018-12-29,0.0,0.0,0.0,0.0,0.0,0.0,0.0,0.0,0.0,0.0,0.0,0.0,0.0,0.0,0.0,0.0,0.0,0.0,0.0,0.0,0.0,0.0,0.0
2018-12-30,0.0,0.0,0.0,0.0,0.0,0.0,0.0,0.0,0.0,0.0,0.0,0.0,0.0,0.0,0.0,0.0,0.0,0.0,0.0,0.0,0.0,0.0,0.0
2018-12-31,0.0,0.0,0.0,0.0,0.0,0.0,0.0,0.0,0.0,0.0,0.0,0.0,0.0,0.0,0.0,0.0,0.0,0.0,0.0,0.0,0.0,0.0,0.0
2019-01-01,0.0,0.0,0.0,0.0,0.0,0.0,0.0,0.0,0.0,0.0,0.0,0.0,0.0,0.0,0.0,0.0,0.0,0.0,0.0,0.0,0.0,0.0,0.0
2019-01-02,91857070.0,34100240.0,64945010.0,30844770.0,13868660.0,53656067.0,0.0,0.0,0.0,19001100.0,6060200.0,566440.0,0.0,0.0,0.0,0.0,0.0,29730.0,0.0,0.0,0.0,0.0,0.0
2019-01-03,135125060.0,50053420.0,96789910.0,46736490.0,19935850.0,85585978.0,0.0,0.0,0.0,29536700.0,8427800.0,1474710.0,0.0,0.0,0.0,0.0,0.0,81290.0,0.0,0.0,0.0,0.0,0.0
2019-01-04,117664070.0,37439840.0,79848250.0,42408410.0,22135230.0,64715831.0,0.0,0.0,0.0,29281500.0,6624600.0,1050810.0,0.0,0.0,0.0,0.0,0.0,137010.0,0.0,0.0,0.0,0.0,0.0
2019-01-05,0.0,0.0,0.0,0.0,0.0,0.0,0.0,0.0,0.0,0.0,0.0,0.0,0.0,0.0,0.0,0.0,0.0,0.0,0.0,0.0,0.0,0.0,0.0
2019-01-06,0.0,0.0,0.0,0.0,0.0,0.0,0.0,0.0,0.0,0.0,0.0,0.0,0.0,0.0,0.0,0.0,0.0,0.0,0.0,0.0,0.0,0.0,0.0
2019-01-07,87417130.0,30671600.0,59750230.0,29078630.0,16322540.0,49467467.0,0.0,0.0,0.0,22440600.0,5332400.0,1698490.0,0.0,0.0,0.0,0.0,0.0,36660.0,0.0,0.0,0.0,0.0,0.0
2019-01-08,92128530.0,27923540.0,63290490.0,35366950.0,17324080.0,53574228.0,0.0,0.0,0.0,23063500.0,5251100.0,914990.0,0.0,0.0,0.0,0.0,0.0,28750.0,0.0,0.0,0.0,0.0,0.0
2019-01-09,121796320.0,37200330.0,80679500.0,43479170.0,24694500.0,69072434.0,0.0,0.0,0.0,27027600.0,6855400.0,357160.0,0.0,0.0,0.0,0.0,0.0,76880.0,0.0,0.0,0.0,0.0,0.0
2019-01-10,102349440.0,32827000.0,69154970.0,36327970.0,19796310.0,57494502.0,0.0,0.0,0.0,21328200.0,5676900.0,319410.0,0.0,0.0,0.0,0.0,0.0,57020.0,0.0,0.0,0.0,0.0,0.0
2019-01-11,107782500.0,34662900.0,74183180.0,39520280.0,17576330.0,61645481.0,0.0,0.0,0.0,22976200.0,8068900.0,410790.0,0.0,0.0,0.0,0.0,0.0,53000.0,0.0,0.0,0.0,0.0,0.0
2019-01-12,0.0,0.0,0.0,0.0,0.0,0.0,0.0,0.0,0.0,0.0,0.0,0.0,0.0,0.0,0.0,0.0,0.0,0.0,0.0,0.0,0.0,0.0,0.0
2019-01-13,0.0,0.0,0.0,0.0,0.0,0.0,0.0,0.0,0.0,0.0,0.0,0.0,0.0,0.0,0.0,0.0,0.0,0.0,0.0,0.0,0.0,0.0,0.0
2019-01-14,102797710.0,32413030.0,70044650.0,37631620.0,14804670.0,60939258.0,0.0,0.0,0.0,27651100.0,4995600.0,43670.0,0.0,0.0,0.0,0.0,0.0,45940.0,0.0,0.0,0.0,0.0,0.0
2019-01-15,106149230.0,33588140.0,69299350.0,35711210.0,21606000.0,56284001.0,0.0,0.0,0.0,22999200.0,5641500.0,668610.0,0.0,0.0,0.0,0.0,0.0,43000.0,0.0,0.0,0.0,0.0,0.0
2019-01-16,107555090.0,33032340.0,75710990.0,42678650.0,16684860.0,62054738.0,0.0,0.0,0.0,18878100.0,7163800.0,211100.0,0.0,0.0,0.0,0.0,0.0,46750.0,0.0,0.0,0.0,0.0,0.0
2019-01-17,117379940.0,31743610.0,86759630.0,55016020.0,15617960.0,69225039.0,0.0,0.0,0.0,16645400.0,5338700.0,1014300.0,0.0,0.0,0.0,0.0,0.0,29380.0,0.0,0.0,0.0,0.0,0.0
2019-01-18,98216800.0,28302650.0,65844520.0,37541870.0,18630020.0,55724785.0,0.0,0.0,0.0,26012500.0,6044500.0,825380.0,0.0,0.0,0.0,0.0,0.0,36460.0,0.0,0.0,0.0,0.0,0.0
2019-01-19,0.0,0.0,0.0,0.0,0.0,0.0,0.0,0.0,0.0,0.0,0.0,0.0,0.0,0.0,0.0,0.0,0.0,0.0,0.0,0.0,0.0,0.0,0.0
2019-01-20,0.0,0.0,0.0,0.0,0.0,0.0,0.0,0.0,0.0,0.0,0.0,0.0,0.0,0.0,0.0,0.0,0.0,0.0,0.0,0.0,0.0,0.0,0.0
2019-01-21,119012350.0,46174530.0,85026050.0,38851520.0,19243640.0,79057420.0,0.0,0.0,0.0,34678100.0,10355800.0,248820.0,0.0,0.0,0.0,0.0,0.0,82160.0,0.0,0.0,0.0,0.0,0.0
2019-01-22,122327990.0,36096510.0,84559120.0,48462610.0,21523870.0,67600536.0,0.0,0.0,0.0,25383300.0,7040400.0,45330.0,0.0,0.0,0.0,0.0,0.0,30020.0,0.0,0.0,0.0,0.0,0.0
2019-01-23,104593270.0,35615120.0,73151000.0,37535880.0,17640520.0,55711873.0,0.0,0.0,0.0,19064900.0,6528900.0,316090.0,0.0,0.0,0.0,0.0,0.0,106440.0,0.0,0.0,0.0,0.0,0.0
2019-01-24,93576170.0,35100380.0,65112100.0,30011720.0,17268910.0,59659511.0,0.0,0.0,0.0,25469500.0,5474700.0,210030.0,0.0,0.0,0.0,0.0,0.0,63410.0,0.0,0.0,0.0,0.0,0.0
2019-01-25,94869510.0,34851070.0,65895360.0,31044290.0,16669390.0,54034181.0,0.0,0.0,0.0,18820700.0,5674700.0,147050.0,0.0,0.0,0.0,0.0,0.0,27110.0,0.0,0.0,0.0,0.0,0.0
2019-01-26,0.0,0.0,0.0,0.0,0.0,0.0,0.0,0.0,0.0,0.0,0.0,0.0,0.0,0.0,0.0,0.0,0.0,0.0,0.0,0.0,0.0,0.0,0.0
2019-01-27,0.0,0.0,0.0,0.0,0.0,0.0,0.0,0.0,0.0,0.0,0.0,0.0,0.0,0.0,0.0,0.0,0.0,0.0,0.0,0.0,0.0,0.0,0.0
2019-01-28,105335970.0,24718870.0,55838770.0,31119900.0,33631050.0,51947692.0,0.0,0.0,0.0,26222600.0,6837100.0,211520.0,0.0,0.0,0.0,0.0,0.0,58010.0,0.0,0.0,0.0,0.0,0.0
2019-01-29,97050250.0,30044560.0,58401080.0,28356520.0,18268540.0,51899813.0,0.0,0.0,0.0,20253500.0,13648500.0,589950.0,0.0,0.0,0.0,0.0,0.0,87270.0,0.0,0.0,0.0,0.0,0.0
2019-01-30,101720060.0,33258320.0,61550860.0,28292540.0,20257450.0,56489374.0,0.0,0.0,0.0,20568800.0,7644800.0,43830.0,0.0,0.0,0.0,0.0,0.0,20830.0,0.0,0.0,0.0,0.0,0.0
2019-01-31,110220270.0,46946380.0,76677060.0,29730680.0,17214840.0,69363334.0,0.0,0.0,0.0,19908400.0,13722700.0,275770.0,0.0,0.0,0.0,0.0,0.0,61860.0,0.0,0.0,0.0,0.0,0.0
2019-02-01,101242400.0,41898560.0,68613730.0,26715170.0,12587680.0,60623859.0,0.0,0.0,0.0,15254500.0,5652100.0,347260.0,0.0,0.0,0.0,0.0,0.0,74510.0,0.0,0.0,0.0,0.0,0.0
2019-02-02,0.0,0.0,0.0,0.0,0.0,0.0,0.0,0.0,0.0,0.0,0.0,0.0,0.0,0.0,0.0,0.0,0.0,0.0,0.0,0.0,0.0,0.0,0.0
2019-02-03,0.0,0.0,0.0,0.0,0.0,0.0,0.0,0.0,0.0,0.0,0.0,0.0,0.0,0.0,0.0,0.0,0.0,0.0,0.0,0.0,0.0,0.0,0.0
2019-02-04,0.0,0.0,0.0,0.0,0.0,0.0,0.0,0.0,0.0,0.0,0.0,0.0,0.0,0.0,0.0,0.0,0.0,0.0,0.0,0.0,0.0,0.0,0.0
2019-02-05,0.0,0.0,0.0,0.0,0.0,0.0,0.0,0.0,0.0,0.0,0.0,0.0,0.0,0.0,0.0,0.0,0.0,0.0,0.0,0.0,0.0,0.0,0.0
2019-02-06,0.0,0.0,0.0,0.0,0.0,0.0,0.0,0.0,0.0,0.0,0.0,0.0,0.0,0.0,0.0,0.0,0.0,0.0,0.0,0.0,0.0,0.0,0.0
2019-02-07,0.0,0.0,0.0,0.0,0.0,0.0,0.0,0.0,0.0,0.0,0.0,0.0,0.0,0.0,0.0,0.0,0.0,0.0,0.0,0.0,0.0,0.0,0.0
2019-02-08,0.0,0.0,0.0,0.0,0.0,0.0,0.0,0.0,0.0,0.0,0.0,0.0,0.0,0.0,0.0,0.0,0.0,0.0,0.0,0.0,0.0,0.0,0.0
2019-02-09,0.0,0.0,0.0,0.0,0.0,0.0,0.0,0.0,0.0,0.0,0.0,0.0,0.0,0.0,0.0,0.0,0.0,0.0,0.0,0.0,0.0,0.0,0.0
2019-02-10,0.0,0.0,0.0,0.0,0.0,0.0,0.0,0.0,0.0,0.0,0.0,0.0,0.0,0.0,0.0,0.0,0.0,0.0,0.0,0.0,0.0,0.0,0.0
2019-02-11,105483580.0,39935410.0,75138920.0,35203510.0,19125590.0,71922350.0,0.0,0.0,0.0,31744400.0,5526800.0,41430.0,0.0,0.0,0.0,0.0,0.0,40490.0,0.0,0.0,0.0,0.0,0.0
2019-02-12,172197210.0,62154530.0,130827650.0,68673120.0,27832960.0,105414677.0,0.0,0.0,0.0,33779700.0,11564600.0,53790.0,0.0,0.0,0.0,0.0,0.0,35000.0,0.0,0.0,0.0,0.0,0.0
2019-02-13,176159810.0,65644140.0,130351760.0,64707620.0,31464650.0,110466584.0,0.0,0.0,0.0,30858900.0,10657900.0,46930.0,0.0,0.0,0.0,0.0,0.0,47000.0,0.0,0.0,0.0,0.0,0.0
2019-02-14,156655320.0,50274750.0,108009120.0,57734370.0,29111470.0,92126824.0,0.0,0.0,0.0,36341300.0,7164800.0,1361040.0,0.0,0.0,0.0,0.0,0.0,93030.0,0.0,0.0,0.0,0.0,0.0
2019-02-15,145322500.0,50970670.0,105970420.0,54999750.0,24882760.0,86472986.0,0.0,0.0,0.0,32296300.0,7371200.0,968070.0,0.0,0.0,0.0,0.0,0.0,158610.0,0.0,0.0,0.0,0.0,0.0
2019-02-16,0.0,0.0,0.0,0.0,0.0,0.0,0.0,0.0,0.0,0.0,0.0,0.0,0.0,0.0,0.0,0.0,0.0,0.0,0.0,0.0,0.0,0.0,0.0
2019-02-17,0.0,0.0,0.0,0.0,0.0,0.0,0.0,0.0,0.0,0.0,0.0,0.0,0.0,0.0,0.0,0.0,0.0,0.0,0.0,0.0,0.0,0.0,0.0
2019-02-18,169171360.0,51220040.0,113503770.0,62283730.0,37015340.0,94950254.0,0.0,0.0,0.0,37537600.0,11046100.0,556170.0,0.0,0.0,0.0,0.0,0.0,68540.0,0.0,0.0,0.0,0.0,0.0
2019-02-19,195093270.0,78092810.0,148679170.0,70586360.0,30809400.0,120559653.0,0.0,0.0,0.0,38270100.0,14212600.0,62500.0,0.0,0.0,0.0,0.0,0.0,81300.0,0.0,0.0,0.0,0.0,0.0
2019-02-20,145267490.0,53104240.0,104271280.0,51167040.0,27854590.0,81906051.0,0.0,0.0,0.0,29075200.0,10251900.0,1579210.0,0.0,0.0,0.0,0.0,0.0,63150.0,0.0,0.0,0.0,0.0,0.0
2019-02-21,162918220.0,63245360.0,121806820.0,58561460.0,26927950.0,102223850.0,0.0,0.0,0.0,30378500.0,9410300.0,233770.0,0.0,0.0,0.0,0.0,0.0,55080.0,0.0,0.0,0.0,0.0,0.0
2019-02-22,199234030.0,74937950.0,142722710.0,67784760.0,40759620.0,117391766.0,0.0,0.0,0.0,33367500.0,10555200.0,1071230.0,0.0,0.0,0.0,0.0,0.0,127140.0,0.0,0.0,0.0,0.0,0.0
2019-02-23,0.0,0.0,0.0,0.0,0.0,0.0,0.0,0.0,0.0,0.0,0.0,0.0,0.0,0.0,0.0,0.0,0.0,0.0,0.0,0.0,0.0,0.0,0.0
2019-02-24,0.0,0.0,0.0,0.0,0.0,0.0,0.0,0.0,0.0,0.0,0.0,0.0,0.0,0.0,0.0,0.0,0.0,0.0,0.0,0.0,0.0,0.0,0.0
2019-02-25,180933453.0,68474130.0,134073530.0,65599400.0,47299500.0,113810963.0,0.0,0.0,0.0,33520100.0,9626600.0,481560.0,0.0,0.0,0.0,0.0,0.0,76230.0,0.0,0.0,0.0,0.0,0.0
2019-02-26,209790990.0,58439700.0,148371680.0,89931980.0,47968280.0,118371456.0,0.0,0.0,0.0,36913200.0,9533400.0,102470.0,0.0,0.0,0.0,0.0,0.0,94410.0,0.0,0.0,0.0,0.0,0.0
2019-02-27,204616980.0,54958520.0,154488690.0,99530170.0,39352970.0,117453474.0,0.0,0.0,0.0,36356700.0,9755400.0,95180.0,0.0,0.0,0.0,0.0,0.0,89080.0,0.0,0.0,0.0,0.0,0.0
2019-02-28,197428310.0,71562220.0,149948450.0,78386230.0,31717760.0,131486456.0,0.0,0.0,0.0,57613800.0,10669700.0,98050.0,0.0,0.0,0.0,0.0,0.0,83840.0,0.0,0.0,0.0,0.0,0.0
2019-03-01,147716480.0,39636310.0,99514710.0,59878400.0,30252840.0,76558822.0,0.0,0.0,0.0,30682700.0,11894700.0,426010.0,0.0,0.0,0.0,0.0,0.0,88550.0,0.0,0.0,0.0,0.0,0.0
2019-03-02,0.0,0.0,0.0,0.0,0.0,0.0,0.0,0.0,0.0,0.0,0.0,0.0,0.0,0.0,0.0,0.0,0.0,0.0,0.0,0.0,0.0,0.0,0.0
2019-03-03,0.0,0.0,0.0,0.0,0.0,0.0,0.0,0.0,0.0,0.0,0.0,0.0,0.0,0.0,0.0,0.0,0.0,0.0,0.0,0.0,0.0,0.0,0.0
2019-03-04,209754090.0,51481790.0,154276740.0,102794950.0,37652160.0,110446198.0,0.0,0.0,0.0,45208300.0,12588000.0,906110.0,0.0,0.0,0.0,0.0,0.0,101450.0,0.0,0.0,0.0,0.0,0.0
2019-03-05,243416220.0,56228360.0,166163120.0,109934760.0,51984990.0,121537670.0,0.0,0.0,0.0,49897800.0,14455600.0,700230.0,0.0,0.0,0.0,0.0,0.0,68450.0,0.0,0.0,0.0,0.0,0.0
2019-03-06,189551540.0,36434210.0,119170460.0,82736250.0,52442310.0,96539469.0,0.0,0.0,0.0,48580900.0,11473900.0,193700.0,0.0,0.0,0.0,0.0,0.0,50070.0,0.0,0.0,0.0,0.0,0.0
2019-03-07,187770040.0,51391120.0,126741910.0,75350790.0,44978370.0,116532273.0,0.0,0.0,0.0,69655300.0,20098600.0,592610.0,0.0,0.0,0.0,0.0,0.0,87800.0,0.0,0.0,0.0,0.0,0.0
2019-03-08,176347260.0,41836570.0,121805330.0,79968760.0,38792220.0,91827565.0,0.0,0.0,0.0,43584400.0,15776600.0,1588510.0,0.0,0.0,0.0,0.0,0.0,121550.0,0.0,0.0,0.0,0.0,0.0
2019-03-09,0.0,0.0,0.0,0.0,0.0,0.0,0.0,0.0,0.0,0.0,0.0,0.0,0.0,0.0,0.0,0.0,0.0,0.0,0.0,0.0,0.0,0.0,0.0
2019-03-10,0.0,0.0,0.0,0.0,0.0,0.0,0.0,0.0,0.0,0.0,0.0,0.0,0.0,0.0,0.0,0.0,0.0,0.0,0.0,0.0,0.0,0.0,0.0
2019-03-11,142651930.0,32014260.0,92252250.0,60237990.0,33091810.0,72204279.0,0.0,0.0,0.0,37407600.0,11185400.0,241630.0,0.0,0.0,0.0,0.0,0.0,56070.0,0.0,0.0,0.0,0.0,0.0
2019-03-12,179893460.0,59909910.0,127314260.0,67404350.0,34385260.0,110124344.0,0.0,0.0,0.0,50606600.0,14435800.0,515580.0,0.0,0.0,0.0,0.0,0.0,49160.0,0.0,0.0,0.0,0.0,0.0
2019-03-13,197620220.0,72240930.0,139861440.0,67620510.0,40953630.0,126811471.0,0.0,0.0,0.0,51814100.0,15061900.0,443660.0,0.0,0.0,0.0,0.0,0.0,117740.0,0.0,0.0,0.0,0.0,0.0
2019-03-14,182827760.0,51531570.0,120132750.0,68601180.0,45749570.0,88172299.0,0.0,0.0,0.0,39611800.0,14464100.0,288880.0,0.0,0.0,0.0,0.0,0.0,75050.0,0.0,0.0,0.0,0.0,0.0
2019-03-15,207003710.0,72931340.0,140329330.0,67397990.0,46502060.0,116317337.0,0.0,0.0,0.0,46113500.0,16799400.0,1586970.0,0.0,0.0,0.0,0.0,0.0,104410.0,0.0,0.0,0.0,0.0,0.0
2019-03-16,0.0,0.0,0.0,0.0,0.0,0.0,0.0,0.0,0.0,0.0,0.0,0.0,0.0,0.0,0.0,0.0,0.0,0.0,0.0,0.0,0.0,0.0,0.0
2019-03-17,0.0,0.0,0.0,0.0,0.0,0.0,0.0,0.0,0.0,0.0,0.0,0.0,0.0,0.0,0.0,0.0,0.0,0.0,0.0,0.0,0.0,0.0,0.0
2019-03-18,188364570.0,61794930.0,126576350.0,64781420.0,39934120.0,95571861.0,0.0,0.0,0.0,44379900.0,18361400.0,1591850.0,0.0,0.0,0.0,0.0,0.0,101670.0,0.0,0.0,0.0,0.0,0.0
2019-03-19,198984160.0,56478250.0,130201130.0,73722880.0,52576780.0,112194109.0,0.0,0.0,0.0,53953500.0,18434100.0,281980.0,0.0,0.0,0.0,0.0,0.0,51040.0,0.0,0.0,0.0,0.0,0.0
2019-03-20,180045630.0,59408870.0,115981630.0,56572760.0,37870100.0,101410878.0,0.0,0.0,0.0,37989000.0,14250600.0,1005180.0,0.0,0.0,0.0,0.0,0.0,22290.0,0.0,0.0,0.0,0.0,0.0
2019-03-21,182708030.0,53919570.0,123283320.0,69363750.0,43775770.0,96089591.0,0.0,0.0,0.0,38570000.0,19021800.0,625180.0,0.0,0.0,0.0,0.0,0.0,18870.0,0.0,0.0,0.0,0.0,0.0
2019-03-22,151811080.0,46663850.0,102148190.0,55484340.0,35526330.0,83055807.0,0.0,0.0,0.0,30395400.0,13885200.0,1692150.0,0.0,0.0,0.0,0.0,0.0,40600.0,0.0,0.0,0.0,0.0,0.0
2019-03-23,0.0,0.0,0.0,0.0,0.0,0.0,0.0,0.0,0.0,0.0,0.0,0.0,0.0,0.0,0.0,0.0,0.0,0.0,0.0,0.0,0.0,0.0,0.0
2019-03-24,0.0,0.0,0.0,0.0,0.0,0.0,0.0,0.0,0.0,0.0,0.0,0.0,0.0,0.0,0.0,0.0,0.0,0.0,0.0,0.0,0.0,0.0,0.0
2019-03-25,177632670.0,53507330.0,123805710.0,70298380.0,35785360.0,103309696.0,0.0,0.0,0.0,42126800.0,16329900.0,1400630.0,0.0,0.0,0.0,0.0,0.0,58820.0,0.0,0.0,0.0,0.0,0.0
2019-03-26,139645020.0,38004810.0,95288310.0,57283500.0,26681230.0,64038697.0,0.0,0.0,0.0,24101800.0,12861700.0,1153400.0,0.0,0.0,0.0,0.0,0.0,21530.0,0.0,0.0,0.0,0.0,0.0
2019-03-27,112974060.0,32702110.0,74072700.0,41370590.0,23265450.0,55060579.0,0.0,0.0,0.0,25366900.0,12691400.0,1603520.0,0.0,0.0,0.0,0.0,0.0,57340.0,0.0,0.0,0.0,0.0,0.0
2019-03-28,122202110.0,31095800.0,83339050.0,52243250.0,25080710.0,62052556.0,0.0,0.0,0.0,24500400.0,10440600.0,718390.0,0.0,0.0,0.0,0.0,0.0,41010.0,0.0,0.0,0.0,0.0,0.0
2019-03-29,131921800.0,45013980.0,91282380.0,46268400.0,25327500.0,74103272.0,0.0,0.0,0.0,31084400.0,16764100.0,325980.0,0.0,0.0,0.0,0.0,0.0,17130.0,0.0,0.0,0.0,0.0,0.0
2019-03-30,0.0,0.0,0.0,0.0,0.0,0.0,0.0,0.0,0.0,0.0,0.0,0.0,0.0,0.0,0.0,0.0,0.0,0.0,0.0,0.0,0.0,0.0,0.0
2019-03-31,0.0,0.0,0.0,0.0,0.0,0.0,0.0,0.0,0.0,0.0,0.0,0.0,0.0,0.0,0.0,0.0,0.0,0.0,0.0,0.0,0.0,0.0,0.0
2019-04-01,137258330.0,40144870.0,91478960.0,51334090.0,31454060.0,66105744.0,0.0,0.0,0.0,26884000.0,11990700.0,542080.0,0.0,0.0,0.0,0.0,0.0,45310.0,0.0,0.0,0.0,0.0,0.0
2019-04-02,139423310.0,35223770.0,94925740.0,59701970.0,32553000.0,65292144.0,0.0,0.0,0.0,28484300.0,11245200.0,126490.0,0.0,0.0,0.0,0.0,0.0,47340.0,0.0,0.0,0.0,0.0,0.0
2019-04-03,128758900.0,34513830.0,85793410.0,51279580.0,30071460.0,71226854.0,0.0,0.0,0.0,29765900.0,12494500.0,1136820.0,0.0,0.0,0.0,0.0,0.0,52280.0,0.0,0.0,0.0,0.0,0.0
2019-04-04,131989370.0,32078960.0,81881170.0,49802210.0,37585540.0,61817737.0,0.0,0.0,0.0,29165200.0,10530400.0,320570.0,0.0,0.0,0.0,0.0,0.0,55730.0,0.0,0.0,0.0,0.0,0.0
2019-04-05,129755950.0,30171520.0,84583570.0,54412050.0,30175580.0,60509591.0,0.0,0.0,0.0,27585100.0,13276100.0,92260.0,0.0,0.0,0.0,0.0,0.0,82000.0,0.0,0.0,0.0,0.0,0.0
2019-04-06,0.0,0.0,0.0,0.0,0.0,0.0,0.0,0.0,0.0,0.0,0.0,0.0,0.0,0.0,0.0,0.0,0.0,0.0,0.0,0.0,0.0,0.0,0.0
2019-04-07,0.0,0.0,0.0,0.0,0.0,0.0,0.0,0.0,0.0,0.0,0.0,0.0,0.0,0.0,0.0,0.0,0.0,0.0,0.0,0.0,0.0,0.0,0.0
2019-04-08,146953600.0,33275430.0,94998960.0,61723530.0,31581850.0,71552889.0,0.0,0.0,0.0,35427500.0,13003300.0,53270.0,0.0,0.0,0.0,0.0,0.0,51870.0,0.0,0.0,0.0,0.0,0.0
2019-04-09,152345600.0,42510820.0,106463330.0,63952510.0,33216320.0,80957054.0,0.0,0.0,0.0,42391000.0,13623300.0,104010.0,0.0,0.0,0.0,0.0,0.0,77310.0,0.0,0.0,0.0,0.0,0.0
2019-04-10,136497840.0,34637240.0,91054450.0,56417210.0,30560610.0,65041155.0,0.0,0.0,0.0,30697000.0,10166300.0,207730.0,0.0,0.0,0.0,0.0,0.0,83010.0,0.0,0.0,0.0,0.0,0.0
2019-04-11,117588860.0,24748350.0,71870600.0,47122250.0,32355210.0,45753563.0,0.0,0.0,0.0,21176300.0,7868700.0,1071860.0,0.0,0.0,0.0,0.0,0.0,54000.0,0.0,0.0,0.0,0.0,0.0
2019-04-12,111898230.0,27813000.0,70057010.0,42244010.0,30529950.0,49265035.0,0.0,0.0,0.0,29672500.0,10404500.0,233770.0,0.0,0.0,0.0,0.0,0.0,82500.0,0.0,0.0,0.0,0.0,0.0
2019-04-13,0.0,0.0,0.0,0.0,0.0,0.0,0.0,0.0,0.0,0.0,0.0,0.0,0.0,0.0,0.0,0.0,0.0,0.0,0.0,0.0,0.0,0.0,0.0
2019-04-14,0.0,0.0,0.0,0.0,0.0,0.0,0.0,0.0,0.0,0.0,0.0,0.0,0.0,0.0,0.0,0.0,0.0,0.0,0.0,0.0,0.0,0.0,0.0
2019-04-15,0.0,0.0,0.0,0.0,0.0,0.0,0.0,0.0,0.0,0.0,0.0,0.0,0.0,0.0,0.0,0.0,0.0,0.0,0.0,0.0,0.0,0.0,0.0
2019-04-16,130941660.0,36537920.0,89639690.0,53101770.0,26187480.0,69451046.0,0.0,0.0,0.0,27580600.0,11054400.0,1273020.0,0.0,0.0,0.0,0.0,0.0,112910.0,0.0,0.0,0.0,0.0,0.0
2019-04-17,148469420.0,34638940.0,96938910.0,62299970.0,33036980.0,68024947.0,0.0,0.0,0.0,30179400.0,9949000.0,1240160.0,0.0,0.0,0.0,0.0,0.0,85190.0,0.0,0.0,0.0,0.0,0.0
2019-04-18,137181210.0,39355710.0,91493170.0,52137460.0,32241410.0,70097505.0,0.0,0.0,0.0,31333000.0,10386100.0,543370.0,0.0,0.0,0.0,0.0,0.0,10040.0,0.0,0.0,0.0,0.0,0.0
2019-04-19,96080150.0,26150620.0,62916550.0,36765930.0,19752000.0,45746549.0,0.0,0.0,0.0,23670300.0,8145800.0,220320.0,0.0,0.0,0.0,0.0,0.0,220.0,0.0,0.0,0.0,0.0,0.0
2019-04-20,0.0,0.0,0.0,0.0,0.0,0.0,0.0,0.0,0.0,0.0,0.0,0.0,0.0,0.0,0.0,0.0,0.0,0.0,0.0,0.0,0.0,0.0,0.0
2019-04-21,0.0,0.0,0.0,0.0,0.0,0.0,0.0,0.0,0.0,0.0,0.0,0.0,0.0,0.0,0.0,0.0,0.0,0.0,0.0,0.0,0.0,0.0,0.0
2019-04-22,115805120.0,34285820.0,76424700.0,42138880.0,28752350.0,60597212.0,0.0,0.0,0.0,31207200.0,8674400.0,471730.0,0.0,0.0,0.0,0.0,0.0,8770.0,0.0,0.0,0.0,0.0,0.0
2019-04-23,112653940.0,37895280.0,73657520.0,35762240.0,23427870.0,57628707.0,0.0,0.0,0.0,28024600.0,7648900.0,81880.0,0.0,0.0,0.0,0.0,0.0,50.0,0.0,0.0,0.0,0.0,0.0
2019-04-24,121107830.0,35004620.0,83313780.0,48309160.0,24278470.0,68515356.0,0.0,0.0,0.0,30340100.0,11356200.0,99530.0,0.0,0.0,0.0,0.0,0.0,18050.0,0.0,0.0,0.0,0.0,0.0
2019-04-25,112382890.0,29184040.0,73185560.0,44001520.0,24806410.0,51778127.0,0.0,0.0,0.0,34060000.0,10574800.0,1115080.0,0.0,0.0,0.0,0.0,0.0,410.0,0.0,0.0,0.0,0.0,0.0
2019-04-26,107350700.0,34567810.0,70962970.0,36395160.0,25678650.0,56393793.0,0.0,0.0,0.0,28032800.0,9289300.0,413520.0,0.0,0.0,0.0,0.0,0.0,56190.0,0.0,0.0,0.0,0.0,0.0
2019-04-27,0.0,0.0,0.0,0.0,0.0,0.0,0.0,0.0,0.0,0.0,0.0,0.0,0.0,0.0,0.0,0.0,0.0,0.0,0.0,0.0,0.0,0.0,0.0
2019-04-28,0.0,0.0,0.0,0.0,0.0,0.0,0.0,0.0,0.0,0.0,0.0,0.0,0.0,0.0,0.0,0.0,0.0,0.0,0.0,0.0,0.0,0.0,0.0
2019-04-29,0.0,0.0,0.0,0.0,0.0,0.0,0.0,0.0,0.0,0.0,0.0,0.0,0.0,0.0,0.0,0.0,0.0,0.0,0.0,0.0,0.0,0.0,0.0
2019-04-30,0.0,0.0,0.0,0.0,0.0,0.0,0.0,0.0,0.0,0.0,0.0,0.0,0.0,0.0,0.0,0.0,0.0,0.0,0.0,0.0,0.0,0.0,0.0
2019-05-01,0.0,0.0,0.0,0.0,0.0,0.0,0.0,0.0,0.0,0.0,0.0,0.0,0.0,0.0,0.0,0.0,0.0,0.0,0.0,0.0,0.0,0.0,0.0
2019-05-02,123917210.0,36439930.0,85629800.0,49189870.0,24219430.0,71356819.0,0.0,0.0,0.0,30000900.0,7436900.0,218710.0,0.0,0.0,0.0,0.0,0.0,56440.0,0.0,0.0,0.0,0.0,0.0
2019-05-03,127740220.0,47857200.0,92473880.0,44616680.0,24266290.0,71891003.0,0.0,0.0,0.0,26016800.0,10002600.0,842140.0,0.0,0.0,0.0,0.0,0.0,36240.0,0.0,0.0,0.0,0.0,0.0
2019-05-04,0.0,0.0,0.0,0.0,0.0,0.0,0.0,0.0,0.0,0.0,0.0,0.0,0.0,0.0,0.0,0.0,0.0,0.0,0.0,0.0,0.0,0.0,0.0
2019-05-05,0.0,0.0,0.0,0.0,0.0,0.0,0.0,0.0,0.0,0.0,0.0,0.0,0.0,0.0,0.0,0.0,0.0,0.0,0.0,0.0,0.0,0.0,0.0
2019-05-06,133510960.0,41223290.0,92577480.0,51354190.0,28077570.0,85396942.0,0.0,0.0,0.0,40564700.0,11563300.0,117320.0,0.0,0.0,0.0,0.0,0.0,60350.0,0.0,0.0,0.0,0.0,0.0
2019-05-07,118237660.0,36430910.0,77861070.0,41430160.0,23120770.0,68474898.0,0.0,0.0,0.0,28046500.0,6696500.0,302890.0,0.0,0.0,0.0,0.0,0.0,60020.0,0.0,0.0,0.0,0.0,0.0
2019-05-08,116117980.0,38545850.0,78411350.0,39865500.0,28167340.0,71563012.0,0.0,0.0,0.0,25781000.0,9536300.0,967950.0,0.0,0.0,0.0,0.0,0.0,107790.0,0.0,0.0,0.0,0.0,0.0
2019-05-09,114863670.0,39316830.0,78885000.0,39568170.0,21221560.0,67026548.0,0.0,0.0,0.0,23157900.0,7252700.0,495250.0,0.0,0.0,0.0,0.0,0.0,30600.0,0.0,0.0,0.0,0.0,0.0
2019-05-10,114647770.0,34857290.0,79351470.0,44494180.0,21809120.0,67319671.0,0.0,0.0,0.0,23555500.0,9394200.0,186470.0,0.0,0.0,0.0,0.0,0.0,40000.0,0.0,0.0,0.0,0.0,0.0
2019-05-11,0.0,0.0,0.0,0.0,0.0,0.0,0.0,0.0,0.0,0.0,0.0,0.0,0.0,0.0,0.0,0.0,0.0,0.0,0.0,0.0,0.0,0.0,0.0
2019-05-12,0.0,0.0,0.0,0.0,0.0,0.0,0.0,0.0,0.0,0.0,0.0,0.0,0.0,0.0,0.0,0.0,0.0,0.0,0.0,0.0,0.0,0.0,0.0
2019-05-13,124693720.0,37914590.0,84927300.0,47012710.0,24309560.0,71698831.0,0.0,0.0,0.0,26350100.0,8892100.0,512620.0,0.0,0.0,0.0,0.0,0.0,43420.0,0.0,0.0,0.0,0.0,0.0
2019-05-14,135189670.0,39065320.0,88845460.0,49780140.0,23885580.0,76715744.0,0.0,0.0,0.0,33916100.0,12280700.0,1678330.0,0.0,0.0,0.0,0.0,0.0,60690.0,0.0,0.0,0.0,0.0,0.0
2019-05-15,154156590.0,46181060.0,109700980.0,63519920.0,23068640.0,87090609.0,0.0,0.0,0.0,30835400.0,11593500.0,1911940.0,0.0,0.0,0.0,0.0,0.0,81620.0,0.0,0.0,0.0,0.0,0.0
2019-05-16,129973620.0,39252920.0,92406260.0,53153340.0,23366850.0,76606928.0,0.0,0.0,0.0,27152400.0,7980600.0,1256260.0,0.0,0.0,0.0,0.0,0.0,73080.0,0.0,0.0,0.0,0.0,0.0
2019-05-17,120457430.0,40028260.0,83037690.0,43009430.0,20876500.0,75357194.0,0.0,0.0,0.0,32980000.0,13395300.0,325050.0,0.0,0.0,0.0,0.0,0.0,40410.0,0.0,0.0,0.0,0.0,0.0
2019-05-18,0.0,0.0,0.0,0.0,0.0,0.0,0.0,0.0,0.0,0.0,0.0,0.0,0.0,0.0,0.0,0.0,0.0,0.0,0.0,0.0,0.0,0.0,0.0
2019-05-19,0.0,0.0,0.0,0.0,0.0,0.0,0.0,0.0,0.0,0.0,0.0,0.0,0.0,0.0,0.0,0.0,0.0,0.0,0.0,0.0,0.0,0.0,0.0
2019-05-20,134337940.0,42542890.0,95274850.0,52731960.0,21600170.0,74728304.0,0.0,0.0,0.0,28860200.0,10252800.0,821380.0,0.0,0.0,0.0,0.0,0.0,106290.0,0.0,0.0,0.0,0.0,0.0
2019-05-21,124573780.0,43008810.0,86408900.0,43400090.0,21094340.0,70311794.0,0.0,0.0,0.0,27251400.0,9926600.0,664510.0,0.0,0.0,0.0,0.0,0.0,84650.0,0.0,0.0,0.0,0.0,0.0
2019-05-22,127215170.0,43386130.0,86344470.0,42958340.0,22991730.0,79988775.0,0.0,0.0,0.0,39100600.0,9070600.0,1177340.0,0.0,0.0,0.0,0.0,0.0,105760.0,0.0,0.0,0.0,0.0,0.0
2019-05-23,107963620.0,30514000.0,76555550.0,46041550.0,20497330.0,67293652.0,0.0,0.0,0.0,29537700.0,12143500.0,668060.0,0.0,0.0,0.0,0.0,0.0,110430.0,0.0,0.0,0.0,0.0,0.0
2019-05-24,128053180.0,44872700.0,89615130.0,44742430.0,21772040.0,76839246.0,0.0,0.0,0.0,32287000.0,13613300.0,1925740.0,0.0,0.0,0.0,0.0,0.0,131650.0,0.0,0.0,0.0,0.0,0.0
2019-05-25,0.0,0.0,0.0,0.0,0.0,0.0,0.0,0.0,0.0,0.0,0.0,0.0,0.0,0.0,0.0,0.0,0.0,0.0,0.0,0.0,0.0,0.0,0.0
2019-05-26,0.0,0.0,0.0,0.0,0.0,0.0,0.0,0.0,0.0,0.0,0.0,0.0,0.0,0.0,0.0,0.0,0.0,0.0,0.0,0.0,0.0,0.0,0.0
2019-05-27,95899120.0,29654840.0,68948460.0,39293620.0,17177940.0,54667291.0,0.0,0.0,0.0,20062000.0,8060500.0,306240.0,0.0,0.0,0.0,0.0,0.0,45550.0,0.0,0.0,0.0,0.0,0.0
2019-05-28,120728740.0,30927150.0,82015860.0,51088710.0,22364100.0,61949978.0,0.0,0.0,0.0,22623500.0,13585400.0,430640.0,0.0,0.0,0.0,0.0,0.0,90580.0,0.0,0.0,0.0,0.0,0.0
2019-05-29,120297710.0,33829930.0,82302530.0,48472600.0,23575830.0,59711590.0,0.0,0.0,0.0,23083800.0,11468300.0,247960.0,0.0,0.0,0.0,0.0,0.0,68460.0,0.0,0.0,0.0,0.0,0.0
2019-05-30,105520020.0,29873700.0,69532970.0,39659270.0,26083290.0,55643671.0,0.0,0.0,0.0,20794400.0,7913900.0,10380.0,0.0,0.0,0.0,0.0,0.0,80010.0,0.0,0.0,0.0,0.0,0.0
2019-05-31,114110930.0,34297640.0,81999110.0,47701470.0,20085890.0,69059079.0,0.0,0.0,0.0,26807600.0,12279800.0,97070.0,0.0,0.0,0.0,0.0,0.0,30350.0,0.0,0.0,0.0,0.0,0.0
2019-06-01,0.0,0.0,0.0,0.0,0.0,0.0,0.0,0.0,0.0,0.0,0.0,0.0,0.0,0.0,0.0,0.0,0.0,0.0,0.0,0.0,0.0,0.0,0.0
2019-06-02,0.0,0.0,0.0,0.0,0.0,0.0,0.0,0.0,0.0,0.0,0.0,0.0,0.0,0.0,0.0,0.0,0.0,0.0,0.0,0.0,0.0,0.0,0.0
2019-06-03,141641430.0,51473370.0,104288710.0,52815340.0,23223130.0,91052736.0,0.0,0.0,0.0,31278700.0,10934300.0,482740.0,0.0,0.0,0.0,0.0,0.0,34320.0,0.0,0.0,0.0,0.0,0.0
2019-06-04,102807600.0,32528920.0,72398190.0,39869270.0,18413310.0,59781715.0,0.0,0.0,0.0,16571800.0,7500700.0,2022320.0,0.0,0.0,0.0,0.0,0.0,65020.0,0.0,0.0,0.0,0.0,0.0
2019-06-05,95438950.0,27109050.0,67852950.0,40743900.0,16909730.0,51026735.0,0.0,0.0,0.0,17761900.0,6984800.0,625900.0,0.0,0.0,0.0,0.0,0.0,64630.0,0.0,0.0,0.0,0.0,0.0
2019-06-06,100777880.0,38238280.0,70356300.0,32118020.0,16550690.0,58170053.0,0.0,0.0,0.0,18230800.0,8531800.0,1227250.0,0.0,0.0,0.0,0.0,0.0,77570.0,0.0,0.0,0.0,0.0,0.0
2019-06-07,97844860.0,33454350.0,69758320.0,36303970.0,13489810.0,57888348.0,0.0,0.0,0.0,22743600.0,18342100.0,486500.0,0.0,0.0,0.0,0.0,0.0,63230.0,0.0,0.0,0.0,0.0,0.0
2019-06-08,0.0,0.0,0.0,0.0,0.0,0.0,0.0,0.0,0.0,0.0,0.0,0.0,0.0,0.0,0.0,0.0,0.0,0.0,0.0,0.0,0.0,0.0,0.0
2019-06-09,0.0,0.0,0.0,0.0,0.0,0.0,0.0,0.0,0.0,0.0,0.0,0.0,0.0,0.0,0.0,0.0,0.0,0.0,0.0,0.0,0.0,0.0,0.0
2019-06-10,118770610.0,44465190.0,85461240.0,40996050.0,19112410.0,68160310.0,0.0,0.0,0.0,16291600.0,9099600.0,649830.0,0.0,0.0,0.0,0.0,0.0,131340.0,0.0,0.0,0.0,0.0,0.0
2019-06-11,95697370.0,29455250.0,61336110.0,31880860.0,22672660.0,48741574.0,0.0,0.0,0.0,21172400.0,10702000.0,457800.0,0.0,0.0,0.0,0.0,0.0,57400.0,0.0,0.0,0.0,0.0,0.0
2019-06-12,100019840.0,32449060.0,66131090.0,33682030.0,22553930.0,54044605.0,0.0,0.0,0.0,16556500.0,12630400.0,195340.0,0.0,0.0,0.0,0.0,0.0,70070.0,0.0,0.0,0.0,0.0,0.0
2019-06-13,98544550.0,32318410.0,66175090.0,33856680.0,21648590.0,52879102.0,0.0,0.0,0.0,18812500.0,11555700.0,209960.0,0.0,0.0,0.0,0.0,0.0,110400.0,0.0,0.0,0.0,0.0,0.0
2019-06-14,115323520.0,34401390.0,69602240.0,35200850.0,25257760.0,55012376.0,0.0,0.0,0.0,16039200.0,13715200.0,303650.0,0.0,0.0,0.0,0.0,0.0,100420.0,0.0,0.0,0.0,0.0,0.0
2019-06-15,0.0,0.0,0.0,0.0,0.0,0.0,0.0,0.0,0.0,0.0,0.0,0.0,0.0,0.0,0.0,0.0,0.0,0.0,0.0,0.0,0.0,0.0,0.0
2019-06-16,0.0,0.0,0.0,0.0,0.0,0.0,0.0,0.0,0.0,0.0,0.0,0.0,0.0,0.0,0.0,0.0,0.0,0.0,0.0,0.0,0.0,0.0,0.0
2019-06-17,104932990.0,40074050.0,70821880.0,30747830.0,19199290.0,60091720.0,0.0,0.0,0.0,17282000.0,8669600.0,459940.0,0.0,0.0,0.0,0.0,0.0,96160.0,0.0,0.0,0.0,0.0,0.0
2019-06-18,108309080.0,42999880.0,74238440.0,31238560.0,20760520.0,61516887.0,0.0,0.0,0.0,17405000.0,11270100.0,744180.0,0.0,0.0,0.0,0.0,0.0,78060.0,0.0,0.0,0.0,0.0,0.0
2019-06-19,113819830.0,39852300.0,77536320.0,37684020.0,22219330.0,61445351.0,0.0,0.0,0.0,16856800.0,8823700.0,614080.0,0.0,0.0,0.0,0.0,0.0,77750.0,0.0,0.0,0.0,0.0,0.0
2019-06-20,129261230.0,53355700.0,92351210.0,38995510.0,21844500.0,84351859.0,0.0,0.0,0.0,22981200.0,10882500.0,296770.0,0.0,0.0,0.0,0.0,0.0,115080.0,0.0,0.0,0.0,0.0,0.0
2019-06-21,172955940.0,72303640.0,110376660.0,38073020.0,19498380.0,101904517.0,0.0,0.0,0.0,21666400.0,10848400.0,232300.0,0.0,0.0,0.0,0.0,0.0,33020.0,0.0,0.0,0.0,0.0,0.0
2019-06-22,0.0,0.0,0.0,0.0,0.0,0.0,0.0,0.0,0.0,0.0,0.0,0.0,0.0,0.0,0.0,0.0,0.0,0.0,0.0,0.0,0.0,0.0,0.0
2019-06-23,0.0,0.0,0.0,0.0,0.0,0.0,0.0,0.0,0.0,0.0,0.0,0.0,0.0,0.0,0.0,0.0,0.0,0.0,0.0,0.0,0.0,0.0,0.0
2019-06-24,113476250.0,40701190.0,75423750.0,34722560.0,25391190.0,63978613.0,0.0,0.0,0.0,21330400.0,8966000.0,1320080.0,0.0,0.0,0.0,0.0,0.0,80400.0,0.0,0.0,0.0,0.0,0.0
2019-06-25,120760130.0,38482520.0,80488310.0,42005790.0,25838570.0,62749717.0,0.0,0.0,0.0,20773200.0,8237900.0,1210580.0,0.0,0.0,0.0,0.0,0.0,44310.0,0.0,0.0,0.0,0.0,0.0
2019-06-26,119422620.0,41570560.0,82772210.0,41201650.0,22931470.0,67570967.0,0.0,0.0,0.0,24009500.0,10968700.0,374640.0,0.0,0.0,0.0,0.0,0.0,86040.0,0.0,0.0,0.0,0.0,0.0
2019-06-27,122886150.0,44966190.0,88435590.0,43469400.0,20183210.0,80103695.0,0.0,0.0,0.0,27321500.0,12503800.0,761060.0,0.0,0.0,0.0,0.0,0.0,100430.0,0.0,0.0,0.0,0.0,0.0
2019-06-28,122136760.0,43760910.0,86199460.0,42438550.0,17993700.0,71291277.0,0.0,0.0,0.0,20691700.0,14843900.0,2347750.0,0.0,0.0,0.0,0.0,0.0,127670.0,0.0,0.0,0.0,0.0,0.0
2019-06-29,0.0,0.0,0.0,0.0,0.0,0.0,0.0,0.0,0.0,0.0,0.0,0.0,0.0,0.0,0.0,0.0,0.0,0.0,0.0,0.0,0.0,0.0,0.0
2019-06-30,0.0,0.0,0.0,0.0,0.0,0.0,0.0,0.0,0.0,0.0,0.0,0.0,0.0,0.0,0.0,0.0,0.0,0.0,0.0,0.0,0.0,0.0,0.0
2019-07-01,123426860.0,49225200.0,89349750.0,40124550.0,20337810.0,75770756.0,0.0,0.0,0.0,21834800.0,8636200.0,1165130.0,0.0,0.0,0.0,0.0,0.0,140300.0,0.0,0.0,0.0,0.0,0.0
2019-07-02,107519450.0,38741880.0,71075810.0,32333930.0,21801680.0,64803282.0,0.0,0.0,0.0,22727400.0,11380400.0,1034630.0,0.0,0.0,0.0,0.0,0.0,107440.0,0.0,0.0,0.0,0.0,0.0
2019-07-03,113731280.0,42594210.0,77732660.0,35138450.0,19986330.0,63886220.0,0.0,0.0,0.0,16492900.0,8719300.0,1166500.0,0.0,0.0,0.0,0.0,0.0,110150.0,0.0,0.0,0.0,0.0,0.0
2019-07-04,135119630.0,49311640.0,96986530.0,47674890.0,20602520.0,77485256.0,0.0,0.0,0.0,20430000.0,9747400.0,1320260.0,0.0,0.0,0.0,0.0,0.0,125220.0,0.0,0.0,0.0,0.0,0.0
2019-07-05,117184620.0,41267320.0,83835920.0,42568600.0,19016740.0,67065042.0,0.0,0.0,0.0,16267500.0,13522600.0,649600.0,0.0,0.0,0.0,0.0,0.0,106020.0,0.0,0.0,0.0,0.0,0.0
2019-07-06,0.0,0.0,0.0,0.0,0.0,0.0,0.0,0.0,0.0,0.0,0.0,0.0,0.0,0.0,0.0,0.0,0.0,0.0,0.0,0.0,0.0,0.0,0.0
2019-07-07,0.0,0.0,0.0,0.0,0.0,0.0,0.0,0.0,0.0,0.0,0.0,0.0,0.0,0.0,0.0,0.0,0.0,0.0,0.0,0.0,0.0,0.0,0.0
2019-07-08,119061500.0,44396550.0,86979010.0,42582460.0,18602130.0,65769152.0,0.0,0.0,0.0,14777600.0,8351600.0,1078340.0,0.0,0.0,0.0,0.0,0.0,110220.0,0.0,0.0,0.0,0.0,0.0
2019-07-09,126456270.0,41064380.0,84202810.0,43138430.0,26161360.0,64909905.0,0.0,0.0,0.0,19219000.0,11314800.0,260350.0,0.0,0.0,0.0,0.0,0.0,100160.0,0.0,0.0,0.0,0.0,0.0
2019-07-10,124519570.0,41858640.0,82001910.0,40143270.0,25747180.0,67832730.0,0.0,0.0,0.0,22299200.0,12439200.0,1801640.0,0.0,0.0,0.0,0.0,0.0,80260.0,0.0,0.0,0.0,0.0,0.0
2019-07-11,133659820.0,39213260.0,90769030.0,51555770.0,26824720.0,75039826.0,0.0,0.0,0.0,23828600.0,12288900.0,253770.0,0.0,0.0,0.0,0.0,0.0,110080.0,0.0,0.0,0.0,0.0,0.0
2019-07-12,133003920.0,46827980.0,90215880.0,43387900.0,22974720.0,77812519.0,0.0,0.0,0.0,25939200.0,13405600.0,85720.0,0.0,0.0,0.0,0.0,0.0,109010.0,0.0,0.0,0.0,0.0,0.0
2019-07-13,0.0,0.0,0.0,0.0,0.0,0.0,0.0,0.0,0.0,0.0,0.0,0.0,0.0,0.0,0.0,0.0,0.0,0.0,0.0,0.0,0.0,0.0,0.0
2019-07-14,0.0,0.0,0.0,0.0,0.0,0.0,0.0,0.0,0.0,0.0,0.0,0.0,0.0,0.0,0.0,0.0,0.0,0.0,0.0,0.0,0.0,0.0,0.0
2019-07-15,117696750.0,42053110.0,82078810.0,40025700.0,23880130.0,61927554.0,0.0,0.0,0.0,18937500.0,12062100.0,110890.0,0.0,0.0,0.0,0.0,0.0,88020.0,0.0,0.0,0.0,0.0,0.0
2019-07-16,142076680.0,48665170.0,98317010.0,49651840.0,23556130.0,78969060.0,0.0,0.0,0.0,22524400.0,12878800.0,31480.0,0.0,0.0,0.0,0.0,0.0,141800.0,0.0,0.0,0.0,0.0,0.0
2019-07-17,141947410.0,59853640.0,107342450.0,47488810.0,20605590.0,97575447.0,0.0,0.0,0.0,28827900.0,10437300.0,457360.0,0.0,0.0,0.0,0.0,0.0,151080.0,0.0,0.0,0.0,0.0,0.0
2019-07-18,127216580.0,44968100.0,83794710.0,38826610.0,25282490.0,73984160.0,0.0,0.0,0.0,24937400.0,11352500.0,101000.0,0.0,0.0,0.0,0.0,0.0,74530.0,0.0,0.0,0.0,0.0,0.0
2019-07-19,160649510.0,63926250.0,116390350.0,52464100.0,26933990.0,98631940.0,0.0,0.0,0.0,27453000.0,18136000.0,261260.0,0.0,0.0,0.0,0.0,0.0,180810.0,0.0,0.0,0.0,0.0,0.0
2019-07-20,0.0,0.0,0.0,0.0,0.0,0.0,0.0,0.0,0.0,0.0,0.0,0.0,0.0,0.0,0.0,0.0,0.0,0.0,0.0,0.0,0.0,0.0,0.0
2019-07-21,0.0,0.0,0.0,0.0,0.0,0.0,0.0,0.0,0.0,0.0,0.0,0.0,0.0,0.0,0.0,0.0,0.0,0.0,0.0,0.0,0.0,0.0,0.0
2019-07-22,135292770.0,48837900.0,95687850.0,46849950.0,22253360.0,75513823.0,0.0,0.0,0.0,23240000.0,13791300.0,224260.0,0.0,0.0,0.0,0.0,0.0,115670.0,0.0,0.0,0.0,0.0,0.0
2019-07-23,134713850.0,48223670.0,92350280.0,44126610.0,23897210.0,74548677.0,0.0,0.0,0.0,24709900.0,20416200.0,422850.0,0.0,0.0,0.0,0.0,0.0,215850.0,0.0,0.0,0.0,0.0,0.0
2019-07-24,132814770.0,46413440.0,90458500.0,44045060.0,23683820.0,82120847.0,0.0,0.0,0.0,29368900.0,16689600.0,629550.0,0.0,0.0,0.0,0.0,0.0,140860.0,0.0,0.0,0.0,0.0,0.0
2019-07-25,141192240.0,54563440.0,98997880.0,44434440.0,25582460.0,85280566.0,0.0,0.0,0.0,22745100.0,16597000.0,974980.0,0.0,0.0,0.0,0.0,0.0,143000.0,0.0,0.0,0.0,0.0,0.0
2019-07-26,118055590.0,45307890.0,83525080.0,38217190.0,20198740.0,70973737.0,0.0,0.0,0.0,25955000.0,14603100.0,152940.0,0.0,0.0,0.0,0.0,0.0,175770.0,0.0,0.0,0.0,0.0,0.0
2019-07-27,0.0,0.0,0.0,0.0,0.0,0.0,0.0,0.0,0.0,0.0,0.0,0.0,0.0,0.0,0.0,0.0,0.0,0.0,0.0,0.0,0.0,0.0,0.0
2019-07-28,0.0,0.0,0.0,0.0,0.0,0.0,0.0,0.0,0.0,0.0,0.0,0.0,0.0,0.0,0.0,0.0,0.0,0.0,0.0,0.0,0.0,0.0,0.0
2019-07-29,113384890.0,44918580.0,81634650.0,36716070.0,18989460.0,69649949.0,0.0,0.0,0.0,22664500.0,10817400.0,129370.0,0.0,0.0,0.0,0.0,0.0,50680.0,0.0,0.0,0.0,0.0,0.0
2019-07-30,133259450.0,44932360.0,94936140.0,50003780.0,22080010.0,71638814.0,0.0,0.0,0.0,23697200.0,15727700.0,458570.0,0.0,0.0,0.0,0.0,0.0,86010.0,0.0,0.0,0.0,0.0,0.0
2019-07-31,130600410.0,43400530.0,91701600.0,48301070.0,25935530.0,80289547.0,0.0,0.0,0.0,29635600.0,13107900.0,183160.0,0.0,0.0,0.0,0.0,0.0,102450.0,0.0,0.0,0.0,0.0,0.0
2019-08-01,135015390.0,41754860.0,93674960.0,51920100.0,26152200.0,73148391.0,0.0,0.0,0.0,19408300.0,9509500.0,354450.0,0.0,0.0,0.0,0.0,0.0,112500.0,0.0,0.0,0.0,0.0,0.0
2019-08-02,144127640.0,54739360.0,104330040.0,49590680.0,23724530.0,86078250.0,0.0,0.0,0.0,23591900.0,18099500.0,601860.0,0.0,0.0,0.0,0.0,0.0,58200.0,0.0,0.0,0.0,0.0,0.0
2019-08-03,0.0,0.0,0.0,0.0,0.0,0.0,0.0,0.0,0.0,0.0,0.0,0.0,0.0,0.0,0.0,0.0,0.0,0.0,0.0,0.0,0.0,0.0,0.0
2019-08-04,0.0,0.0,0.0,0.0,0.0,0.0,0.0,0.0,0.0,0.0,0.0,0.0,0.0,0.0,0.0,0.0,0.0,0.0,0.0,0.0,0.0,0.0,0.0
2019-08-05,148292430.0,53465930.0,107167520.0,53701590.0,28967690.0,85785745.0,0.0,0.0,0.0,26054300.0,18548200.0,1169220.0,0.0,0.0,0.0,0.0,0.0,156410.0,0.0,0.0,0.0,0.0,0.0
2019-08-06,170231190.0,52907240.0,124759060.0,71851820.0,30197000.0,96100802.0,0.0,0.0,0.0,34010300.0,20738300.0,663310.0,0.0,0.0,0.0,0.0,0.0,180020.0,0.0,0.0,0.0,0.0,0.0
2019-08-07,133866380.0,40017410.0,94762160.0,54744750.0,26901010.0,69370340.0,0.0,0.0,0.0,23165300.0,15019300.0,439000.0,0.0,0.0,0.0,0.0,0.0,31800.0,0.0,0.0,0.0,0.0,0.0
2019-08-08,157756080.0,58877170.0,118415090.0,59537920.0,29087920.0,90748525.0,0.0,0.0,0.0,21233500.0,14425800.0,974700.0,0.0,0.0,0.0,0.0,0.0,110910.0,0.0,0.0,0.0,0.0,0.0
2019-08-09,133550890.0,46667200.0,100681330.0,54014130.0,23878550.0,76348130.0,0.0,0.0,0.0,23130900.0,14171500.0,372720.0,0.0,0.0,0.0,0.0,0.0,95370.0,0.0,0.0,0.0,0.0,0.0
2019-08-10,0.0,0.0,0.0,0.0,0.0,0.0,0.0,0.0,0.0,0.0,0.0,0.0,0.0,0.0,0.0,0.0,0.0,0.0,0.0,0.0,0.0,0.0,0.0
2019-08-11,0.0,0.0,0.0,0.0,0.0,0.0,0.0,0.0,0.0,0.0,0.0,0.0,0.0,0.0,0.0,0.0,0.0,0.0,0.0,0.0,0.0,0.0,0.0
2019-08-12,125710330.0,44745840.0,92802960.0,48057120.0,22099850.0,69940196.0,0.0,0.0,0.0,21548000.0,12802100.0,2156290.0,0.0,0.0,0.0,0.0,0.0,114680.0,0.0,0.0,0.0,0.0,0.0
2019-08-13,142686780.0,59070490.0,106998540.0,47928050.0,23700140.0,83304308.0,0.0,0.0,0.0,21461400.0,15793400.0,780620.0,0.0,0.0,0.0,0.0,0.0,133520.0,0.0,0.0,0.0,0.0,0.0
2019-08-14,125458400.0,44297320.0,91027710.0,46730390.0,24773850.0,66589224.0,0.0,0.0,0.0,22655000.0,9977300.0,710920.0,0.0,0.0,0.0,0.0,0.0,105000.0,0.0,0.0,0.0,0.0,0.0
2019-08-15,131135680.0,50395380.0,97829150.0,47433770.0,24795130.0,75711516.0,0.0,0.0,0.0,22609600.0,12890900.0,266520.0,0.0,0.0,0.0,0.0,0.0,40000.0,0.0,0.0,0.0,0.0,0.0
2019-08-16,156459560.0,70252830.0,116682580.0,46429750.0,27295070.0,95065248.0,0.0,0.0,0.0,22571300.0,15271600.0,1350370.0,0.0,0.0,0.0,0.0,0.0,106210.0,0.0,0.0,0.0,0.0,0.0
2019-08-17,0.0,0.0,0.0,0.0,0.0,0.0,0.0,0.0,0.0,0.0,0.0,0.0,0.0,0.0,0.0,0.0,0.0,0.0,0.0,0.0,0.0,0.0,0.0
2019-08-18,0.0,0.0,0.0,0.0,0.0,0.0,0.0,0.0,0.0,0.0,0.0,0.0,0.0,0.0,0.0,0.0,0.0,0.0,0.0,0.0,0.0,0.0,0.0
2019-08-19,107980080.0,39311010.0,77809250.0,38498240.0,22235230.0,57801523.0,0.0,0.0,0.0,17067900.0,10763500.0,818580.0,0.0,0.0,0.0,0.0,0.0,135050.0,0.0,0.0,0.0,0.0,0.0
2019-08-20,121108870.0,41244380.0,85764880.0,44520500.0,27447340.0,66870282.0,0.0,0.0,0.0,25598700.0,17350700.0,454040.0,0.0,0.0,0.0,0.0,0.0,155250.0,0.0,0.0,0.0,0.0,0.0
2019-08-21,146223360.0,56164360.0,107008520.0,50844160.0,29132690.0,91435799.0,0.0,0.0,0.0,29336900.0,13195200.0,163950.0,0.0,0.0,0.0,0.0,0.0,40430.0,0.0,0.0,0.0,0.0,0.0
2019-08-22,128389760.0,46933460.0,92174320.0,45240860.0,28255100.0,75947898.0,0.0,0.0,0.0,19932800.0,13073300.0,523270.0,0.0,0.0,0.0,0.0,0.0,98250.0,0.0,0.0,0.0,0.0,0.0
2019-08-23,119796120.0,49584900.0,86047190.0,36462290.0,26768420.0,71875402.0,0.0,0.0,0.0,21170400.0,14402900.0,85270.0,0.0,0.0,0.0,0.0,0.0,133000.0,0.0,0.0,0.0,0.0,0.0
2019-08-24,0.0,0.0,0.0,0.0,0.0,0.0,0.0,0.0,0.0,0.0,0.0,0.0,0.0,0.0,0.0,0.0,0.0,0.0,0.0,0.0,0.0,0.0,0.0
2019-08-25,0.0,0.0,0.0,0.0,0.0,0.0,0.0,0.0,0.0,0.0,0.0,0.0,0.0,0.0,0.0,0.0,0.0,0.0,0.0,0.0,0.0,0.0,0.0
2019-08-26,151649840.0,65313090.0,113265080.0,47951990.0,29238150.0,92971835.0,0.0,0.0,0.0,22299600.0,13619800.0,215730.0,0.0,0.0,0.0,0.0,0.0,107220.0,0.0,0.0,0.0,0.0,0.0
2019-08-27,150855300.0,59291850.0,105249130.0,45957280.0,34991970.0,88532291.0,0.0,0.0,0.0,21041200.0,15610000.0,803210.0,0.0,0.0,0.0,0.0,0.0,135300.0,0.0,0.0,0.0,0.0,0.0
2019-08-28,117235850.0,41622640.0,79532690.0,37910050.0,29942560.0,60779788.0,0.0,0.0,0.0,21014400.0,14495100.0,22120.0,0.0,0.0,0.0,0.0,0.0,100200.0,0.0,0.0,0.0,0.0,0.0
2019-08-29,119663520.0,42613720.0,85137310.0,42523590.0,27387380.0,65059738.0,0.0,0.0,0.0,17653300.0,14857900.0,87430.0,0.0,0.0,0.0,0.0,0.0,84060.0,0.0,0.0,0.0,0.0,0.0
2019-08-30,126205940.0,40839960.0,85726120.0,44886160.0,31792760.0,66600906.0,0.0,0.0,0.0,21882100.0,17584100.0,82050.0,0.0,0.0,0.0,0.0,0.0,115000.0,0.0,0.0,0.0,0.0,0.0
2019-08-31,0.0,0.0,0.0,0.0,0.0,0.0,0.0,0.0,0.0,0.0,0.0,0.0,0.0,0.0,0.0,0.0,0.0,0.0,0.0,0.0,0.0,0.0,0.0
2019-09-01,0.0,0.0,0.0,0.0,0.0,0.0,0.0,0.0,0.0,0.0,0.0,0.0,0.0,0.0,0.0,0.0,0.0,0.0,0.0,0.0,0.0,0.0,0.0
2019-09-02,0.0,0.0,0.0,0.0,0.0,0.0,0.0,0.0,0.0,0.0,0.0,0.0,0.0,0.0,0.0,0.0,0.0,0.0,0.0,0.0,0.0,0.0,0.0
2019-09-03,126148070.0,45768490.0,86023490.0,40255000.0,31986520.0,67363582.0,0.0,0.0,0.0,20479800.0,15267700.0,649900.0,0.0,0.0,0.0,0.0,0.0,118760.0,0.0,0.0,0.0,0.0,0.0
2019-09-04,121831910.0,41234740.0,84578170.0,43343430.0,29370130.0,63620273.0,0.0,0.0,0.0,24782000.0,13602700.0,1003610.0,0.0,0.0,0.0,0.0,0.0,58700.0,0.0,0.0,0.0,0.0,0.0
2019-09-05,113824610.0,42074670.0,81444140.0,39369470.0,25970890.0,61683614.0,0.0,0.0,0.0,15539100.0,8165500.0,458430.0,0.0,0.0,0.0,0.0,0.0,100500.0,0.0,0.0,0.0,0.0,0.0
2019-09-06,108569600.0,40543850.0,75508280.0,34964430.0,25311310.0,58442563.0,0.0,0.0,0.0,15385000.0,11049500.0,289790.0,0.0,0.0,0.0,0.0,0.0,120920.0,0.0,0.0,0.0,0.0,0.0
2019-09-07,0.0,0.0,0.0,0.0,0.0,0.0,0.0,0.0,0.0,0.0,0.0,0.0,0.0,0.0,0.0,0.0,0.0,0.0,0.0,0.0,0.0,0.0,0.0
2019-09-08,0.0,0.0,0.0,0.0,0.0,0.0,0.0,0.0,0.0,0.0,0.0,0.0,0.0,0.0,0.0,0.0,0.0,0.0,0.0,0.0,0.0,0.0,0.0
2019-09-09,104287810.0,37164220.0,75927330.0,38763110.0,20901840.0,56270028.0,0.0,0.0,0.0,16041500.0,9287800.0,17390.0,0.0,0.0,0.0,0.0,0.0,108350.0,0.0,0.0,0.0,0.0,0.0
2019-09-10,128339460.0,46274080.0,93627240.0,47353160.0,25802220.0,74888172.0,0.0,0.0,0.0,27033100.0,13721400.0,282020.0,0.0,0.0,0.0,0.0,0.0,105000.0,0.0,0.0,0.0,0.0,0.0
2019-09-11,95091710.0,34851830.0,70539200.0,35687370.0,17940520.0,55459128.0,0.0,0.0,0.0,18972600.0,9124100.0,174650.0,0.0,0.0,0.0,0.0,0.0,87190.0,0.0,0.0,0.0,0.0,0.0
2019-09-12,123174240.0,48192160.0,91974950.0,43782790.0,22271250.0,71913723.0,0.0,0.0,0.0,16712700.0,6992300.0,344750.0,0.0,0.0,0.0,0.0,0.0,106400.0,0.0,0.0,0.0,0.0,0.0
2019-09-13,145895070.0,67622020.0,107774910.0,40152890.0,30324830.0,89055880.0,0.0,0.0,0.0,19631600.0,10119400.0,1231060.0,0.0,0.0,0.0,0.0,0.0,116500.0,0.0,0.0,0.0,0.0,0.0
2019-09-14,0.0,0.0,0.0,0.0,0.0,0.0,0.0,0.0,0.0,0.0,0.0,0.0,0.0,0.0,0.0,0.0,0.0,0.0,0.0,0.0,0.0,0.0,0.0
2019-09-15,0.0,0.0,0.0,0.0,0.0,0.0,0.0,0.0,0.0,0.0,0.0,0.0,0.0,0.0,0.0,0.0,0.0,0.0,0.0,0.0,0.0,0.0,0.0
2019-09-16,138035800.0,52499530.0,99066940.0,46567410.0,29752240.0,79473663.0,0.0,0.0,0.0,21279900.0,11044300.0,595800.0,0.0,0.0,0.0,0.0,0.0,154230.0,0.0,0.0,0.0,0.0,0.0
2019-09-17,142632820.0,49773900.0,100659990.0,50886090.0,32658770.0,82505880.0,0.0,0.0,0.0,21084200.0,7748500.0,811300.0,0.0,0.0,0.0,0.0,0.0,120320.0,0.0,0.0,0.0,0.0,0.0
2019-09-18,140571130.0,64916030.0,109524520.0,44608490.0,21903310.0,89814221.0,0.0,0.0,0.0,18014600.0,13931100.0,1379880.0,0.0,0.0,0.0,0.0,0.0,120100.0,0.0,0.0,0.0,0.0,0.0
2019-09-19,140440060.0,57544160.0,101918920.0,44374760.0,27463130.0,84343295.0,0.0,0.0,0.0,24046800.0,8132100.0,1339300.0,0.0,0.0,0.0,0.0,0.0,60810.0,0.0,0.0,0.0,0.0,0.0
2019-09-20,167884480.0,72085600.0,130025970.0,57940370.0,27375430.0,103455322.0,0.0,0.0,0.0,23174400.0,10641000.0,737010.0,0.0,0.0,0.0,0.0,0.0,62580.0,0.0,0.0,0.0,0.0,0.0
2019-09-21,0.0,0.0,0.0,0.0,0.0,0.0,0.0,0.0,0.0,0.0,0.0,0.0,0.0,0.0,0.0,0.0,0.0,0.0,0.0,0.0,0.0,0.0,0.0
2019-09-22,0.0,0.0,0.0,0.0,0.0,0.0,0.0,0.0,0.0,0.0,0.0,0.0,0.0,0.0,0.0,0.0,0.0,0.0,0.0,0.0,0.0,0.0,0.0
2019-09-23,141345790.0,63685170.0,105114320.0,41429150.0,27871170.0,89334140.0,0.0,0.0,0.0,21537700.0,8734600.0,450870.0,0.0,0.0,0.0,0.0,0.0,113400.0,0.0,0.0,0.0,0.0,0.0
2019-09-24,119577920.0,50415610.0,90069340.0,39653730.0,21010840.0,73483915.0,0.0,0.0,0.0,21623700.0,9290800.0,153390.0,0.0,0.0,0.0,0.0,0.0,100000.0,0.0,0.0,0.0,0.0,0.0
2019-09-25,121420880.0,51189520.0,90395610.0,39206090.0,23914440.0,72207260.0,0.0,0.0,0.0,19257200.0,8202200.0,220070.0,0.0,0.0,0.0,0.0,0.0,100000.0,0.0,0.0,0.0,0.0,0.0
2019-09-26,133043610.0,61815870.0,103693630.0,41877760.0,21420760.0,86061772.0,0.0,0.0,0.0,25317200.0,10147500.0,323040.0,0.0,0.0,0.0,0.0,0.0,86390.0,0.0,0.0,0.0,0.0,0.0
2019-09-27,152087820.0,64121740.0,112892860.0,48771120.0,27308860.0,87308390.0,0.0,0.0,0.0,22617800.0,9727200.0,1342050.0,0.0,0.0,0.0,0.0,0.0,161010.0,0.0,0.0,0.0,0.0,0.0
2019-09-28,0.0,0.0,0.0,0.0,0.0,0.0,0.0,0.0,0.0,0.0,0.0,0.0,0.0,0.0,0.0,0.0,0.0,0.0,0.0,0.0,0.0,0.0,0.0
2019-09-29,0.0,0.0,0.0,0.0,0.0,0.0,0.0,0.0,0.0,0.0,0.0,0.0,0.0,0.0,0.0,0.0,0.0,0.0,0.0,0.0,0.0,0.0,0.0
2019-09-30,157737220.0,63284690.0,119622120.0,56337430.0,24692140.0,92843127.0,0.0,0.0,0.0,21067300.0,12313800.0,559390.0,0.0,0.0,0.0,0.0,0.0,66160.0,0.0,0.0,0.0,0.0,0.0
2019-10-01,141547280.0,59813890.0,108870770.0,49056880.0,23667940.0,89762830.0,0.0,0.0,0.0,25306800.0,11187300.0,267380.0,0.0,0.0,0.0,0.0,0.0,75000.0,0.0,0.0,0.0,0.0,0.0
2019-10-02,155632190.0,69144140.0,118835320.0,49691180.0,27183560.0,95529146.0,0.0,0.0,0.0,20224400.0,11781300.0,813050.0,0.0,0.0,0.0,0.0,0.0,153730.0,0.0,0.0,0.0,0.0,0.0
2019-10-03,156298020.0,63663830.0,108629380.0,44965550.0,40068900.0,88243181.0,0.0,0.0,0.0,19412900.0,8597700.0,134570.0,0.0,0.0,0.0,0.0,0.0,64630.0,0.0,0.0,0.0,0.0,0.0
2019-10-04,153634840.0,62008430.0,112255950.0,50247520.0,29698400.0,94895675.0,0.0,0.0,0.0,21119500.0,9097900.0,773940.0,0.0,0.0,0.0,0.0,0.0,115000.0,0.0,0.0,0.0,0.0,0.0
2019-10-05,0.0,0.0,0.0,0.0,0.0,0.0,0.0,0.0,0.0,0.0,0.0,0.0,0.0,0.0,0.0,0.0,0.0,0.0,0.0,0.0,0.0,0.0,0.0
2019-10-06,0.0,0.0,0.0,0.0,0.0,0.0,0.0,0.0,0.0,0.0,0.0,0.0,0.0,0.0,0.0,0.0,0.0,0.0,0.0,0.0,0.0,0.0,0.0
2019-10-07,150412170.0,60836700.0,115057350.0,54220650.0,25777930.0,94569868.0,0.0,0.0,0.0,19587500.0,7724800.0,191440.0,0.0,0.0,0.0,0.0,0.0,82920.0,0.0,0.0,0.0,0.0,0.0
2019-10-08,153446780.0,65243600.0,108787390.0,43543790.0,31062430.0,94757061.0,0.0,0.0,0.0,20053300.0,10699800.0,284860.0,0.0,0.0,0.0,0.0,0.0,114260.0,0.0,0.0,0.0,0.0,0.0
2019-10-09,143783620.0,62566710.0,99954980.0,37388270.0,32320150.0,84536205.0,0.0,0.0,0.0,21810900.0,8603800.0,474650.0,0.0,0.0,0.0,0.0,0.0,51500.0,0.0,0.0,0.0,0.0,0.0
2019-10-10,137745810.0,54842380.0,99564770.0,44722390.0,26513470.0,84001313.0,0.0,0.0,0.0,21939000.0,7446200.0,506680.0,0.0,0.0,0.0,0.0,0.0,102870.0,0.0,0.0,0.0,0.0,0.0
2019-10-11,140671790.0,61846270.0,103031150.0,41184880.0,27675820.0,83955173.0,0.0,0.0,0.0,17951700.0,12559800.0,194580.0,0.0,0.0,0.0,0.0,0.0,105750.0,0.0,0.0,0.0,0.0,0.0
2019-10-12,0.0,0.0,0.0,0.0,0.0,0.0,0.0,0.0,0.0,0.0,0.0,0.0,0.0,0.0,0.0,0.0,0.0,0.0,0.0,0.0,0.0,0.0,0.0
2019-10-13,0.0,0.0,0.0,0.0,0.0,0.0,0.0,0.0,0.0,0.0,0.0,0.0,0.0,0.0,0.0,0.0,0.0,0.0,0.0,0.0,0.0,0.0,0.0
2019-10-14,171969840.0,81662930.0,126322950.0,44660020.0,33728560.0,110110140.0,0.0,0.0,0.0,27974400.0,10106200.0,199320.0,0.0,0.0,0.0,0.0,0.0,72000.0,0.0,0.0,0.0,0.0,0.0
2019-10-15,131330520.0,55003840.0,95122270.0,40118430.0,24251510.0,74899500.0,0.0,0.0,0.0,23954600.0,9814700.0,550720.0,0.0,0.0,0.0,0.0,0.0,73800.0,0.0,0.0,0.0,0.0,0.0
2019-10-16,157875510.0,55092660.0,121472260.0,66379600.0,23097160.0,104559937.0,0.0,0.0,0.0,26607900.0,17342700.0,471420.0,0.0,0.0,0.0,0.0,0.0,115000.0,0.0,0.0,0.0,0.0,0.0
2019-10-17,157134910.0,65013550.0,124643750.0,59630200.0,20652350.0,101490868.0,0.0,0.0,0.0,17840100.0,10376900.0,1205170.0,0.0,0.0,0.0,0.0,0.0,121550.0,0.0,0.0,0.0,0.0,0.0
2019-10-18,153487520.0,57605110.0,110775490.0,53170380.0,28146310.0,90699078.0,0.0,0.0,0.0,23567600.0,7918200.0,716490.0,0.0,0.0,0.0,0.0,0.0,100100.0,0.0,0.0,0.0,0.0,0.0
2019-10-19,0.0,0.0,0.0,0.0,0.0,0.0,0.0,0.0,0.0,0.0,0.0,0.0,0.0,0.0,0.0,0.0,0.0,0.0,0.0,0.0,0.0,0.0,0.0
2019-10-20,0.0,0.0,0.0,0.0,0.0,0.0,0.0,0.0,0.0,0.0,0.0,0.0,0.0,0.0,0.0,0.0,0.0,0.0,0.0,0.0,0.0,0.0,0.0
2019-10-21,162867090.0,63505800.0,115005360.0,51499560.0,34230870.0,93882499.0,0.0,0.0,0.0,27328400.0,8557200.0,585720.0,0.0,0.0,0.0,0.0,0.0,138780.0,0.0,0.0,0.0,0.0,0.0
2019-10-22,200609660.0,59083710.0,147100300.0,88016590.0,32359870.0,126490770.0,0.0,0.0,0.0,25486300.0,10019300.0,232640.0,0.0,0.0,0.0,0.0,0.0,110110.0,0.0,0.0,0.0,0.0,0.0
2019-10-23,154015230.0,55202580.0,112174780.0,56972200.0,27049900.0,99622035.0,0.0,0.0,0.0,16241000.0,7618700.0,373310.0,0.0,0.0,0.0,0.0,0.0,112010.0,0.0,0.0,0.0,0.0,0.0
2019-10-24,141378830.0,59252900.0,105022550.0,45769650.0,21657130.0,79813755.0,0.0,0.0,0.0,18825800.0,10666700.0,317440.0,0.0,0.0,0.0,0.0,0.0,143410.0,0.0,0.0,0.0,0.0,0.0
2019-10-25,136700300.0,56303260.0,96979410.0,40676150.0,23716250.0,82000047.0,0.0,0.0,0.0,21893100.0,14143800.0,56170.0,0.0,0.0,0.0,0.0,0.0,78280.0,0.0,0.0,0.0,0.0,0.0
2019-10-26,0.0,0.0,0.0,0.0,0.0,0.0,0.0,0.0,0.0,0.0,0.0,0.0,0.0,0.0,0.0,0.0,0.0,0.0,0.0,0.0,0.0,0.0,0.0
2019-10-27,0.0,0.0,0.0,0.0,0.0,0.0,0.0,0.0,0.0,0.0,0.0,0.0,0.0,0.0,0.0,0.0,0.0,0.0,0.0,0.0,0.0,0.0,0.0
2019-10-28,149945220.0,60005810.0,108048900.0,48043090.0,21326450.0,90084888.0,0.0,0.0,0.0,22127500.0,6341900.0,198460.0,0.0,0.0,0.0,0.0,0.0,157140.0,0.0,0.0,0.0,0.0,0.0
2019-10-29,177823330.0,59000930.0,129921470.0,70920540.0,27200500.0,107050684.0,0.0,0.0,0.0,16372600.0,7355600.0,410070.0,0.0,0.0,0.0,0.0,0.0,185340.0,0.0,0.0,0.0,0.0,0.0
2019-10-30,160171570.0,56666560.0,113495070.0,56828510.0,29039130.0,98974676.0,0.0,0.0,0.0,27406200.0,8550200.0,802250.0,0.0,0.0,0.0,0.0,0.0,118600.0,0.0,0.0,0.0,0.0,0.0
2019-10-31,189105090.0,63154480.0,126534760.0,63380280.0,43059870.0,106389583.0,0.0,0.0,0.0,25247500.0,10350300.0,345970.0,0.0,0.0,0.0,0.0,0.0,125640.0,0.0,0.0,0.0,0.0,0.0
2019-11-01,200048280.0,76837110.0,143910480.0,67073370.0,28161140.0,123231915.0,0.0,0.0,0.0,23142000.0,9516700.0,840920.0,0.0,0.0,0.0,0.0,0.0,130840.0,0.0,0.0,0.0,0.0,0.0
2019-11-02,0.0,0.0,0.0,0.0,0.0,0.0,0.0,0.0,0.0,0.0,0.0,0.0,0.0,0.0,0.0,0.0,0.0,0.0,0.0,0.0,0.0,0.0,0.0
2019-11-03,0.0,0.0,0.0,0.0,0.0,0.0,0.0,0.0,0.0,0.0,0.0,0.0,0.0,0.0,0.0,0.0,0.0,0.0,0.0,0.0,0.0,0.0,0.0
2019-11-04,208479560.0,87334540.0,152348880.0,65014340.0,28777690.0,139497137.0,0.0,0.0,0.0,23936000.0,11042800.0,1392790.0,0.0,0.0,0.0,0.0,0.0,179610.0,0.0,0.0,0.0,0.0,0.0
2019-11-05,172233290.0,71492500.0,128768020.0,57275520.0,24431240.0,114215947.0,0.0,0.0,0.0,25227600.0,7914200.0,797500.0,0.0,0.0,0.0,0.0,0.0,111350.0,0.0,0.0,0.0,0.0,0.0
2019-11-06,183325470.0,75016380.0,139089810.0,64073430.0,22107340.0,119612203.0,0.0,0.0,0.0,17227900.0,9878400.0,1633730.0,0.0,0.0,0.0,0.0,0.0,159200.0,0.0,0.0,0.0,0.0,0.0
2019-11-07,166863590.0,76226210.0,127013340.0,50787130.0,22604810.0,109980548.0,0.0,0.0,0.0,21374200.0,7437200.0,491800.0,0.0,0.0,0.0,0.0,0.0,110000.0,0.0,0.0,0.0,0.0,0.0
2019-11-08,157942420.0,74207740.0,121037360.0,46829620.0,21301460.0,106878397.0,0.0,0.0,0.0,24192600.0,8496700.0,1056710.0,0.0,0.0,0.0,0.0,0.0,76510.0,0.0,0.0,0.0,0.0,0.0
2019-11-09,0.0,0.0,0.0,0.0,0.0,0.0,0.0,0.0,0.0,0.0,0.0,0.0,0.0,0.0,0.0,0.0,0.0,0.0,0.0,0.0,0.0,0.0,0.0
2019-11-10,0.0,0.0,0.0,0.0,0.0,0.0,0.0,0.0,0.0,0.0,0.0,0.0,0.0,0.0,0.0,0.0,0.0,0.0,0.0,0.0,0.0,0.0,0.0
2019-11-11,170775110.0,80097000.0,124909040.0,44812040.0,28952600.0,109404543.0,0.0,0.0,0.0,20504500.0,6710400.0,1606220.0,0.0,0.0,0.0,0.0,0.0,95530.0,0.0,0.0,0.0,0.0,0.0
2019-11-12,180969830.0,66245180.0,119653150.0,53407970.0,29208540.0,99169529.0,0.0,0.0,0.0,19985400.0,10212800.0,1609120.0,0.0,0.0,0.0,0.0,0.0,74150.0,0.0,0.0,0.0,0.0,0.0
2019-11-13,182266340.0,76758480.0,124910130.0,48151650.0,26283460.0,111501301.0,0.0,0.0,0.0,24900400.0,8795800.0,461180.0,0.0,0.0,0.0,0.0,0.0,92700.0,0.0,0.0,0.0,0.0,0.0
2019-11-14,192687960.0,78620440.0,127553780.0,48933340.0,43614000.0,109314822.0,0.0,0.0,0.0,21546900.0,9571500.0,1396550.0,0.0,0.0,0.0,0.0,0.0,100200.0,0.0,0.0,0.0,0.0,0.0
2019-11-15,180804630.0,66130230.0,118562850.0,52432620.0,31741120.0,103761957.0,0.0,0.0,0.0,21429500.0,11487700.0,337910.0,0.0,0.0,0.0,0.0,0.0,80270.0,0.0,0.0,0.0,0.0,0.0
2019-11-16,0.0,0.0,0.0,0.0,0.0,0.0,0.0,0.0,0.0,0.0,0.0,0.0,0.0,0.0,0.0,0.0,0.0,0.0,0.0,0.0,0.0,0.0,0.0
2019-11-17,0.0,0.0,0.0,0.0,0.0,0.0,0.0,0.0,0.0,0.0,0.0,0.0,0.0,0.0,0.0,0.0,0.0,0.0,0.0,0.0,0.0,0.0,0.0
2019-11-18,165225780.0,69835800.0,118749390.0,48913590.0,25050840.0,105239728.0,23114720.0,23269560.0,18931300.0,18652300.0,7455400.0,227040.0,0.0,0.0,0.0,0.0,0.0,133370.0,0.0,0.0,0.0,0.0,0.0
2019-11-19,158028030.0,63691480.0,101694620.0,38003140.0,29306600.0,86341583.0,15561150.0,15796030.0,12676780.0,16917300.0,7901100.0,312200.0,0.0,0.0,0.0,0.0,0.0,27000.0,0.0,0.0,0.0,0.0,0.0
2019-11-20,182924030.0,72569190.0,134586270.0,62017080.0,28839530.0,123005256.0,16934010.0,17119300.0,13752760.0,15400000.0,6470800.0,366880.0,0.0,0.0,0.0,0.0,0.0,116810.0,0.0,0.0,0.0,0.0,0.0
2019-11-21,171731790.0,83040690.0,130444120.0,47403430.0,22579980.0,116535558.0,30703450.0,30965470.0,28466410.0,17284800.0,7813800.0,761620.0,0.0,0.0,0.0,0.0,0.0,98960.0,0.0,0.0,0.0,0.0,0.0
2019-11-22,196749440.0,82099050.0,150703590.0,68604540.0,26549690.0,133155433.0,24683180.0,25295770.0,23945750.0,23237500.0,11448100.0,1282150.0,0.0,0.0,0.0,0.0,0.0,150200.0,0.0,0.0,0.0,0.0,0.0
2019-11-23,0.0,0.0,0.0,0.0,0.0,0.0,0.0,0.0,0.0,0.0,0.0,0.0,0.0,0.0,0.0,0.0,0.0,0.0,0.0,0.0,0.0,0.0,0.0
2019-11-24,0.0,0.0,0.0,0.0,0.0,0.0,0.0,0.0,0.0,0.0,0.0,0.0,0.0,0.0,0.0,0.0,0.0,0.0,0.0,0.0,0.0,0.0,0.0
2019-11-25,148285630.0,63815430.0,114042520.0,50227090.0,20943180.0,95807734.0,15257630.0,15941700.0,14499740.0,20549300.0,6086000.0,696490.0,0.0,0.0,0.0,0.0,0.0,107310.0,0.0,0.0,0.0,0.0,0.0
2019-11-26,148016090.0,68546970.0,113170620.0,44623650.0,19030430.0,98109146.0,16753870.0,16927810.0,13831780.0,16774400.0,6739900.0,539550.0,0.0,0.0,0.0,0.0,0.0,103060.0,0.0,0.0,0.0,0.0,0.0
2019-11-27,157478720.0,58427250.0,104626310.0,46199060.0,28548520.0,92013070.0,12839730.0,13138860.0,9815400.0,16053900.0,7402800.0,1099330.0,0.0,0.0,0.0,0.0,0.0,65000.0,0.0,0.0,0.0,0.0,0.0
2019-11-28,154471660.0,69367550.0,109315880.0,39948330.0,27432760.0,100229172.0,16519560.0,16618630.0,15638400.0,17322400.0,8615100.0,825820.0,0.0,0.0,0.0,0.0,0.0,128740.0,0.0,0.0,0.0,0.0,0.0
2019-11-29,138896550.0,60328840.0,95715390.0,35386550.0,26410020.0,86518969.0,12515380.0,12985430.0,10758300.0,18684500.0,8066800.0,313390.0,0.0,0.0,0.0,0.0,0.0,82600.0,0.0,0.0,0.0,0.0,0.0
2019-11-30,0.0,0.0,0.0,0.0,0.0,0.0,0.0,0.0,0.0,0.0,0.0,0.0,0.0,0.0,0.0,0.0,0.0,0.0,0.0,0.0,0.0,0.0,0.0
2019-12-01,0.0,0.0,0.0,0.0,0.0,0.0,0.0,0.0,0.0,0.0,0.0,0.0,0.0,0.0,0.0,0.0,0.0,0.0,0.0,0.0,0.0,0.0,0.0
2019-12-02,180421680.0,76462740.0,125313860.0,48851120.0,32434290.0,112512225.0,17670980.0,17793580.0,15147990.0,23082400.0,8998100.0,575360.0,0.0,0.0,0.0,0.0,0.0,231480.0,0.0,0.0,0.0,0.0,0.0
2019-12-03,176408390.0,77467050.0,123686200.0,46219150.0,30456500.0,109281208.0,18568390.0,18679770.0,16022010.0,18555700.0,8433500.0,869000.0,0.0,0.0,0.0,0.0,0.0,130700.0,0.0,0.0,0.0,0.0,0.0
2019-12-04,162142410.0,74534040.0,111858480.0,37324440.0,32323690.0,97481432.0,17883700.0,17979300.0,13366900.0,20252700.0,8937000.0,276910.0,0.0,0.0,0.0,0.0,0.0,130100.0,0.0,0.0,0.0,0.0,0.0
2019-12-05,159548260.0,61676770.0,105704850.0,44028080.0,38461920.0,92823393.0,9882400.0,10004380.0,8296610.0,20134300.0,8250200.0,29350.0,0.0,0.0,0.0,0.0,0.0,70130.0,0.0,0.0,0.0,0.0,0.0
2019-12-06,139312750.0,60752790.0,90630310.0,29877520.0,29476440.0,79686102.0,8821520.0,8981300.0,7338970.0,15551300.0,6282700.0,269090.0,0.0,0.0,0.0,0.0,0.0,95000.0,0.0,0.0,0.0,0.0,0.0
2019-12-07,0.0,0.0,0.0,0.0,0.0,0.0,0.0,0.0,0.0,0.0,0.0,0.0,0.0,0.0,0.0,0.0,0.0,0.0,0.0,0.0,0.0,0.0,0.0
2019-12-08,0.0,0.0,0.0,0.0,0.0,0.0,0.0,0.0,0.0,0.0,0.0,0.0,0.0,0.0,0.0,0.0,0.0,0.0,0.0,0.0,0.0,0.0,0.0
2019-12-09,183348640.0,64151210.0,106736250.0,42585040.0,49664970.0,90052073.0,14054920.0,14207780.0,12421030.0,19225200.0,4856600.0,317720.0,0.0,0.0,0.0,0.0,0.0,100890.0,0.0,0.0,0.0,0.0,0.0
2019-12-10,170738810.0,72499410.0,115635080.0,43135670.0,36620000.0,99922933.0,15847530.0,16134870.0,13102080.0,16578400.0,7559200.0,467070.0,0.0,0.0,0.0,0.0,0.0,59120.0,0.0,0.0,0.0,0.0,0.0
2019-12-11,158554160.0,66716030.0,107259890.0,40543860.0,36154770.0,93437794.0,13540130.0,13734590.0,12701000.0,14632400.0,7663700.0,342210.0,0.0,0.0,0.0,0.0,0.0,93950.0,0.0,0.0,0.0,0.0,0.0
2019-12-12,154590800.0,57447090.0,100670700.0,43223610.0,38300580.0,80882127.0,13826730.0,13979850.0,11353220.0,23693900.0,5793600.0,25660.0,0.0,0.0,0.0,0.0,0.0,120020.0,0.0,0.0,0.0,0.0,0.0
2019-12-13,172536910.0,65816420.0,107916920.0,42100500.0,42878220.0,89167375.0,15388170.0,15564710.0,13990250.0,29604000.0,9972100.0,1145330.0,0.0,0.0,0.0,0.0,0.0,50000.0,0.0,0.0,0.0,0.0,0.0
2019-12-14,0.0,0.0,0.0,0.0,0.0,0.0,0.0,0.0,0.0,0.0,0.0,0.0,0.0,0.0,0.0,0.0,0.0,0.0,0.0,0.0,0.0,0.0,0.0
2019-12-15,0.0,0.0,0.0,0.0,0.0,0.0,0.0,0.0,0.0,0.0,0.0,0.0,0.0,0.0,0.0,0.0,0.0,0.0,0.0,0.0,0.0,0.0,0.0
2019-12-16,202440060.0,67010160.0,122829560.0,55819400.0,64193410.0,110869099.0,14612840.0,14768520.0,13077340.0,26200300.0,6769500.0,857760.0,0.0,0.0,0.0,0.0,0.0,127100.0,0.0,0.0,0.0,0.0,0.0
2019-12-17,239321700.0,72408090.0,147179650.0,74771560.0,69967070.0,127292415.0,16551040.0,16738540.0,14432370.0,43994200.0,8926700.0,1540000.0,0.0,0.0,0.0,0.0,0.0,151440.0,0.0,0.0,0.0,0.0,0.0
2019-12-18,183063780.0,69570980.0,110551870.0,40980890.0,56035260.0,96517596.0,15078620.0,15257630.0,11933190.0,27181100.0,7369400.0,1783320.0,0.0,0.0,0.0,0.0,0.0,121580.0,0.0,0.0,0.0,0.0,0.0
2019-12-19,178790140.0,68010500.0,104948540.0,36938040.0,47289530.0,94771040.0,18478190.0,18645260.0,14012500.0,20610500.0,6789300.0,2325680.0,0.0,0.0,0.0,0.0,0.0,124210.0,0.0,0.0,0.0,0.0,0.0
2019-12-20,183446480.0,69391620.0,116033040.0,46641420.0,47912740.0,102614338.0,13145920.0,13459500.0,10280540.0,20934200.0,6873400.0,663400.0,0.0,0.0,0.0,0.0,0.0,105360.0,0.0,0.0,0.0,0.0,0.0
2019-12-21,0.0,0.0,0.0,0.0,0.0,0.0,0.0,0.0,0.0,0.0,0.0,0.0,0.0,0.0,0.0,0.0,0.0,0.0,0.0,0.0,0.0,0.0,0.0
2019-12-22,0.0,0.0,0.0,0.0,0.0,0.0,0.0,0.0,0.0,0.0,0.0,0.0,0.0,0.0,0.0,0.0,0.0,0.0,0.0,0.0,0.0,0.0,0.0
2019-12-23,190141650.0,72189520.0,121077690.0,48888170.0,53390310.0,103611495.0,20783450.0,20995420.0,15436870.0,28847800.0,9222500.0,1420470.0,0.0,0.0,0.0,0.0,0.0,102110.0,0.0,0.0,0.0,0.0,0.0
2019-12-24,173207590.0,57924660.0,103776210.0,45851550.0,53923070.0,85053005.0,12033810.0,12262980.0,10076360.0,19915000.0,7693200.0,1662090.0,0.0,0.0,0.0,0.0,0.0,50000.0,0.0,0.0,0.0,0.0,0.0
2019-12-25,195453740.0,53692380.0,104817820.0,51125440.0,70563180.0,85594444.0,11205700.0,11393990.0,12224800.0,27814700.0,6059400.0,30220.0,0.0,0.0,0.0,0.0,0.0,100000.0,0.0,0.0,0.0,0.0,0.0
2019-12-26,160431180.0,40379950.0,91323730.0,50943780.0,51868250.0,73681847.0,11780680.0,11915660.0,14256460.0,21252300.0,9078000.0,167930.0,0.0,0.0,0.0,0.0,0.0,103030.0,0.0,0.0,0.0,0.0,0.0
2019-12-27,126605420.0,26809950.0,68912890.0,42102940.0,39581250.0,57657348.0,14668400.0,14817420.0,11948980.0,24923700.0,11217700.0,1118830.0,0.0,0.0,0.0,0.0,0.0,90000.0,0.0,0.0,0.0,0.0,0.0
2019-12-28,0.0,0.0,0.0,0.0,0.0,0.0,0.0,0.0,0.0,0.0,0.0,0.0,0.0,0.0,0.0,0.0,0.0,0.0,0.0,0.0,0.0,0.0,0.0
2019-12-29,0.0,0.0,0.0,0.0,0.0,0.0,0.0,0.0,0.0,0.0,0.0,0.0,0.0,0.0,0.0,0.0,0.0,0.0,0.0,0.0,0.0,0.0,0.0
2019-12-30,147816130.0,33522140.0,81944270.0,48422130.0,49825080.0,71707020.0,19239300.0,19427480.0,21077220.0,26518600.0,6222100.0,406520.0,0.0,0.0,0.0,0.0,0.0,100000.0,0.0,0.0,0.0,0.0,0.0
2019-12-31,144441990.0,44433790.0,85895500.0,41461710.0,41048150.0,73089166.0,14216780.0,14417560.0,12414670.0,25826000.0,6943900.0,247060.0,0.0,0.0,0.0,0.0,0.0,70000.0,0.0,0.0,0.0,0.0,0.0
2020-01-01,0.0,0.0,0.0,0.0,0.0,0.0,0.0,0.0,0.0,0.0,0.0,0.0,0.0,0.0,0.0,0.0,0.0,0.0,0.0,0.0,0.0,0.0,0.0
2020-01-02,131523160.0,50389450.0,89841590.0,39452140.0,29584880.0,81670636.0,18606020.0,18736640.0,15855170.0,19665700.0,6619300.0,718680.0,0.0,0.0,0.0,0.0,0.0,106260.0,0.0,0.0,0.0,0.0,0.0
2020-01-03,149202550.0,43220590.0,90549220.0,47328630.0,42171690.0,76931591.0,15371290.0,15488930.0,17317720.0,21835800.0,9394800.0,574920.0,0.0,0.0,0.0,0.0,0.0,155480.0,0.0,0.0,0.0,0.0,0.0
2020-01-04,0.0,0.0,0.0,0.0,0.0,0.0,0.0,0.0,0.0,0.0,0.0,0.0,0.0,0.0,0.0,0.0,0.0,0.0,0.0,0.0,0.0,0.0,0.0
2020-01-05,0.0,0.0,0.0,0.0,0.0,0.0,0.0,0.0,0.0,0.0,0.0,0.0,0.0,0.0,0.0,0.0,0.0,0.0,0.0,0.0,0.0,0.0,0.0
2020-01-06,140978550.0,36868840.0,87561000.0,50692160.0,39511820.0,81015075.0,16748030.0,16900580.0,13123430.0,24493200.0,10086800.0,1353170.0,0.0,0.0,0.0,0.0,0.0,175270.0,0.0,0.0,0.0,0.0,0.0
2020-01-07,130272030.0,40277740.0,78874750.0,38597010.0,38204720.0,67712443.0,15116990.0,15234810.0,13307170.0,19282400.0,6200800.0,929850.0,0.0,0.0,0.0,0.0,0.0,79510.0,0.0,0.0,0.0,0.0,0.0
2020-01-08,179374340.0,53101180.0,114553440.0,61452260.0,44044810.0,98573949.0,30952470.0,31100870.0,25921540.0,29022300.0,9020200.0,961020.0,0.0,0.0,0.0,0.0,0.0,91460.0,0.0,0.0,0.0,0.0,0.0
2020-01-09,132773820.0,45705720.0,89272790.0,43567070.0,33026820.0,82976712.0,26389240.0,26505100.0,22640400.0,22136300.0,8582100.0,29710.0,0.0,0.0,0.0,0.0,0.0,58930.0,0.0,0.0,0.0,0.0,0.0
2020-01-10,163058830.0,72856040.0,114071130.0,41215090.0,34486230.0,114715940.0,49998040.0,50142100.0,36250300.0,32260100.0,11976000.0,381940.0,0.0,0.0,0.0,0.0,0.0,110920.0,0.0,0.0,0.0,0.0,0.0
2020-01-11,0.0,0.0,0.0,0.0,0.0,0.0,0.0,0.0,0.0,0.0,0.0,0.0,0.0,0.0,0.0,0.0,0.0,0.0,0.0,0.0,0.0,0.0,0.0
2020-01-12,0.0,0.0,0.0,0.0,0.0,0.0,0.0,0.0,0.0,0.0,0.0,0.0,0.0,0.0,0.0,0.0,0.0,0.0,0.0,0.0,0.0,0.0,0.0
2020-01-13,117952020.0,32553390.0,71755840.0,39202450.0,35364180.0,67709932.0,19097520.0,19303680.0,14121210.0,23685800.0,8758700.0,383600.0,0.0,0.0,0.0,0.0,0.0,112200.0,0.0,0.0,0.0,0.0,0.0
2020-01-14,127784380.0,50679260.0,90773080.0,40093820.0,27370580.0,86230141.0,21981320.0,22211050.0,19120240.0,20426800.0,6885400.0,690850.0,0.0,0.0,0.0,0.0,0.0,126350.0,0.0,0.0,0.0,0.0,0.0
2020-01-15,112470420.0,35671150.0,72504650.0,36833500.0,29679200.0,67643617.0,19007030.0,19205070.0,15835910.0,18813300.0,5073200.0,635650.0,0.0,0.0,0.0,0.0,0.0,112320.0,0.0,0.0,0.0,0.0,0.0
2020-01-16,146756870.0,63476010.0,102906580.0,39430570.0,30430340.0,99289454.0,42564050.0,42787710.0,29372030.0,23000600.0,8117700.0,236500.0,0.0,0.0,0.0,0.0,0.0,105260.0,0.0,0.0,0.0,0.0,0.0
2020-01-17,117216890.0,48879990.0,83309860.0,34429870.0,23217670.0,80276730.0,31118430.0,31294440.0,20944740.0,20984700.0,9254200.0,251680.0,0.0,0.0,0.0,0.0,0.0,175450.0,0.0,0.0,0.0,0.0,0.0
2020-01-18,0.0,0.0,0.0,0.0,0.0,0.0,0.0,0.0,0.0,0.0,0.0,0.0,0.0,0.0,0.0,0.0,0.0,0.0,0.0,0.0,0.0,0.0,0.0
2020-01-19,0.0,0.0,0.0,0.0,0.0,0.0,0.0,0.0,0.0,0.0,0.0,0.0,0.0,0.0,0.0,0.0,0.0,0.0,0.0,0.0,0.0,0.0,0.0
2020-01-20,102398830.0,39722470.0,71932440.0,32209970.0,20872320.0,71000950.0,22196020.0,22317070.0,19671360.0,22968600.0,7108200.0,582930.0,0.0,0.0,0.0,0.0,0.0,105100.0,0.0,0.0,0.0,0.0,0.0
2020-01-21,128887950.0,57331520.0,92025870.0,34694350.0,22349510.0,90487574.0,37598780.0,37756820.0,34539710.0,25397400.0,16500000.0,802230.0,0.0,0.0,0.0,0.0,0.0,150000.0,0.0,0.0,0.0,0.0,0.0
2020-01-22,128966880.0,51710960.0,90017910.0,38306950.0,26142160.0,87019394.0,28936040.0,29098550.0,23083730.0,24740900.0,7380400.0,332530.0,0.0,0.0,0.0,0.0,0.0,64500.0,0.0,0.0,0.0,0.0,0.0
2020-01-23,0.0,0.0,0.0,0.0,0.0,0.0,0.0,0.0,0.0,0.0,0.0,0.0,0.0,0.0,0.0,0.0,0.0,0.0,0.0,0.0,0.0,0.0,0.0
2020-01-24,0.0,0.0,0.0,0.0,0.0,0.0,0.0,0.0,0.0,0.0,0.0,0.0,0.0,0.0,0.0,0.0,0.0,0.0,0.0,0.0,0.0,0.0,0.0
2020-01-25,0.0,0.0,0.0,0.0,0.0,0.0,0.0,0.0,0.0,0.0,0.0,0.0,0.0,0.0,0.0,0.0,0.0,0.0,0.0,0.0,0.0,0.0,0.0
2020-01-26,0.0,0.0,0.0,0.0,0.0,0.0,0.0,0.0,0.0,0.0,0.0,0.0,0.0,0.0,0.0,0.0,0.0,0.0,0.0,0.0,0.0,0.0,0.0
2020-01-27,0.0,0.0,0.0,0.0,0.0,0.0,0.0,0.0,0.0,0.0,0.0,0.0,0.0,0.0,0.0,0.0,0.0,0.0,0.0,0.0,0.0,0.0,0.0
2020-01-28,0.0,0.0,0.0,0.0,0.0,0.0,0.0,0.0,0.0,0.0,0.0,0.0,0.0,0.0,0.0,0.0,0.0,0.0,0.0,0.0,0.0,0.0,0.0
2020-01-29,0.0,0.0,0.0,0.0,0.0,0.0,0.0,0.0,0.0,0.0,0.0,0.0,0.0,0.0,0.0,0.0,0.0,0.0,0.0,0.0,0.0,0.0,0.0
2020-01-30,181385230.0,80136320.0,132844590.0,52708270.0,31727530.0,131737321.0,50052090.0,50285250.0,38833490.0,29832500.0,8909200.0,1942860.0,0.0,0.0,0.0,0.0,0.0,277090.0,0.0,0.0,0.0,0.0,0.0
2020-01-31,210630210.0,83267610.0,146911230.0,63643620.0,43310790.0,148491955.0,48366470.0,48548860.0,46014190.0,47492700.0,13476400.0,1625870.0,0.0,0.0,0.0,0.0,0.0,187790.0,0.0,0.0,0.0,0.0,0.0
2020-02-01,0.0,0.0,0.0,0.0,0.0,0.0,0.0,0.0,0.0,0.0,0.0,0.0,0.0,0.0,0.0,0.0,0.0,0.0,0.0,0.0,0.0,0.0,0.0
2020-02-02,0.0,0.0,0.0,0.0,0.0,0.0,0.0,0.0,0.0,0.0,0.0,0.0,0.0,0.0,0.0,0.0,0.0,0.0,0.0,0.0,0.0,0.0,0.0
2020-02-03,246408370.0,91769740.0,180666260.0,88896520.0,48920880.0,175488583.0,54159730.0,55423250.0,53405440.0,63501000.0,16202400.0,1785670.0,0.0,0.0,0.0,0.0,0.0,135960.0,0.0,0.0,0.0,0.0,0.0
2020-02-04,178000400.0,73132220.0,128793730.0,55661510.0,38572020.0,113319440.0,43891230.0,44670600.0,40512740.0,29809800.0,9540400.0,2468510.0,0.0,0.0,0.0,0.0,0.0,165330.0,0.0,0.0,0.0,0.0,0.0
2020-02-05,163682070.0,63586260.0,111595260.0,48009000.0,43354150.0,110132286.0,38634380.0,38977190.0,39946830.0,34810000.0,9171900.0,1320020.0,0.0,0.0,0.0,0.0,0.0,56880.0,0.0,0.0,0.0,0.0,0.0
2020-02-06,206129040.0,97615310.0,155003240.0,57387930.0,38521390.0,141007118.0,67133890.0,67724860.0,41661540.0,33560600.0,11769000.0,915900.0,0.0,0.0,0.0,0.0,0.0,116270.0,0.0,0.0,0.0,0.0,0.0
2020-02-07,165020480.0,72831920.0,118431800.0,45599880.0,36851040.0,113515219.0,48660970.0,49202760.0,33815420.0,30780100.0,9588000.0,1395780.0,0.0,0.0,0.0,0.0,0.0,115620.0,0.0,0.0,0.0,0.0,0.0
2020-02-08,0.0,0.0,0.0,0.0,0.0,0.0,0.0,0.0,0.0,0.0,0.0,0.0,0.0,0.0,0.0,0.0,0.0,0.0,0.0,0.0,0.0,0.0,0.0
2020-02-09,0.0,0.0,0.0,0.0,0.0,0.0,0.0,0.0,0.0,0.0,0.0,0.0,0.0,0.0,0.0,0.0,0.0,0.0,0.0,0.0,0.0,0.0,0.0
2020-02-10,129573270.0,46861970.0,85510360.0,38648390.0,35752350.0,83624720.0,28898990.0,29222140.0,25682310.0,28823600.0,6772400.0,1044420.0,0.0,0.0,0.0,0.0,0.0,100770.0,0.0,0.0,0.0,0.0,0.0
2020-02-11,159265510.0,70070560.0,110340660.0,40270100.0,38073680.0,105788167.0,39349600.0,39803090.0,23140330.0,26335200.0,7689000.0,1337680.0,0.0,0.0,0.0,0.0,0.0,160780.0,0.0,0.0,0.0,0.0,0.0
2020-02-12,187439280.0,80775330.0,133552460.0,52777130.0,42507970.0,132749611.0,53031050.0,53753620.0,38153850.0,41424900.0,9499900.0,1540550.0,0.0,0.0,0.0,0.0,0.0,103000.0,0.0,0.0,0.0,0.0,0.0
2020-02-13,163399728.0,58430270.0,100555900.0,42125630.0,44035570.0,96977658.0,34174600.0,34639970.0,26852420.0,36514100.0,13041600.0,1173370.0,0.0,0.0,0.0,0.0,0.0,110000.0,0.0,0.0,0.0,0.0,0.0
2020-02-14,172195600.0,74645390.0,115098600.0,40453210.0,44201660.0,112175695.0,49365100.0,50219180.0,30493410.0,30652400.0,12150100.0,743840.0,0.0,0.0,0.0,0.0,0.0,130000.0,0.0,0.0,0.0,0.0,0.0
2020-02-15,0.0,0.0,0.0,0.0,0.0,0.0,0.0,0.0,0.0,0.0,0.0,0.0,0.0,0.0,0.0,0.0,0.0,0.0,0.0,0.0,0.0,0.0,0.0
2020-02-16,0.0,0.0,0.0,0.0,0.0,0.0,0.0,0.0,0.0,0.0,0.0,0.0,0.0,0.0,0.0,0.0,0.0,0.0,0.0,0.0,0.0,0.0,0.0
2020-02-17,149349950.0,58437180.0,99845280.0,41408100.0,38507430.0,89445426.0,40522480.0,41336210.0,29633840.0,28780800.0,9003700.0,560050.0,0.0,0.0,0.0,0.0,0.0,130430.0,0.0,0.0,0.0,0.0,0.0
2020-02-18,164327840.0,60234370.0,108417900.0,48183530.0,42216950.0,90803671.0,33622400.0,34904520.0,26122160.0,28498300.0,9809300.0,1381830.0,0.0,0.0,0.0,0.0,0.0,122000.0,0.0,0.0,0.0,0.0,0.0
2020-02-19,161801070.0,52573160.0,102569040.0,49995880.0,48919550.0,90200046.0,27375770.0,28224690.0,20785890.0,30394800.0,9883800.0,597630.0,0.0,0.0,0.0,0.0,0.0,131410.0,0.0,0.0,0.0,0.0,0.0
2020-02-20,183636850.0,59013520.0,114546270.0,55532750.0,57333830.0,104817607.0,34965600.0,35701030.0,27389580.0,35854000.0,10733100.0,486860.0,0.0,0.0,0.0,0.0,0.0,89500.0,0.0,0.0,0.0,0.0,0.0
2020-02-21,179503790.0,66759070.0,116296220.0,49537150.0,50501870.0,99015902.0,43772740.0,44465460.0,35503170.0,33049900.0,16588200.0,1517360.0,0.0,0.0,0.0,0.0,0.0,110600.0,0.0,0.0,0.0,0.0,0.0
2020-02-22,0.0,0.0,0.0,0.0,0.0,0.0,0.0,0.0,0.0,0.0,0.0,0.0,0.0,0.0,0.0,0.0,0.0,0.0,0.0,0.0,0.0,0.0,0.0
2020-02-23,0.0,0.0,0.0,0.0,0.0,0.0,0.0,0.0,0.0,0.0,0.0,0.0,0.0,0.0,0.0,0.0,0.0,0.0,0.0,0.0,0.0,0.0,0.0
2020-02-24,255965410.0,95170340.0,184482320.0,89311980.0,57157460.0,181251973.0,61650190.0,62526370.0,50260940.0,64948600.0,16469200.0,564000.0,0.0,0.0,0.0,0.0,0.0,166100.0,0.0,0.0,0.0,0.0,0.0
2020-02-25,186008510.0,69289070.0,122385860.0,53096790.0,50367260.0,120892011.0,43691920.0,44659200.0,37510230.0,42525200.0,11662800.0,1062540.0,0.0,0.0,0.0,0.0,0.0,190210.0,0.0,0.0,0.0,0.0,0.0
2020-02-26,131173700.0,54642970.0,91001150.0,36358180.0,30183090.0,109590415.0,31312370.0,31945790.0,25318670.0,52897700.0,10653700.0,419330.0,0.0,0.0,0.0,0.0,0.0,101960.0,0.0,0.0,0.0,0.0,0.0
2020-02-27,135468580.0,55423910.0,90082980.0,34659070.0,33147380.0,97373706.0,33722960.0,34470760.0,23565770.0,41782400.0,9956500.0,1153740.0,0.0,0.0,0.0,0.0,0.0,135000.0,0.0,0.0,0.0,0.0,0.0
2020-02-28,184315860.0,69885780.0,126421710.0,56535930.0,46350280.0,141612680.0,41340880.0,42128010.0,28987720.0,65546200.0,18510800.0,1474530.0,0.0,0.0,0.0,0.0,0.0,111080.0,0.0,0.0,0.0,0.0,0.0
2020-02-29,0.0,0.0,0.0,0.0,0.0,0.0,0.0,0.0,0.0,0.0,0.0,0.0,0.0,0.0,0.0,0.0,0.0,0.0,0.0,0.0,0.0,0.0,0.0
2020-03-01,0.0,0.0,0.0,0.0,0.0,0.0,0.0,0.0,0.0,0.0,0.0,0.0,0.0,0.0,0.0,0.0,0.0,0.0,0.0,0.0,0.0,0.0,0.0
2020-03-02,173927240.0,69305330.0,112312960.0,43007630.0,49899410.0,154702270.0,49496360.0,50035100.0,21230930.0,78116700.0,23326900.0,1406800.0,0.0,0.0,0.0,0.0,0.0,164920.0,0.0,0.0,0.0,0.0,0.0
2020-03-03,176373200.0,64175180.0,119744850.0,55569670.0,45595550.0,146551665.0,43237980.0,44236890.0,25977930.0,78361400.0,17023300.0,661360.0,0.0,0.0,0.0,0.0,0.0,110000.0,0.0,0.0,0.0,0.0,0.0
2020-03-04,195439390.0,52991210.0,131568810.0,78577600.0,48266180.0,156788456.0,32831460.0,34020900.0,21565680.0,87834100.0,18200800.0,1366600.0,0.0,0.0,0.0,0.0,0.0,100020.0,0.0,0.0,0.0,0.0,0.0
2020-03-05,209158850.0,67022900.0,137030040.0,70007140.0,58291010.0,187340109.0,43887450.0,44703120.0,23529690.0,110889300.0,16995200.0,497280.0,0.0,0.0,0.0,0.0,0.0,111020.0,0.0,0.0,0.0,0.0,0.0
2020-03-06,175600680.0,53908060.0,105705010.0,51796950.0,51679780.0,108723640.0,30474250.0,31181890.0,22935870.0,50493400.0,14686100.0,1549940.0,0.0,0.0,0.0,0.0,0.0,95070.0,0.0,0.0,0.0,0.0,0.0
2020-03-07,0.0,0.0,0.0,0.0,0.0,0.0,0.0,0.0,0.0,0.0,0.0,0.0,0.0,0.0,0.0,0.0,0.0,0.0,0.0,0.0,0.0,0.0,0.0
2020-03-08,0.0,0.0,0.0,0.0,0.0,0.0,0.0,0.0,0.0,0.0,0.0,0.0,0.0,0.0,0.0,0.0,0.0,0.0,0.0,0.0,0.0,0.0,0.0
2020-03-09,273180820.0,107131850.0,185724590.0,78592740.0,67758080.0,171651611.0,57460660.0,59527660.0,46707130.0,54701400.0,32240200.0,1425700.0,0.0,0.0,0.0,0.0,0.0,123160.0,0.0,0.0,0.0,0.0,0.0
2020-03-10,242825240.0,90062880.0,156115570.0,66052690.0,67441440.0,157547485.0,52054000.0,53259770.0,34615120.0,62290900.0,15742500.0,3243780.0,0.0,0.0,0.0,0.0,0.0,169390.0,0.0,0.0,0.0,0.0,0.0
2020-03-11,278303370.0,99250550.0,171192830.0,71942280.0,87139900.0,180292371.0,57800960.0,58752850.0,41090610.0,71622200.0,16719800.0,2538450.0,0.0,0.0,0.0,0.0,0.0,162460.0,0.0,0.0,0.0,0.0,0.0
2020-03-12,311344630.0,113236020.0,217749120.0,104513100.0,70379190.0,200184884.0,67569000.0,68645270.0,46629450.0,74712200.0,22195500.0,2025430.0,0.0,0.0,0.0,0.0,0.0,105500.0,0.0,0.0,0.0,0.0,0.0
2020-03-13,289011560.0,113472590.0,200098870.0,86626280.0,63598970.0,198175276.0,63737130.0,64928830.0,47551620.0,84565000.0,23049700.0,3161760.0,0.0,0.0,0.0,0.0,0.0,137830.0,0.0,0.0,0.0,0.0,0.0
2020-03-14,0.0,0.0,0.0,0.0,0.0,0.0,0.0,0.0,0.0,0.0,0.0,0.0,0.0,0.0,0.0,0.0,0.0,0.0,0.0,0.0,0.0,0.0,0.0
2020-03-15,0.0,0.0,0.0,0.0,0.0,0.0,0.0,0.0,0.0,0.0,0.0,0.0,0.0,0.0,0.0,0.0,0.0,0.0,0.0,0.0,0.0,0.0,0.0
2020-03-16,222784370.0,74029820.0,151580870.0,77551050.0,55995410.0,131026542.0,39842810.0,41610010.0,29644680.0,40693100.0,11741800.0,3282350.0,0.0,0.0,0.0,0.0,0.0,113420.0,0.0,0.0,0.0,0.0,0.0
2020-03-17,202420360.0,80439940.0,140325560.0,59885620.0,45925380.0,132356362.0,48331250.0,49300280.0,36078660.0,47422200.0,11577600.0,2523040.0,0.0,0.0,0.0,0.0,0.0,147130.0,0.0,0.0,0.0,0.0,0.0
2020-03-18,205460100.0,77434820.0,144819720.0,67384900.0,43725750.0,131319871.0,35342190.0,36454450.0,25125410.0,66025900.0,15452200.0,1380000.0,0.0,0.0,0.0,0.0,3240.0,77100.0,0.0,0.0,0.0,0.0,0.0
2020-03-19,308921920.0,73193700.0,146280600.0,73086900.0,143562240.0,132072613.0,31248520.0,32481280.0,22303880.0,87550400.0,10576700.0,2380290.0,0.0,0.0,0.0,0.0,23940.0,77600.0,0.0,0.0,0.0,0.0,0.0
2020-03-20,197474500.0,81174090.0,127775300.0,46601210.0,56151080.0,125412433.0,31882720.0,33488540.0,22783820.0,50025700.0,16893200.0,1805300.0,0.0,0.0,0.0,0.0,3160.0,80510.0,0.0,0.0,0.0,0.0,0.0
2020-03-21,0.0,0.0,0.0,0.0,0.0,0.0,0.0,0.0,0.0,0.0,0.0,0.0,0.0,0.0,0.0,0.0,0.0,0.0,0.0,0.0,0.0,0.0,0.0
2020-03-22,0.0,0.0,0.0,0.0,0.0,0.0,0.0,0.0,0.0,0.0,0.0,0.0,0.0,0.0,0.0,0.0,0.0,0.0,0.0,0.0,0.0,0.0,0.0
2020-03-23,223310850.0,81061380.0,156929550.0,75868170.0,49605740.0,147694336.0,44201710.0,45571850.0,35189410.0,64723500.0,27804500.0,1948010.0,0.0,0.0,0.0,0.0,290.0,117050.0,0.0,0.0,0.0,0.0,0.0
2020-03-24,212661260.0,85901840.0,148330700.0,62428860.0,46291780.0,137089580.0,39936130.0,42261280.0,31969200.0,51415000.0,11478300.0,2835490.0,0.0,0.0,0.0,0.0,1610.0,37160.0,0.0,0.0,0.0,0.0,0.0
2020-03-25,209923920.0,86267230.0,139142270.0,52875040.0,55732480.0,126577195.0,39896320.0,41277030.0,29100090.0,42907100.0,12566600.0,589520.0,0.0,0.0,0.0,0.0,1150.0,132780.0,0.0,0.0,0.0,0.0,0.0
2020-03-26,171216480.0,74094650.0,122186700.0,48092050.0,33970440.0,111392406.0,31976340.0,33042780.0,23549790.0,40971000.0,10519300.0,1276330.0,0.0,0.0,0.0,0.0,0.0,80900.0,0.0,0.0,0.0,0.0,0.0
2020-03-27,212339560.0,102644660.0,157963450.0,55318790.0,36741600.0,142176741.0,40678410.0,41522460.0,28741030.0,40601700.0,11117000.0,2001070.0,0.0,0.0,0.0,0.0,0.0,147190.0,0.0,0.0,0.0,0.0,0.0
2020-03-28,0.0,0.0,0.0,0.0,0.0,0.0,0.0,0.0,0.0,0.0,0.0,0.0,0.0,0.0,0.0,0.0,0.0,0.0,0.0,0.0,0.0,0.0,0.0
2020-03-29,0.0,0.0,0.0,0.0,0.0,0.0,0.0,0.0,0.0,0.0,0.0,0.0,0.0,0.0,0.0,0.0,0.0,0.0,0.0,0.0,0.0,0.0,0.0
2020-03-30,194282800.0,81044380.0,133884520.0,52840140.0,44803330.0,120440477.0,44843570.0,45817620.0,26269330.0,39719800.0,12898900.0,1277920.0,0.0,0.0,0.0,0.0,1000.0,138530.0,0.0,0.0,0.0,0.0,0.0
2020-03-31,227893260.0,77472420.0,146730230.0,69257810.0,66107710.0,133659365.0,37976080.0,38822100.0,28262460.0,49576300.0,10102100.0,1761260.0,0.0,0.0,0.0,0.0,1090.0,60020.0,0.0,0.0,0.0,0.0,0.0
2020-04-01,203313080.0,73251500.0,144057050.0,70805550.0,45054490.0,116147214.0,35258940.0,36287900.0,24988900.0,32706100.0,10220500.0,515370.0,0.0,0.0,0.0,0.0,200.0,140520.0,0.0,0.0,0.0,0.0,0.0
2020-04-02,0.0,0.0,0.0,0.0,0.0,0.0,0.0,0.0,0.0,0.0,0.0,0.0,0.0,0.0,0.0,0.0,0.0,0.0,0.0,0.0,0.0,0.0,0.0
2020-04-03,197918250.0,84127900.0,136087740.0,51959840.0,45100080.0,119677299.0,38153590.0,39210670.0,23445930.0,44071600.0,15404400.0,313370.0,0.0,0.0,0.0,0.0,2390.0,107770.0,0.0,0.0,0.0,0.0,0.0
2020-04-04,0.0,0.0,0.0,0.0,0.0,0.0,0.0,0.0,0.0,0.0,0.0,0.0,0.0,0.0,0.0,0.0,0.0,0.0,0.0,0.0,0.0,0.0,0.0
2020-04-05,0.0,0.0,0.0,0.0,0.0,0.0,0.0,0.0,0.0,0.0,0.0,0.0,0.0,0.0,0.0,0.0,0.0,0.0,0.0,0.0,0.0,0.0,0.0
2020-04-06,304964360.0,127163130.0,203094250.0,75931120.0,81132500.0,187712651.0,54365680.0,56807060.0,37186380.0,61223500.0,17808200.0,551730.0,0.0,0.0,0.0,0.0,4840.0,117330.0,0.0,0.0,0.0,0.0,0.0
2020-04-07,276556810.0,117080630.0,205853290.0,88772660.0,54676130.0,187538854.0,62872570.0,64899650.0,42064270.0,56476200.0,13984400.0,375400.0,0.0,0.0,0.0,0.0,8070.0,107250.0,0.0,0.0,0.0,0.0,0.0
2020-04-08,203416250.0,76666570.0,150683270.0,74016700.0,38671640.0,127026026.0,35794890.0,37854310.0,23832500.0,41276900.0,10944500.0,201880.0,0.0,0.0,0.0,0.0,150.0,76420.0,0.0,0.0,0.0,0.0,0.0
2020-04-09,271131720.0,111266900.0,193987940.0,82721040.0,56597750.0,164224797.0,46531720.0,49851580.0,33009610.0,48028900.0,17542700.0,241980.0,0.0,0.0,0.0,0.0,3070.0,78050.0,0.0,0.0,0.0,0.0,0.0
2020-04-10,295263430.0,146864700.0,219364660.0,72499960.0,55892470.0,198802218.0,41082580.0,43803840.0,27681700.0,49912000.0,19747000.0,287880.0,0.0,0.0,0.0,0.0,2060.0,80270.0,0.0,0.0,0.0,0.0,0.0
2020-04-11,0.0,0.0,0.0,0.0,0.0,0.0,0.0,0.0,0.0,0.0,0.0,0.0,0.0,0.0,0.0,0.0,0.0,0.0,0.0,0.0,0.0,0.0,0.0
2020-04-12,0.0,0.0,0.0,0.0,0.0,0.0,0.0,0.0,0.0,0.0,0.0,0.0,0.0,0.0,0.0,0.0,0.0,0.0,0.0,0.0,0.0,0.0,0.0
2020-04-13,200195470.0,82299370.0,144318950.0,62019580.0,34018090.0,124703770.0,35493170.0,37291980.0,26242300.0,35848300.0,14431100.0,387620.0,0.0,0.0,0.0,0.0,120.0,86180.0,0.0,0.0,0.0,0.0,0.0
2020-04-14,229143390.0,94916160.0,165652300.0,70736140.0,42403710.0,143712239.0,43123920.0,45366200.0,34828800.0,50337700.0,17134400.0,546830.0,0.0,0.0,0.0,0.0,20.0,77230.0,0.0,0.0,0.0,0.0,0.0
2020-04-15,255468260.0,91992100.0,175208880.0,83216780.0,60313180.0,147014180.0,48391680.0,51862810.0,37088650.0,48854100.0,19393300.0,401090.0,0.0,0.0,0.0,0.0,2230.0,66140.0,0.0,0.0,0.0,0.0,0.0
2020-04-16,217009350.0,72703140.0,152264160.0,79561020.0,47942290.0,117529918.0,30348420.0,33860530.0,25313040.0,37401100.0,16058300.0,192430.0,0.0,0.0,0.0,0.0,260.0,46420.0,0.0,0.0,0.0,0.0,0.0
2020-04-17,268469130.0,100568910.0,191677550.0,91108640.0,53497230.0,163090253.0,45179630.0,49105120.0,39114740.0,51285800.0,34857200.0,347620.0,0.0,0.0,0.0,0.0,150.0,92190.0,0.0,0.0,0.0,0.0,0.0
2020-04-18,0.0,0.0,0.0,0.0,0.0,0.0,0.0,0.0,0.0,0.0,0.0,0.0,0.0,0.0,0.0,0.0,0.0,0.0,0.0,0.0,0.0,0.0,0.0
2020-04-19,0.0,0.0,0.0,0.0,0.0,0.0,0.0,0.0,0.0,0.0,0.0,0.0,0.0,0.0,0.0,0.0,0.0,0.0,0.0,0.0,0.0,0.0,0.0
2020-04-20,304592700.0,99010230.0,220424340.0,121414110.0,56503070.0,164759635.0,45317630.0,48966830.0,37197420.0,67804200.0,28406500.0,430000.0,0.0,0.0,0.0,0.0,480.0,92150.0,0.0,0.0,0.0,0.0,0.0
2020-04-21,368523950.0,128951820.0,259814060.0,130862240.0,81290160.0,205285703.0,59164510.0,62822620.0,47798430.0,73168900.0,26446300.0,705940.0,0.0,0.0,0.0,0.0,350.0,69760.0,0.0,0.0,0.0,0.0,0.0
2020-04-22,223471930.0,86106800.0,155912350.0,69805550.0,48430530.0,128724729.0,38728210.0,41716530.0,29976880.0,44266900.0,16763900.0,488790.0,0.0,0.0,0.0,0.0,540.0,60000.0,0.0,0.0,0.0,0.0,0.0
2020-04-23,189393000.0,63426140.0,126929130.0,63502990.0,42336010.0,98229773.0,26635100.0,29644540.0,21133090.0,47113200.0,14675400.0,1206290.0,0.0,0.0,0.0,0.0,1410.0,50970.0,0.0,0.0,0.0,0.0,0.0
2020-04-24,226072090.0,64551610.0,157467990.0,92916380.0,50513530.0,112418805.0,22047820.0,23789950.0,17443590.0,43447100.0,16999900.0,428200.0,0.0,0.0,0.0,0.0,1320.0,141220.0,0.0,0.0,0.0,0.0,0.0
2020-04-25,0.0,0.0,0.0,0.0,0.0,0.0,0.0,0.0,0.0,0.0,0.0,0.0,0.0,0.0,0.0,0.0,0.0,0.0,0.0,0.0,0.0,0.0,0.0
2020-04-26,0.0,0.0,0.0,0.0,0.0,0.0,0.0,0.0,0.0,0.0,0.0,0.0,0.0,0.0,0.0,0.0,0.0,0.0,0.0,0.0,0.0,0.0,0.0
2020-04-27,256843490.0,81802970.0,176837860.0,95034890.0,57475640.0,128498114.0,36569000.0,38470760.0,28102420.0,37802800.0,14092600.0,102150.0,0.0,0.0,0.0,0.0,40.0,85290.0,0.0,0.0,0.0,0.0,0.0
2020-04-28,197231630.0,64778960.0,136157460.0,71378500.0,37143840.0,102918784.0,25769840.0,28231970.0,18247430.0,40496600.0,11914800.0,285840.0,0.0,0.0,0.0,0.0,110.0,93980.0,0.0,0.0,0.0,0.0,0.0
2020-04-29,210867100.0,69755970.0,141003270.0,71247300.0,52395800.0,104477830.0,31690250.0,33813690.0,28025310.0,47888800.0,12128200.0,142970.0,0.0,0.0,0.0,0.0,50.0,30310.0,0.0,0.0,0.0,0.0,0.0
2020-04-30,0.0,0.0,0.0,0.0,0.0,0.0,0.0,0.0,0.0,0.0,0.0,0.0,0.0,0.0,0.0,0.0,0.0,0.0,0.0,0.0,0.0,0.0,0.0
2020-05-01,0.0,0.0,0.0,0.0,0.0,0.0,0.0,0.0,0.0,0.0,0.0,0.0,0.0,0.0,0.0,0.0,0.0,0.0,0.0,0.0,0.0,0.0,0.0
2020-05-02,0.0,0.0,0.0,0.0,0.0,0.0,0.0,0.0,0.0,0.0,0.0,0.0,0.0,0.0,0.0,0.0,0.0,0.0,0.0,0.0,0.0,0.0,0.0
2020-05-03,0.0,0.0,0.0,0.0,0.0,0.0,0.0,0.0,0.0,0.0,0.0,0.0,0.0,0.0,0.0,0.0,0.0,0.0,0.0,0.0,0.0,0.0,0.0
2020-05-04,253967720.0,65868010.0,172757430.0,106889420.0,60181920.0,128387219.0,28167240.0,30669940.0,24595130.0,40347900.0,11212500.0,53890.0,0.0,0.0,0.0,0.0,200.0,66620.0,0.0,0.0,0.0,0.0,0.0
2020-05-05,168997250.0,48703130.0,103986750.0,55283620.0,45843940.0,80413796.0,19400200.0,21562810.0,14737310.0,26217000.0,8313300.0,165430.0,0.0,0.0,0.0,0.0,21940.0,50700.0,0.0,0.0,0.0,0.0,0.0
2020-05-06,209914330.0,77213190.0,141819190.0,64606000.0,45525790.0,121333551.0,29532960.0,31154380.0,24102800.0,51298700.0,15498800.0,65510.0,0.0,0.0,0.0,0.0,20340.0,83610.0,0.0,0.0,0.0,0.0,0.0
2020-05-07,214433830.0,82601000.0,152958910.0,70357910.0,39612840.0,121872084.0,42784090.0,44823390.0,28911790.0,37461900.0,14601200.0,676580.0,0.0,0.0,0.0,0.0,25020.0,83200.0,0.0,0.0,0.0,0.0,0.0
2020-05-08,340156270.0,146260040.0,250967070.0,104707030.0,57347970.0,207326621.0,85837020.0,89627000.0,62979560.0,62023100.0,31637200.0,478900.0,0.0,0.0,0.0,0.0,1110.0,123870.0,0.0,0.0,0.0,0.0,0.0
2020-05-09,0.0,0.0,0.0,0.0,0.0,0.0,0.0,0.0,0.0,0.0,0.0,0.0,0.0,0.0,0.0,0.0,0.0,0.0,0.0,0.0,0.0,0.0,0.0
2020-05-10,0.0,0.0,0.0,0.0,0.0,0.0,0.0,0.0,0.0,0.0,0.0,0.0,0.0,0.0,0.0,0.0,0.0,0.0,0.0,0.0,0.0,0.0,0.0
2020-05-11,268927930.0,107514590.0,194963290.0,87448700.0,44449720.0,166162417.0,60268950.0,63688990.0,45947880.0,51104100.0,24327100.0,302370.0,0.0,0.0,0.0,0.0,3260.0,74140.0,0.0,0.0,0.0,0.0,0.0
2020-05-12,290069940.0,104564430.0,209658390.0,105093960.0,51768610.0,160896461.0,53037450.0,58380270.0,45357680.0,51663800.0,19470600.0,968540.0,10.0,0.0,0.0,0.0,160.0,108680.0,0.0,0.0,0.0,0.0,0.0
2020-05-13,338667310.0,122448880.0,233000260.0,110551380.0,72563260.0,188373164.0,65555570.0,69496380.0,50765450.0,61047400.0,20124100.0,928900.0,10.0,0.0,0.0,0.0,1020.0,70640.0,0.0,0.0,0.0,0.0,0.0
2020-05-14,273950180.0,86237430.0,185290980.0,99053550.0,61419950.0,146974147.0,50397200.0,56601140.0,32978410.0,59383000.0,22949300.0,66770.0,10.0,0.0,0.0,0.0,200.0,54440.0,0.0,0.0,0.0,0.0,0.0
2020-05-15,258289700.0,80443320.0,173841650.0,93398330.0,57993570.0,142219088.0,44226080.0,47511050.0,36591710.0,70702900.0,26788900.0,80440.0,873860.0,0.0,0.0,0.0,720.0,119560.0,0.0,0.0,0.0,0.0,0.0
2020-05-16,0.0,0.0,0.0,0.0,0.0,0.0,0.0,0.0,0.0,0.0,0.0,0.0,0.0,0.0,0.0,0.0,0.0,0.0,0.0,0.0,0.0,0.0,0.0
2020-05-17,0.0,0.0,0.0,0.0,0.0,0.0,0.0,0.0,0.0,0.0,0.0,0.0,0.0,0.0,0.0,0.0,0.0,0.0,0.0,0.0,0.0,0.0,0.0
2020-05-18,224260950.0,81990780.0,156622690.0,74631910.0,45713210.0,138023805.0,43659470.0,46237170.0,35713410.0,51188100.0,14033400.0,711790.0,189470.0,0.0,0.0,0.0,110.0,118970.0,0.0,0.0,0.0,0.0,0.0
2020-05-19,293801450.0,119339160.0,219170330.0,99831170.0,47983030.0,190008219.0,62331290.0,65974750.0,47090330.0,58332600.0,21913500.0,250860.0,737600.0,0.0,0.0,0.0,20150.0,176330.0,0.0,0.0,0.0,0.0,0.0
2020-05-20,235672860.0,97443060.0,174823100.0,77380040.0,38217520.0,144383250.0,48735570.0,50337380.0,24447270.0,43361900.0,16718900.0,93220.0,597500.0,0.0,0.0,0.0,28430.0,70150.0,0.0,0.0,0.0,0.0,0.0
2020-05-21,301190730.0,134973200.0,218169520.0,83196320.0,53819260.0,215839637.0,52205160.0,54778940.0,43188570.0,71768300.0,13596500.0,491060.0,261280.0,0.0,0.0,0.0,31640.0,61010.0,0.0,0.0,0.0,0.0,0.0
2020-05-22,265002610.0,95158480.0,189451380.0,94292900.0,49044780.0,171406818.0,53278140.0,56883750.0,34787840.0,66993400.0,24231700.0,1770610.0,545560.0,0.0,0.0,0.0,2020.0,50350.0,0.0,0.0,0.0,0.0,0.0
2020-05-23,0.0,0.0,0.0,0.0,0.0,0.0,0.0,0.0,0.0,0.0,0.0,0.0,0.0,0.0,0.0,0.0,0.0,0.0,0.0,0.0,0.0,0.0,0.0
2020-05-24,0.0,0.0,0.0,0.0,0.0,0.0,0.0,0.0,0.0,0.0,0.0,0.0,0.0,0.0,0.0,0.0,0.0,0.0,0.0,0.0,0.0,0.0,0.0
2020-05-25,259643410.0,81739940.0,174250360.0,92510420.0,61076700.0,138355026.0,39404410.0,42191690.0,26657160.0,43842200.0,16376200.0,615080.0,482700.0,0.0,0.0,0.0,180.0,40770.0,0.0,0.0,0.0,0.0,0.0
2020-05-26,306464080.0,101929820.0,223835920.0,121906100.0,56612970.0,169870620.0,51292330.0,54479960.0,35079820.0,60690700.0,19659900.0,393590.0,240640.0,0.0,0.0,0.0,11400.0,81120.0,0.0,0.0,0.0,0.0,0.0
2020-05-27,354487370.0,119115010.0,253192960.0,134077950.0,69157190.0,195946703.0,63384620.0,67633160.0,43268590.0,58093700.0,24838500.0,159820.0,113450.0,0.0,0.0,0.0,210.0,58350.0,0.0,0.0,0.0,0.0,0.0
2020-05-28,261439230.0,91471520.0,182382800.0,90911280.0,52858900.0,146294791.0,46828070.0,51424010.0,27276580.0,39233100.0,12498300.0,478690.0,53320.0,0.0,0.0,0.0,880.0,37770.0,0.0,0.0,0.0,0.0,0.0
2020-05-29,281746500.0,76808710.0,174193510.0,97384800.0,75862510.0,135098621.0,29865540.0,37466170.0,21143920.0,49599300.0,22440600.0,130360.0,207830.0,0.0,0.0,0.0,70.0,78120.0,0.0,0.0,0.0,0.0,0.0
2020-05-30,0.0,0.0,0.0,0.0,0.0,0.0,0.0,0.0,0.0,0.0,0.0,0.0,0.0,0.0,0.0,0.0,0.0,0.0,0.0,0.0,0.0,0.0,0.0
2020-05-31,0.0,0.0,0.0,0.0,0.0,0.0,0.0,0.0,0.0,0.0,0.0,0.0,0.0,0.0,0.0,0.0,0.0,0.0,0.0,0.0,0.0,0.0,0.0
2020-06-01,418333970.0,176781350.0,285599110.0,108817760.0,100649540.0,270613581.0,63289890.0,69048010.0,45030820.0,78653100.0,26366300.0,225430.0,439360.0,0.0,0.0,0.0,106210.0,54100.0,0.0,0.0,0.0,0.0,0.0
2020-06-02,442308030.0,147384620.0,326512790.0,179128170.0,75190020.0,240947723.0,60372350.0,65023550.0,43871260.0,76857800.0,48585500.0,193680.0,167930.0,0.0,0.0,0.0,10950.0,97940.0,0.0,0.0,0.0,0.0,0.0
2020-06-03,285088708.0,89255290.0,193035640.0,103780350.0,98311940.0,153692706.0,34981370.0,38062790.0,28694580.0,56602600.0,35528200.0,1554230.0,46020.0,0.0,0.0,0.0,80.0,31920.0,0.0,0.0,0.0,0.0,0.0
2020-06-04,357669059.0,135464800.0,272992040.0,137527240.0,92277580.0,206256947.0,58692920.0,65560060.0,39987230.0,65055800.0,58411800.0,701220.0,147280.0,0.0,0.0,0.0,160.0,50710.0,0.0,0.0,0.0,0.0,0.0
2020-06-05,403215436.0,147686540.0,291346080.0,143659540.0,129223730.0,227513876.0,49515380.0,52345510.0,29382320.0,67352700.0,49168700.0,446860.0,16660.0,0.0,0.0,0.0,2640.0,77800.0,0.0,0.0,0.0,0.0,0.0
2020-06-06,0.0,0.0,0.0,0.0,0.0,0.0,0.0,0.0,0.0,0.0,0.0,0.0,0.0,0.0,0.0,0.0,0.0,0.0,0.0,0.0,0.0,0.0,0.0
2020-06-07,0.0,0.0,0.0,0.0,0.0,0.0,0.0,0.0,0.0,0.0,0.0,0.0,0.0,0.0,0.0,0.0,0.0,0.0,0.0,0.0,0.0,0.0,0.0
2020-06-08,509361980.0,155914950.0,325004490.0,169089540.0,137461350.0,270477751.0,59578020.0,65438030.0,47057570.0,102255000.0,45216200.0,1214890.0,310820.0,0.0,0.0,0.0,2890.0,60510.0,0.0,0.0,0.0,0.0,0.0
2020-06-09,311668275.0,152484730.0,298022390.0,145537660.0,114398980.0,237165847.0,47291580.0,52562340.0,30692170.0,79353000.0,37451300.0,346180.0,155640.0,0.0,0.0,0.0,5100.0,72420.0,0.0,0.0,0.0,0.0,0.0
2020-06-10,394416889.0,164035740.0,362854140.0,198818400.0,109871370.0,254844592.0,70510520.0,76370270.0,40763890.0,72785700.0,35746600.0,384300.0,316780.0,0.0,0.0,0.0,50110.0,110150.0,0.0,0.0,0.0,0.0,0.0
2020-06-11,623766555.0,191851870.0,426756450.0,234904580.0,191070380.0,331587554.0,89998740.0,97124380.0,56644490.0,118222900.0,57281800.0,1153640.0,726830.0,0.0,0.0,0.0,23130.0,84940.0,0.0,0.0,0.0,0.0,0.0
2020-06-12,544093628.0,183055290.0,365943360.0,182888070.0,179538660.0,285722042.0,75842000.0,81539480.0,42600430.0,80358800.0,44560700.0,1062160.0,662980.0,0.0,0.0,0.0,108990.0,101680.0,0.0,0.0,0.0,0.0,0.0
2020-06-13,0.0,0.0,0.0,0.0,0.0,0.0,0.0,0.0,0.0,0.0,0.0,0.0,0.0,0.0,0.0,0.0,0.0,0.0,0.0,0.0,0.0,0.0,0.0
2020-06-14,0.0,0.0,0.0,0.0,0.0,0.0,0.0,0.0,0.0,0.0,0.0,0.0,0.0,0.0,0.0,0.0,0.0,0.0,0.0,0.0,0.0,0.0,0.0
2020-06-15,459911916.0,141902860.0,304231100.0,162328240.0,119829290.0,240740099.0,74821700.0,81442790.0,37204540.0,81892900.0,33924800.0,477170.0,216690.0,0.0,0.0,0.0,62870.0,48790.0,0.0,0.0,0.0,0.0,0.0
2020-06-16,359812660.0,84854820.0,195750660.0,110895840.0,136982360.0,151977488.0,44711580.0,47843220.0,24018280.0,60916900.0,21267100.0,251750.0,166810.0,0.0,0.0,0.0,27250.0,50640.0,0.0,0.0,0.0,0.0,0.0
2020-06-17,311400140.0,76200410.0,170396390.0,94195980.0,116617480.0,142039464.0,31641480.0,38688300.0,15173550.0,70236000.0,20264800.0,602090.0,106370.0,0.0,0.0,0.0,5680.0,70230.0,0.0,0.0,0.0,0.0,0.0
2020-06-18,234958560.0,58891460.0,127877350.0,68985890.0,84863600.0,103387491.0,26367700.0,30607510.0,11405870.0,48260700.0,12924900.0,332960.0,37400.0,0.0,0.0,0.0,18150.0,60000.0,0.0,0.0,0.0,0.0,0.0
2020-06-19,372261840.0,81044560.0,214198310.0,133153750.0,129573790.0,147754618.0,35101440.0,38751200.0,22399900.0,48002200.0,49488100.0,574780.0,132810.0,0.0,0.0,0.0,860.0,88250.0,0.0,0.0,0.0,0.0,0.0
2020-06-20,0.0,0.0,0.0,0.0,0.0,0.0,0.0,0.0,0.0,0.0,0.0,0.0,0.0,0.0,0.0,0.0,0.0,0.0,0.0,0.0,0.0,0.0,0.0
2020-06-21,0.0,0.0,0.0,0.0,0.0,0.0,0.0,0.0,0.0,0.0,0.0,0.0,0.0,0.0,0.0,0.0,0.0,0.0,0.0,0.0,0.0,0.0,0.0
2020-06-22,330561410.0,68483440.0,199624940.0,131141500.0,104949040.0,127877533.0,28499670.0,31065230.0,17751470.0,57410200.0,23702700.0,1087470.0,211160.0,0.0,0.0,0.0,11700.0,93680.0,0.0,0.0,0.0,0.0,0.0
2020-06-23,400635460.0,95807000.0,244789090.0,148982090.0,128731820.0,183134714.0,44837970.0,52056170.0,24106510.0,66858500.0,20331000.0,635700.0,335860.0,0.0,0.0,0.0,10610.0,90280.0,0.0,0.0,0.0,0.0,0.0
2020-06-24,340026770.0,74689590.0,210862460.0,136172870.0,103160540.0,158913208.0,35007600.0,38333860.0,22709120.0,51802200.0,19190600.0,765870.0,244390.0,0.0,0.0,0.0,49040.0,168040.0,0.0,0.0,0.0,0.0,0.0
2020-06-25,285078310.0,74549190.0,187737540.0,113188350.0,74648210.0,141078350.0,27572960.0,31472940.0,19099060.0,57773700.0,15380500.0,823110.0,199780.0,0.0,0.0,0.0,44310.0,83000.0,0.0,0.0,0.0,0.0,0.0
2020-06-26,258644960.0,53642210.0,166173490.0,112531280.0,71004620.0,131498535.0,22631150.0,25549360.0,12831660.0,50276800.0,28580900.0,136360.0,144000.0,0.0,0.0,0.0,5260.0,81390.0,0.0,0.0,0.0,0.0,0.0
2020-06-27,0.0,0.0,0.0,0.0,0.0,0.0,0.0,0.0,0.0,0.0,0.0,0.0,0.0,0.0,0.0,0.0,0.0,0.0,0.0,0.0,0.0,0.0,0.0
2020-06-28,0.0,0.0,0.0,0.0,0.0,0.0,0.0,0.0,0.0,0.0,0.0,0.0,0.0,0.0,0.0,0.0,0.0,0.0,0.0,0.0,0.0,0.0,0.0
2020-06-29,335622750.0,97111120.0,219823720.0,122712600.0,88303870.0,166524190.0,44322660.0,48148880.0,27439910.0,53388900.0,23897100.0,500420.0,849790.0,0.0,0.0,0.0,10030.0,73750.0,0.0,0.0,0.0,0.0,0.0
2020-06-30,308543890.0,74258230.0,191833190.0,117574960.0,91170380.0,141551954.0,29779900.0,33278720.0,18841960.0,57538600.0,17768700.0,657680.0,362770.0,0.0,0.0,0.0,70100.0,40600.0,0.0,0.0,0.0,0.0,0.0
2020-07-01,251635370.0,56962280.0,156081230.0,99118950.0,72052620.0,121172786.0,23579100.0,26101080.0,13516490.0,33088800.0,12978900.0,749680.0,50390.0,0.0,0.0,0.0,5050.0,45000.0,0.0,0.0,0.0,0.0,0.0
2020-07-02,190900470.0,54056700.0,132359610.0,78302910.0,37388380.0,103453980.0,16330710.0,17659530.0,11379380.0,24010000.0,10555200.0,691500.0,302820.0,0.0,0.0,0.0,58360.0,40360.0,0.0,0.0,0.0,0.0,0.0
2020-07-03,172688260.0,43303010.0,106587300.0,63284290.0,47951660.0,79399150.0,15388220.0,17378010.0,13485250.0,31465900.0,18253700.0,1083110.0,47790.0,0.0,0.0,0.0,7140.0,131060.0,0.0,0.0,0.0,0.0,0.0
2020-07-04,0.0,0.0,0.0,0.0,0.0,0.0,0.0,0.0,0.0,0.0,0.0,0.0,0.0,0.0,0.0,0.0,0.0,0.0,0.0,0.0,0.0,0.0,0.0
2020-07-05,0.0,0.0,0.0,0.0,0.0,0.0,0.0,0.0,0.0,0.0,0.0,0.0,0.0,0.0,0.0,0.0,0.0,0.0,0.0,0.0,0.0,0.0,0.0
2020-07-06,194421760.0,74204520.0,130735850.0,56531330.0,45820790.0,107923565.0,35840070.0,37771040.0,18714700.0,31231600.0,13204700.0,605660.0,196160.0,0.0,0.0,0.0,150220.0,58160.0,0.0,0.0,0.0,0.0,0.0
2020-07-07,284435650.0,87361600.0,201208250.0,113846650.0,59491060.0,168628038.0,32621260.0,35076400.0,23108060.0,33381400.0,12388500.0,894270.0,17790.0,0.0,0.0,0.0,230.0,92070.0,0.0,0.0,0.0,0.0,0.0
2020-07-08,184014420.0,52132960.0,118367580.0,66234620.0,43741920.0,90979373.0,24921040.0,26772710.0,15761040.0,25202700.0,12151300.0,80590.0,35040.0,0.0,0.0,0.0,51860.0,58370.0,0.0,0.0,0.0,0.0,0.0
2020-07-09,259149310.0,81034330.0,168179950.0,87145620.0,68392650.0,128172616.0,43308240.0,46635430.0,27270780.0,46271500.0,22355100.0,1356370.0,16340.0,0.0,0.0,0.0,20040.0,35100.0,0.0,0.0,0.0,0.0,0.0
2020-07-10,254910040.0,71215730.0,155980730.0,84765000.0,76981520.0,115273026.0,33498310.0,36484630.0,17629630.0,30473700.0,26847200.0,845800.0,87900.0,0.0,0.0,0.0,310.0,117010.0,0.0,0.0,0.0,0.0,0.0
2020-07-11,0.0,0.0,0.0,0.0,0.0,0.0,0.0,0.0,0.0,0.0,0.0,0.0,0.0,0.0,0.0,0.0,0.0,0.0,0.0,0.0,0.0,0.0,0.0
2020-07-12,0.0,0.0,0.0,0.0,0.0,0.0,0.0,0.0,0.0,0.0,0.0,0.0,0.0,0.0,0.0,0.0,0.0,0.0,0.0,0.0,0.0,0.0,0.0
2020-07-13,203912630.0,65612220.0,134989470.0,69377250.0,48443800.0,107017577.0,28808200.0,30422500.0,22798370.0,29179100.0,12375000.0,37780.0,137290.0,0.0,0.0,0.0,10630.0,52130.0,0.0,0.0,0.0,0.0,0.0
2020-07-14,204647390.0,60124200.0,126387020.0,66262820.0,54842510.0,94018841.0,34134200.0,36087560.0,18925920.0,32257100.0,12827600.0,456250.0,171530.0,0.0,0.0,0.0,21780.0,41070.0,0.0,0.0,0.0,0.0,0.0
2020-07-15,223490580.0,53466480.0,133293920.0,79827440.0,70373320.0,94828584.0,24443790.0,25776730.0,17342840.0,29654600.0,14993800.0,661900.0,26260.0,0.0,0.0,0.0,9040.0,68590.0,0.0,0.0,0.0,0.0,0.0
2020-07-16,220943960.0,64520530.0,142756920.0,78236390.0,55272670.0,119161709.0,23570480.0,26343480.0,21150610.0,31383000.0,10923400.0,17500.0,59390.0,0.0,0.0,0.0,68230.0,54010.0,0.0,0.0,0.0,0.0,0.0
2020-07-17,238997770.0,65439170.0,151214490.0,85775320.0,65190980.0,116843533.0,34735900.0,36611750.0,21720450.0,38915200.0,29564800.0,634760.0,79540.0,0.0,0.0,0.0,112550.0,40000.0,0.0,0.0,0.0,0.0,0.0
2020-07-18,0.0,0.0,0.0,0.0,0.0,0.0,0.0,0.0,0.0,0.0,0.0,0.0,0.0,0.0,0.0,0.0,0.0,0.0,0.0,0.0,0.0,0.0,0.0
2020-07-19,0.0,0.0,0.0,0.0,0.0,0.0,0.0,0.0,0.0,0.0,0.0,0.0,0.0,0.0,0.0,0.0,0.0,0.0,0.0,0.0,0.0,0.0,0.0
2020-07-20,256105460.0,69313020.0,169466320.0,100153300.0,61878050.0,125773539.0,29317680.0,31767510.0,20758430.0,35050200.0,13266600.0,198010.0,176380.0,0.0,0.0,0.0,74400.0,39690.0,0.0,0.0,0.0,0.0,0.0
2020-07-21,216046880.0,62634380.0,149303320.0,86668940.0,47967540.0,118960214.0,27300920.0,29124890.0,20285980.0,32096000.0,16816700.0,72780.0,85180.0,0.0,0.0,0.0,70220.0,41660.0,2660.0,0.0,0.0,0.0,0.0
2020-07-22,207218280.0,65223560.0,137702650.0,72479090.0,47351550.0,103790392.0,25403160.0,27644390.0,16958350.0,32161800.0,26432000.0,114720.0,100150.0,0.0,0.0,0.0,70030.0,69010.0,90820.0,0.0,0.0,0.0,0.0
2020-07-23,221114760.0,73617580.0,143196630.0,69579050.0,55416050.0,115529845.0,26427660.0,29490340.0,15501830.0,39292500.0,12776000.0,253490.0,122070.0,0.0,0.0,0.0,81070.0,47980.0,25130.0,0.0,0.0,0.0,0.0
2020-07-24,436845540.0,142231570.0,299848650.0,157617080.0,97526880.0,239923768.0,65549470.0,70141700.0,50013940.0,68862600.0,39357200.0,245220.0,536530.0,0.0,0.0,0.0,40910.0,70580.0,2840.0,0.0,0.0,0.0,0.0
2020-07-25,0.0,0.0,0.0,0.0,0.0,0.0,0.0,0.0,0.0,0.0,0.0,0.0,0.0,0.0,0.0,0.0,0.0,0.0,0.0,0.0,0.0,0.0,0.0
2020-07-26,0.0,0.0,0.0,0.0,0.0,0.0,0.0,0.0,0.0,0.0,0.0,0.0,0.0,0.0,0.0,0.0,0.0,0.0,0.0,0.0,0.0,0.0,0.0
2020-07-27,374271440.0,127324950.0,262580830.0,135255880.0,78860120.0,210070423.0,70292470.0,74754520.0,46159160.0,65022400.0,42943900.0,169100.0,534110.0,0.0,0.0,0.0,76980.0,97670.0,2640.0,0.0,0.0,0.0,0.0
2020-07-28,310645950.0,106762410.0,211584640.0,104822230.0,70770580.0,170527644.0,46881780.0,50259500.0,29164310.0,48351000.0,20272100.0,242340.0,93880.0,0.0,0.0,0.0,775780.0,80720.0,4870.0,0.0,0.0,0.0,0.0
2020-07-29,311001410.0,95374560.0,208410810.0,113036250.0,65979870.0,162725454.0,42761090.0,45745370.0,25643930.0,52674500.0,20591100.0,198440.0,242830.0,0.0,0.0,0.0,325810.0,58580.0,1440.0,0.0,0.0,0.0,0.0
2020-07-30,163227530.0,51151920.0,103818760.0,52666840.0,40544870.0,80536128.0,22339160.0,23654140.0,13989860.0,29098100.0,13490300.0,218750.0,141570.0,0.0,0.0,0.0,13710.0,58460.0,5930.0,0.0,0.0,0.0,0.0
2020-07-31,219670740.0,58079130.0,145373560.0,87294430.0,54388780.0,103249896.0,22841110.0,24090480.0,19318790.0,31953100.0,24070500.0,213370.0,121260.0,0.0,0.0,0.0,182470.0,59110.0,31380.0,0.0,0.0,0.0,0.0
2020-08-01,0.0,0.0,0.0,0.0,0.0,0.0,0.0,0.0,0.0,0.0,0.0,0.0,0.0,0.0,0.0,0.0,0.0,0.0,0.0,0.0,0.0,0.0,0.0
2020-08-02,0.0,0.0,0.0,0.0,0.0,0.0,0.0,0.0,0.0,0.0,0.0,0.0,0.0,0.0,0.0,0.0,0.0,0.0,0.0,0.0,0.0,0.0,0.0
2020-08-03,244789940.0,75712850.0,156672590.0,80959740.0,66204100.0,123831111.0,29464780.0,31422730.0,18696640.0,42694400.0,14816000.0,37410.0,22070.0,0.0,0.0,0.0,125000.0,96370.0,9510.0,0.0,0.0,0.0,0.0
2020-08-04,251465920.0,62080110.0,142694130.0,80614020.0,84376770.0,106950277.0,26119710.0,29079020.0,18591900.0,39679400.0,14984100.0,116730.0,82520.0,0.0,0.0,0.0,26210.0,40530.0,2500.0,0.0,0.0,0.0,0.0
2020-08-05,264841620.0,84975870.0,170779590.0,85803720.0,68849490.0,134077098.0,30368790.0,32949880.0,22895150.0,40602400.0,18168500.0,305880.0,656920.0,0.0,0.0,0.0,164290.0,60560.0,9980.0,0.0,0.0,0.0,0.0
2020-08-06,233729360.0,64066590.0,144613510.0,80546920.0,61404310.0,114325843.0,24541950.0,26967560.0,18993960.0,40664500.0,16539500.0,672890.0,577850.0,0.0,0.0,0.0,178350.0,71550.0,7960.0,0.0,0.0,0.0,0.0
2020-08-07,230026640.0,68194780.0,151552210.0,83357430.0,58329810.0,124960693.0,22121710.0,23427100.0,17248910.0,30583100.0,18040600.0,211340.0,518400.0,0.0,0.0,0.0,135950.0,67430.0,10230.0,0.0,0.0,0.0,0.0
2020-08-08,0.0,0.0,0.0,0.0,0.0,0.0,0.0,0.0,0.0,0.0,0.0,0.0,0.0,0.0,0.0,0.0,0.0,0.0,0.0,0.0,0.0,0.0,0.0
2020-08-09,0.0,0.0,0.0,0.0,0.0,0.0,0.0,0.0,0.0,0.0,0.0,0.0,0.0,0.0,0.0,0.0,0.0,0.0,0.0,0.0,0.0,0.0,0.0
2020-08-10,277423110.0,79376100.0,180571190.0,101195090.0,73924460.0,134794019.0,34220340.0,36839210.0,23987150.0,47365000.0,14957500.0,791180.0,624070.0,0.0,0.0,0.0,47820.0,114000.0,4920.0,0.0,0.0,0.0,0.0
2020-08-11,226765520.0,60223460.0,141948690.0,81725230.0,63945090.0,116090197.0,28799190.0,30765990.0,18255370.0,48567000.0,21322600.0,334760.0,75360.0,0.0,0.0,0.0,35340.0,51780.0,4620.0,0.0,0.0,0.0,0.0
2020-08-12,238422860.0,71949730.0,152835500.0,80885770.0,61726480.0,119999794.0,29959260.0,31379340.0,23595220.0,37553700.0,18918000.0,251230.0,59220.0,0.0,0.0,0.0,30040.0,50000.0,2250.0,0.0,0.0,0.0,0.0
2020-08-13,236129250.0,62104890.0,143740860.0,81635970.0,66737500.0,107327706.0,27558490.0,31473920.0,23158420.0,38365100.0,16976400.0,379690.0,18560.0,0.0,0.0,0.0,40150.0,81600.0,4480.0,0.0,0.0,0.0,0.0
2020-08-14,285091480.0,85640670.0,183421510.0,97780840.0,69368910.0,145619705.0,36636140.0,39615930.0,32391680.0,48698600.0,28146600.0,367120.0,219010.0,0.0,0.0,0.0,31020.0,35000.0,5770.0,0.0,0.0,0.0,0.0
2020-08-15,0.0,0.0,0.0,0.0,0.0,0.0,0.0,0.0,0.0,0.0,0.0,0.0,0.0,0.0,0.0,0.0,0.0,0.0,0.0,0.0,0.0,0.0,0.0
2020-08-16,0.0,0.0,0.0,0.0,0.0,0.0,0.0,0.0,0.0,0.0,0.0,0.0,0.0,0.0,0.0,0.0,0.0,0.0,0.0,0.0,0.0,0.0,0.0
2020-08-17,215893300.0,57165820.0,130379330.0,73213510.0,57938520.0,107958936.0,25389020.0,26923240.0,22875980.0,40858500.0,21177900.0,41870.0,45840.0,0.0,0.0,0.0,26100.0,55150.0,4130.0,0.0,0.0,0.0,0.0
2020-08-18,183415680.0,41657400.0,118583410.0,76926010.0,44081200.0,92713434.0,19049470.0,21115430.0,18613510.0,39618800.0,19692600.0,50190.0,11510.0,0.0,0.0,197330.0,20180.0,45000.0,2000.0,0.0,0.0,0.0,0.0
2020-08-19,214883630.0,51465360.0,136930780.0,85465420.0,50659610.0,108877291.0,19217710.0,21041290.0,22931320.0,51881100.0,16706700.0,49750.0,10680.0,0.0,0.0,6540.0,20050.0,30000.0,1780.0,0.0,0.0,0.0,0.0
2020-08-20,232011660.0,65866250.0,148566030.0,82699780.0,56909120.0,128929359.0,29640570.0,31819390.0,28556120.0,55269400.0,17119500.0,435690.0,268280.0,0.0,0.0,54180.0,65450.0,65160.0,3800.0,0.0,0.0,0.0,0.0
2020-08-21,262789870.0,78118940.0,171028290.0,92909350.0,66999290.0,123897778.0,46429970.0,50141530.0,34595150.0,43829000.0,30307300.0,338340.0,613340.0,0.0,0.0,17700.0,156480.0,61560.0,3510.0,0.0,0.0,0.0,0.0
2020-08-22,0.0,0.0,0.0,0.0,0.0,0.0,0.0,0.0,0.0,0.0,0.0,0.0,0.0,0.0,0.0,0.0,0.0,0.0,0.0,0.0,0.0,0.0,0.0
2020-08-23,0.0,0.0,0.0,0.0,0.0,0.0,0.0,0.0,0.0,0.0,0.0,0.0,0.0,0.0,0.0,0.0,0.0,0.0,0.0,0.0,0.0,0.0,0.0
2020-08-24,345727410.0,102484240.0,217484650.0,115000410.0,89257640.0,169176770.0,52136940.0,55289100.0,38676060.0,48014300.0,27353700.0,1224710.0,246260.0,0.0,0.0,104590.0,101190.0,111800.0,6400.0,0.0,0.0,0.0,0.0
2020-08-25,342448420.0,107201730.0,218524060.0,111322330.0,87597910.0,176542835.0,48000480.0,53071240.0,48273430.0,52563700.0,24764500.0,2110630.0,429870.0,0.0,0.0,241110.0,100410.0,45600.0,3060.0,0.0,0.0,0.0,0.0
2020-08-26,320824630.0,89049860.0,206667660.0,117617800.0,80191700.0,171382531.0,40559990.0,44246610.0,32999630.0,58527500.0,25501700.0,100410.0,306020.0,0.0,0.0,6780.0,20360.0,62350.0,3730.0,0.0,0.0,0.0,0.0
2020-08-27,279106260.0,72352280.0,176616900.0,104264620.0,67657180.0,122959985.0,27617540.0,31485140.0,26428680.0,42766500.0,18853700.0,205470.0,158190.0,0.0,0.0,2020.0,50020.0,57950.0,1290.0,0.0,0.0,0.0,0.0
2020-08-28,328738170.0,102827430.0,208395590.0,105568160.0,85391230.0,166962916.0,55588530.0,59185090.0,42664340.0,57435500.0,32417300.0,1735590.0,343210.0,0.0,0.0,11310.0,100110.0,155000.0,3370.0,0.0,0.0,0.0,0.0
2020-08-29,0.0,0.0,0.0,0.0,0.0,0.0,0.0,0.0,0.0,0.0,0.0,0.0,0.0,0.0,0.0,0.0,0.0,0.0,0.0,0.0,0.0,0.0,0.0
2020-08-30,0.0,0.0,0.0,0.0,0.0,0.0,0.0,0.0,0.0,0.0,0.0,0.0,0.0,0.0,0.0,0.0,0.0,0.0,0.0,0.0,0.0,0.0,0.0
2020-08-31,333312960.0,82419120.0,192696500.0,110277380.0,85944180.0,152907755.0,36535870.0,39574120.0,32144650.0,54406800.0,26667200.0,329090.0,202290.0,0.0,0.0,1210.0,1700.0,41500.0,1110.0,0.0,0.0,0.0,0.0
2020-09-01,285412810.0,78823790.0,183127050.0,104303260.0,67891890.0,156022531.0,31849770.0,34392800.0,26300570.0,44141400.0,17238400.0,645270.0,272720.0,0.0,0.0,2560.0,100280.0,54420.0,1880.0,0.0,0.0,0.0,0.0
2020-09-02,0.0,0.0,0.0,0.0,0.0,0.0,0.0,0.0,0.0,0.0,0.0,0.0,0.0,0.0,0.0,0.0,0.0,0.0,0.0,0.0,0.0,0.0,0.0
2020-09-03,323223440.0,104709690.0,212092670.0,107382980.0,73210620.0,179543626.0,48328560.0,51957040.0,34281810.0,52257600.0,21487100.0,1281800.0,1458680.0,0.0,0.0,2950.0,53390.0,127010.0,2890.0,0.0,0.0,0.0,0.0
2020-09-04,316184660.0,103338380.0,207838290.0,104499910.0,69404070.0,166175933.0,50276170.0,54773870.0,28049730.0,51213300.0,36400600.0,74840.0,279030.0,0.0,0.0,200030.0,50200.0,45110.0,30.0,0.0,0.0,0.0,0.0
2020-09-05,0.0,0.0,0.0,0.0,0.0,0.0,0.0,0.0,0.0,0.0,0.0,0.0,0.0,0.0,0.0,0.0,0.0,0.0,0.0,0.0,0.0,0.0,0.0
2020-09-06,0.0,0.0,0.0,0.0,0.0,0.0,0.0,0.0,0.0,0.0,0.0,0.0,0.0,0.0,0.0,0.0,0.0,0.0,0.0,0.0,0.0,0.0,0.0
2020-09-07,382825000.0,98247460.0,238679070.0,140431610.0,91903390.0,174878055.0,49818110.0,55566750.0,36286000.0,52326900.0,22003100.0,552500.0,87360.0,0.0,0.0,50220.0,1190.0,127910.0,850.0,0.0,0.0,0.0,0.0
2020-09-08,266880030.0,81334060.0,160311250.0,78977190.0,72931160.0,136840637.0,36264100.0,40541010.0,25459900.0,50435800.0,16320300.0,1118820.0,210840.0,0.0,0.0,7330.0,50550.0,40890.0,2270.0,0.0,0.0,0.0,0.0
2020-09-09,282232270.0,82985570.0,182189270.0,99203700.0,65059820.0,138784227.0,38675030.0,42707950.0,23617750.0,40046600.0,21744700.0,491960.0,396490.0,0.0,0.0,10010.0,10850.0,75000.0,10.0,0.0,0.0,0.0,0.0
2020-09-10,283019010.0,67659910.0,164627030.0,96967120.0,86994030.0,116964073.0,31815830.0,35824960.0,21766180.0,40589700.0,18599800.0,900250.0,206480.0,0.0,0.0,1110.0,51010.0,65000.0,1070.0,0.0,0.0,0.0,0.0
2020-09-11,269585440.0,64103290.0,155942410.0,91839120.0,84087940.0,113291170.0,26321520.0,29162200.0,17907780.0,48512300.0,44171000.0,972740.0,128990.0,0.0,0.0,7100.0,34910.0,31450.0,3330.0,0.0,0.0,0.0,0.0
2020-09-12,0.0,0.0,0.0,0.0,0.0,0.0,0.0,0.0,0.0,0.0,0.0,0.0,0.0,0.0,0.0,0.0,0.0,0.0,0.0,0.0,0.0,0.0,0.0
2020-09-13,0.0,0.0,0.0,0.0,0.0,0.0,0.0,0.0,0.0,0.0,0.0,0.0,0.0,0.0,0.0,0.0,0.0,0.0,0.0,0.0,0.0,0.0,0.0
2020-09-14,318768720.0,65500510.0,207318570.0,141818060.0,80029180.0,153868028.0,30149560.0,33558280.0,23182040.0,55258500.0,33776100.0,153340.0,114090.0,0.0,0.0,120.0,10000.0,55090.0,1500.0,0.0,0.0,0.0,0.0
2020-09-15,343362100.0,87508060.0,210188720.0,122680660.0,100431160.0,151424570.0,53515750.0,57331910.0,23819990.0,57699500.0,23935000.0,194740.0,27510.0,0.0,0.0,100340.0,52250.0,85250.0,90.0,0.0,0.0,0.0,0.0
2020-09-16,262872740.0,54112550.0,176128800.0,122016250.0,64795130.0,136143978.0,29878770.0,33489100.0,22662090.0,52993500.0,30350600.0,24280.0,76440.0,0.0,0.0,50.0,210.0,60800.0,30.0,0.0,0.0,0.0,0.0
2020-09-17,371114920.0,96606620.0,244373030.0,147766410.0,92647780.0,177393074.0,42729190.0,46673930.0,32460280.0,58349500.0,36750100.0,424970.0,528820.0,0.0,0.0,430.0,70200.0,95510.0,10.0,0.0,0.0,0.0,0.0
2020-09-18,303725090.0,94168740.0,206694890.0,112526150.0,58974310.0,152187512.0,48661140.0,55521030.0,39199200.0,43202400.0,49237700.0,1377340.0,622760.0,0.0,0.0,425670.0,304610.0,90060.0,4590.0,0.0,0.0,0.0,0.0
2020-09-19,0.0,0.0,0.0,0.0,0.0,0.0,0.0,0.0,0.0,0.0,0.0,0.0,0.0,0.0,0.0,0.0,0.0,0.0,0.0,0.0,0.0,0.0,0.0
2020-09-20,0.0,0.0,0.0,0.0,0.0,0.0,0.0,0.0,0.0,0.0,0.0,0.0,0.0,0.0,0.0,0.0,0.0,0.0,0.0,0.0,0.0,0.0,0.0
2020-09-21,349431690.0,106118340.0,234075460.0,127957120.0,72595160.0,188307177.0,60455720.0,65786240.0,40624540.0,69148300.0,36840400.0,1212200.0,336880.0,0.0,0.0,50230.0,1040.0,37810.0,2150.0,0.0,0.0,0.0,0.0
2020-09-22,367748340.0,130393430.0,259608630.0,129215200.0,73904770.0,219759991.0,81560250.0,88273700.0,33883380.0,66560900.0,31459800.0,78260.0,123620.0,0.0,0.0,30.0,180560.0,69410.0,450.0,0.0,0.0,0.0,0.0
2020-09-23,324674020.0,111915820.0,232556700.0,120640880.0,57963240.0,195297627.0,62411660.0,69571670.0,38300630.0,50966900.0,27263600.0,255040.0,434040.0,0.0,0.0,191510.0,108480.0,64050.0,5330.0,0.0,0.0,0.0,0.0
2020-09-24,357987680.0,90213290.0,218841570.0,128628280.0,67071320.0,169866555.0,53347750.0,60258020.0,36289660.0,45817100.0,26057400.0,694240.0,132510.0,0.0,0.0,460.0,3610.0,40950.0,480.0,0.0,0.0,0.0,0.0
2020-09-25,326126870.0,105360670.0,219734550.0,114373880.0,64482600.0,187325142.0,70725770.0,77358510.0,29145000.0,48354900.0,40699400.0,116450.0,375780.0,0.0,0.0,1220.0,50100.0,62000.0,260.0,0.0,0.0,0.0,0.0
2020-09-26,0.0,0.0,0.0,0.0,0.0,0.0,0.0,0.0,0.0,0.0,0.0,0.0,0.0,0.0,0.0,0.0,0.0,0.0,0.0,0.0,0.0,0.0,0.0
2020-09-27,0.0,0.0,0.0,0.0,0.0,0.0,0.0,0.0,0.0,0.0,0.0,0.0,0.0,0.0,0.0,0.0,0.0,0.0,0.0,0.0,0.0,0.0,0.0
2020-09-28,378529100.0,134681820.0,276652400.0,141970580.0,68305690.0,235226360.0,73638580.0,79043300.0,42326590.0,52303900.0,30166100.0,132170.0,197620.0,0.0,0.0,51220.0,160620.0,49090.0,1260.0,0.0,0.0,0.0,0.0
2020-09-29,438172690.0,135082450.0,304715490.0,169633040.0,82942870.0,244368285.0,66985210.0,73206800.0,42991680.0,62233100.0,31676400.0,686070.0,321730.0,0.0,0.0,469070.0,43670.0,143870.0,21150.0,0.0,0.0,0.0,0.0
2020-09-30,310162690.0,104923280.0,216981370.0,112058090.0,59151840.0,170380328.0,56828900.0,63043340.0,31298410.0,43339000.0,26508100.0,547940.0,280700.0,0.0,0.0,196600.0,5000.0,55020.0,2320.0,0.0,0.0,0.0,0.0
2020-10-01,330218020.0,106515880.0,226431810.0,119915930.0,69932700.0,174319558.0,55896490.0,67845160.0,34820190.0,54125600.0,35892900.0,153020.0,603070.0,0.0,0.0,30.0,1500.0,94270.0,830.0,0.0,0.0,0.0,0.0
2020-10-02,501297560.0,164531140.0,354747900.0,190216760.0,97163300.0,309780344.0,79801780.0,88205600.0,51624930.0,87884700.0,57092500.0,248320.0,188650.0,0.0,0.0,382250.0,760.0,80700.0,6550.0,0.0,0.0,0.0,0.0
2020-10-03,0.0,0.0,0.0,0.0,0.0,0.0,0.0,0.0,0.0,0.0,0.0,0.0,0.0,0.0,0.0,0.0,0.0,0.0,0.0,0.0,0.0,0.0,0.0
2020-10-04,0.0,0.0,0.0,0.0,0.0,0.0,0.0,0.0,0.0,0.0,0.0,0.0,0.0,0.0,0.0,0.0,0.0,0.0,0.0,0.0,0.0,0.0,0.0
2020-10-05,420759580.0,115090400.0,292175670.0,177085270.0,91024210.0,236917869.0,64668940.0,72652630.0,51455980.0,79261600.0,25146400.0,60960.0,171550.0,0.0,0.0,4970.0,1350.0,55890.0,660.0,0.0,0.0,0.0,0.0
2020-10-06,472545310.0,148279580.0,323120400.0,174840820.0,114601010.0,252607573.0,67084750.0,75713500.0,46010450.0,58100100.0,32638300.0,636840.0,184580.0,0.0,0.0,252060.0,1000.0,68580.0,2370.0,0.0,0.0,0.0,0.0
2020-10-07,496266530.0,157151510.0,329805670.0,172654160.0,118239240.0,277510524.0,66342150.0,75379700.0,51414280.0,68341200.0,26264300.0,1590330.0,364380.0,0.0,0.0,749510.0,1360.0,52050.0,3850.0,0.0,0.0,0.0,0.0
2020-10-08,446311540.0,139809540.0,306278780.0,166469240.0,85811860.0,238937851.0,68253540.0,73674920.0,55668680.0,65734200.0,28046300.0,291390.0,415220.0,0.0,0.0,3810.0,52330.0,70050.0,480.0,0.0,0.0,0.0,0.0
2020-10-09,343796560.0,115723800.0,234266720.0,118542920.0,69230360.0,189666713.0,53449230.0,61314450.0,44520290.0,65005700.0,40579800.0,459770.0,260570.0,0.0,0.0,200000.0,210.0,31200.0,3030.0,0.0,0.0,0.0,0.0
2020-10-10,0.0,0.0,0.0,0.0,0.0,0.0,0.0,0.0,0.0,0.0,0.0,0.0,0.0,0.0,0.0,0.0,0.0,0.0,0.0,0.0,0.0,0.0,0.0
2020-10-11,0.0,0.0,0.0,0.0,0.0,0.0,0.0,0.0,0.0,0.0,0.0,0.0,0.0,0.0,0.0,0.0,0.0,0.0,0.0,0.0,0.0,0.0,0.0
2020-10-12,414162820.0,130255360.0,282581070.0,152325710.0,85036340.0,230799478.0,71796890.0,79823700.0,55769900.0,64176200.0,27477600.0,448170.0,465340.0,0.0,0.0,10920.0,120150.0,76010.0,5550.0,0.0,0.0,0.0,0.0
2020-10-13,322972210.0,103915810.0,228867990.0,124952180.0,56911850.0,179798220.0,54882740.0,59534030.0,43078570.0,35102100.0,19853900.0,148670.0,276200.0,0.0,0.0,470.0,280.0,62610.0,10.0,0.0,0.0,0.0,0.0
2020-10-14,386750560.0,176566350.0,285505630.0,108939280.0,56543510.0,256187231.0,102514000.0,109133900.0,84083560.0,59113200.0,35805600.0,1072530.0,318540.0,0.0,0.0,4250.0,109950.0,108790.0,1780.0,0.0,0.0,0.0,0.0
2020-10-15,439631740.0,167589220.0,330661180.0,163071960.0,65318920.0,273612916.0,82482660.0,89224370.0,65124700.0,62786100.0,56042600.0,551630.0,194820.0,0.0,0.0,48010.0,2900.0,97260.0,1110.0,0.0,0.0,0.0,0.0
2020-10-16,395580380.0,157348820.0,291321450.0,133972630.0,59619170.0,240717223.0,85848130.0,93358900.0,91523890.0,45020800.0,35301600.0,523350.0,787120.0,0.0,0.0,137980.0,98800.0,40000.0,1610.0,0.0,0.0,0.0,0.0
2020-10-17,0.0,0.0,0.0,0.0,0.0,0.0,0.0,0.0,0.0,0.0,0.0,0.0,0.0,0.0,0.0,0.0,0.0,0.0,0.0,0.0,0.0,0.0,0.0
2020-10-18,0.0,0.0,0.0,0.0,0.0,0.0,0.0,0.0,0.0,0.0,0.0,0.0,0.0,0.0,0.0,0.0,0.0,0.0,0.0,0.0,0.0,0.0,0.0
2020-10-19,353154450.0,142169620.0,260546590.0,118376970.0,49583120.0,225506833.0,95067490.0,102956730.0,74551200.0,47302000.0,24686800.0,807300.0,705870.0,0.0,0.0,303230.0,4170.0,60580.0,1050.0,0.0,0.0,0.0,0.0
2020-10-20,385659020.0,179990420.0,286895470.0,106905050.0,53165080.0,256274594.0,97664080.0,103285930.0,84716330.0,46026900.0,35383900.0,108490.0,483970.0,0.0,0.0,800500.0,31130.0,206910.0,3510.0,0.0,0.0,0.0,0.0
2020-10-21,372347380.0,152206540.0,269857780.0,117651240.0,63059280.0,225371814.0,100178730.0,111418050.0,77282790.0,49535000.0,30526900.0,349770.0,150140.0,0.0,0.0,402320.0,17010.0,87550.0,120.0,0.0,0.0,0.0,0.0
2020-10-22,316297780.0,133646710.0,227256140.0,93609430.0,51965370.0,192667508.0,82408060.0,89930220.0,63409390.0,41775900.0,20749600.0,395150.0,86230.0,0.0,0.0,331300.0,140.0,62330.0,250460.0,0.0,0.0,0.0,0.0
2020-10-23,392430900.0,163038710.0,270774220.0,107735510.0,72040470.0,237881760.0,73796630.0,79286420.0,63058150.0,60739600.0,39711300.0,554570.0,342530.0,0.0,0.0,347150.0,390.0,104850.0,240.0,0.0,0.0,0.0,0.0
2020-10-24,0.0,0.0,0.0,0.0,0.0,0.0,0.0,0.0,0.0,0.0,0.0,0.0,0.0,0.0,0.0,0.0,0.0,0.0,0.0,0.0,0.0,0.0,0.0
2020-10-25,0.0,0.0,0.0,0.0,0.0,0.0,0.0,0.0,0.0,0.0,0.0,0.0,0.0,0.0,0.0,0.0,0.0,0.0,0.0,0.0,0.0,0.0,0.0
2020-10-26,404773940.0,167434310.0,289964610.0,122530300.0,69345420.0,252698234.0,93584470.0,100003670.0,68169090.0,55670600.0,18821900.0,1216970.0,966900.0,0.0,0.0,1590.0,113780.0,95380.0,2230.0,0.0,0.0,0.0,0.0
2020-10-27,414913610.0,189908440.0,308786640.0,118878200.0,64370730.0,269318409.0,112823890.0,120669500.0,76539330.0,48027300.0,14572200.0,1051890.0,634430.0,0.0,0.0,2540.0,40680.0,61800.0,200.0,0.0,0.0,0.0,0.0
2020-10-28,433068340.0,183439080.0,313458740.0,130019660.0,72971470.0,275647633.0,95789510.0,103042010.0,74156720.0,58984400.0,21972300.0,646960.0,353620.0,0.0,0.0,1310.0,4790.0,51890.0,1710.0,0.0,0.0,0.0,0.0
2020-10-29,355910070.0,151632600.0,247624560.0,95991960.0,62048400.0,211947117.0,86522080.0,91835550.0,76063560.0,42947300.0,14558000.0,605000.0,168160.0,0.0,0.0,1350.0,680.0,42540.0,4610.0,0.0,0.0,0.0,0.0
2020-10-30,297619160.0,130033580.0,217149380.0,87115800.0,45371010.0,189373512.0,67362420.0,70185030.0,67700640.0,33849500.0,20469800.0,237040.0,196710.0,0.0,0.0,169980.0,510.0,25820.0,8650.0,0.0,0.0,0.0,0.0
2020-10-31,0.0,0.0,0.0,0.0,0.0,0.0,0.0,0.0,0.0,0.0,0.0,0.0,0.0,0.0,0.0,0.0,0.0,0.0,0.0,0.0,0.0,0.0,0.0
2020-11-01,0.0,0.0,0.0,0.0,0.0,0.0,0.0,0.0,0.0,0.0,0.0,0.0,0.0,0.0,0.0,0.0,0.0,0.0,0.0,0.0,0.0,0.0,0.0
2020-11-02,273082480.0,83556370.0,190731310.0,107174940.0,54083010.0,158330602.0,45262930.0,48602220.0,40477400.0,30151600.0,10542000.0,310690.0,12200.0,0.0,0.0,151340.0,1050.0,60650.0,180.0,0.0,0.0,0.0,0.0
2020-11-03,302847830.0,110878290.0,206027810.0,95149520.0,48048110.0,179914338.0,63065960.0,66735690.0,49678540.0,36494500.0,10908400.0,333530.0,146920.0,0.0,0.0,529910.0,720.0,33260.0,20.0,0.0,0.0,0.0,0.0
2020-11-04,327410490.0,112218650.0,240255370.0,128036720.0,50502600.0,203193373.0,60730680.0,66182620.0,45569690.0,44187400.0,13096000.0,866740.0,109160.0,0.0,0.0,730.0,110.0,76010.0,3210.0,0.0,0.0,0.0,0.0
2020-11-05,270446750.0,97631160.0,186869460.0,89238300.0,48507300.0,159549079.0,54427980.0,58089430.0,46828080.0,34694700.0,13239000.0,734620.0,219450.0,0.0,0.0,83630.0,1620.0,62880.0,2130.0,0.0,0.0,0.0,0.0
2020-11-06,249258850.0,79120200.0,178803070.0,99682870.0,41691660.0,152551334.0,39741290.0,42818600.0,35124550.0,32378000.0,17514900.0,48590.0,527910.0,0.0,0.0,110.0,880.0,45010.0,740.0,0.0,0.0,0.0,0.0
2020-11-07,0.0,0.0,0.0,0.0,0.0,0.0,0.0,0.0,0.0,0.0,0.0,0.0,0.0,0.0,0.0,0.0,0.0,0.0,0.0,0.0,0.0,0.0,0.0
2020-11-08,0.0,0.0,0.0,0.0,0.0,0.0,0.0,0.0,0.0,0.0,0.0,0.0,0.0,0.0,0.0,0.0,0.0,0.0,0.0,0.0,0.0,0.0,0.0
2020-11-09,369592050.0,108928030.0,259044350.0,150116320.0,58021940.0,218575275.0,51573670.0,57603190.0,47886450.0,53540700.0,13454400.0,631820.0,1247350.0,0.0,0.0,196060.0,100.0,78690.0,240.0,0.0,0.0,0.0,0.0
2020-11-10,422041040.0,137867540.0,299258990.0,161391450.0,60645270.0,268740996.0,72921170.0,83841180.0,52912570.0,69272400.0,16517600.0,720550.0,1045690.0,0.0,0.0,480800.0,400100.0,94430.0,300.0,0.0,0.0,0.0,0.0
2020-11-11,353735780.0,114386310.0,252590580.0,138204270.0,56216560.0,223399711.0,56352230.0,62157480.0,48200140.0,43684500.0,13725900.0,270550.0,234510.0,0.0,0.0,3310.0,431240.0,87610.0,3860.0,0.0,0.0,0.0,0.0
2020-11-12,320081130.0,85346880.0,211382730.0,126035850.0,62822360.0,183384630.0,45744400.0,52774680.0,40036920.0,55424700.0,14299400.0,309140.0,130530.0,0.0,0.0,1440.0,501510.0,62440.0,2160.0,0.0,0.0,0.0,0.0
2020-11-13,419678370.0,122988700.0,287724020.0,164735320.0,76869910.0,237623455.0,84896820.0,92043150.0,64452080.0,49238000.0,24244600.0,349860.0,629060.0,0.0,0.0,110.0,1000500.0,61870.0,10.0,0.0,0.0,0.0,0.0
2020-11-14,0.0,0.0,0.0,0.0,0.0,0.0,0.0,0.0,0.0,0.0,0.0,0.0,0.0,0.0,0.0,0.0,0.0,0.0,0.0,0.0,0.0,0.0,0.0
2020-11-15,0.0,0.0,0.0,0.0,0.0,0.0,0.0,0.0,0.0,0.0,0.0,0.0,0.0,0.0,0.0,0.0,0.0,0.0,0.0,0.0,0.0,0.0,0.0
2020-11-16,484179810.0,173012830.0,343952830.0,170940000.0,74133480.0,296955807.0,102317860.0,110462040.0,86246870.0,58067900.0,18641600.0,520920.0,230660.0,0.0,0.0,720.0,147450.0,60690.0,310.0,0.0,0.0,0.0,0.0
2020-11-17,371415910.0,129177640.0,255113220.0,125935580.0,72376030.0,224865712.0,75314770.0,81883860.0,56409670.0,66015200.0,23735000.0,307640.0,114400.0,0.0,0.0,2400.0,550.0,50390.0,600.0,0.0,0.0,0.0,0.0
2020-11-18,446206150.0,153573720.0,299164970.0,145591250.0,83914050.0,244675511.0,91381040.0,99268570.0,58384380.0,59145500.0,21374400.0,1326850.0,88600.0,0.0,0.0,146570.0,229680.0,55410.0,890.0,0.0,0.0,0.0,0.0
2020-11-19,473474550.0,166086320.0,330183470.0,164097150.0,80285070.0,267104467.0,86630730.0,94467030.0,72597640.0,56676500.0,20995300.0,140860.0,68330.0,0.0,0.0,30.0,2520.0,85550.0,150.0,0.0,0.0,0.0,0.0
2020-11-20,471526920.0,125700510.0,310541030.0,184840520.0,103198680.0,238683337.0,59139680.0,67050600.0,47581860.0,61916500.0,34978100.0,590870.0,509910.0,0.0,0.0,80160.0,147920.0,70280.0,1650.0,0.0,0.0,0.0,0.0
2020-11-21,0.0,0.0,0.0,0.0,0.0,0.0,0.0,0.0,0.0,0.0,0.0,0.0,0.0,0.0,0.0,0.0,0.0,0.0,0.0,0.0,0.0,0.0,0.0
2020-11-22,0.0,0.0,0.0,0.0,0.0,0.0,0.0,0.0,0.0,0.0,0.0,0.0,0.0,0.0,0.0,0.0,0.0,0.0,0.0,0.0,0.0,0.0,0.0
2020-11-23,450110750.0,164653110.0,305872250.0,141219140.0,77490820.0,252685955.0,90940210.0,97776870.0,54126640.0,63236700.0,30966600.0,1400520.0,1114160.0,0.0,0.0,21750.0,350.0,96290.0,7420.0,0.0,0.0,0.0,0.0
2020-11-24,511566140.0,184868340.0,357276960.0,172408620.0,75795900.0,288945265.0,89724740.0,101278710.0,66058840.0,69945700.0,25106700.0,934030.0,749310.0,0.0,0.0,241910.0,101170.0,48510.0,1050.0,0.0,0.0,0.0,0.0
2020-11-25,445346780.0,175122450.0,309549450.0,134427000.0,65546770.0,260936094.0,75402330.0,82761200.0,54428560.0,73221700.0,29744900.0,354690.0,465400.0,0.0,0.0,106440.0,307280.0,56140.0,3230.0,0.0,0.0,0.0,0.0
2020-11-26,411338400.0,156138260.0,284598290.0,128460030.0,61404700.0,217197259.0,84625840.0,89553150.0,55152230.0,62224100.0,28055000.0,1547560.0,507580.0,0.0,0.0,196070.0,115970.0,52740.0,105400.0,0.0,0.0,0.0,0.0
2020-11-27,381723340.0,142656350.0,259236690.0,116580340.0,67300960.0,204560621.0,72939180.0,83762830.0,55498760.0,50968600.0,32413600.0,341840.0,238980.0,0.0,0.0,61930.0,32220.0,52430.0,130.0,0.0,0.0,0.0,0.0
2020-11-28,0.0,0.0,0.0,0.0,0.0,0.0,0.0,0.0,0.0,0.0,0.0,0.0,0.0,0.0,0.0,0.0,0.0,0.0,0.0,0.0,0.0,0.0,0.0
2020-11-29,0.0,0.0,0.0,0.0,0.0,0.0,0.0,0.0,0.0,0.0,0.0,0.0,0.0,0.0,0.0,0.0,0.0,0.0,0.0,0.0,0.0,0.0,0.0
2020-11-30,450045450.0,168722120.0,317127450.0,148405330.0,65099430.0,244997078.0,101084440.0,110370200.0,81269840.0,57807700.0,23464900.0,386930.0,473390.0,0.0,0.0,72260.0,8920.0,54010.0,530.0,0.0,0.0,0.0,0.0
2020-12-01,536207660.0,213408260.0,386813740.0,173405480.0,79237580.0,320088831.0,123918610.0,133115200.0,80266420.0,82143100.0,29029300.0,705160.0,680060.0,0.0,0.0,29910.0,114620.0,97870.0,410.0,0.0,0.0,0.0,0.0
2020-12-02,484658120.0,187854660.0,333788920.0,145934260.0,77679390.0,267016896.0,102480720.0,113698770.0,81003370.0,67270200.0,25228300.0,739480.0,502790.0,0.0,0.0,110.0,547160.0,56940.0,102910.0,0.0,0.0,0.0,0.0
2020-12-03,496771120.0,183517840.0,344736510.0,161218670.0,81946270.0,264236056.0,94047800.0,101623890.0,70914350.0,55254900.0,34147500.0,371910.0,272110.0,0.0,0.0,210.0,1187860.0,53400.0,130.0,0.0,0.0,0.0,0.0
2020-12-04,527019060.0,182020670.0,368919810.0,186899140.0,87482890.0,273626437.0,102673100.0,111426770.0,74447460.0,60624800.0,46782700.0,484610.0,1270420.0,0.0,0.0,770.0,960940.0,7680.0,160.0,0.0,0.0,0.0,0.0
2020-12-05,0.0,0.0,0.0,0.0,0.0,0.0,0.0,0.0,0.0,0.0,0.0,0.0,0.0,0.0,0.0,0.0,0.0,0.0,0.0,0.0,0.0,0.0,0.0
2020-12-06,0.0,0.0,0.0,0.0,0.0,0.0,0.0,0.0,0.0,0.0,0.0,0.0,0.0,0.0,0.0,0.0,0.0,0.0,0.0,0.0,0.0,0.0,0.0
2020-12-07,473554480.0,148301050.0,308276840.0,159975790.0,102304350.0,228187798.0,65490140.0,74258270.0,47188190.0,58067100.0,31602200.0,559630.0,544270.0,0.0,0.0,1930.0,602750.0,45820.0,310.0,0.0,0.0,0.0,0.0
2020-12-08,501250780.0,153446320.0,342987410.0,189541090.0,94014190.0,270965192.0,103517060.0,114678150.0,61644620.0,72772200.0,34329000.0,636170.0,913250.0,0.0,0.0,23180.0,644900.0,75430.0,4060.0,525970.0,0.0,0.0,0.0
2020-12-09,554755640.0,180899680.0,342284980.0,161385300.0,114438650.0,281948721.0,92874210.0,107351980.0,62312740.0,74434200.0,46300600.0,150830.0,338010.0,0.0,0.0,116180.0,804460.0,55210.0,110.0,198190.0,0.0,0.0,0.0
2020-12-10,566339280.0,173563520.0,361017000.0,187453480.0,109935370.0,272825465.0,93641120.0,102844620.0,71424700.0,72288900.0,35704000.0,307670.0,408930.0,0.0,0.0,5480.0,138880.0,30400.0,2830.0,294190.0,0.0,0.0,0.0
2020-12-11,413852370.0,127663730.0,273173470.0,145509740.0,76590480.0,209079027.0,74530290.0,83558840.0,55803090.0,54113300.0,45956300.0,147990.0,203170.0,0.0,0.0,3160.0,1570.0,36590.0,730.0,162710.0,0.0,0.0,0.0
2020-12-12,0.0,0.0,0.0,0.0,0.0,0.0,0.0,0.0,0.0,0.0,0.0,0.0,0.0,0.0,0.0,0.0,0.0,0.0,0.0,0.0,0.0,0.0,0.0
2020-12-13,0.0,0.0,0.0,0.0,0.0,0.0,0.0,0.0,0.0,0.0,0.0,0.0,0.0,0.0,0.0,0.0,0.0,0.0,0.0,0.0,0.0,0.0,0.0
2020-12-14,506310660.0,160378000.0,320313480.0,159935480.0,101293540.0,256442378.0,86484000.0,99701670.0,64304660.0,76249700.0,44541800.0,621860.0,771560.0,0.0,0.0,42160.0,13380.0,62880.0,3480.0,100170.0,0.0,0.0,0.0
2020-12-15,621133560.0,173336680.0,406109970.0,232773290.0,122074520.0,283609014.0,91557420.0,103005050.0,62758970.0,100920300.0,39501500.0,715550.0,860900.0,0.0,0.0,3440.0,3550.0,68380.0,6270.0,373700.0,0.0,0.0,0.0
2020-12-16,556546890.0,178525030.0,367066350.0,188541320.0,99296760.0,274718649.0,115679910.0,126513190.0,79019950.0,71349400.0,32733900.0,198050.0,326940.0,0.0,0.0,52770.0,83550.0,37380.0,620.0,101820.0,0.0,0.0,0.0
2020-12-17,634682600.0,226638630.0,422045600.0,195406970.0,120601600.0,343473797.0,126282440.0,139256540.0,92866810.0,112283500.0,46948700.0,1281610.0,954430.0,0.0,0.0,34900.0,10860.0,44100.0,570.0,205400.0,0.0,0.0,0.0
2020-12-18,560068250.0,183606010.0,364639100.0,181033090.0,111377640.0,275041177.0,106065060.0,120303410.0,63765320.0,88885500.0,50792300.0,1556260.0,555790.0,0.0,0.0,301230.0,24980.0,104050.0,12150.0,206200.0,0.0,0.0,0.0
2020-12-19,0.0,0.0,0.0,0.0,0.0,0.0,0.0,0.0,0.0,0.0,0.0,0.0,0.0,0.0,0.0,0.0,0.0,0.0,0.0,0.0,0.0,0.0,0.0
2020-12-20,0.0,0.0,0.0,0.0,0.0,0.0,0.0,0.0,0.0,0.0,0.0,0.0,0.0,0.0,0.0,0.0,0.0,0.0,0.0,0.0,0.0,0.0,0.0
2020-12-21,660479750.0,187655270.0,412706790.0,225051520.0,135432580.0,323335026.0,120328070.0,138267230.0,81962830.0,115906900.0,57921200.0,626080.0,263040.0,0.0,0.0,480.0,100910.0,40320.0,650.0,343680.0,0.0,0.0,0.0
2020-12-22,695860800.0,204617490.0,439618810.0,235001320.0,169144120.0,339314933.0,113559420.0,131539060.0,70331350.0,114461600.0,55009400.0,468820.0,413790.0,0.0,0.0,5910.0,4230.0,21560.0,830.0,292270.0,0.0,0.0,0.0
2020-12-23,742856110.0,203334040.0,434813880.0,231479840.0,179943400.0,330129532.0,99501280.0,112895810.0,58476040.0,145165300.0,59246700.0,635940.0,965930.0,0.0,0.0,15820.0,3990.0,55710.0,590.0,91610.0,0.0,0.0,0.0
2020-12-24,686557640.0,212709620.0,443510450.0,230800830.0,144122050.0,338675332.0,119500800.0,136516610.0,75451440.0,133059900.0,60040700.0,249360.0,633460.0,0.0,0.0,1940.0,20200.0,132320.0,2130.0,72460.0,0.0,0.0,0.0
2020-12-25,592212900.0,161859380.0,354530540.0,192671160.0,145424040.0,258168006.0,94508370.0,118096560.0,59368320.0,98283200.0,67466300.0,311410.0,912840.0,0.0,0.0,3430.0,11620.0,43610.0,7700.0,1300.0,0.0,0.0,0.0
2020-12-26,0.0,0.0,0.0,0.0,0.0,0.0,0.0,0.0,0.0,0.0,0.0,0.0,0.0,0.0,0.0,0.0,0.0,0.0,0.0,0.0,0.0,0.0,0.0
2020-12-27,0.0,0.0,0.0,0.0,0.0,0.0,0.0,0.0,0.0,0.0,0.0,0.0,0.0,0.0,0.0,0.0,0.0,0.0,0.0,0.0,0.0,0.0,0.0
2020-12-28,663869090.0,190250810.0,427264850.0,237014040.0,145233510.0,315442117.0,94046940.0,110663360.0,55001010.0,122697100.0,52739700.0,359080.0,629820.0,0.0,0.0,1310.0,200.0,43560.0,450.0,95800.0,0.0,0.0,0.0
2020-12-29,618010510.0,153419410.0,370956990.0,217537580.0,148625740.0,274921907.0,71801060.0,88693740.0,51185130.0,101769000.0,53910100.0,123540.0,336070.0,0.0,0.0,930.0,13800.0,79960.0,1970.0,102030.0,0.0,0.0,0.0
2020-12-30,619802880.0,173017710.0,368640730.0,195623020.0,160770550.0,283534243.0,96464530.0,116293940.0,52940090.0,110827200.0,46624200.0,239980.0,774730.0,0.0,0.0,100.0,10490.0,33480.0,2030.0,112660.0,0.0,0.0,0.0
2020-12-31,500978800.0,136030310.0,301331050.0,165300740.0,120206470.0,231375780.0,75575030.0,96278140.0,53220280.0,100208600.0,40617600.0,266160.0,545350.0,0.0,0.0,2800.0,11520.0,68470.0,4750.0,100.0,0.0,0.0,0.0
2021-01-01,0.0,0.0,0.0,0.0,0.0,0.0,0.0,0.0,0.0,0.0,0.0,0.0,0.0,0.0,0.0,0.0,0.0,0.0,0.0,0.0,0.0,0.0,0.0
2021-01-02,0.0,0.0,0.0,0.0,0.0,0.0,0.0,0.0,0.0,0.0,0.0,0.0,0.0,0.0,0.0,0.0,0.0,0.0,0.0,0.0,0.0,0.0,0.0
2021-01-03,0.0,0.0,0.0,0.0,0.0,0.0,0.0,0.0,0.0,0.0,0.0,0.0,0.0,0.0,0.0,0.0,0.0,0.0,0.0,0.0,0.0,0.0,0.0
2021-01-04,709701600.0,233730100.0,435301800.0,201571700.0,159812400.0,356688691.0,153798600.0,175476900.0,100338700.0,106246200.0,50932000.0,606600.0,337800.0,0.0,0.0,800.0,2800.0,66700.0,31700.0,101200.0,0.0,0.0,0.0
2021-01-05,710226500.0,191641100.0,398231100.0,206590000.0,178222700.0,329138677.0,110073800.0,129418100.0,78223500.0,123493900.0,46557400.0,573800.0,476900.0,0.0,0.0,1700.0,40400.0,43600.0,26200.0,40600.0,0.0,0.0,0.0
2021-01-06,725414800.0,225226500.0,440138900.0,214912400.0,150423000.0,367816486.0,128491500.0,147673100.0,80823500.0,126071100.0,53821300.0,905000.0,1544700.0,0.0,0.0,15800.0,8300.0,71200.0,32700.0,105000.0,0.0,0.0,0.0
2021-01-07,719527100.0,215401400.0,433545200.0,218143800.0,166388200.0,359374217.0,119543800.0,148097800.0,69434600.0,152245800.0,55939800.0,858500.0,804300.0,0.0,0.0,3300.0,11800.0,111600.0,37400.0,100500.0,0.0,0.0,0.0
2021-01-08,763095900.0,220086200.0,451704200.0,231618000.0,175845300.0,358144877.0,118224600.0,141022700.0,73290400.0,165035300.0,102154900.0,355500.0,1338600.0,0.0,0.0,102100.0,93000.0,50500.0,47000.0,24000.0,0.0,0.0,0.0
2021-01-09,0.0,0.0,0.0,0.0,0.0,0.0,0.0,0.0,0.0,0.0,0.0,0.0,0.0,0.0,0.0,0.0,0.0,0.0,0.0,0.0,0.0,0.0,0.0
2021-01-10,0.0,0.0,0.0,0.0,0.0,0.0,0.0,0.0,0.0,0.0,0.0,0.0,0.0,0.0,0.0,0.0,0.0,0.0,0.0,0.0,0.0,0.0,0.0
2021-01-11,776321700.0,222792000.0,460948900.0,238156900.0,172932800.0,371219685.0,117080800.0,140708500.0,69961900.0,137942500.0,55811300.0,892000.0,958700.0,0.0,0.0,47500.0,45100.0,62300.0,24600.0,34000.0,0.0,0.0,0.0
2021-01-12,683329700.0,202517400.0,412741900.0,210224500.0,156559200.0,337071315.0,105503000.0,124546500.0,68017700.0,166548300.0,63145200.0,617500.0,771100.0,0.0,0.0,19400.0,32500.0,99000.0,81100.0,37000.0,0.0,0.0,0.0
2021-01-13,747161400.0,187356100.0,418459500.0,231103400.0,193613100.0,378138434.0,96550800.0,121996500.0,65139700.0,197155600.0,60800700.0,570800.0,1805400.0,0.0,0.0,6700.0,51400.0,107800.0,79600.0,200600.0,0.0,0.0,0.0
2021-01-14,737417900.0,229616000.0,452091900.0,222475900.0,176049900.0,372589065.0,115257000.0,137212400.0,60334900.0,124663900.0,50667100.0,417500.0,944300.0,0.0,0.0,500.0,118200.0,37000.0,32200.0,17800.0,0.0,0.0,0.0
2021-01-15,746215900.0,211717400.0,464739900.0,253022500.0,158881100.0,412390392.0,138117300.0,165836800.0,73639100.0,174552500.0,93805100.0,1568800.0,863600.0,0.0,0.0,1600.0,13400.0,57800.0,42100.0,7600.0,0.0,0.0,0.0
2021-01-16,0.0,0.0,0.0,0.0,0.0,0.0,0.0,0.0,0.0,0.0,0.0,0.0,0.0,0.0,0.0,0.0,0.0,0.0,0.0,0.0,0.0,0.0,0.0
2021-01-17,0.0,0.0,0.0,0.0,0.0,0.0,0.0,0.0,0.0,0.0,0.0,0.0,0.0,0.0,0.0,0.0,0.0,0.0,0.0,0.0,0.0,0.0,0.0
2021-01-18,711741000.0,199288900.0,431526600.0,232237700.0,159836300.0,352220378.0,126310900.0,153821200.0,54698200.0,155690900.0,62786500.0,248000.0,883600.0,0.0,0.0,39600.0,25000.0,114400.0,36100.0,46200.0,0.0,0.0,0.0
2021-01-19,923105700.0,324705300.0,572637400.0,247932100.0,220535200.0,529723093.0,149583900.0,175949700.0,90661600.0,263636900.0,91414300.0,158300.0,872200.0,0.0,0.0,15800.0,12700.0,162500.0,21300.0,80600.0,0.0,0.0,0.0
2021-01-20,802789200.0,262600200.0,497548500.0,234948300.0,189360500.0,445812428.0,135854500.0,155538600.0,87573400.0,172477000.0,53844700.0,350800.0,901000.0,0.0,0.0,2100.0,53200.0,91000.0,7000.0,50100.0,0.0,0.0,0.0
2021-01-21,666008100.0,204600400.0,410517800.0,205917400.0,158289000.0,347961956.0,105662500.0,124132500.0,57526100.0,128139000.0,51586500.0,2093900.0,816300.0,0.0,0.0,42900.0,24200.0,84300.0,58500.0,38000.0,0.0,0.0,0.0
2021-01-22,716238000.0,210394400.0,459280400.0,248886000.0,155734900.0,378183490.0,92880000.0,110889400.0,55180700.0,144557500.0,101198900.0,1094900.0,766500.0,0.0,0.0,3200.0,56800.0,102300.0,35400.0,126600.0,0.0,0.0,0.0
2021-01-23,0.0,0.0,0.0,0.0,0.0,0.0,0.0,0.0,0.0,0.0,0.0,0.0,0.0,0.0,0.0,0.0,0.0,0.0,0.0,0.0,0.0,0.0,0.0
2021-01-24,0.0,0.0,0.0,0.0,0.0,0.0,0.0,0.0,0.0,0.0,0.0,0.0,0.0,0.0,0.0,0.0,0.0,0.0,0.0,0.0,0.0,0.0,0.0
2021-01-25,665737500.0,198478400.0,418225000.0,219746600.0,153208400.0,340811904.0,89142300.0,99462400.0,57561400.0,146289100.0,52763400.0,739800.0,932800.0,0.0,0.0,21400.0,60400.0,74600.0,53400.0,30200.0,0.0,0.0,0.0
2021-01-26,743159100.0,236714100.0,489927000.0,253212900.0,159030100.0,423779456.0,107672000.0,118144300.0,68102200.0,183481100.0,64749800.0,772500.0,1186200.0,0.0,0.0,23000.0,65100.0,31000.0,36600.0,162800.0,0.0,0.0,0.0
2021-01-27,745071300.0,241013700.0,496198200.0,255184500.0,155735100.0,406032126.0,120809500.0,139457300.0,75854200.0,137339200.0,55963600.0,2449500.0,1604000.0,0.0,0.0,300.0,30800.0,125400.0,15900.0,6600.0,0.0,0.0,0.0
2021-01-28,698605600.0,282129400.0,480701800.0,198572400.0,110781900.0,432366611.0,148455500.0,166203400.0,90501200.0,119325200.0,59155400.0,609600.0,1768300.0,0.0,0.0,700.0,24500.0,115800.0,14800.0,283300.0,0.0,0.0,0.0
2021-01-29,743995900.0,242653600.0,513300800.0,270647200.0,124911500.0,441560818.0,131634000.0,144532200.0,89751500.0,162941000.0,104657000.0,1435100.0,595500.0,0.0,0.0,400.0,18600.0,86700.0,48800.0,80000.0,0.0,0.0,0.0
2021-01-30,0.0,0.0,0.0,0.0,0.0,0.0,0.0,0.0,0.0,0.0,0.0,0.0,0.0,0.0,0.0,0.0,0.0,0.0,0.0,0.0,0.0,0.0,0.0
2021-01-31,0.0,0.0,0.0,0.0,0.0,0.0,0.0,0.0,0.0,0.0,0.0,0.0,0.0,0.0,0.0,0.0,0.0,0.0,0.0,0.0,0.0,0.0,0.0
2021-02-01,588446500.0,175342500.0,388757400.0,213414900.0,125974700.0,307078702.0,109756100.0,109925400.0,67374600.0,101522100.0,33108800.0,1177800.0,2384300.0,0.0,0.0,5300.0,31600.0,64100.0,31000.0,200800.0,0.0,0.0,0.0
2021-02-02,554905500.0,162837100.0,378788900.0,215951800.0,100168700.0,305033781.0,91622000.0,102513300.0,55307500.0,104294600.0,27735300.0,1491400.0,1749800.0,0.0,0.0,700.0,2200.0,34400.0,30700.0,101900.0,0.0,0.0,0.0
2021-02-03,635966100.0,204897000.0,459757000.0,254860000.0,98440000.0,407933295.0,119866100.0,125367800.0,72151900.0,117146100.0,40209200.0,788800.0,1309000.0,0.0,0.0,500.0,10200.0,145800.0,38800.0,104100.0,0.0,0.0,0.0
2021-02-04,471356200.0,155634900.0,324878500.0,169243600.0,87189400.0,276009365.0,91458600.0,94964000.0,58442500.0,80753900.0,36970000.0,2113200.0,2038400.0,0.0,0.0,92800.0,33200.0,33600.0,39100.0,127000.0,0.0,0.0,0.0
2021-02-05,458710000.0,139783900.0,311588700.0,171804800.0,84909000.0,277097423.0,85543700.0,91865900.0,51743200.0,98621700.0,61864900.0,509200.0,1248000.0,0.0,0.0,24900.0,5300.0,66900.0,34800.0,102200.0,0.0,0.0,0.0
2021-02-06,0.0,0.0,0.0,0.0,0.0,0.0,0.0,0.0,0.0,0.0,0.0,0.0,0.0,0.0,0.0,0.0,0.0,0.0,0.0,0.0,0.0,0.0,0.0
2021-02-07,0.0,0.0,0.0,0.0,0.0,0.0,0.0,0.0,0.0,0.0,0.0,0.0,0.0,0.0,0.0,0.0,0.0,0.0,0.0,0.0,0.0,0.0,0.0
2021-02-08,635387600.0,228472200.0,448513600.0,220041400.0,110556500.0,399593598.0,136371900.0,139804100.0,82657000.0,122171300.0,48032300.0,1286100.0,1783800.0,0.0,0.0,62400.0,23700.0,90500.0,26000.0,167900.0,0.0,0.0,0.0
2021-02-09,490182000.0,173192200.0,337852900.0,164660700.0,82605100.0,288585098.0,106021000.0,109589400.0,67963700.0,73843200.0,30853700.0,1593600.0,541000.0,0.0,0.0,10700.0,8500.0,87000.0,45100.0,18100.0,0.0,0.0,0.0
2021-02-10,0.0,0.0,0.0,0.0,0.0,0.0,0.0,0.0,0.0,0.0,0.0,0.0,0.0,0.0,0.0,0.0,0.0,0.0,0.0,0.0,0.0,0.0,0.0
2021-02-11,0.0,0.0,0.0,0.0,0.0,0.0,0.0,0.0,0.0,0.0,0.0,0.0,0.0,0.0,0.0,0.0,0.0,0.0,0.0,0.0,0.0,0.0,0.0
2021-02-12,0.0,0.0,0.0,0.0,0.0,0.0,0.0,0.0,0.0,0.0,0.0,0.0,0.0,0.0,0.0,0.0,0.0,0.0,0.0,0.0,0.0,0.0,0.0
2021-02-13,0.0,0.0,0.0,0.0,0.0,0.0,0.0,0.0,0.0,0.0,0.0,0.0,0.0,0.0,0.0,0.0,0.0,0.0,0.0,0.0,0.0,0.0,0.0
2021-02-14,0.0,0.0,0.0,0.0,0.0,0.0,0.0,0.0,0.0,0.0,0.0,0.0,0.0,0.0,0.0,0.0,0.0,0.0,0.0,0.0,0.0,0.0,0.0
2021-02-15,0.0,0.0,0.0,0.0,0.0,0.0,0.0,0.0,0.0,0.0,0.0,0.0,0.0,0.0,0.0,0.0,0.0,0.0,0.0,0.0,0.0,0.0,0.0
2021-02-16,0.0,0.0,0.0,0.0,0.0,0.0,0.0,0.0,0.0,0.0,0.0,0.0,0.0,0.0,0.0,0.0,0.0,0.0,0.0,0.0,0.0,0.0,0.0
2021-02-17,510971700.0,174115900.0,352306100.0,178190200.0,90520100.0,298709585.0,107580000.0,110845200.0,73462400.0,86305400.0,46930300.0,878000.0,1121000.0,0.0,0.0,10900.0,18200.0,107000.0,32400.0,5900.0,0.0,0.0,0.0
2021-02-18,585040700.0,183246200.0,408876000.0,225629800.0,114880200.0,359142361.0,112401600.0,115043500.0,70194900.0,124738100.0,57506900.0,803300.0,795000.0,0.0,0.0,9500.0,15600.0,30500.0,33200.0,56100.0,0.0,0.0,0.0
2021-02-19,547575400.0,166179400.0,338860400.0,172681000.0,104250500.0,323388304.0,114366200.0,117627100.0,74083600.0,100476200.0,72346100.0,442800.0,800700.0,0.0,0.0,4200.0,65600.0,130000.0,37600.0,3700.0,0.0,0.0,0.0
2021-02-20,0.0,0.0,0.0,0.0,0.0,0.0,0.0,0.0,0.0,0.0,0.0,0.0,0.0,0.0,0.0,0.0,0.0,0.0,0.0,0.0,0.0,0.0,0.0
2021-02-21,0.0,0.0,0.0,0.0,0.0,0.0,0.0,0.0,0.0,0.0,0.0,0.0,0.0,0.0,0.0,0.0,0.0,0.0,0.0,0.0,0.0,0.0,0.0
2021-02-22,571176900.0,175256400.0,361041400.0,185785000.0,116815400.0,303824152.0,113750400.0,117190300.0,66086100.0,104547200.0,38098800.0,438100.0,1336900.0,0.0,0.0,12300.0,26500.0,49700.0,35700.0,189100.0,0.0,0.0,0.0
2021-02-23,571704900.0,195049200.0,368869400.0,173820200.0,108653100.0,336116982.0,139359300.0,142657000.0,91814800.0,124691300.0,42299900.0,894400.0,1561500.0,0.0,0.0,3800.0,50800.0,60200.0,43800.0,1500.0,0.0,0.0,0.0
2021-02-24,572631700.0,178724400.0,362683600.0,183959200.0,121385100.0,322485448.0,114075200.0,117478700.0,66625900.0,148619600.0,55094900.0,704200.0,1436500.0,0.0,0.0,44200.0,6000.0,140400.0,26100.0,7200.0,0.0,0.0,0.0
2021-02-25,493051100.0,158378900.0,311291600.0,152912700.0,106965700.0,289445836.0,96385500.0,99055300.0,63044000.0,113344400.0,36400000.0,222600.0,929600.0,0.0,0.0,3200.0,93300.0,72700.0,46400.0,152000.0,0.0,0.0,0.0
2021-02-26,528150000.0,178992100.0,342902200.0,163910100.0,113473400.0,316526143.0,99927300.0,102446400.0,65455000.0,113016200.0,67232600.0,475100.0,608900.0,0.0,0.0,1500.0,9100.0,105800.0,30800.0,9300.0,0.0,0.0,0.0
2021-02-27,0.0,0.0,0.0,0.0,0.0,0.0,0.0,0.0,0.0,0.0,0.0,0.0,0.0,0.0,0.0,0.0,0.0,0.0,0.0,0.0,0.0,0.0,0.0
2021-02-28,0.0,0.0,0.0,0.0,0.0,0.0,0.0,0.0,0.0,0.0,0.0,0.0,0.0,0.0,0.0,0.0,0.0,0.0,0.0,0.0,0.0,0.0,0.0
2021-03-01,593011800.0,191028700.0,377470800.0,186442100.0,124243200.0,332684652.0,132805200.0,135146500.0,67541800.0,121136600.0,70876900.0,385100.0,718500.0,0.0,0.0,28000.0,61600.0,107000.0,35700.0,4400.0,0.0,0.0,0.0
2021-03-02,533302200.0,169421200.0,344455200.0,175034000.0,110350400.0,286931222.0,111478400.0,113435200.0,61328400.0,111047700.0,51303000.0,340400.0,1005600.0,0.0,0.0,49800.0,24400.0,38700.0,43500.0,87400.0,0.0,0.0,0.0
2021-03-03,584537200.0,154440900.0,348985200.0,194544300.0,158107700.0,269797208.0,94253400.0,97452200.0,60467700.0,118056600.0,58443400.0,588700.0,815600.0,0.0,0.0,1400.0,2900.0,94800.0,34400.0,232800.0,0.0,0.0,0.0
2021-03-04,629649100.0,183128200.0,404325600.0,221197400.0,147803100.0,348283150.0,121010800.0,124021000.0,72576900.0,171254900.0,108810700.0,202500.0,1310700.0,0.0,0.0,1200.0,27400.0,47200.0,12300.0,7800.0,0.0,0.0,0.0
2021-03-05,568265900.0,205207500.0,373888500.0,168681000.0,111547900.0,330008863.0,109079400.0,110620100.0,61172200.0,151822800.0,117881100.0,681600.0,988800.0,0.0,0.0,1900.0,8400.0,40400.0,33000.0,11100.0,0.0,0.0,0.0
2021-03-06,0.0,0.0,0.0,0.0,0.0,0.0,0.0,0.0,0.0,0.0,0.0,0.0,0.0,0.0,0.0,0.0,0.0,0.0,0.0,0.0,0.0,0.0,0.0
2021-03-07,0.0,0.0,0.0,0.0,0.0,0.0,0.0,0.0,0.0,0.0,0.0,0.0,0.0,0.0,0.0,0.0,0.0,0.0,0.0,0.0,0.0,0.0,0.0
2021-03-08,627495500.0,164933700.0,361910700.0,196977000.0,185608800.0,293090331.0,85721600.0,87975100.0,51989700.0,143301200.0,80877800.0,314100.0,1230100.0,0.0,0.0,1200.0,31500.0,41300.0,31800.0,9200.0,0.0,0.0,0.0
2021-03-09,613096200.0,159976000.0,351751400.0,191775400.0,158696100.0,278344405.0,80729100.0,84864600.0,56167900.0,143857200.0,89452100.0,146200.0,1201100.0,0.0,0.0,2400.0,3500.0,108400.0,30000.0,7600.0,0.0,0.0,0.0
2021-03-10,569498400.0,156010800.0,351750400.0,195739600.0,132995400.0,285842341.0,93219700.0,96984000.0,54808100.0,147147600.0,57502400.0,65700.0,1215600.0,0.0,0.0,11800.0,1300.0,43600.0,30100.0,9600.0,0.0,0.0,0.0
2021-03-11,586252400.0,167311800.0,361299200.0,193987400.0,147746600.0,323927633.0,125007300.0,129199000.0,59991400.0,158676300.0,55874700.0,380700.0,896800.0,0.0,0.0,2800.0,98300.0,65100.0,32000.0,107500.0,0.0,0.0,0.0
2021-03-12,595631800.0,147251900.0,342694100.0,195442200.0,159109600.0,293734929.0,89118400.0,92765200.0,55820200.0,140799800.0,82959300.0,105800.0,1253700.0,0.0,0.0,33600.0,5400.0,70100.0,35000.0,3900.0,0.0,0.0,0.0
2021-03-13,0.0,0.0,0.0,0.0,0.0,0.0,0.0,0.0,0.0,0.0,0.0,0.0,0.0,0.0,0.0,0.0,0.0,0.0,0.0,0.0,0.0,0.0,0.0
2021-03-14,0.0,0.0,0.0,0.0,0.0,0.0,0.0,0.0,0.0,0.0,0.0,0.0,0.0,0.0,0.0,0.0,0.0,0.0,0.0,0.0,0.0,0.0,0.0
2021-03-15,634609700.0,149674500.0,367713000.0,218038500.0,175845600.0,304296433.0,96160700.0,104386800.0,57155200.0,136811500.0,51428200.0,384100.0,968800.0,0.0,0.0,118500.0,25000.0,93800.0,53200.0,25100.0,0.0,0.0,0.0
2021-03-16,629617900.0,163858900.0,390109700.0,226250800.0,167188700.0,371328368.0,96309800.0,103826600.0,52224800.0,164911600.0,71968300.0,204600.0,908900.0,0.0,0.0,4200.0,6400.0,80100.0,19800.0,3700.0,0.0,0.0,0.0
2021-03-17,648766800.0,193596700.0,414795600.0,221198900.0,155328200.0,376933204.0,121771700.0,126298900.0,64011800.0,142964200.0,81623400.0,254900.0,717200.0,0.0,0.0,500.0,2500.0,46200.0,63200.0,78500.0,0.0,0.0,0.0
2021-03-18,570101600.0,155167300.0,352400700.0,197233400.0,141050500.0,314008013.0,112110700.0,116345300.0,66766500.0,143071200.0,50588100.0,228600.0,972700.0,0.0,0.0,24500.0,8700.0,84000.0,31000.0,32400.0,0.0,0.0,0.0
2021-03-19,600925800.0,171417400.0,391161900.0,219744500.0,136503600.0,326743338.0,100917800.0,101760900.0,45963600.0,140309500.0,113180700.0,140200.0,841300.0,0.0,0.0,45100.0,15300.0,77900.0,36900.0,106200.0,0.0,0.0,0.0
2021-03-20,0.0,0.0,0.0,0.0,0.0,0.0,0.0,0.0,0.0,0.0,0.0,0.0,0.0,0.0,0.0,0.0,0.0,0.0,0.0,0.0,0.0,0.0,0.0
2021-03-21,0.0,0.0,0.0,0.0,0.0,0.0,0.0,0.0,0.0,0.0,0.0,0.0,0.0,0.0,0.0,0.0,0.0,0.0,0.0,0.0,0.0,0.0,0.0
2021-03-22,626610700.0,161297800.0,388645500.0,227347700.0,159310700.0,340597605.0,112806400.0,116248500.0,68140600.0,131577400.0,60551400.0,50300.0,656200.0,0.0,0.0,3600.0,10400.0,75800.0,30300.0,12500.0,0.0,0.0,0.0
2021-03-23,643583000.0,155689000.0,389866000.0,234177000.0,170001700.0,334650655.0,108447300.0,112994500.0,60028700.0,163938400.0,58907200.0,257300.0,1456100.0,0.0,0.0,3800.0,13900.0,83400.0,28800.0,11600.0,0.0,0.0,0.0
2021-03-24,649741100.0,190246400.0,414397600.0,224151200.0,145782800.0,360876184.0,120097100.0,123670900.0,68342600.0,168527400.0,74274000.0,203100.0,926000.0,0.0,0.0,7700.0,13700.0,88700.0,42500.0,7200.0,0.0,0.0,0.0
2021-03-25,613916000.0,165895200.0,382360200.0,216465000.0,138467900.0,322372851.0,105529200.0,110587400.0,55223000.0,107174200.0,51052000.0,96400.0,1413200.0,0.0,0.0,5700.0,4800.0,85500.0,41400.0,1500.0,0.0,0.0,0.0
2021-03-26,630516500.0,172710300.0,416192200.0,243481900.0,134378000.0,405488611.0,101791100.0,107067400.0,59775500.0,215607600.0,110446600.0,572400.0,743300.0,0.0,0.0,1700.0,1700.0,96900.0,33800.0,112400.0,0.0,0.0,0.0
2021-03-27,0.0,0.0,0.0,0.0,0.0,0.0,0.0,0.0,0.0,0.0,0.0,0.0,0.0,0.0,0.0,0.0,0.0,0.0,0.0,0.0,0.0,0.0,0.0
2021-03-28,0.0,0.0,0.0,0.0,0.0,0.0,0.0,0.0,0.0,0.0,0.0,0.0,0.0,0.0,0.0,0.0,0.0,0.0,0.0,0.0,0.0,0.0,0.0
2021-03-29,592790900.0,145667400.0,354036700.0,208369300.0,152768700.0,330019567.0,98437100.0,101656100.0,48977800.0,170192400.0,56521900.0,745400.0,513200.0,0.0,0.0,600.0,21500.0,36700.0,40700.0,0.0,0.0,0.0,0.0
2021-03-30,707543000.0,217511900.0,444683400.0,227171500.0,163090500.0,423049843.0,169984300.0,176411800.0,51208400.0,160766900.0,53712900.0,260500.0,573300.0,0.0,0.0,3900.0,27000.0,145900.0,56800.0,111200.0,0.0,0.0,0.0
2021-03-31,670504300.0,171904000.0,416898000.0,244994000.0,176836100.0,419490691.0,115754100.0,119336700.0,45823300.0,210754500.0,88899600.0,94800.0,552400.0,0.0,0.0,2500.0,31600.0,48400.0,52000.0,74000.0,0.0,0.0,0.0
2021-04-01,637059200.0,222239500.0,419722000.0,197482500.0,138330500.0,390099500.0,132961100.0,135638400.0,70986100.0,187302500.0,74355400.0,735200.0,851100.0,0.0,0.0,2300.0,14900.0,127700.0,31200.0,71300.0,0.0,0.0,0.0
2021-04-02,608762900.0,199249300.0,391808000.0,192558700.0,130031000.0,357342529.0,136160200.0,139523900.0,53146700.0,177986500.0,113602600.0,290300.0,812200.0,0.0,0.0,1500.0,12600.0,121300.0,16700.0,2000.0,0.0,0.0,0.0
2021-04-03,0.0,0.0,0.0,0.0,0.0,0.0,0.0,0.0,0.0,0.0,0.0,0.0,0.0,0.0,0.0,0.0,0.0,0.0,0.0,0.0,0.0,0.0,0.0
2021-04-04,0.0,0.0,0.0,0.0,0.0,0.0,0.0,0.0,0.0,0.0,0.0,0.0,0.0,0.0,0.0,0.0,0.0,0.0,0.0,0.0,0.0,0.0,0.0
2021-04-05,635303500.0,219162300.0,399354900.0,180192600.0,159166100.0,340589861.0,149555800.0,151749100.0,69492800.0,148980800.0,85714800.0,214500.0,862900.0,0.0,0.0,2500.0,28900.0,39500.0,31500.0,4900.0,0.0,0.0,0.0
2021-04-06,656481800.0,222982600.0,415800800.0,192818200.0,161135300.0,374192018.0,159050300.0,165070900.0,89285600.0,189550500.0,81838800.0,128100.0,487900.0,0.0,0.0,27400.0,25100.0,52100.0,50600.0,57000.0,0.0,0.0,0.0
2021-04-07,676166500.0,213314200.0,417915400.0,204601200.0,183260500.0,346183918.0,136923600.0,140010000.0,67566700.0,157608900.0,77234000.0,270900.0,379100.0,0.0,0.0,5600.0,54100.0,47200.0,31200.0,5300.0,0.0,0.0,0.0
2021-04-08,633566500.0,161341700.0,389781700.0,228440000.0,174429500.0,316247651.0,105653200.0,110332100.0,59447000.0,178332900.0,91242800.0,120800.0,404400.0,0.0,0.0,400.0,41300.0,14900.0,36500.0,8700.0,0.0,0.0,0.0
2021-04-09,655839000.0,173791500.0,412145900.0,238354400.0,163359100.0,338810454.0,103514200.0,110367800.0,60079600.0,160757100.0,109546300.0,333200.0,901100.0,0.0,0.0,24800.0,33700.0,3000.0,42800.0,10000.0,0.0,0.0,0.0
2021-04-10,0.0,0.0,0.0,0.0,0.0,0.0,0.0,0.0,0.0,0.0,0.0,0.0,0.0,0.0,0.0,0.0,0.0,0.0,0.0,0.0,0.0,0.0,0.0
2021-04-11,0.0,0.0,0.0,0.0,0.0,0.0,0.0,0.0,0.0,0.0,0.0,0.0,0.0,0.0,0.0,0.0,0.0,0.0,0.0,0.0,0.0,0.0,0.0
2021-04-12,857647000.0,267960600.0,548440200.0,280479600.0,198940000.0,427758252.0,158668600.0,170060800.0,78747200.0,183160200.0,79816600.0,1007900.0,800400.0,0.0,0.0,107600.0,34000.0,74200.0,41100.0,3300.0,0.0,0.0,0.0
2021-04-13,977605500.0,255773400.0,598688500.0,342915100.0,273439100.0,451118968.0,161681700.0,169259600.0,86963900.0,227406100.0,117119600.0,601300.0,549300.0,0.0,0.0,166300.0,63700.0,14700.0,30900.0,90200.0,0.0,0.0,0.0
2021-04-14,813503500.0,207521100.0,508465000.0,300943900.0,209670900.0,394432903.0,119994300.0,127697200.0,60947100.0,155312700.0,75789700.0,900000.0,494300.0,0.0,0.0,5700.0,21100.0,42400.0,35500.0,81500.0,0.0,0.0,0.0
2021-04-15,771443700.0,236678100.0,478832200.0,242154100.0,191165300.0,374660658.0,136191300.0,143702700.0,75580900.0,157368300.0,73276500.0,1185100.0,1215500.0,0.0,0.0,15300.0,20000.0,35500.0,63300.0,78600.0,0.0,0.0,0.0
2021-04-16,948989400.0,247667200.0,612985500.0,365318300.0,218221200.0,498568305.0,152174300.0,161922800.0,83859600.0,218533900.0,129567500.0,1233300.0,1411600.0,0.0,0.0,113900.0,38400.0,15000.0,34500.0,77300.0,0.0,0.0,0.0
2021-04-17,0.0,0.0,0.0,0.0,0.0,0.0,0.0,0.0,0.0,0.0,0.0,0.0,0.0,0.0,0.0,0.0,0.0,0.0,0.0,0.0,0.0,0.0,0.0
2021-04-18,0.0,0.0,0.0,0.0,0.0,0.0,0.0,0.0,0.0,0.0,0.0,0.0,0.0,0.0,0.0,0.0,0.0,0.0,0.0,0.0,0.0,0.0,0.0
2021-04-19,773047000.0,210596900.0,484193100.0,273596200.0,193851300.0,419937466.0,107910700.0,111840800.0,68757800.0,151334500.0,56395900.0,952100.0,1071200.0,0.0,0.0,8500.0,66100.0,58600.0,42000.0,117900.0,0.0,0.0,0.0
2021-04-20,798483500.0,244920500.0,477348600.0,232428100.0,191107400.0,426476727.0,125221800.0,127974300.0,77203000.0,155979800.0,66754100.0,852900.0,567500.0,0.0,0.0,5500.0,36000.0,50200.0,2300.0,56500.0,0.0,0.0,0.0
2021-04-21,0.0,0.0,0.0,0.0,0.0,0.0,0.0,0.0,0.0,0.0,0.0,0.0,0.0,0.0,0.0,0.0,0.0,0.0,0.0,0.0,0.0,0.0,0.0
2021-04-22,732254600.0,232535000.0,477669600.0,245134600.0,144429600.0,409021069.0,136448800.0,140847800.0,81404600.0,168403800.0,64543400.0,356100.0,609400.0,0.0,0.0,6600.0,29600.0,35200.0,32900.0,94400.0,0.0,0.0,0.0
2021-04-23,684222800.0,245629900.0,446293200.0,200663300.0,120149700.0,376162149.0,144399200.0,147195400.0,85685000.0,137580100.0,111474000.0,641600.0,1143900.0,0.0,0.0,6800.0,140100.0,71800.0,34700.0,800.0,0.0,0.0,0.0
2021-04-24,0.0,0.0,0.0,0.0,0.0,0.0,0.0,0.0,0.0,0.0,0.0,0.0,0.0,0.0,0.0,0.0,0.0,0.0,0.0,0.0,0.0,0.0,0.0
2021-04-25,0.0,0.0,0.0,0.0,0.0,0.0,0.0,0.0,0.0,0.0,0.0,0.0,0.0,0.0,0.0,0.0,0.0,0.0,0.0,0.0,0.0,0.0,0.0
2021-04-26,685386500.0,216946500.0,456713200.0,239766700.0,117548900.0,397347995.0,128445600.0,132628500.0,72134300.0,127908700.0,50776800.0,1719900.0,1190500.0,0.0,0.0,37000.0,123500.0,47700.0,40900.0,188300.0,0.0,0.0,0.0
2021-04-27,544650900.0,171780800.0,345042300.0,173261500.0,104734200.0,298867069.0,107629800.0,110321000.0,53875000.0,100346900.0,39159500.0,135700.0,848100.0,0.0,0.0,44900.0,300.0,7200.0,39600.0,127600.0,0.0,0.0,0.0
2021-04-28,589498400.0,206895500.0,364034500.0,157139000.0,130828200.0,327764693.0,143495500.0,144970400.0,66265400.0,85755500.0,30097600.0,228300.0,579600.0,0.0,0.0,91500.0,30500.0,18600.0,34100.0,51500.0,0.0,0.0,0.0
2021-04-29,614232800.0,242336900.0,393218900.0,150882000.0,92841300.0,369846995.0,160329700.0,164426700.0,124951300.0,85151800.0,41575600.0,461800.0,380300.0,0.0,0.0,43100.0,182700.0,34500.0,42500.0,27100.0,0.0,0.0,0.0
2021-04-30,0.0,0.0,0.0,0.0,0.0,0.0,0.0,0.0,0.0,0.0,0.0,0.0,0.0,0.0,0.0,0.0,0.0,0.0,0.0,0.0,0.0,0.0,0.0
2021-05-01,0.0,0.0,0.0,0.0,0.0,0.0,0.0,0.0,0.0,0.0,0.0,0.0,0.0,0.0,0.0,0.0,0.0,0.0,0.0,0.0,0.0,0.0,0.0
2021-05-02,0.0,0.0,0.0,0.0,0.0,0.0,0.0,0.0,0.0,0.0,0.0,0.0,0.0,0.0,0.0,0.0,0.0,0.0,0.0,0.0,0.0,0.0,0.0
2021-05-03,0.0,0.0,0.0,0.0,0.0,0.0,0.0,0.0,0.0,0.0,0.0,0.0,0.0,0.0,0.0,0.0,0.0,0.0,0.0,0.0,0.0,0.0,0.0
2021-05-04,712632600.0,274202700.0,490340200.0,216137500.0,116485500.0,354816282.0,188599000.0,193060600.0,148023300.0,100579600.0,40507500.0,1067800.0,873700.0,0.0,0.0,5000.0,57000.0,41200.0,35600.0,43400.0,0.0,0.0,0.0
2021-05-05,685433600.0,274663200.0,431085400.0,156422200.0,117299500.0,368627592.0,199335700.0,206675300.0,170542800.0,115044600.0,52616500.0,1000400.0,878400.0,0.0,0.0,61100.0,90200.0,29500.0,45200.0,8000.0,0.0,0.0,0.0
2021-05-06,672398700.0,226859700.0,433330900.0,206471200.0,126233600.0,314951512.0,159990000.0,165907000.0,147978700.0,112018500.0,53696500.0,737400.0,844000.0,0.0,0.0,14400.0,135500.0,5600.0,21500.0,141300.0,0.0,0.0,0.0
2021-05-07,745215600.0,291435700.0,494437200.0,203001500.0,135462700.0,388403395.0,208302100.0,215172300.0,167512200.0,114830500.0,98944700.0,1129300.0,2160600.0,0.0,0.0,10300.0,138200.0,46400.0,48900.0,91300.0,0.0,0.0,0.0
2021-05-08,0.0,0.0,0.0,0.0,0.0,0.0,0.0,0.0,0.0,0.0,0.0,0.0,0.0,0.0,0.0,0.0,0.0,0.0,0.0,0.0,0.0,0.0,0.0
2021-05-09,0.0,0.0,0.0,0.0,0.0,0.0,0.0,0.0,0.0,0.0,0.0,0.0,0.0,0.0,0.0,0.0,0.0,0.0,0.0,0.0,0.0,0.0,0.0
2021-05-10,732066300.0,302727000.0,471487000.0,168760000.0,135026700.0,393731392.0,224259000.0,232298900.0,185735900.0,109901500.0,53871800.0,1838600.0,1847000.0,0.0,0.0,800.0,113100.0,81200.0,33000.0,85500.0,0.0,0.0,0.0
2021-05-11,709535700.0,262049600.0,467358400.0,205308800.0,119863500.0,376154429.0,180740700.0,186812300.0,148205800.0,110139300.0,47723300.0,783800.0,1719800.0,0.0,0.0,12500.0,75200.0,14800.0,33300.0,11600.0,0.0,0.0,0.0
2021-05-12,664157900.0,264230000.0,450578900.0,186348900.0,102673500.0,348795876.0,197066200.0,201313600.0,147451400.0,88923900.0,48620600.0,1804700.0,834300.0,0.0,0.0,113500.0,26500.0,22500.0,36700.0,50000.0,0.0,0.0,0.0
2021-05-13,680368500.0,271897300.0,453026000.0,181128700.0,105308300.0,375402239.0,212551300.0,222595100.0,169995500.0,118846300.0,52302600.0,774400.0,865200.0,0.0,0.0,600.0,30500.0,42300.0,41400.0,4400.0,0.0,0.0,0.0
2021-05-14,679016500.0,251133900.0,441466500.0,190332600.0,115388200.0,358867162.0,172040700.0,177800400.0,151818700.0,139298500.0,86148300.0,1117900.0,1380100.0,0.0,0.0,53900.0,59400.0,12500.0,41300.0,31700.0,0.0,0.0,0.0
2021-05-15,0.0,0.0,0.0,0.0,0.0,0.0,0.0,0.0,0.0,0.0,0.0,0.0,0.0,0.0,0.0,0.0,0.0,0.0,0.0,0.0,0.0,0.0,0.0
2021-05-16,0.0,0.0,0.0,0.0,0.0,0.0,0.0,0.0,0.0,0.0,0.0,0.0,0.0,0.0,0.0,0.0,0.0,0.0,0.0,0.0,0.0,0.0,0.0
2021-05-17,705839600.0,254610700.0,448942100.0,194331400.0,136985300.0,370278134.0,175638700.0,181399900.0,149141500.0,128812700.0,46261000.0,179100.0,1009100.0,0.0,0.0,63200.0,121000.0,47700.0,40100.0,13500.0,0.0,0.0,0.0
2021-05-18,661244600.0,252829000.0,439620300.0,186791300.0,114937700.0,352861682.0,174099500.0,181862600.0,142996700.0,119010200.0,58791100.0,145600.0,983900.0,0.0,0.0,8800.0,187700.0,15900.0,33800.0,100000.0,0.0,0.0,0.0
2021-05-19,650916500.0,279667100.0,450391200.0,170724100.0,103969200.0,364479976.0,194521300.0,202841700.0,154675400.0,127056500.0,39041700.0,759500.0,774700.0,0.0,0.0,1200.0,98800.0,46900.0,41000.0,9200.0,0.0,0.0,0.0
2021-05-20,706187900.0,270201500.0,454393600.0,184192100.0,125270000.0,358112687.0,199793700.0,216845200.0,149830200.0,124968900.0,62285300.0,338400.0,1425600.0,0.0,0.0,31100.0,506800.0,85900.0,35600.0,4600.0,0.0,0.0,0.0
2021-05-21,654126800.0,267790400.0,435864200.0,168073800.0,107459100.0,369161243.0,195444600.0,206203600.0,152258300.0,133056200.0,117601200.0,209200.0,641000.0,0.0,0.0,54100.0,74000.0,6600.0,36500.0,54400.0,0.0,0.0,0.0
2021-05-22,0.0,0.0,0.0,0.0,0.0,0.0,0.0,0.0,0.0,0.0,0.0,0.0,0.0,0.0,0.0,0.0,0.0,0.0,0.0,0.0,0.0,0.0,0.0
2021-05-23,0.0,0.0,0.0,0.0,0.0,0.0,0.0,0.0,0.0,0.0,0.0,0.0,0.0,0.0,0.0,0.0,0.0,0.0,0.0,0.0,0.0,0.0,0.0
2021-05-24,670713100.0,256209400.0,471284800.0,215075400.0,98207300.0,355599427.0,184337200.0,195750600.0,165722200.0,106810900.0,49519800.0,415300.0,589500.0,0.0,0.0,18400.0,97200.0,22200.0,43500.0,42900.0,0.0,0.0,0.0
2021-05-25,639370500.0,209778800.0,407249000.0,197470200.0,126041200.0,315305549.0,146841100.0,163612900.0,134619900.0,116144100.0,60402300.0,378100.0,553900.0,0.0,0.0,26000.0,26400.0,20700.0,39300.0,2100.0,0.0,0.0,0.0
2021-05-26,676236800.0,233969200.0,434124300.0,200155100.0,127516200.0,341211059.0,175132800.0,193375700.0,167745900.0,135911500.0,57434200.0,754000.0,403900.0,0.0,0.0,19000.0,72000.0,4900.0,35200.0,11800.0,0.0,0.0,0.0
2021-05-27,685085600.0,264785900.0,463289300.0,198503400.0,105366500.0,363978601.0,196684900.0,210632000.0,179148000.0,137903900.0,72133900.0,372200.0,646700.0,0.0,0.0,9800.0,81000.0,29600.0,49200.0,20500.0,0.0,0.0,0.0
2021-05-28,722285600.0,300175000.0,490484700.0,190309700.0,109928200.0,440418515.0,226570400.0,242968500.0,177286800.0,168333300.0,125759000.0,744700.0,1584700.0,0.0,0.0,2200.0,91500.0,51100.0,43100.0,4000.0,0.0,0.0,0.0
2021-05-29,0.0,0.0,0.0,0.0,0.0,0.0,0.0,0.0,0.0,0.0,0.0,0.0,0.0,0.0,0.0,0.0,0.0,0.0,0.0,0.0,0.0,0.0,0.0
2021-05-30,0.0,0.0,0.0,0.0,0.0,0.0,0.0,0.0,0.0,0.0,0.0,0.0,0.0,0.0,0.0,0.0,0.0,0.0,0.0,0.0,0.0,0.0,0.0
2021-05-31,700319900.0,293022200.0,474032700.0,181010500.0,109237100.0,437127003.0,188598200.0,208373900.0,169259000.0,186236900.0,108891100.0,425000.0,462700.0,0.0,0.0,57300.0,43700.0,14500.0,46900.0,11200.0,0.0,0.0,0.0
2021-06-01,600477200.0,255910200.0,407597600.0,151687400.0,90876700.0,372853913.0,172760500.0,186480700.0,155039600.0,201098700.0,97662800.0,663100.0,361200.0,0.0,0.0,4200.0,76400.0,43600.0,16600.0,8400.0,0.0,0.0,0.0
2021-06-02,755624100.0,277182000.0,529261100.0,252079100.0,108059500.0,412826049.0,191706800.0,207965500.0,170393400.0,177509100.0,114657400.0,1123700.0,1420600.0,0.0,0.0,20400.0,94400.0,53200.0,35400.0,40600.0,0.0,0.0,0.0
2021-06-03,856882400.0,318348000.0,569549200.0,251201200.0,158593200.0,463295440.0,211319700.0,234315500.0,200084100.0,222883600.0,117956700.0,656000.0,315000.0,0.0,0.0,103200.0,45400.0,49600.0,118800.0,93900.0,0.0,0.0,0.0
2021-06-04,887731100.0,336486800.0,613010100.0,276523300.0,148749100.0,484863209.0,223353200.0,248419500.0,194647600.0,203053700.0,173131000.0,169100.0,1338000.0,0.0,0.0,5800.0,67800.0,23900.0,31200.0,26300.0,0.0,0.0,0.0
2021-06-05,0.0,0.0,0.0,0.0,0.0,0.0,0.0,0.0,0.0,0.0,0.0,0.0,0.0,0.0,0.0,0.0,0.0,0.0,0.0,0.0,0.0,0.0,0.0
2021-06-06,0.0,0.0,0.0,0.0,0.0,0.0,0.0,0.0,0.0,0.0,0.0,0.0,0.0,0.0,0.0,0.0,0.0,0.0,0.0,0.0,0.0,0.0,0.0
2021-06-07,840122900.0,309807000.0,580696900.0,270889900.0,116181600.0,472237891.0,211317300.0,229144000.0,191783500.0,224152000.0,111733500.0,440500.0,1110100.0,0.0,0.0,33700.0,240000.0,55500.0,47400.0,26300.0,0.0,0.0,0.0
2021-06-08,874573200.0,328466400.0,603676700.0,275210300.0,142311300.0,499856122.0,222174700.0,238808300.0,188170400.0,222215200.0,109096200.0,407700.0,682400.0,0.0,0.0,13600.0,83600.0,43800.0,43500.0,90800.0,0.0,0.0,0.0
2021-06-09,769829300.0,279949900.0,531013900.0,251064000.0,109664800.0,415461959.0,191724500.0,207857400.0,170607200.0,150521200.0,85846400.0,564700.0,1285800.0,0.0,0.0,6300.0,129400.0,71700.0,32900.0,24400.0,0.0,0.0,0.0
2021-06-10,674214800.0,253444200.0,482036000.0,228591800.0,110367200.0,370519193.0,179470800.0,191268700.0,159100300.0,142393400.0,76361500.0,614200.0,1416200.0,0.0,0.0,8000.0,44200.0,31700.0,45200.0,19000.0,0.0,0.0,0.0
2021-06-11,705032900.0,264960500.0,467330400.0,202369900.0,132387100.0,376070717.0,191814400.0,204137800.0,155646300.0,149948100.0,118005500.0,126900.0,1701700.0,0.0,0.0,11800.0,52500.0,42000.0,47500.0,104300.0,0.0,0.0,0.0
2021-06-12,0.0,0.0,0.0,0.0,0.0,0.0,0.0,0.0,0.0,0.0,0.0,0.0,0.0,0.0,0.0,0.0,0.0,0.0,0.0,0.0,0.0,0.0,0.0
2021-06-13,0.0,0.0,0.0,0.0,0.0,0.0,0.0,0.0,0.0,0.0,0.0,0.0,0.0,0.0,0.0,0.0,0.0,0.0,0.0,0.0,0.0,0.0,0.0
2021-06-14,715610800.0,249571500.0,498452300.0,248880800.0,121732800.0,372574847.0,168489400.0,189425900.0,136065500.0,165154700.0,91901700.0,1173300.0,1486800.0,0.0,0.0,4200.0,58400.0,73700.0,33400.0,110300.0,0.0,0.0,0.0
2021-06-15,706567000.0,239018700.0,488283200.0,249264500.0,107388700.0,385837327.0,174181100.0,187918100.0,151826200.0,152959000.0,73268500.0,1338400.0,1179500.0,0.0,0.0,1200.0,30600.0,5800.0,31700.0,105900.0,0.0,0.0,0.0
2021-06-16,740320300.0,241627200.0,501805200.0,260178000.0,128980200.0,379446898.0,170426100.0,184364700.0,133063900.0,174263800.0,82285600.0,835600.0,1269300.0,0.0,0.0,9400.0,79500.0,20500.0,33600.0,20100.0,0.0,0.0,0.0
2021-06-17,712336800.0,211574000.0,496866600.0,285292600.0,119271300.0,333635147.0,133537100.0,147750900.0,117509200.0,146370800.0,69801600.0,323900.0,1041700.0,0.0,0.0,5700.0,23400.0,37100.0,37000.0,11200.0,0.0,0.0,0.0
2021-06-18,750587000.0,198662900.0,512966700.0,314303800.0,143960500.0,310008694.0,109995600.0,145270900.0,101366600.0,134965300.0,133361300.0,318000.0,757300.0,0.0,0.0,1200.0,34400.0,16300.0,30900.0,103500.0,0.0,0.0,0.0
2021-06-19,0.0,0.0,0.0,0.0,0.0,0.0,0.0,0.0,0.0,0.0,0.0,0.0,0.0,0.0,0.0,0.0,0.0,0.0,0.0,0.0,0.0,0.0,0.0
2021-06-20,0.0,0.0,0.0,0.0,0.0,0.0,0.0,0.0,0.0,0.0,0.0,0.0,0.0,0.0,0.0,0.0,0.0,0.0,0.0,0.0,0.0,0.0,0.0
2021-06-21,731280000.0,205148100.0,483276000.0,278127900.0,133675500.0,302396477.0,123773400.0,136146500.0,95560200.0,136578200.0,80042700.0,1033100.0,1079800.0,0.0,0.0,42700.0,23900.0,21100.0,40100.0,5200.0,0.0,0.0,0.0
2021-06-22,694747200.0,211641600.0,455580200.0,243938600.0,127756700.0,329480184.0,149035800.0,160104300.0,138780900.0,139071200.0,77236600.0,861200.0,484100.0,0.0,0.0,4800.0,89100.0,22600.0,34600.0,54900.0,0.0,0.0,0.0
2021-06-23,644736300.0,197836400.0,431532200.0,233695800.0,127336600.0,286476232.0,139343300.0,157544300.0,118836100.0,122050600.0,89736500.0,621500.0,362000.0,0.0,0.0,10000.0,127600.0,16200.0,44700.0,65200.0,0.0,0.0,0.0
2021-06-24,538103500.0,175257700.0,360636800.0,185379100.0,96838400.0,256719238.0,117101100.0,138780900.0,105036500.0,89504700.0,51021400.0,885600.0,1100500.0,0.0,0.0,1400.0,130000.0,15200.0,49300.0,7300.0,0.0,0.0,0.0
2021-06-25,518602200.0,180213400.0,363868800.0,183655400.0,86333500.0,269740458.0,120220600.0,137889100.0,83191100.0,117547900.0,95151300.0,764500.0,500500.0,0.0,0.0,9600.0,6800.0,11500.0,32400.0,12900.0,0.0,0.0,0.0
2021-06-26,0.0,0.0,0.0,0.0,0.0,0.0,0.0,0.0,0.0,0.0,0.0,0.0,0.0,0.0,0.0,0.0,0.0,0.0,0.0,0.0,0.0,0.0,0.0
2021-06-27,0.0,0.0,0.0,0.0,0.0,0.0,0.0,0.0,0.0,0.0,0.0,0.0,0.0,0.0,0.0,0.0,0.0,0.0,0.0,0.0,0.0,0.0,0.0
2021-06-28,654617700.0,215306300.0,423832400.0,208526100.0,113703300.0,333570338.0,137676200.0,149633500.0,142592300.0,127985800.0,68475600.0,860900.0,992000.0,0.0,0.0,17900.0,21900.0,41600.0,33100.0,27900.0,0.0,0.0,0.0
2021-06-29,609604200.0,203545700.0,392603600.0,189057900.0,97869900.0,308386834.0,139397100.0,153848500.0,116174000.0,128654900.0,69191400.0,1163100.0,1113300.0,0.0,0.0,108200.0,52100.0,18600.0,41300.0,15700.0,0.0,0.0,0.0
2021-06-30,532318900.0,192676300.0,360393100.0,167716800.0,86213800.0,275623094.0,134344700.0,143991000.0,119605000.0,99855300.0,53654300.0,856900.0,1923000.0,0.0,0.0,18900.0,126400.0,5100.0,40800.0,21500.0,0.0,0.0,0.0
2021-07-01,699282500.0,253521100.0,477527800.0,224006700.0,123343500.0,369174445.0,176941500.0,204564200.0,157392100.0,151083700.0,83370300.0,1072400.0,470800.0,0.0,0.0,11700.0,38500.0,34200.0,39600.0,67600.0,0.0,0.0,0.0
2021-07-02,653610300.0,242776200.0,441942200.0,199166000.0,114848000.0,346665583.0,179768500.0,200292200.0,139311400.0,139551000.0,105215100.0,725100.0,1213900.0,0.0,0.0,3800.0,104600.0,20500.0,31500.0,55100.0,0.0,0.0,0.0
2021-07-03,0.0,0.0,0.0,0.0,0.0,0.0,0.0,0.0,0.0,0.0,0.0,0.0,0.0,0.0,0.0,0.0,0.0,0.0,0.0,0.0,0.0,0.0,0.0
2021-07-04,0.0,0.0,0.0,0.0,0.0,0.0,0.0,0.0,0.0,0.0,0.0,0.0,0.0,0.0,0.0,0.0,0.0,0.0,0.0,0.0,0.0,0.0,0.0
2021-07-05,774451500.0,309397900.0,546657000.0,237259100.0,118783500.0,446109222.0,221686700.0,243639000.0,175689900.0,138268900.0,79988400.0,1189300.0,1208900.0,0.0,0.0,15000.0,110200.0,800.0,60100.0,60200.0,0.0,0.0,0.0
2021-07-06,773512600.0,298837000.0,533223200.0,234386200.0,123513400.0,443595667.0,197832300.0,219909000.0,170885500.0,160218000.0,87281700.0,1690700.0,1264700.0,0.0,0.0,8400.0,317600.0,45500.0,43200.0,55900.0,0.0,0.0,0.0
2021-07-07,733801300.0,306583400.0,522976000.0,216392600.0,104674300.0,434503666.0,206822500.0,221204000.0,171476200.0,145967300.0,74839400.0,2581000.0,1685400.0,0.0,0.0,5100.0,135700.0,74600.0,35900.0,42800.0,0.0,0.0,0.0
2021-07-08,528832600.0,218880200.0,382837000.0,163956800.0,73115600.0,315257058.0,145892100.0,162485300.0,125201900.0,94606400.0,47502200.0,1605100.0,773600.0,0.0,0.0,13400.0,45800.0,50100.0,44500.0,82000.0,0.0,0.0,0.0
2021-07-09,713991100.0,287668400.0,523307800.0,235639400.0,93368200.0,404480691.0,194255700.0,212860600.0,169305200.0,119812200.0,115507800.0,3448500.0,1766800.0,0.0,0.0,7800.0,68200.0,52800.0,47400.0,78000.0,0.0,0.0,0.0
2021-07-10,0.0,0.0,0.0,0.0,0.0,0.0,0.0,0.0,0.0,0.0,0.0,0.0,0.0,0.0,0.0,0.0,0.0,0.0,0.0,0.0,0.0,0.0,0.0
2021-07-11,0.0,0.0,0.0,0.0,0.0,0.0,0.0,0.0,0.0,0.0,0.0,0.0,0.0,0.0,0.0,0.0,0.0,0.0,0.0,0.0,0.0,0.0,0.0
2021-07-12,912737200.0,412553600.0,665378200.0,252824600.0,116041800.0,580501212.0,268008600.0,279576700.0,221734000.0,183274100.0,87272600.0,3066200.0,1989300.0,0.0,0.0,25300.0,265200.0,66000.0,48600.0,57500.0,0.0,0.0,0.0
2021-07-13,500178900.0,174503600.0,334495600.0,159992000.0,84751600.0,260643118.0,111162000.0,120524400.0,98188500.0,100804700.0,49106600.0,2426600.0,1792000.0,0.0,0.0,8900.0,166000.0,29100.0,38100.0,112400.0,0.0,0.0,0.0
2021-07-14,547973900.0,215228900.0,388483100.0,173254200.0,79664900.0,302458350.0,149003800.0,156770600.0,137006900.0,88492300.0,41425900.0,2645500.0,1289900.0,0.0,0.0,24200.0,134200.0,35300.0,39200.0,46100.0,0.0,0.0,0.0
2021-07-15,419138600.0,189776500.0,306862200.0,117085700.0,61178700.0,272447908.0,125686100.0,133528400.0,99669600.0,94058900.0,34918500.0,1543300.0,1257600.0,0.0,0.0,20700.0,122100.0,63400.0,37200.0,14500.0,0.0,0.0,0.0
2021-07-16,415120500.0,152452100.0,281327500.0,128875400.0,65031600.0,234562157.0,96349700.0,102871400.0,91832200.0,94976800.0,65787200.0,887200.0,1361800.0,0.0,0.0,14300.0,84900.0,23000.0,48700.0,32100.0,0.0,0.0,0.0
2021-07-17,0.0,0.0,0.0,0.0,0.0,0.0,0.0,0.0,0.0,0.0,0.0,0.0,0.0,0.0,0.0,0.0,0.0,0.0,0.0,0.0,0.0,0.0,0.0
2021-07-18,0.0,0.0,0.0,0.0,0.0,0.0,0.0,0.0,0.0,0.0,0.0,0.0,0.0,0.0,0.0,0.0,0.0,0.0,0.0,0.0,0.0,0.0,0.0
2021-07-19,675617000.0,268708600.0,494781800.0,226073200.0,92514700.0,377171561.0,180818700.0,195684600.0,151484600.0,119837800.0,62839000.0,1713700.0,2458300.0,0.0,0.0,25700.0,91500.0,32000.0,44900.0,31500.0,0.0,0.0,0.0
2021-07-20,538794200.0,221511500.0,381699400.0,160187900.0,72063500.0,308042855.0,140705900.0,151457300.0,125458000.0,92865400.0,46360500.0,1253300.0,1626600.0,0.0,0.0,5000.0,77700.0,12400.0,33300.0,11400.0,0.0,0.0,0.0
2021-07-21,395114300.0,149343500.0,276540700.0,127197200.0,50539500.0,212829915.0,91482600.0,102020000.0,94998900.0,59493400.0,31974300.0,921700.0,2300100.0,0.0,0.0,8200.0,55700.0,14500.0,32500.0,59200.0,0.0,0.0,0.0
2021-07-22,493258000.0,162697100.0,344957300.0,182260200.0,81178700.0,245428603.0,89800100.0,102738400.0,88585600.0,87190400.0,44243200.0,928300.0,943700.0,0.0,0.0,23000.0,42500.0,17000.0,46200.0,9300.0,0.0,0.0,0.0
2021-07-23,550861800.0,235469400.0,395512900.0,160043500.0,74574500.0,311834546.0,160775600.0,170572500.0,113249400.0,86914000.0,72785100.0,412300.0,1452600.0,0.0,0.0,8800.0,80200.0,20100.0,43500.0,9500.0,0.0,0.0,0.0
2021-07-24,0.0,0.0,0.0,0.0,0.0,0.0,0.0,0.0,0.0,0.0,0.0,0.0,0.0,0.0,0.0,0.0,0.0,0.0,0.0,0.0,0.0,0.0,0.0
2021-07-25,0.0,0.0,0.0,0.0,0.0,0.0,0.0,0.0,0.0,0.0,0.0,0.0,0.0,0.0,0.0,0.0,0.0,0.0,0.0,0.0,0.0,0.0,0.0
2021-07-26,461081000.0,152848200.0,327893800.0,175045600.0,68592600.0,220691021.0,95492300.0,102723700.0,93729800.0,71592900.0,35653800.0,893300.0,1310000.0,0.0,0.0,8600.0,165100.0,30000.0,70800.0,13100.0,0.0,0.0,0.0
2021-07-27,519931600.0,190307000.0,382887000.0,192580000.0,74613500.0,267596838.0,127198100.0,135806900.0,97839400.0,90287200.0,56994200.0,1019600.0,1107100.0,0.0,0.0,65600.0,84300.0,5000.0,34600.0,35500.0,0.0,0.0,0.0
2021-07-28,361912000.0,120700100.0,244363100.0,123663000.0,62694100.0,184134566.0,66159000.0,73425800.0,54066200.0,62296200.0,36814900.0,488900.0,1384200.0,0.0,0.0,5200.0,238600.0,1700.0,30800.0,55900.0,0.0,0.0,0.0
2021-07-29,445516100.0,166489800.0,306839900.0,140350100.0,72421700.0,236537119.0,101608800.0,115097800.0,95815400.0,87631800.0,42170800.0,1151500.0,2786800.0,0.0,0.0,14500.0,34600.0,19300.0,32300.0,34600.0,0.0,0.0,0.0
2021-07-30,618748500.0,224343000.0,408365200.0,184022200.0,89892800.0,339855753.0,146715300.0,154932900.0,162053800.0,106380600.0,83957400.0,2324200.0,3049600.0,0.0,0.0,54800.0,70400.0,55600.0,49000.0,30500.0,0.0,0.0,0.0
2021-07-31,0.0,0.0,0.0,0.0,0.0,0.0,0.0,0.0,0.0,0.0,0.0,0.0,0.0,0.0,0.0,0.0,0.0,0.0,0.0,0.0,0.0,0.0,0.0
2021-08-01,0.0,0.0,0.0,0.0,0.0,0.0,0.0,0.0,0.0,0.0,0.0,0.0,0.0,0.0,0.0,0.0,0.0,0.0,0.0,0.0,0.0,0.0,0.0
2021-08-02,586763000.0,198500500.0,414590300.0,216089800.0,124830100.0,279753797.0,153389500.0,144150800.0,106790700.0,102604500.0,58741800.0,1940800.0,1169200.0,0.0,0.0,23700.0,123300.0,55900.0,193400.0,98000.0,0.0,0.0,0.0
2021-08-03,617967000.0,225709900.0,446855600.0,221145700.0,130601000.0,315769242.0,167838500.0,160578300.0,119648800.0,113070100.0,63725200.0,1640100.0,1554800.0,0.0,0.0,63000.0,168600.0,48900.0,86500.0,154900.0,0.0,0.0,0.0
2021-08-04,626287700.0,218545200.0,441443200.0,222898000.0,138730000.0,305166556.0,180948400.0,172692100.0,112009000.0,119101500.0,62083700.0,2056800.0,1869100.0,0.0,0.0,25900.0,103800.0,58300.0,84400.0,350200.0,0.0,0.0,0.0
2021-08-05,590429600.0,193618800.0,393954000.0,200335200.0,124476600.0,286910176.0,150864000.0,130442300.0,98339500.0,134137200.0,54865200.0,1843500.0,1781700.0,0.0,0.0,26800.0,52700.0,45300.0,97700.0,359000.0,0.0,0.0,0.0
2021-08-06,682081800.0,211700400.0,462548500.0,250848100.0,158516600.0,315580013.0,153813400.0,150187200.0,106259300.0,135386300.0,103825800.0,479700.0,1040600.0,0.0,0.0,39200.0,174100.0,29500.0,111000.0,426200.0,0.0,0.0,0.0
2021-08-07,0.0,0.0,0.0,0.0,0.0,0.0,0.0,0.0,0.0,0.0,0.0,0.0,0.0,0.0,0.0,0.0,0.0,0.0,0.0,0.0,0.0,0.0,0.0
2021-08-08,0.0,0.0,0.0,0.0,0.0,0.0,0.0,0.0,0.0,0.0,0.0,0.0,0.0,0.0,0.0,0.0,0.0,0.0,0.0,0.0,0.0,0.0,0.0
2021-08-09,636278900.0,206115700.0,440544700.0,234429000.0,145881400.0,306855109.0,158514000.0,137606300.0,107751500.0,137180800.0,74383000.0,2160700.0,1058600.0,0.0,0.0,61900.0,125700.0,42200.0,169800.0,452200.0,0.0,0.0,0.0
2021-08-10,677981600.0,185390800.0,458847900.0,273457100.0,157070000.0,325371288.0,136506500.0,117929500.0,92201800.0,161561700.0,90271600.0,553500.0,828700.0,0.0,0.0,34400.0,90300.0,67300.0,79400.0,511200.0,0.0,0.0,0.0
2021-08-11,770571200.0,245343900.0,536779500.0,291435600.0,170518700.0,366566312.0,195388900.0,164741400.0,153139400.0,147905600.0,79344300.0,231500.0,10534900.0,0.0,0.0,69100.0,123000.0,17500.0,74800.0,370100.0,0.0,0.0,0.0
2021-08-12,716513500.0,184219700.0,462749100.0,278529400.0,193808200.0,282948379.0,137708700.0,120032000.0,104384500.0,150202500.0,86608900.0,614900.0,1182900.0,0.0,0.0,32600.0,191000.0,22800.0,71500.0,371800.0,0.0,0.0,0.0
2021-08-13,718718300.0,207219000.0,492623400.0,285404400.0,180810800.0,328427728.0,153335700.0,147149900.0,106606100.0,152486900.0,144735000.0,177500.0,593600.0,0.0,0.0,17700.0,160600.0,31100.0,56700.0,637600.0,0.0,0.0,0.0
2021-08-14,0.0,0.0,0.0,0.0,0.0,0.0,0.0,0.0,0.0,0.0,0.0,0.0,0.0,0.0,0.0,0.0,0.0,0.0,0.0,0.0,0.0,0.0,0.0
2021-08-15,0.0,0.0,0.0,0.0,0.0,0.0,0.0,0.0,0.0,0.0,0.0,0.0,0.0,0.0,0.0,0.0,0.0,0.0,0.0,0.0,0.0,0.0,0.0
2021-08-16,798944800.0,258600300.0,569886000.0,311285700.0,173610300.0,378836089.0,215250200.0,196865700.0,162740500.0,180572000.0,98008500.0,874000.0,1501100.0,0.0,0.0,59800.0,185400.0,85500.0,114600.0,498700.0,0.0,0.0,0.0
2021-08-17,732378200.0,217175800.0,493704300.0,276528500.0,175811900.0,341663993.0,159523800.0,140661400.0,120818000.0,167381000.0,81585300.0,358500.0,1317700.0,0.0,0.0,61000.0,100100.0,20400.0,65400.0,70700.0,0.0,0.0,0.0
2021-08-18,641678400.0,192677500.0,443505100.0,250827600.0,137059200.0,306037030.0,138694200.0,141689000.0,97864100.0,148015100.0,70845500.0,281000.0,12447800.0,0.0,0.0,32500.0,78200.0,26500.0,73000.0,56100.0,0.0,0.0,0.0
2021-08-19,653254900.0,206497700.0,438656000.0,232158300.0,163799700.0,311411229.0,144619100.0,149941700.0,108766500.0,152429900.0,99458800.0,196300.0,326900.0,0.0,0.0,68700.0,249800.0,42800.0,84900.0,86800.0,0.0,0.0,0.0
2021-08-20,1171621900.0,348767300.0,803984500.0,455217200.0,275949100.0,521606379.0,267399300.0,257541100.0,190499500.0,259028600.0,224110200.0,1149700.0,1609700.0,0.0,0.0,75600.0,408300.0,42700.0,66200.0,136300.0,0.0,0.0,0.0
2021-08-21,0.0,0.0,0.0,0.0,0.0,0.0,0.0,0.0,0.0,0.0,0.0,0.0,0.0,0.0,0.0,0.0,0.0,0.0,0.0,0.0,0.0,0.0,0.0
2021-08-22,0.0,0.0,0.0,0.0,0.0,0.0,0.0,0.0,0.0,0.0,0.0,0.0,0.0,0.0,0.0,0.0,0.0,0.0,0.0,0.0,0.0,0.0,0.0
2021-08-23,768105500.0,250637200.0,529612000.0,278974800.0,172160900.0,359186892.0,192517900.0,182142900.0,141399200.0,166980700.0,102832100.0,1257000.0,11257000.0,0.0,0.0,85500.0,370700.0,83700.0,95000.0,159500.0,0.0,0.0,0.0
2021-08-24,648543100.0,203685300.0,433326800.0,229641500.0,158140800.0,296370782.0,147293000.0,161230600.0,91532800.0,161200400.0,89485500.0,2333100.0,834900.0,0.0,0.0,28300.0,245800.0,14600.0,92500.0,90700.0,0.0,0.0,0.0
2021-08-25,481772400.0,153263700.0,320312300.0,167048600.0,119590100.0,219107886.0,98155800.0,109581000.0,73394200.0,100114700.0,61648500.0,1486000.0,980700.0,0.0,0.0,75400.0,100500.0,16400.0,62300.0,139700.0,0.0,0.0,0.0
2021-08-26,497853400.0,152194200.0,340658300.0,188464100.0,116886600.0,259961611.0,106557700.0,106266000.0,85360300.0,118839600.0,63213900.0,1127100.0,958000.0,0.0,0.0,238600.0,134300.0,98000.0,75000.0,57200.0,0.0,0.0,0.0
2021-08-27,658578200.0,202511100.0,449143200.0,246632100.0,129285900.0,315364180.0,132198300.0,124456900.0,104565500.0,133885100.0,120209900.0,1096700.0,908200.0,0.0,0.0,46500.0,214300.0,34300.0,60900.0,37100.0,0.0,0.0,0.0
2021-08-28,0.0,0.0,0.0,0.0,0.0,0.0,0.0,0.0,0.0,0.0,0.0,0.0,0.0,0.0,0.0,0.0,0.0,0.0,0.0,0.0,0.0,0.0,0.0
2021-08-29,0.0,0.0,0.0,0.0,0.0,0.0,0.0,0.0,0.0,0.0,0.0,0.0,0.0,0.0,0.0,0.0,0.0,0.0,0.0,0.0,0.0,0.0,0.0
2021-08-30,641161300.0,154142100.0,403487100.0,249345000.0,168527900.0,268699456.0,109690000.0,103580900.0,82097800.0,135102400.0,90402500.0,1146800.0,5240500.0,0.0,0.0,73600.0,190900.0,35500.0,64600.0,172700.0,0.0,0.0,0.0
2021-08-31,712344100.0,152484200.0,458078300.0,305594100.0,197996300.0,302707433.0,94103400.0,94346800.0,71216000.0,144239700.0,101917800.0,139900.0,806200.0,0.0,0.0,58600.0,38500.0,10800.0,54800.0,53700.0,0.0,0.0,0.0
2021-09-01,679730000.0,176638100.0,429610300.0,252972200.0,185079400.0,278713821.0,103249400.0,99794500.0,79931800.0,134136000.0,101257800.0,904700.0,8946500.0,0.0,0.0,23800.0,77600.0,12600.0,61500.0,140900.0,0.0,0.0,0.0
2021-09-02,0.0,0.0,0.0,0.0,0.0,0.0,0.0,0.0,0.0,0.0,0.0,0.0,0.0,0.0,0.0,0.0,0.0,0.0,0.0,0.0,0.0,0.0,0.0
2021-09-03,0.0,0.0,0.0,0.0,0.0,0.0,0.0,0.0,0.0,0.0,0.0,0.0,0.0,0.0,0.0,0.0,0.0,0.0,0.0,0.0,0.0,0.0,0.0
2021-09-04,0.0,0.0,0.0,0.0,0.0,0.0,0.0,0.0,0.0,0.0,0.0,0.0,0.0,0.0,0.0,0.0,0.0,0.0,0.0,0.0,0.0,0.0,0.0
2021-09-05,0.0,0.0,0.0,0.0,0.0,0.0,0.0,0.0,0.0,0.0,0.0,0.0,0.0,0.0,0.0,0.0,0.0,0.0,0.0,0.0,0.0,0.0,0.0
2021-09-06,889375400.0,208734600.0,549472800.0,340738200.0,236724300.0,376760840.0,122393600.0,120040100.0,88235000.0,184861000.0,125304300.0,213100.0,2190100.0,0.0,0.0,51000.0,299900.0,101300.0,102000.0,192900.0,0.0,0.0,0.0
2021-09-07,849578800.0,205271300.0,522686000.0,317414700.0,225487000.0,338170186.0,151295400.0,148514500.0,107124700.0,169151800.0,128212100.0,436400.0,2022800.0,0.0,0.0,59800.0,138400.0,35300.0,76800.0,143700.0,0.0,0.0,0.0
2021-09-08,596039700.0,152206200.0,374059100.0,221852900.0,152974300.0,263887705.0,93103100.0,98443600.0,61842300.0,117171000.0,78264200.0,99300.0,754600.0,0.0,0.0,34300.0,99600.0,27700.0,75900.0,139100.0,0.0,0.0,0.0
2021-09-09,593520900.0,166188800.0,368997900.0,202809100.0,133656700.0,260119623.0,99342900.0,124780300.0,66863700.0,107171400.0,76970300.0,1108400.0,3669600.0,0.0,0.0,22300.0,64900.0,45500.0,32900.0,105600.0,0.0,0.0,0.0
2021-09-10,559050700.0,139146600.0,321116800.0,181970200.0,146809500.0,216840073.0,89569700.0,88412500.0,63775800.0,120893900.0,146526100.0,64400.0,1965800.0,0.0,0.0,10600.0,124300.0,22600.0,36400.0,112900.0,0.0,0.0,0.0
2021-09-11,0.0,0.0,0.0,0.0,0.0,0.0,0.0,0.0,0.0,0.0,0.0,0.0,0.0,0.0,0.0,0.0,0.0,0.0,0.0,0.0,0.0,0.0,0.0
2021-09-12,0.0,0.0,0.0,0.0,0.0,0.0,0.0,0.0,0.0,0.0,0.0,0.0,0.0,0.0,0.0,0.0,0.0,0.0,0.0,0.0,0.0,0.0,0.0
2021-09-13,744228400.0,162870500.0,441010100.0,278139600.0,212841700.0,311382374.0,95614100.0,109025300.0,70124600.0,167771300.0,111881300.0,959500.0,883500.0,0.0,0.0,122200.0,85300.0,116900.0,99500.0,175900.0,0.0,0.0,0.0
2021-09-14,692214900.0,148168200.0,362966500.0,214798300.0,232278000.0,241302553.0,83711700.0,102642500.0,61211900.0,165134300.0,95466100.0,587000.0,831700.0,0.0,0.0,53400.0,33500.0,9200.0,57600.0,277200.0,0.0,0.0,0.0
2021-09-15,645625800.0,130108600.0,322705200.0,192596600.0,213386400.0,231545976.0,79882600.0,81643100.0,59517800.0,169290200.0,130505800.0,544900.0,2607200.0,0.0,0.0,13800.0,16000.0,22800.0,37800.0,19200.0,0.0,0.0,0.0
2021-09-16,570520600.0,134634300.0,304022200.0,169387900.0,186540500.0,227799187.0,63934700.0,66166800.0,55220600.0,158001100.0,108502100.0,796600.0,1820100.0,0.0,0.0,25800.0,44100.0,74000.0,42300.0,15400.0,0.0,0.0,0.0
2021-09-17,813151300.0,188921000.0,467734100.0,278813100.0,203813900.0,295281803.0,119906500.0,118016700.0,77942300.0,170180600.0,169377600.0,902100.0,10452200.0,0.0,0.0,38400.0,16100.0,83200.0,35500.0,122100.0,0.0,0.0,0.0
2021-09-18,0.0,0.0,0.0,0.0,0.0,0.0,0.0,0.0,0.0,0.0,0.0,0.0,0.0,0.0,0.0,0.0,0.0,0.0,0.0,0.0,0.0,0.0,0.0
2021-09-19,0.0,0.0,0.0,0.0,0.0,0.0,0.0,0.0,0.0,0.0,0.0,0.0,0.0,0.0,0.0,0.0,0.0,0.0,0.0,0.0,0.0,0.0,0.0
2021-09-20,852479800.0,180834700.0,483708900.0,302874200.0,257741200.0,311695651.0,127564000.0,113015100.0,96029600.0,184425900.0,139202900.0,545700.0,310400.0,0.0,0.0,20300.0,76600.0,47500.0,36000.0,45200.0,0.0,0.0,0.0
2021-09-21,816979400.0,167219900.0,470809000.0,303589100.0,222475800.0,289199849.0,99000300.0,101622800.0,72348600.0,185997300.0,116417000.0,2542900.0,6411900.0,0.0,0.0,19000.0,16500.0,23000.0,39900.0,26800.0,0.0,0.0,0.0
2021-09-22,727734800.0,122875100.0,374013800.0,251138700.0,247718600.0,205704471.0,72072300.0,74776000.0,52470900.0,181294200.0,116540400.0,477300.0,624800.0,0.0,0.0,20800.0,15100.0,59100.0,34100.0,18300.0,0.0,0.0,0.0
2021-09-23,961252500.0,138284900.0,445727200.0,307442300.0,334808300.0,263894934.0,101455900.0,104412800.0,78856100.0,198889700.0,139078600.0,2365800.0,788100.0,0.0,0.0,17200.0,30700.0,27700.0,37200.0,23000.0,0.0,0.0,0.0
2021-09-24,627564000.0,141119100.0,361392300.0,220273200.0,179428700.0,244066018.0,116462400.0,100153900.0,92962800.0,135396400.0,165605700.0,230800.0,246400.0,0.0,0.0,8100.0,54600.0,60800.0,33200.0,60700.0,0.0,0.0,0.0
2021-09-25,0.0,0.0,0.0,0.0,0.0,0.0,0.0,0.0,0.0,0.0,0.0,0.0,0.0,0.0,0.0,0.0,0.0,0.0,0.0,0.0,0.0,0.0,0.0
2021-09-26,0.0,0.0,0.0,0.0,0.0,0.0,0.0,0.0,0.0,0.0,0.0,0.0,0.0,0.0,0.0,0.0,0.0,0.0,0.0,0.0,0.0,0.0,0.0
2021-09-27,720860100.0,148690000.0,410947500.0,262257500.0,213065100.0,250547072.0,93317700.0,94507100.0,65982400.0,145829300.0,107013500.0,1370300.0,334700.0,0.0,0.0,40600.0,57900.0,39800.0,33000.0,75800.0,0.0,0.0,0.0
2021-09-28,584057900.0,141163200.0,337623500.0,196460300.0,158011200.0,244069244.0,75114700.0,74871000.0,53209900.0,135721200.0,110052500.0,1716200.0,353600.0,0.0,0.0,11600.0,13800.0,30300.0,89200.0,63700.0,0.0,0.0,0.0
2021-09-29,559164300.0,169808300.0,352771700.0,182963400.0,129417600.0,249514043.0,91220700.0,86772600.0,61375700.0,105806300.0,63056100.0,821800.0,1270300.0,0.0,0.0,18800.0,71600.0,62500.0,39300.0,87800.0,0.0,0.0,0.0
2021-09-30,438294600.0,118787000.0,274232200.0,155445200.0,103437200.0,192822058.0,72148000.0,65838700.0,52607600.0,90768300.0,61422800.0,2323300.0,396500.0,0.0,0.0,27700.0,102600.0,19400.0,39800.0,118000.0,0.0,0.0,0.0
2021-10-01,601963900.0,188812300.0,394531600.0,205719300.0,134442500.0,290118194.0,128984000.0,120951200.0,86103200.0,114373500.0,146988800.0,901800.0,1227800.0,0.0,0.0,20500.0,51100.0,17800.0,31600.0,119600.0,0.0,0.0,0.0
2021-10-02,0.0,0.0,0.0,0.0,0.0,0.0,0.0,0.0,0.0,0.0,0.0,0.0,0.0,0.0,0.0,0.0,0.0,0.0,0.0,0.0,0.0,0.0,0.0
2021-10-03,0.0,0.0,0.0,0.0,0.0,0.0,0.0,0.0,0.0,0.0,0.0,0.0,0.0,0.0,0.0,0.0,0.0,0.0,0.0,0.0,0.0,0.0,0.0
2021-10-04,700605800.0,220195000.0,455953000.0,235758000.0,166009000.0,341805462.0,132412400.0,126397900.0,100870900.0,142531400.0,112984900.0,740400.0,393400.0,0.0,0.0,31000.0,114800.0,47500.0,35200.0,39600.0,0.0,0.0,0.0
2021-10-05,576701100.0,152940400.0,367621400.0,214681000.0,135493100.0,271326188.0,92561100.0,117959600.0,66547600.0,144999300.0,82620200.0,1214900.0,884400.0,0.0,0.0,13200.0,87800.0,31400.0,34300.0,156800.0,0.0,0.0,0.0
2021-10-06,594012900.0,157608000.0,361603300.0,203995300.0,160260900.0,228047753.0,93479700.0,92890700.0,74970900.0,98121100.0,89830600.0,638300.0,661000.0,0.0,0.0,20600.0,39900.0,23200.0,31800.0,124900.0,0.0,0.0,0.0
2021-10-07,658670400.0,142851700.0,376061700.0,233210000.0,197543300.0,232385486.0,82332900.0,79175300.0,61199300.0,102324100.0,99233000.0,273100.0,1238100.0,0.0,0.0,9600.0,126400.0,67500.0,32000.0,107900.0,0.0,0.0,0.0
2021-10-08,603842600.0,137767900.0,336150400.0,198382500.0,160019400.0,208967742.0,71538500.0,76023300.0,61522200.0,93740200.0,125550000.0,965700.0,1300000.0,0.0,0.0,4600.0,41600.0,85700.0,48600.0,53000.0,0.0,0.0,0.0
2021-10-09,0.0,0.0,0.0,0.0,0.0,0.0,0.0,0.0,0.0,0.0,0.0,0.0,0.0,0.0,0.0,0.0,0.0,0.0,0.0,0.0,0.0,0.0,0.0
2021-10-10,0.0,0.0,0.0,0.0,0.0,0.0,0.0,0.0,0.0,0.0,0.0,0.0,0.0,0.0,0.0,0.0,0.0,0.0,0.0,0.0,0.0,0.0,0.0
2021-10-11,721458300.0,211043700.0,423881400.0,212837700.0,159054400.0,333206640.0,143426000.0,130366400.0,114584900.0,93861900.0,84220100.0,557500.0,1520400.0,0.0,0.0,43000.0,80200.0,53100.0,39800.0,72200.0,0.0,0.0,0.0
2021-10-12,707870000.0,162655700.0,395363200.0,232707500.0,180730500.0,286797465.0,97395400.0,94445900.0,74814600.0,105277800.0,100120100.0,822300.0,1749200.0,0.0,33700.0,23600.0,42600.0,1900.0,36600.0,86300.0,0.0,0.0,0.0
2021-10-13,608348500.0,137277800.0,339722600.0,202444800.0,156691000.0,219872781.0,81999200.0,79974500.0,63909000.0,90771600.0,73675600.0,538900.0,648400.0,0.0,25900.0,62400.0,66100.0,56500.0,31800.0,119700.0,0.0,0.0,0.0
2021-10-14,690243000.0,159952700.0,397333700.0,237381000.0,169591100.0,269640910.0,98520600.0,91982300.0,80877300.0,104426300.0,80561500.0,1216200.0,366600.0,0.0,17700.0,80000.0,16600.0,3300.0,30800.0,67700.0,0.0,0.0,0.0
2021-10-15,743666800.0,151731800.0,390607200.0,238875400.0,203934400.0,275711713.0,109151500.0,94517600.0,73447900.0,114775700.0,157974100.0,265200.0,588200.0,0.0,30200.0,30800.0,20800.0,41600.0,34100.0,16200.0,0.0,0.0,0.0
2021-10-16,0.0,0.0,0.0,0.0,0.0,0.0,0.0,0.0,0.0,0.0,0.0,0.0,0.0,0.0,0.0,0.0,0.0,0.0,0.0,0.0,0.0,0.0,0.0
2021-10-17,0.0,0.0,0.0,0.0,0.0,0.0,0.0,0.0,0.0,0.0,0.0,0.0,0.0,0.0,0.0,0.0,0.0,0.0,0.0,0.0,0.0,0.0,0.0
2021-10-18,764032400.0,167733700.0,438278400.0,270544700.0,211867900.0,283537807.0,115033300.0,130701700.0,86880900.0,122589200.0,117654900.0,647400.0,598700.0,0.0,4200.0,20200.0,54300.0,13300.0,43700.0,41000.0,0.0,0.0,0.0
2021-10-19,605953600.0,142509300.0,336347400.0,193838100.0,161384900.0,216419653.0,89154200.0,97080900.0,62560000.0,107036100.0,84606900.0,160800.0,808300.0,0.0,500.0,23800.0,10900.0,1300.0,32100.0,30000.0,0.0,0.0,0.0
2021-10-20,804215000.0,182022000.0,400436800.0,218414800.0,247463300.0,266803271.0,118187800.0,112791100.0,84907500.0,134487300.0,108109200.0,1917200.0,1237400.0,0.0,5600.0,33600.0,23800.0,23100.0,32200.0,327600.0,0.0,0.0,0.0
2021-10-21,681412600.0,166371200.0,374089000.0,207717800.0,192304100.0,249210766.0,106916000.0,91718500.0,84796300.0,117450000.0,85096200.0,573600.0,535800.0,0.0,500.0,133900.0,46100.0,1500.0,32900.0,8700.0,0.0,0.0,0.0
2021-10-22,746799700.0,127282900.0,379432300.0,252149400.0,231329400.0,217538889.0,82199000.0,78927300.0,61721000.0,151917900.0,170500600.0,272300.0,140600.0,0.0,15100.0,32200.0,57000.0,2400.0,42100.0,76000.0,0.0,0.0,0.0
2021-10-23,0.0,0.0,0.0,0.0,0.0,0.0,0.0,0.0,0.0,0.0,0.0,0.0,0.0,0.0,0.0,0.0,0.0,0.0,0.0,0.0,0.0,0.0,0.0
2021-10-24,0.0,0.0,0.0,0.0,0.0,0.0,0.0,0.0,0.0,0.0,0.0,0.0,0.0,0.0,0.0,0.0,0.0,0.0,0.0,0.0,0.0,0.0,0.0
2021-10-25,868073700.0,202649000.0,456238100.0,253589100.0,251452400.0,312469547.0,126585900.0,119473800.0,86973200.0,145421400.0,100587400.0,1037800.0,826500.0,0.0,31100.0,165900.0,51800.0,22200.0,36200.0,21600.0,0.0,0.0,0.0
2021-10-26,703571700.0,143685900.0,370277900.0,226592000.0,207598800.0,237247275.0,91222800.0,84396600.0,68693800.0,112052700.0,82548500.0,407700.0,884800.0,0.0,11600.0,57600.0,129800.0,6700.0,32000.0,124400.0,0.0,0.0,0.0
2021-10-27,861686700.0,201353000.0,481525900.0,280172900.0,232894800.0,328686813.0,122908800.0,114082100.0,93258800.0,136588600.0,114413600.0,1275700.0,574800.0,0.0,4700.0,203400.0,34700.0,61000.0,32300.0,27400.0,0.0,0.0,0.0
2021-10-28,826726500.0,190779100.0,451418400.0,260639300.0,212389800.0,312738872.0,118483700.0,112742600.0,88246000.0,161309000.0,122028800.0,846000.0,586800.0,0.0,8200.0,168400.0,82100.0,10300.0,38100.0,11600.0,0.0,0.0,0.0
2021-10-29,946189100.0,197579000.0,506317500.0,308738500.0,277668500.0,316634309.0,126732300.0,104279300.0,104014800.0,146496700.0,148763100.0,365400.0,268200.0,0.0,10900.0,203200.0,58600.0,29700.0,34700.0,18300.0,0.0,0.0,0.0
2021-10-30,0.0,0.0,0.0,0.0,0.0,0.0,0.0,0.0,0.0,0.0,0.0,0.0,0.0,0.0,0.0,0.0,0.0,0.0,0.0,0.0,0.0,0.0,0.0
2021-10-31,0.0,0.0,0.0,0.0,0.0,0.0,0.0,0.0,0.0,0.0,0.0,0.0,0.0,0.0,0.0,0.0,0.0,0.0,0.0,0.0,0.0,0.0,0.0
2021-11-01,1092936400.0,252416300.0,605917200.0,353500900.0,290058000.0,420940154.0,157486700.0,184833200.0,104538900.0,172373000.0,136920800.0,761900.0,3501700.0,0.0,15700.0,46000.0,65100.0,71800.0,51500.0,62100.0,0.0,0.0,0.0
2021-11-02,972155400.0,186412200.0,501395900.0,314983700.0,294305900.0,340521450.0,123751100.0,150508800.0,81895900.0,179199600.0,129553200.0,657500.0,1247200.0,0.0,3000.0,198800.0,18100.0,82100.0,35100.0,23100.0,0.0,0.0,0.0
2021-11-03,1455441700.0,324556200.0,792371700.0,467815500.0,432462000.0,553116369.0,285037400.0,296912100.0,180432000.0,217860900.0,172718200.0,244800.0,534300.0,0.0,10000.0,39300.0,100400.0,11600.0,34600.0,32600.0,0.0,0.0,0.0
2021-11-04,890357900.0,173097200.0,434013200.0,260916000.0,258128600.0,347422009.0,140957100.0,160351600.0,78608300.0,136603100.0,105802400.0,896800.0,2398700.0,0.0,9600.0,8900.0,34900.0,11300.0,34000.0,21200.0,0.0,0.0,0.0
2021-11-05,844497200.0,156544900.0,425080200.0,268535300.0,232772400.0,331967776.0,108298400.0,119606500.0,70664300.0,145614100.0,169635600.0,170200.0,450700.0,0.0,7900.0,6000.0,26900.0,41700.0,31700.0,86700.0,0.0,0.0,0.0
2021-11-06,0.0,0.0,0.0,0.0,0.0,0.0,0.0,0.0,0.0,0.0,0.0,0.0,0.0,0.0,0.0,0.0,0.0,0.0,0.0,0.0,0.0,0.0,0.0
2021-11-07,0.0,0.0,0.0,0.0,0.0,0.0,0.0,0.0,0.0,0.0,0.0,0.0,0.0,0.0,0.0,0.0,0.0,0.0,0.0,0.0,0.0,0.0,0.0
2021-11-08,1006323900.0,219015500.0,575654300.0,356638800.0,255667300.0,390974689.0,183000000.0,200602900.0,105043600.0,160016900.0,126195500.0,2412100.0,1352900.0,0.0,13000.0,39400.0,280500.0,66100.0,36700.0,63700.0,0.0,0.0,0.0
2021-11-09,1003649300.0,210505900.0,540563000.0,330057100.0,250350900.0,382638631.0,160206300.0,178885000.0,100546000.0,143964900.0,131436100.0,427200.0,544300.0,0.0,13600.0,45300.0,64100.0,7400.0,41500.0,39500.0,0.0,0.0,0.0
2021-11-10,955160600.0,204461200.0,515032100.0,310570900.0,243773400.0,392986732.0,129042000.0,138454400.0,74939300.0,151428400.0,117307200.0,289100.0,490200.0,0.0,5600.0,27400.0,78000.0,7000.0,38400.0,35800.0,0.0,0.0,0.0
2021-11-11,1206887000.0,258427300.0,665351900.0,406924600.0,315885200.0,446646403.0,175046900.0,191113500.0,110824500.0,182544100.0,140659400.0,950300.0,1046600.0,0.0,2900.0,21900.0,39200.0,26500.0,45200.0,28500.0,0.0,0.0,0.0
2021-11-12,909366000.0,152556600.0,456427000.0,303870400.0,266379100.0,288417858.0,114480400.0,145854400.0,75945800.0,163609200.0,199360300.0,960300.0,623600.0,0.0,6000.0,13000.0,63300.0,106500.0,36000.0,32600.0,0.0,0.0,0.0
2021-11-13,0.0,0.0,0.0,0.0,0.0,0.0,0.0,0.0,0.0,0.0,0.0,0.0,0.0,0.0,0.0,0.0,0.0,0.0,0.0,0.0,0.0,0.0,0.0
2021-11-14,0.0,0.0,0.0,0.0,0.0,0.0,0.0,0.0,0.0,0.0,0.0,0.0,0.0,0.0,0.0,0.0,0.0,0.0,0.0,0.0,0.0,0.0,0.0
2021-11-15,1146225600.0,232161500.0,634598100.0,402436600.0,318468500.0,388018859.0,134336800.0,162768800.0,83323100.0,205908200.0,164649700.0,528300.0,905900.0,0.0,4100.0,5500.0,66400.0,3700.0,38700.0,24200.0,0.0,0.0,0.0
2021-11-16,1157402400.0,214948000.0,602844300.0,387896300.0,362171900.0,375887373.0,141905400.0,167996000.0,89937600.0,192351600.0,126670300.0,760400.0,1521600.0,0.0,7000.0,16500.0,136400.0,15000.0,38000.0,22400.0,0.0,0.0,0.0
2021-11-17,828629100.0,165538300.0,420659700.0,255121400.0,245380300.0,284351629.0,110907400.0,135537900.0,66542200.0,140975900.0,119017400.0,161400.0,718700.0,0.0,4400.0,6500.0,23200.0,1900.0,38600.0,22300.0,0.0,0.0,0.0
2021-11-18,1052200900.0,256828300.0,593681900.0,336853600.0,269349400.0,410649736.0,150318500.0,178184700.0,77293100.0,169576800.0,146822900.0,656900.0,1028000.0,0.0,9400.0,44900.0,23200.0,9100.0,50700.0,74300.0,0.0,0.0,0.0
2021-11-19,1490882800.0,322630600.0,815555600.0,492925000.0,413670400.0,546650184.0,244463900.0,277757700.0,156634600.0,251693100.0,321118900.0,589000.0,1657800.0,0.0,30800.0,24800.0,51300.0,42300.0,41800.0,54300.0,0.0,0.0,0.0
2021-11-20,0.0,0.0,0.0,0.0,0.0,0.0,0.0,0.0,0.0,0.0,0.0,0.0,0.0,0.0,0.0,0.0,0.0,0.0,0.0,0.0,0.0,0.0,0.0
2021-11-21,0.0,0.0,0.0,0.0,0.0,0.0,0.0,0.0,0.0,0.0,0.0,0.0,0.0,0.0,0.0,0.0,0.0,0.0,0.0,0.0,0.0,0.0,0.0
2021-11-22,1209419000.0,274789700.0,683132000.0,408342300.0,317829300.0,468859328.0,260105200.0,284290500.0,172500900.0,181670600.0,150392600.0,414400.0,1101400.0,0.0,72900.0,43400.0,66000.0,23600.0,36500.0,135400.0,0.0,0.0,0.0
2021-11-23,839875300.0,173026700.0,452200800.0,279174100.0,214613100.0,304079718.0,141410900.0,158185300.0,77163400.0,117190000.0,88260600.0,177600.0,1545700.0,0.0,7900.0,8900.0,67300.0,14000.0,61200.0,116000.0,0.0,0.0,0.0
2021-11-24,1073235900.0,371792500.0,682073500.0,310281000.0,188287800.0,572226307.0,389229300.0,393119700.0,220274600.0,106857000.0,100281200.0,4221600.0,1404400.0,0.0,12600.0,15400.0,97300.0,20700.0,35500.0,114600.0,0.0,0.0,0.0
2021-11-25,953098400.0,255689400.0,569186700.0,313497300.0,186669500.0,420110472.0,221900700.0,235682100.0,127243000.0,107147800.0,89556300.0,946800.0,2276700.0,0.0,47600.0,19500.0,171300.0,24500.0,37000.0,119900.0,0.0,0.0,0.0
2021-11-26,1006637100.0,286506800.0,587220000.0,300713200.0,240138500.0,446351815.0,230578100.0,249393600.0,138720100.0,134856700.0,205714300.0,943900.0,348100.0,0.0,22300.0,20500.0,167300.0,27600.0,74300.0,11100.0,0.0,0.0,0.0
2021-11-27,0.0,0.0,0.0,0.0,0.0,0.0,0.0,0.0,0.0,0.0,0.0,0.0,0.0,0.0,0.0,0.0,0.0,0.0,0.0,0.0,0.0,0.0,0.0
2021-11-28,0.0,0.0,0.0,0.0,0.0,0.0,0.0,0.0,0.0,0.0,0.0,0.0,0.0,0.0,0.0,0.0,0.0,0.0,0.0,0.0,0.0,0.0,0.0
2021-11-29,983072000.0,270835200.0,569910800.0,299075600.0,233844200.0,406160447.0,221943000.0,239665000.0,120050300.0,134599900.0,106094500.0,973700.0,2960700.0,0.0,13800.0,7800.0,107600.0,21500.0,51300.0,49700.0,0.0,0.0,0.0
2021-11-30,1049366600.0,254246000.0,613159700.0,358913700.0,233867500.0,434596030.0,222045800.0,232835500.0,124991300.0,150643100.0,121506600.0,1214800.0,1642200.0,0.0,18400.0,10900.0,444700.0,919900.0,52100.0,23500.0,0.0,0.0,0.0
2021-12-01,837551800.0,183018700.0,455363400.0,272344700.0,217409500.0,296676168.0,146036900.0,163087000.0,82939900.0,127826500.0,97692000.0,1079300.0,921900.0,0.0,11200.0,9400.0,103700.0,104400.0,34300.0,42300.0,0.0,0.0,0.0
2021-12-02,745629400.0,155692100.0,406153600.0,250461500.0,188064100.0,254884312.0,109063800.0,120881900.0,64705100.0,124561400.0,102556800.0,745300.0,1564600.0,0.0,11800.0,7000.0,26000.0,12100.0,48700.0,82100.0,0.0,0.0,0.0
2021-12-03,1034480600.0,237844400.0,559857900.0,322013500.0,271723200.0,389269444.0,186932300.0,215169400.0,94220900.0,154525900.0,191706300.0,599500.0,531900.0,0.0,15100.0,8500.0,132500.0,31800.0,36200.0,65000.0,0.0,0.0,0.0
2021-12-04,0.0,0.0,0.0,0.0,0.0,0.0,0.0,0.0,0.0,0.0,0.0,0.0,0.0,0.0,0.0,0.0,0.0,0.0,0.0,0.0,0.0,0.0,0.0
2021-12-05,0.0,0.0,0.0,0.0,0.0,0.0,0.0,0.0,0.0,0.0,0.0,0.0,0.0,0.0,0.0,0.0,0.0,0.0,0.0,0.0,0.0,0.0,0.0
2021-12-06,1013743700.0,264304900.0,589004400.0,324699500.0,242430100.0,418251773.0,207972500.0,223150300.0,124135700.0,139693200.0,99021500.0,790200.0,1482500.0,0.0,40400.0,43900.0,327800.0,29200.0,45500.0,62100.0,0.0,0.0,0.0
2021-12-07,691695900.0,167560600.0,384896600.0,217336000.0,156931600.0,286223177.0,101319600.0,112987100.0,65269200.0,105385300.0,77599100.0,409200.0,1361300.0,0.0,7500.0,28300.0,246500.0,20000.0,40300.0,43700.0,0.0,0.0,0.0
2021-12-08,732009400.0,176054000.0,408885100.0,232831100.0,188277800.0,301529954.0,117792800.0,124225600.0,75500600.0,121718000.0,61179000.0,772200.0,1388200.0,0.0,13100.0,20000.0,64400.0,14700.0,39200.0,65300.0,0.0,0.0,0.0
2021-12-09,631261500.0,141320100.0,345470900.0,204150800.0,148942400.0,232053359.0,84098200.0,91312500.0,51205800.0,88660700.0,65215100.0,807100.0,870300.0,0.0,10500.0,8900.0,56200.0,22300.0,34600.0,73000.0,0.0,0.0,0.0
2021-12-10,780120100.0,172565800.0,436751000.0,264185200.0,222947800.0,276908749.0,102771200.0,111748600.0,69647400.0,103690400.0,191736300.0,364400.0,368800.0,0.0,12100.0,9100.0,52600.0,31900.0,40500.0,65500.0,0.0,0.0,0.0
2021-12-11,0.0,0.0,0.0,0.0,0.0,0.0,0.0,0.0,0.0,0.0,0.0,0.0,0.0,0.0,0.0,0.0,0.0,0.0,0.0,0.0,0.0,0.0,0.0
2021-12-12,0.0,0.0,0.0,0.0,0.0,0.0,0.0,0.0,0.0,0.0,0.0,0.0,0.0,0.0,0.0,0.0,0.0,0.0,0.0,0.0,0.0,0.0,0.0
2021-12-13,815155200.0,166213200.0,454983400.0,288770200.0,222251000.0,282659961.0,107297500.0,117257600.0,76964500.0,110179700.0,76665100.0,1190300.0,688400.0,0.0,10300.0,18900.0,163100.0,111700.0,45700.0,78100.0,0.0,0.0,0.0
2021-12-14,914795700.0,170665700.0,477507500.0,306841800.0,254776600.0,297535779.0,100283900.0,111828200.0,63486200.0,108929700.0,84977300.0,88200.0,172900.0,0.0,15400.0,30300.0,113700.0,1000.0,36600.0,10600.0,0.0,0.0,0.0
2021-12-15,861484300.0,150689400.0,476927600.0,326238200.0,247799900.0,257638634.0,109416400.0,128055200.0,72938000.0,113297600.0,71933000.0,461700.0,1074000.0,0.0,10400.0,31200.0,82100.0,12900.0,21200.0,12700.0,0.0,0.0,0.0
2021-12-16,889612700.0,187576000.0,489948900.0,302372900.0,247683200.0,292612099.0,125559200.0,140908200.0,89863500.0,116203100.0,66043500.0,157400.0,2443800.0,0.0,8700.0,13900.0,108900.0,18100.0,38400.0,10100.0,0.0,0.0,0.0
2021-12-17,1065320100.0,220350000.0,572274000.0,351924000.0,299717700.0,347000989.0,118938400.0,143811900.0,82682900.0,140737500.0,187395600.0,135900.0,959800.0,0.0,13600.0,17700.0,173400.0,1226900.0,31700.0,113300.0,0.0,0.0,0.0
2021-12-18,0.0,0.0,0.0,0.0,0.0,0.0,0.0,0.0,0.0,0.0,0.0,0.0,0.0,0.0,0.0,0.0,0.0,0.0,0.0,0.0,0.0,0.0,0.0
2021-12-19,0.0,0.0,0.0,0.0,0.0,0.0,0.0,0.0,0.0,0.0,0.0,0.0,0.0,0.0,0.0,0.0,0.0,0.0,0.0,0.0,0.0,0.0,0.0
2021-12-20,906869900.0,180132400.0,491792700.0,311660300.0,246981400.0,300600496.0,118798100.0,140317400.0,80954000.0,122137000.0,81689600.0,221300.0,545200.0,0.0,11900.0,14400.0,227900.0,37200.0,71400.0,91400.0,0.0,0.0,0.0
2021-12-21,866421100.0,175784000.0,486176800.0,310392800.0,227861200.0,301609847.0,94736800.0,116435600.0,65142700.0,112177800.0,73051000.0,55900.0,222900.0,0.0,13000.0,8300.0,38300.0,21400.0,38100.0,85100.0,0.0,0.0,0.0
2021-12-22,1031093800.0,220183200.0,565830500.0,345647300.0,268247000.0,357502582.0,143629400.0,160490700.0,93594800.0,142894800.0,97411000.0,812400.0,698200.0,0.0,14100.0,17000.0,461100.0,34400.0,38400.0,115600.0,0.0,0.0,0.0
2021-12-23,1266412300.0,241493800.0,676139600.0,434645800.0,362799100.0,405977485.0,150513200.0,173243800.0,98895500.0,162693700.0,128559500.0,978200.0,1124700.0,0.0,16400.0,18100.0,83800.0,110100.0,39200.0,66100.0,0.0,0.0,0.0
2021-12-24,855008900.0,197961200.0,459281600.0,261320400.0,244566700.0,307158573.0,99532800.0,111269200.0,72078600.0,115764500.0,145280800.0,781100.0,765800.0,0.0,49000.0,18900.0,90100.0,56800.0,57700.0,6000.0,0.0,0.0,0.0
2021-12-25,0.0,0.0,0.0,0.0,0.0,0.0,0.0,0.0,0.0,0.0,0.0,0.0,0.0,0.0,0.0,0.0,0.0,0.0,0.0,0.0,0.0,0.0,0.0
2021-12-26,0.0,0.0,0.0,0.0,0.0,0.0,0.0,0.0,0.0,0.0,0.0,0.0,0.0,0.0,0.0,0.0,0.0,0.0,0.0,0.0,0.0,0.0,0.0
2021-12-27,715824500.0,134565900.0,390847800.0,256281900.0,188252000.0,233795990.0,74962900.0,82097500.0,58589900.0,85565000.0,83625200.0,1428000.0,723200.0,0.0,25000.0,10600.0,371800.0,42100.0,38600.0,90100.0,0.0,0.0,0.0
2021-12-28,933584700.0,189418700.0,509148500.0,319729800.0,236707300.0,304881985.0,142021100.0,164752300.0,71802100.0,128816300.0,107095700.0,1161800.0,253200.0,0.0,24200.0,4800.0,564400.0,86200.0,44500.0,112100.0,0.0,0.0,0.0
2021-12-29,793769800.0,154782700.0,424096900.0,269314200.0,226485700.0,248920789.0,110487400.0,131431900.0,72714400.0,106143100.0,82827600.0,802500.0,163400.0,0.0,22800.0,16900.0,91400.0,60500.0,36000.0,88400.0,0.0,0.0,0.0
2021-12-30,724365200.0,145697200.0,378740500.0,233043300.0,204353800.0,244186938.0,107133000.0,126516900.0,59569000.0,116225400.0,87213100.0,772500.0,267500.0,0.0,43500.0,7200.0,28900.0,22100.0,36700.0,101700.0,0.0,0.0,0.0
2021-12-31,846534300.0,183408500.0,459622400.0,276213900.0,208057900.0,318753279.0,163795700.0,177668900.0,96082100.0,102609000.0,172016500.0,131000.0,1766700.0,0.0,20400.0,26200.0,226000.0,46700.0,44700.0,134200.0,0.0,0.0,0.0
2022-01-01,0.0,0.0,0.0,0.0,0.0,0.0,0.0,0.0,0.0,0.0,0.0,0.0,0.0,0.0,0.0,0.0,0.0,0.0,0.0,0.0,0.0,0.0,0.0
2022-01-02,0.0,0.0,0.0,0.0,0.0,0.0,0.0,0.0,0.0,0.0,0.0,0.0,0.0,0.0,0.0,0.0,0.0,0.0,0.0,0.0,0.0,0.0,0.0
2022-01-03,0.0,0.0,0.0,0.0,0.0,0.0,0.0,0.0,0.0,0.0,0.0,0.0,0.0,0.0,0.0,0.0,0.0,0.0,0.0,0.0,0.0,0.0,0.0
2022-01-04,839676500.0,207489800.0,477192900.0,269703100.0,172335700.0,342654406.0,152803300.0,166296100.0,91098400.0,97590700.0,113449800.0,959300.0,1277000.0,0.0,23900.0,19600.0,468200.0,59200.0,57200.0,110300.0,0.0,0.0,0.0
2022-01-05,987023800.0,222221200.0,579294800.0,357073600.0,235725200.0,365150395.0,145497600.0,168038100.0,83869900.0,132532600.0,118091500.0,1500400.0,1069500.0,0.0,18600.0,10600.0,42500.0,9500.0,41500.0,105000.0,0.0,0.0,0.0
2022-01-06,1087239800.0,231961100.0,609124600.0,377163500.0,280634800.0,393033378.0,159814200.0,180386800.0,87324300.0,141194700.0,116466500.0,1612600.0,1356000.0,0.0,19700.0,11800.0,516200.0,21700.0,38600.0,89600.0,0.0,0.0,0.0
2022-01-07,951525400.0,200626600.0,514235000.0,313608400.0,263229400.0,334937820.0,125855200.0,142742900.0,71795600.0,144522200.0,174076600.0,1417700.0,1890400.0,0.0,22400.0,8500.0,93200.0,55300.0,53500.0,55500.0,0.0,3218300.0,0.0
2022-01-08,0.0,0.0,0.0,0.0,0.0,0.0,0.0,0.0,0.0,0.0,0.0,0.0,0.0,0.0,0.0,0.0,0.0,0.0,0.0,0.0,0.0,0.0,0.0
2022-01-09,0.0,0.0,0.0,0.0,0.0,0.0,0.0,0.0,0.0,0.0,0.0,0.0,0.0,0.0,0.0,0.0,0.0,0.0,0.0,0.0,0.0,0.0,0.0
2022-01-10,1315951200.0,200034100.0,734365600.0,534331500.0,348207100.0,363034567.0,131331600.0,156813500.0,78369600.0,186313600.0,143939000.0,1313400.0,831400.0,0.0,26200.0,12800.0,179700.0,18500.0,82400.0,122900.0,0.0,288200.0,0.0
2022-01-11,1219558100.0,187023400.0,672931600.0,485908200.0,376402300.0,322361059.0,121442200.0,147247600.0,67905700.0,139597700.0,100284700.0,1546000.0,959700.0,0.0,32000.0,17000.0,381800.0,6700.0,53200.0,136000.0,0.0,291900.0,0.0
2022-01-12,1104610300.0,282093000.0,673084900.0,390991900.0,221564000.0,462115008.0,203164400.0,225744500.0,120244200.0,137169100.0,112840400.0,2134800.0,1200100.0,0.0,34500.0,17200.0,40100.0,18300.0,45800.0,132700.0,0.0,171500.0,0.0
2022-01-13,977115800.0,308816900.0,584008500.0,275191600.0,191244000.0,452760957.0,243853200.0,256190800.0,155626500.0,109159600.0,87053800.0,1560200.0,1116200.0,0.0,27600.0,5100.0,309000.0,15400.0,34900.0,115900.0,0.0,152500.0,0.0
2022-01-14,734088500.0,135949400.0,405363700.0,269414300.0,189278700.0,253743366.0,95797200.0,105786000.0,52562900.0,86595600.0,150552700.0,256600.0,753700.0,0.0,26800.0,7500.0,328800.0,4900.0,59800.0,111400.0,0.0,152700.0,0.0
2022-01-15,0.0,0.0,0.0,0.0,0.0,0.0,0.0,0.0,0.0,0.0,0.0,0.0,0.0,0.0,0.0,0.0,0.0,0.0,0.0,0.0,0.0,0.0,0.0
2022-01-16,0.0,0.0,0.0,0.0,0.0,0.0,0.0,0.0,0.0,0.0,0.0,0.0,0.0,0.0,0.0,0.0,0.0,0.0,0.0,0.0,0.0,0.0,0.0
2022-01-17,926487900.0,290137800.0,571463100.0,281325300.0,166181500.0,440588680.0,225771100.0,246064700.0,123847700.0,131456600.0,95969000.0,727000.0,922300.0,0.0,49400.0,10700.0,542500.0,16400.0,62500.0,121100.0,0.0,82700.0,0.0
2022-01-18,691087800.0,214017600.0,437423300.0,223405700.0,122458400.0,341663981.0,151989400.0,163454500.0,81185600.0,91937400.0,73034200.0,1140000.0,1520600.0,0.0,40900.0,24500.0,149000.0,13600.0,76200.0,134800.0,0.0,69500.0,0.0
2022-01-19,557995700.0,142261000.0,325075400.0,182814400.0,118047700.0,238297304.0,95191300.0,102872100.0,58596700.0,99897600.0,55597100.0,746300.0,991100.0,0.0,47600.0,18200.0,57200.0,5900.0,46700.0,68200.0,0.0,55800.0,0.0
2022-01-20,762449400.0,163721300.0,423088400.0,259367100.0,201468600.0,251896485.0,123910300.0,130529400.0,70901100.0,79163700.0,57088000.0,455200.0,1119400.0,0.0,38500.0,8800.0,277300.0,10900.0,36500.0,116100.0,0.0,65900.0,0.0
2022-01-21,784569900.0,218982600.0,478252400.0,259269800.0,195749600.0,332803934.0,181490700.0,185749600.0,115741000.0,81742400.0,132530200.0,299600.0,815100.0,0.0,29900.0,12500.0,159500.0,6200.0,40900.0,112900.0,0.0,58600.0,0.0
2022-01-22,0.0,0.0,0.0,0.0,0.0,0.0,0.0,0.0,0.0,0.0,0.0,0.0,0.0,0.0,0.0,0.0,0.0,0.0,0.0,0.0,0.0,0.0,0.0
2022-01-23,0.0,0.0,0.0,0.0,0.0,0.0,0.0,0.0,0.0,0.0,0.0,0.0,0.0,0.0,0.0,0.0,0.0,0.0,0.0,0.0,0.0,0.0,0.0
2022-01-24,796675500.0,243478300.0,493195900.0,249717600.0,144990800.0,363642330.0,183809300.0,194740500.0,117194000.0,111081300.0,56862600.0,992800.0,1312700.0,0.0,44800.0,24300.0,21300.0,24400.0,67900.0,128200.0,0.0,89700.0,0.0
2022-01-25,706092300.0,191549000.0,425055300.0,233506300.0,137819400.0,308609427.0,161641900.0,166549200.0,97510800.0,70142800.0,49748200.0,3517500.0,565900.0,0.0,38000.0,14200.0,45700.0,104800.0,38000.0,131500.0,0.0,60600.0,0.0
2022-01-26,767576600.0,236863500.0,486296100.0,249432600.0,137076400.0,372932654.0,236413500.0,234031100.0,128946200.0,52671200.0,52061600.0,2204600.0,1226900.0,0.0,30900.0,7500.0,219700.0,4700.0,45600.0,112900.0,0.0,82400.0,0.0
2022-01-27,522667600.0,158584300.0,326848100.0,168263800.0,100215000.0,247477562.0,141193000.0,143671100.0,80846200.0,52153000.0,40654800.0,2579400.0,847600.0,0.0,27400.0,10400.0,49600.0,10900.0,55700.0,139700.0,0.0,82600.0,0.0
2022-01-28,663924300.0,194567300.0,407460000.0,212892700.0,122721300.0,305294887.0,167214900.0,168424600.0,116012100.0,68015400.0,115603600.0,1470700.0,872000.0,0.0,31900.0,5800.0,46300.0,15500.0,37500.0,140500.0,0.0,142900.0,0.0
2022-01-29,0.0,0.0,0.0,0.0,0.0,0.0,0.0,0.0,0.0,0.0,0.0,0.0,0.0,0.0,0.0,0.0,0.0,0.0,0.0,0.0,0.0,0.0,0.0
2022-01-30,0.0,0.0,0.0,0.0,0.0,0.0,0.0,0.0,0.0,0.0,0.0,0.0,0.0,0.0,0.0,0.0,0.0,0.0,0.0,0.0,0.0,0.0,0.0
2022-01-31,0.0,0.0,0.0,0.0,0.0,0.0,0.0,0.0,0.0,0.0,0.0,0.0,0.0,0.0,0.0,0.0,0.0,0.0,0.0,0.0,0.0,0.0,0.0
2022-02-01,0.0,0.0,0.0,0.0,0.0,0.0,0.0,0.0,0.0,0.0,0.0,0.0,0.0,0.0,0.0,0.0,0.0,0.0,0.0,0.0,0.0,0.0,0.0
2022-02-02,0.0,0.0,0.0,0.0,0.0,0.0,0.0,0.0,0.0,0.0,0.0,0.0,0.0,0.0,0.0,0.0,0.0,0.0,0.0,0.0,0.0,0.0,0.0
2022-02-03,0.0,0.0,0.0,0.0,0.0,0.0,0.0,0.0,0.0,0.0,0.0,0.0,0.0,0.0,0.0,0.0,0.0,0.0,0.0,0.0,0.0,0.0,0.0
2022-02-04,0.0,0.0,0.0,0.0,0.0,0.0,0.0,0.0,0.0,0.0,0.0,0.0,0.0,0.0,0.0,0.0,0.0,0.0,0.0,0.0,0.0,0.0,0.0
2022-02-05,0.0,0.0,0.0,0.0,0.0,0.0,0.0,0.0,0.0,0.0,0.0,0.0,0.0,0.0,0.0,0.0,0.0,0.0,0.0,0.0,0.0,0.0,0.0
2022-02-06,0.0,0.0,0.0,0.0,0.0,0.0,0.0,0.0,0.0,0.0,0.0,0.0,0.0,0.0,0.0,0.0,0.0,0.0,0.0,0.0,0.0,0.0,0.0
2022-02-07,551698200.0,182867100.0,359252500.0,176385400.0,93074200.0,271972042.0,133753200.0,132345200.0,78246000.0,52791700.0,51828600.0,1322600.0,682500.0,0.0,33500.0,14600.0,102900.0,14900.0,53000.0,100600.0,0.0,95300.0,0.0
2022-02-08,697228100.0,218959100.0,464689800.0,245730700.0,138938600.0,335169812.0,192215900.0,187057800.0,138682900.0,59556600.0,48715500.0,1152900.0,1241300.0,0.0,31000.0,9500.0,10900.0,4600.0,47200.0,26000.0,0.0,87900.0,0.0
2022-02-09,754188100.0,230550700.0,496079700.0,265529000.0,144960900.0,363609735.0,177529500.0,175142500.0,107808000.0,65099900.0,61009900.0,616000.0,8801600.0,0.0,25900.0,13200.0,24900.0,39900.0,124800.0,142100.0,0.0,63900.0,0.0
2022-02-10,628938000.0,225002900.0,411843200.0,186840300.0,112193900.0,320524281.0,153750000.0,153785400.0,88285600.0,55753000.0,65113000.0,393200.0,8291500.0,0.0,24300.0,6300.0,43500.0,25600.0,100000.0,112200.0,0.0,107100.0,0.0
2022-02-11,577407200.0,167675800.0,375129500.0,207453700.0,123289600.0,288666651.0,145930100.0,145162900.0,84252800.0,71460100.0,95409400.0,403800.0,604100.0,0.0,34400.0,6300.0,34000.0,23100.0,75300.0,84400.0,0.0,65600.0,0.0
2022-02-12,0.0,0.0,0.0,0.0,0.0,0.0,0.0,0.0,0.0,0.0,0.0,0.0,0.0,0.0,0.0,0.0,0.0,0.0,0.0,0.0,0.0,0.0,0.0
2022-02-13,0.0,0.0,0.0,0.0,0.0,0.0,0.0,0.0,0.0,0.0,0.0,0.0,0.0,0.0,0.0,0.0,0.0,0.0,0.0,0.0,0.0,0.0,0.0
2022-02-14,751563900.0,254064100.0,506587400.0,252523300.0,145580400.0,394198266.0,227221400.0,229297600.0,128953400.0,75276200.0,72438900.0,396100.0,372600.0,0.0,26300.0,42900.0,102200.0,68300.0,117400.0,139600.0,0.0,68600.0,0.0
2022-02-15,572156100.0,180952200.0,366102700.0,185150500.0,95658900.0,277369400.0,148259300.0,148597000.0,82286000.0,47305500.0,46459700.0,584700.0,861300.0,0.0,29400.0,7000.0,1269900.0,8900.0,50900.0,135500.0,0.0,104000.0,0.0
2022-02-16,617187300.0,122057100.0,370142700.0,248085600.0,165304200.0,234873406.0,101992500.0,104634900.0,55351500.0,72669800.0,60981600.0,678500.0,700500.0,0.0,38200.0,14800.0,476500.0,22000.0,103500.0,12000.0,0.0,62100.0,0.0
2022-02-17,588111300.0,146568200.0,363297300.0,216729100.0,147168300.0,237349594.0,91513800.0,93767400.0,58892500.0,63352300.0,60547800.0,244600.0,528000.0,0.0,29300.0,4500.0,35000.0,19700.0,65000.0,94700.0,0.0,84400.0,0.0
2022-02-18,672537800.0,155104600.0,410693800.0,255589200.0,167884200.0,284318879.0,134494500.0,141172500.0,66730900.0,81849300.0,109929300.0,587400.0,968200.0,0.0,30400.0,17600.0,90600.0,23400.0,58100.0,6200.0,0.0,59000.0,0.0
2022-02-19,0.0,0.0,0.0,0.0,0.0,0.0,0.0,0.0,0.0,0.0,0.0,0.0,0.0,0.0,0.0,0.0,0.0,0.0,0.0,0.0,0.0,0.0,0.0
2022-02-20,0.0,0.0,0.0,0.0,0.0,0.0,0.0,0.0,0.0,0.0,0.0,0.0,0.0,0.0,0.0,0.0,0.0,0.0,0.0,0.0,0.0,0.0,0.0
2022-02-21,737693400.0,163183400.0,422961200.0,259777800.0,210843300.0,275604784.0,136957300.0,145824000.0,78942900.0,97625400.0,82318800.0,467100.0,6119500.0,0.0,38700.0,11500.0,558000.0,49900.0,52900.0,7200.0,0.0,121400.0,0.0
2022-02-22,875383700.0,223625500.0,535127200.0,311501700.0,232097100.0,362625841.0,153941400.0,161461800.0,109747000.0,120156900.0,82158800.0,450500.0,560500.0,0.0,33200.0,24000.0,193400.0,68700.0,140600.0,24800.0,0.0,130700.0,0.0
2022-02-23,660165300.0,158142200.0,403793100.0,245650900.0,166284900.0,297096628.0,125579200.0,129441000.0,89462600.0,108911100.0,88970500.0,814600.0,961400.0,0.0,25900.0,17400.0,218900.0,22000.0,69300.0,119700.0,0.0,65700.0,0.0
2022-02-24,1133051100.0,275311400.0,678197100.0,402885700.0,279466900.0,446206206.0,224500900.0,234938900.0,139923100.0,159001500.0,117374100.0,2400400.0,1731900.0,0.0,28400.0,27100.0,343300.0,16600.0,82900.0,18100.0,0.0,75500.0,0.0
2022-02-25,736050400.0,198105100.0,461490200.0,263385100.0,159226400.0,332608118.0,177237100.0,176902900.0,121632800.0,104950400.0,118082500.0,2660200.0,1479900.0,0.0,26500.0,21800.0,132400.0,46200.0,69400.0,33100.0,0.0,56900.0,0.0
2022-02-26,0.0,0.0,0.0,0.0,0.0,0.0,0.0,0.0,0.0,0.0,0.0,0.0,0.0,0.0,0.0,0.0,0.0,0.0,0.0,0.0,0.0,0.0,0.0
2022-02-27,0.0,0.0,0.0,0.0,0.0,0.0,0.0,0.0,0.0,0.0,0.0,0.0,0.0,0.0,0.0,0.0,0.0,0.0,0.0,0.0,0.0,0.0,0.0
2022-02-28,693212400.0,193571200.0,434601500.0,241030300.0,165698300.0,314164120.0,127385300.0,136003600.0,85190700.0,98930100.0,69539900.0,133900.0,520500.0,0.0,39000.0,19900.0,87900.0,30200.0,77600.0,117200.0,0.0,83400.0,0.0
2022-03-01,796368600.0,187030700.0,478715000.0,291684300.0,208455900.0,322135659.0,139352900.0,149159500.0,92468000.0,117428400.0,71095000.0,386100.0,764600.0,0.0,29300.0,17800.0,832000.0,32200.0,95400.0,8900.0,0.0,56900.0,0.0
2022-03-02,914957200.0,291452900.0,585250000.0,293797100.0,175827700.0,455435690.0,270187200.0,271367900.0,173865000.0,104879500.0,76135100.0,1827100.0,3727900.0,0.0,45400.0,18500.0,112600.0,29700.0,89500.0,191700.0,0.0,82100.0,0.0
2022-03-03,902783400.0,244078000.0,555405300.0,311327300.0,223772300.0,389815101.0,144367200.0,159305700.0,102962900.0,119803800.0,106657000.0,1315200.0,448400.0,0.0,32000.0,16500.0,131200.0,5100.0,636100.0,18600.0,0.0,80200.0,0.0
2022-03-04,873323700.0,220071600.0,509155300.0,289083700.0,231420700.0,347258956.0,148152700.0,163372900.0,105960400.0,137657900.0,130492800.0,344000.0,1285800.0,0.0,41300.0,18200.0,25700.0,9800.0,88800.0,86600.0,0.0,57200.0,0.0
2022-03-05,0.0,0.0,0.0,0.0,0.0,0.0,0.0,0.0,0.0,0.0,0.0,0.0,0.0,0.0,0.0,0.0,0.0,0.0,0.0,0.0,0.0,0.0,0.0
2022-03-06,0.0,0.0,0.0,0.0,0.0,0.0,0.0,0.0,0.0,0.0,0.0,0.0,0.0,0.0,0.0,0.0,0.0,0.0,0.0,0.0,0.0,0.0,0.0
2022-03-07,941752700.0,222534800.0,530743700.0,308208900.0,266658500.0,363771618.0,139739600.0,151865600.0,98413700.0,136804900.0,116152200.0,487100.0,12426900.0,0.0,32100.0,11100.0,134500.0,46000.0,55100.0,437800.0,0.0,97000.0,0.0
2022-03-08,982168800.0,222308000.0,591503300.0,369195300.0,250509000.0,389510325.0,157717900.0,174426100.0,99977900.0,140223600.0,110341800.0,2859100.0,2956600.0,0.0,43000.0,27700.0,43000.0,13000.0,236900.0,17600.0,0.0,62000.0,0.0
2022-03-09,888352600.0,190158600.0,531226500.0,341067900.0,220630800.0,344171812.0,126819000.0,132452600.0,84732700.0,138771500.0,98867600.0,3324000.0,825000.0,0.0,27600.0,4000.0,295100.0,15400.0,161400.0,17600.0,0.0,57200.0,0.0
2022-03-10,629092200.0,148748300.0,357217200.0,208468900.0,180450200.0,246701422.0,79242900.0,84141900.0,51636400.0,118850200.0,94444400.0,331200.0,335100.0,0.0,33100.0,35400.0,63100.0,33100.0,173700.0,16300.0,0.0,54900.0,0.0
2022-03-11,855643700.0,178186800.0,496744700.0,318557900.0,229609200.0,312683359.0,126350900.0,107849000.0,54086200.0,168960000.0,161019100.0,1318800.0,580600.0,0.0,35000.0,21600.0,41700.0,41500.0,278000.0,20800.0,0.0,64600.0,0.0
2022-03-12,0.0,0.0,0.0,0.0,0.0,0.0,0.0,0.0,0.0,0.0,0.0,0.0,0.0,0.0,0.0,0.0,0.0,0.0,0.0,0.0,0.0,0.0,0.0
2022-03-13,0.0,0.0,0.0,0.0,0.0,0.0,0.0,0.0,0.0,0.0,0.0,0.0,0.0,0.0,0.0,0.0,0.0,0.0,0.0,0.0,0.0,0.0,0.0
2022-03-14,815892100.0,177210100.0,475964800.0,298754700.0,202272600.0,323777001.0,114869600.0,122514600.0,67920100.0,125854600.0,92193600.0,1689900.0,1618400.0,0.0,43800.0,21900.0,37500.0,36800.0,75400.0,20100.0,0.0,60500.0,0.0
2022-03-15,641644500.0,136415100.0,376028200.0,239613100.0,165167100.0,240887662.0,92369400.0,92137500.0,56166900.0,96989200.0,69238600.0,763600.0,3240200.0,0.0,43100.0,28400.0,30400.0,45100.0,167900.0,22600.0,0.0,65100.0,0.0
2022-03-16,544662700.0,106836400.0,299231100.0,192394700.0,156738400.0,186802808.0,81861800.0,83086400.0,48309100.0,80584000.0,46901200.0,901600.0,1253700.0,0.0,43400.0,13400.0,3300.0,38600.0,66500.0,83800.0,0.0,54000.0,0.0
2022-03-17,683175800.0,109378100.0,370981400.0,261603300.0,203025500.0,196428377.0,84568100.0,84094800.0,55874500.0,102351800.0,57323000.0,364700.0,1134600.0,0.0,31400.0,17600.0,25200.0,16700.0,49600.0,13700.0,0.0,52600.0,0.0
2022-03-18,745610800.0,148418800.0,403353600.0,254934800.0,228702500.0,243374405.0,98611800.0,92846300.0,48002900.0,111215400.0,102695400.0,331400.0,157100.0,0.0,32200.0,1500.0,4700.0,55300.0,46600.0,13900.0,0.0,54100.0,0.0
2022-03-19,0.0,0.0,0.0,0.0,0.0,0.0,0.0,0.0,0.0,0.0,0.0,0.0,0.0,0.0,0.0,0.0,0.0,0.0,0.0,0.0,0.0,0.0,0.0
2022-03-20,0.0,0.0,0.0,0.0,0.0,0.0,0.0,0.0,0.0,0.0,0.0,0.0,0.0,0.0,0.0,0.0,0.0,0.0,0.0,0.0,0.0,0.0,0.0
2022-03-21,727377200.0,124702300.0,386535600.0,261833300.0,221128400.0,226246578.0,80485900.0,82162500.0,58272300.0,100552000.0,74929600.0,226500.0,333100.0,0.0,53100.0,6400.0,11500.0,26700.0,60700.0,14700.0,0.0,55400.0,0.0
2022-03-22,905037000.0,155225300.0,489675000.0,334449700.0,255536400.0,282039792.0,114300800.0,114713000.0,67994200.0,134426400.0,65527200.0,2290300.0,590600.0,0.0,48000.0,115300.0,63200.0,13600.0,64100.0,28200.0,0.0,54700.0,0.0
2022-03-23,788727300.0,132331300.0,439012000.0,306680700.0,229949000.0,251201947.0,82484900.0,86565500.0,52478800.0,123038000.0,65662600.0,356800.0,8265400.0,0.0,52300.0,315800.0,9600.0,4700.0,71800.0,15500.0,0.0,53600.0,0.0
2022-03-24,753772900.0,115640400.0,410563400.0,294923000.0,239860600.0,229025665.0,80620100.0,79299800.0,58883400.0,116583300.0,62048300.0,37100.0,830900.0,0.0,38400.0,46200.0,73000.0,2400.0,62400.0,13300.0,0.0,52300.0,0.0
2022-03-25,724086800.0,109442400.0,382259100.0,272816700.0,233794500.0,216779857.0,82510600.0,84914400.0,50880100.0,127378500.0,119582500.0,445600.0,2765200.0,0.0,36900.0,17100.0,79800.0,20300.0,67600.0,24600.0,0.0,53500.0,0.0
2022-03-26,0.0,0.0,0.0,0.0,0.0,0.0,0.0,0.0,0.0,0.0,0.0,0.0,0.0,0.0,0.0,0.0,0.0,0.0,0.0,0.0,0.0,0.0,0.0
2022-03-27,0.0,0.0,0.0,0.0,0.0,0.0,0.0,0.0,0.0,0.0,0.0,0.0,0.0,0.0,0.0,0.0,0.0,0.0,0.0,0.0,0.0,0.0,0.0
2022-03-28,988984900.0,177240800.0,546995500.0,369754700.0,272345700.0,304256128.0,132454000.0,137490300.0,77895300.0,148616900.0,91453000.0,838900.0,831700.0,0.0,55600.0,24200.0,126300.0,14100.0,77300.0,14000.0,0.0,56200.0,0.0
2022-03-29,687922600.0,110331000.0,347967600.0,237636600.0,231131800.0,214096452.0,76924300.0,78532300.0,62302100.0,141544400.0,69941800.0,339300.0,1416400.0,0.0,62600.0,248400.0,115400.0,10100.0,62000.0,13000.0,0.0,63200.0,0.0
2022-03-30,880911900.0,163897200.0,470629700.0,306732500.0,263113000.0,280484486.0,129281700.0,132269700.0,95144300.0,131057700.0,94762900.0,684900.0,1176700.0,0.0,49700.0,205600.0,35600.0,38900.0,68000.0,53500.0,0.0,52100.0,0.0
2022-03-31,633286300.0,121691400.0,337045700.0,215354300.0,187345200.0,222168564.0,76289300.0,79163100.0,57089400.0,120203100.0,62822300.0,1364700.0,779000.0,0.0,64500.0,81800.0,165300.0,8300.0,49200.0,85800.0,0.0,79300.0,0.0
2022-04-01,881661100.0,195611900.0,501931200.0,306319300.0,260469000.0,295905799.0,146892200.0,147918700.0,116478100.0,123339700.0,116564100.0,3624500.0,2930000.0,0.0,62100.0,18700.0,161200.0,15200.0,125800.0,58100.0,0.0,76800.0,0.0
2022-04-02,0.0,0.0,0.0,0.0,0.0,0.0,0.0,0.0,0.0,0.0,0.0,0.0,0.0,0.0,0.0,0.0,0.0,0.0,0.0,0.0,0.0,0.0,0.0
2022-04-03,0.0,0.0,0.0,0.0,0.0,0.0,0.0,0.0,0.0,0.0,0.0,0.0,0.0,0.0,0.0,0.0,0.0,0.0,0.0,0.0,0.0,0.0,0.0
2022-04-04,734587100.0,160184300.0,458583300.0,298399000.0,167169100.0,282132072.0,155423000.0,140803100.0,87083500.0,84229100.0,75894700.0,2152600.0,2401900.0,0.0,65500.0,27100.0,44100.0,8800.0,80100.0,44500.0,0.0,57400.0,0.0
2022-04-05,663110500.0,125174200.0,381923600.0,256749400.0,182386800.0,212703518.0,107567700.0,102209500.0,67431000.0,82973700.0,52984300.0,1235700.0,1720900.0,0.0,66600.0,42000.0,26100.0,16200.0,80700.0,14300.0,0.0,63900.0,0.0
2022-04-06,912695000.0,203573500.0,538599000.0,335025500.0,234594600.0,342812931.0,150044800.0,143309400.0,110040900.0,114327800.0,53074300.0,360600.0,886600.0,0.0,54600.0,56800.0,78600.0,10500.0,60200.0,23400.0,0.0,70300.0,0.0
2022-04-07,763664700.0,198966000.0,468940700.0,269974700.0,188158500.0,315525843.0,164336000.0,150143100.0,113654300.0,86453000.0,50442800.0,2837000.0,1284300.0,0.0,52600.0,18900.0,296300.0,39300.0,73300.0,3500.0,0.0,54800.0,0.0
2022-04-08,741103600.0,156336400.0,422753000.0,266416600.0,187574900.0,283670927.0,126299400.0,119762200.0,78947500.0,84522100.0,101802600.0,879400.0,757300.0,0.0,50800.0,20000.0,41300.0,17400.0,124000.0,5700.0,0.0,70900.0,0.0
2022-04-09,0.0,0.0,0.0,0.0,0.0,0.0,0.0,0.0,0.0,0.0,0.0,0.0,0.0,0.0,0.0,0.0,0.0,0.0,0.0,0.0,0.0,0.0,0.0
2022-04-10,0.0,0.0,0.0,0.0,0.0,0.0,0.0,0.0,0.0,0.0,0.0,0.0,0.0,0.0,0.0,0.0,0.0,0.0,0.0,0.0,0.0,0.0,0.0
2022-04-11,0.0,0.0,0.0,0.0,0.0,0.0,0.0,0.0,0.0,0.0,0.0,0.0,0.0,0.0,0.0,0.0,0.0,0.0,0.0,0.0,0.0,0.0,0.0
2022-04-12,656188800.0,152481700.0,386174100.0,233692400.0,170677400.0,248298712.0,118405100.0,115647000.0,80522000.0,93060500.0,59253800.0,491500.0,840700.0,0.0,60100.0,10900.0,118500.0,30000.0,131700.0,29800.0,0.0,55900.0,0.0
2022-04-13,636344500.0,143871600.0,378441100.0,234569500.0,172623000.0,228905367.0,114837000.0,106307400.0,80667300.0,80701400.0,44066800.0,299200.0,490400.0,0.0,54400.0,14400.0,17500.0,14400.0,73300.0,7800.0,0.0,53900.0,0.0
2022-04-14,498914000.0,119609300.0,293784500.0,174175200.0,115909200.0,185453018.0,91338400.0,82771700.0,66256900.0,56447000.0,34832900.0,444300.0,428300.0,0.0,53900.0,19900.0,10800.0,26100.0,69500.0,14400.0,0.0,56300.0,0.0
2022-04-15,639722900.0,181765300.0,406779400.0,225014100.0,142575000.0,268111315.0,139526800.0,135552300.0,98679500.0,69498700.0,79636200.0,362600.0,334300.0,0.0,59600.0,4700.0,63500.0,13000.0,111100.0,35600.0,0.0,52600.0,0.0
2022-04-16,0.0,0.0,0.0,0.0,0.0,0.0,0.0,0.0,0.0,0.0,0.0,0.0,0.0,0.0,0.0,0.0,0.0,0.0,0.0,0.0,0.0,0.0,0.0
2022-04-17,0.0,0.0,0.0,0.0,0.0,0.0,0.0,0.0,0.0,0.0,0.0,0.0,0.0,0.0,0.0,0.0,0.0,0.0,0.0,0.0,0.0,0.0,0.0
2022-04-18,790646000.0,194441900.0,483066400.0,288624500.0,201414700.0,304840004.0,158417100.0,155785900.0,100240300.0,98428000.0,63266700.0,1568200.0,1309300.0,0.0,64700.0,20000.0,119100.0,23400.0,184700.0,27700.0,0.0,73300.0,0.0
2022-04-19,666337000.0,156620100.0,404779700.0,248159600.0,161722900.0,253526721.0,123261400.0,120397900.0,77752500.0,88340000.0,53583600.0,787500.0,1129900.0,0.0,60900.0,15200.0,86600.0,28900.0,214600.0,23200.0,0.0,57000.0,0.0
2022-04-20,652803300.0,150221600.0,405453200.0,255231600.0,152004700.0,261878656.0,118986000.0,118097900.0,72391200.0,88446700.0,59027800.0,2026500.0,1798200.0,0.0,67500.0,21100.0,68900.0,16800.0,140500.0,27400.0,0.0,57300.0,0.0
2022-04-21,741348500.0,172358900.0,473845800.0,301486900.0,153620500.0,310422690.0,129410000.0,124018100.0,81065900.0,99742000.0,76977300.0,1165600.0,1415000.0,0.0,48000.0,18200.0,139000.0,26300.0,121900.0,38800.0,0.0,60500.0,0.0
2022-04-22,799750600.0,150755100.0,447040000.0,296284900.0,237454000.0,275167165.0,112819900.0,108104900.0,85887900.0,113763600.0,91557400.0,1110800.0,2372800.0,0.0,59100.0,34800.0,44500.0,6200.0,111600.0,144900.0,0.0,57600.0,0.0
2022-04-23,0.0,0.0,0.0,0.0,0.0,0.0,0.0,0.0,0.0,0.0,0.0,0.0,0.0,0.0,0.0,0.0,0.0,0.0,0.0,0.0,0.0,0.0,0.0
2022-04-24,0.0,0.0,0.0,0.0,0.0,0.0,0.0,0.0,0.0,0.0,0.0,0.0,0.0,0.0,0.0,0.0,0.0,0.0,0.0,0.0,0.0,0.0,0.0
2022-04-25,696873600.0,202426300.0,439596600.0,237170300.0,150504000.0,304013895.0,151545400.0,142687900.0,105293400.0,96318400.0,56035800.0,2194600.0,2300600.0,0.0,54700.0,26000.0,77400.0,20900.0,190200.0,50800.0,0.0,355500.0,0.0
2022-04-26,673169600.0,181776700.0,428998200.0,247221500.0,149791200.0,296975936.0,130935800.0,124737700.0,88362000.0,83690700.0,53419600.0,856600.0,2392400.0,0.0,62700.0,28000.0,31800.0,15200.0,109200.0,43300.0,0.0,62500.0,0.0
2022-04-27,485406800.0,108117400.0,280093100.0,171975700.0,120454600.0,180391938.0,69565800.0,66762300.0,47423200.0,66642400.0,36020700.0,1737000.0,640100.0,0.0,51500.0,20500.0,55900.0,8100.0,130200.0,31200.0,0.0,57300.0,0.0
2022-04-28,458334600.0,91674500.0,267299900.0,175625400.0,127408800.0,156056686.0,65758400.0,60289700.0,42761700.0,69444000.0,35156200.0,522800.0,851600.0,0.0,47500.0,12600.0,16300.0,4300.0,84400.0,19100.0,0.0,53900.0,0.0
2022-04-29,532838100.0,128034900.0,329127000.0,201092100.0,126127000.0,221730670.0,103856900.0,97179000.0,69242600.0,77823900.0,73723000.0,491900.0,718100.0,0.0,46800.0,31300.0,201900.0,2900.0,69700.0,23900.0,0.0,58200.0,0.0
2022-04-30,0.0,0.0,0.0,0.0,0.0,0.0,0.0,0.0,0.0,0.0,0.0,0.0,0.0,0.0,0.0,0.0,0.0,0.0,0.0,0.0,0.0,0.0,0.0
2022-05-01,0.0,0.0,0.0,0.0,0.0,0.0,0.0,0.0,0.0,0.0,0.0,0.0,0.0,0.0,0.0,0.0,0.0,0.0,0.0,0.0,0.0,0.0,0.0
2022-05-02,0.0,0.0,0.0,0.0,0.0,0.0,0.0,0.0,0.0,0.0,0.0,0.0,0.0,0.0,0.0,0.0,0.0,0.0,0.0,0.0,0.0,0.0,0.0
2022-05-03,0.0,0.0,0.0,0.0,0.0,0.0,0.0,0.0,0.0,0.0,0.0,0.0,0.0,0.0,0.0,0.0,0.0,0.0,0.0,0.0,0.0,0.0,0.0
2022-05-04,498884800.0,114189600.0,293529000.0,179339400.0,139361000.0,216270830.0,78872600.0,93421100.0,44960800.0,72962700.0,35549000.0,261500.0,361800.0,0.0,48100.0,28400.0,30900.0,26000.0,82500.0,41500.0,0.0,3500.0,0.0
2022-05-05,510234300.0,122134200.0,326766300.0,204632100.0,118600800.0,230282292.0,89264700.0,102922600.0,50136800.0,68204000.0,36958700.0,1397000.0,214200.0,0.0,63200.0,17700.0,967600.0,14300.0,152100.0,22900.0,0.0,58300.0,0.0
2022-05-06,510678900.0,129906600.0,338026000.0,208119400.0,100892000.0,252349171.0,100784500.0,121718500.0,48244300.0,61709400.0,59804800.0,2092100.0,484600.0,0.0,44900.0,26900.0,19000.0,42500.0,163200.0,15800.0,0.0,76800.0,0.0
2022-05-07,0.0,0.0,0.0,0.0,0.0,0.0,0.0,0.0,0.0,0.0,0.0,0.0,0.0,0.0,0.0,0.0,0.0,0.0,0.0,0.0,0.0,0.0,0.0
2022-05-08,0.0,0.0,0.0,0.0,0.0,0.0,0.0,0.0,0.0,0.0,0.0,0.0,0.0,0.0,0.0,0.0,0.0,0.0,0.0,0.0,0.0,0.0,0.0
2022-05-09,627609200.0,200878800.0,413309500.0,212430700.0,120092200.0,329134836.0,153894400.0,173497100.0,86333600.0,88628900.0,49239200.0,600700.0,3392300.0,0.0,40800.0,32300.0,108600.0,44800.0,89900.0,18500.0,0.0,59100.0,0.0
2022-05-10,600766800.0,157234400.0,386922400.0,229688000.0,134107800.0,279132156.0,119945100.0,142197300.0,68253100.0,74052400.0,36597800.0,2449300.0,2393400.0,0.0,53000.0,18300.0,84100.0,12400.0,82100.0,16200.0,0.0,54000.0,0.0
2022-05-11,380880400.0,94773600.0,231275100.0,136501500.0,89163900.0,168538407.0,67122700.0,76562100.0,42008100.0,47273100.0,22923300.0,2725200.0,2120400.0,0.0,56400.0,46000.0,27800.0,13600.0,94200.0,9000.0,0.0,51500.0,0.0
2022-05-12,516642600.0,163224300.0,326527600.0,163303300.0,102663000.0,268349992.0,119789100.0,137486400.0,66911600.0,71362700.0,31944500.0,732300.0,853300.0,0.0,50400.0,32300.0,55000.0,13900.0,137600.0,26700.0,0.0,59700.0,0.0
2022-05-13,736096200.0,237555200.0,476102600.0,238547400.0,136577600.0,395081240.0,174098400.0,199784800.0,92975100.0,101551500.0,76618200.0,1640100.0,1954600.0,0.0,52400.0,17800.0,62700.0,25300.0,108500.0,203400.0,0.0,54800.0,0.0
2022-05-14,0.0,0.0,0.0,0.0,0.0,0.0,0.0,0.0,0.0,0.0,0.0,0.0,0.0,0.0,0.0,0.0,0.0,0.0,0.0,0.0,0.0,0.0,0.0
2022-05-15,0.0,0.0,0.0,0.0,0.0,0.0,0.0,0.0,0.0,0.0,0.0,0.0,0.0,0.0,0.0,0.0,0.0,0.0,0.0,0.0,0.0,0.0,0.0
2022-05-16,551353400.0,172770300.0,362790000.0,190019700.0,102419500.0,289282472.0,131789600.0,150367400.0,61846600.0,74131500.0,28823200.0,1756300.0,1231500.0,0.0,67400.0,29500.0,74500.0,27400.0,138600.0,56200.0,0.0,56900.0,0.0
2022-05-17,542868100.0,161817400.0,350702300.0,188884900.0,102092200.0,270132131.0,120962600.0,139136500.0,56215700.0,70448000.0,42613600.0,1075100.0,2106300.0,0.0,136200.0,38200.0,55300.0,14400.0,157500.0,32800.0,0.0,57200.0,0.0
2022-05-18,514538800.0,159937700.0,333650600.0,173712900.0,93688100.0,269808853.0,133706300.0,154036600.0,56172800.0,78007300.0,32396200.0,494100.0,1426400.0,0.0,47800.0,33500.0,609700.0,2400.0,83800.0,26400.0,0.0,53300.0,0.0
2022-05-19,459858400.0,130077200.0,296177000.0,166099800.0,83793400.0,246765038.0,102658400.0,127350800.0,41062700.0,74505300.0,34624200.0,268200.0,494800.0,0.0,61400.0,6400.0,18800.0,6600.0,73100.0,22000.0,0.0,50500.0,0.0
2022-05-20,465793600.0,110100400.0,280527700.0,170427300.0,95243500.0,210347888.0,85578000.0,105510300.0,38101600.0,70136100.0,56120500.0,753200.0,3141900.0,0.0,52900.0,6700.0,1296500.0,31800.0,109200.0,24700.0,0.0,57600.0,0.0
2022-05-21,0.0,0.0,0.0,0.0,0.0,0.0,0.0,0.0,0.0,0.0,0.0,0.0,0.0,0.0,0.0,0.0,0.0,0.0,0.0,0.0,0.0,0.0,0.0
2022-05-22,0.0,0.0,0.0,0.0,0.0,0.0,0.0,0.0,0.0,0.0,0.0,0.0,0.0,0.0,0.0,0.0,0.0,0.0,0.0,0.0,0.0,0.0,0.0
2022-05-23,488979100.0,139331100.0,306634500.0,167303400.0,104929500.0,240254736.0,123089900.0,145034800.0,38904000.0,73284300.0,36704800.0,612100.0,2025900.0,0.0,60400.0,8700.0,432800.0,4900.0,152700.0,12200.0,0.0,60500.0,0.0
2022-05-24,479498700.0,146366400.0,313731300.0,167364900.0,87270500.0,259053571.0,101402900.0,122306900.0,38031600.0,76606300.0,37657100.0,428300.0,1264400.0,0.0,75400.0,10600.0,92300.0,14400.0,70600.0,20000.0,0.0,53100.0,0.0
2022-05-25,616951500.0,172697800.0,390314300.0,217616500.0,129111400.0,298490120.0,115860800.0,143346300.0,62410800.0,91126100.0,47147200.0,191400.0,1309800.0,0.0,68700.0,5100.0,11900.0,19600.0,49400.0,17500.0,0.0,53100.0,0.0
2022-05-26,514352700.0,127930000.0,306550400.0,178620400.0,116268600.0,224403596.0,100992400.0,129494500.0,39455700.0,81391600.0,47261700.0,1065700.0,11207300.0,0.0,51800.0,19800.0,131800.0,1300.0,69800.0,24600.0,0.0,54600.0,0.0
2022-05-27,578174500.0,139406400.0,330999000.0,191592600.0,126655800.0,249700830.0,106495500.0,126108800.0,62579900.0,70094800.0,58532300.0,1459700.0,3166100.0,0.0,56200.0,25400.0,50800.0,6900.0,62100.0,10000.0,0.0,65400.0,0.0
2022-05-28,0.0,0.0,0.0,0.0,0.0,0.0,0.0,0.0,0.0,0.0,0.0,0.0,0.0,0.0,0.0,0.0,0.0,0.0,0.0,0.0,0.0,0.0,0.0
2022-05-29,0.0,0.0,0.0,0.0,0.0,0.0,0.0,0.0,0.0,0.0,0.0,0.0,0.0,0.0,0.0,0.0,0.0,0.0,0.0,0.0,0.0,0.0,0.0
2022-05-30,499452600.0,121531100.0,284115200.0,162584100.0,103161000.0,223983759.0,96239500.0,116338100.0,48378300.0,81383500.0,46741600.0,3980300.0,6093400.0,0.0,63000.0,21500.0,33900.0,37800.0,58500.0,35300.0,0.0,55700.0,0.0
2022-05-31,543596100.0,127915900.0,320956700.0,193040800.0,118449500.0,234735400.0,95843300.0,115952500.0,45896900.0,84072600.0,58376600.0,4448900.0,2395900.0,0.0,59000.0,26700.0,129800.0,6800.0,70900.0,23100.0,0.0,54300.0,0.0
2022-06-01,505619500.0,127582100.0,312849000.0,185266900.0,103356700.0,231496420.0,84770500.0,101660900.0,41284400.0,69951900.0,43097800.0,242100.0,260900.0,0.0,48000.0,22600.0,34700.0,5400.0,70200.0,28600.0,0.0,56200.0,0.0
2022-06-02,527625000.0,133902700.0,327962300.0,194059600.0,109273400.0,247298025.0,98777600.0,124073700.0,46967700.0,87862200.0,50233000.0,993700.0,1118600.0,0.0,63600.0,9000.0,30900.0,21900.0,75200.0,8300.0,0.0,53500.0,0.0
2022-06-03,430601700.0,100179800.0,260196700.0,160016900.0,92783700.0,178550341.0,71796000.0,88401100.0,33544300.0,65195500.0,63265000.0,420700.0,639300.0,0.0,49800.0,4900.0,69000.0,13400.0,61700.0,5900.0,0.0,58900.0,0.0
2022-06-04,0.0,0.0,0.0,0.0,0.0,0.0,0.0,0.0,0.0,0.0,0.0,0.0,0.0,0.0,0.0,0.0,0.0,0.0,0.0,0.0,0.0,0.0,0.0
2022-06-05,0.0,0.0,0.0,0.0,0.0,0.0,0.0,0.0,0.0,0.0,0.0,0.0,0.0,0.0,0.0,0.0,0.0,0.0,0.0,0.0,0.0,0.0,0.0
2022-06-06,541562900.0,132834400.0,332182400.0,199348000.0,106683200.0,227844567.0,82638200.0,102414100.0,47345700.0,79246700.0,72907300.0,529100.0,1611600.0,0.0,58700.0,15200.0,32200.0,19700.0,70600.0,10000.0,0.0,52200.0,0.0
2022-06-07,625987600.0,153980900.0,385869500.0,231888600.0,129058700.0,268691113.0,89451500.0,112691700.0,43492000.0,99229300.0,66517000.0,690600.0,9987800.0,0.0,62900.0,23500.0,65400.0,11100.0,82200.0,11900.0,0.0,57200.0,0.0
2022-06-08,543305900.0,163072000.0,365005400.0,201933400.0,95624300.0,276384491.0,110687400.0,129384600.0,66835500.0,76474700.0,50390500.0,1556000.0,2531400.0,0.0,53200.0,15300.0,43600.0,4100.0,92100.0,8400.0,0.0,56500.0,0.0
2022-06-09,436340700.0,126600400.0,293790300.0,167189900.0,71768700.0,199687951.0,72631900.0,85206700.0,38627000.0,51216300.0,45219500.0,1640400.0,1394200.0,0.0,56900.0,4100.0,33300.0,4400.0,166700.0,15800.0,0.0,55800.0,0.0
2022-06-10,561068400.0,136585200.0,370694200.0,234109000.0,102795700.0,255854644.0,88919800.0,110346500.0,46724800.0,86934500.0,87241200.0,1833900.0,1142500.0,0.0,54400.0,5000.0,13000.0,3400.0,49100.0,15900.0,0.0,54700.0,0.0
2022-06-11,0.0,0.0,0.0,0.0,0.0,0.0,0.0,0.0,0.0,0.0,0.0,0.0,0.0,0.0,0.0,0.0,0.0,0.0,0.0,0.0,0.0,0.0,0.0
2022-06-12,0.0,0.0,0.0,0.0,0.0,0.0,0.0,0.0,0.0,0.0,0.0,0.0,0.0,0.0,0.0,0.0,0.0,0.0,0.0,0.0,0.0,0.0,0.0
2022-06-13,709415500.0,199019600.0,447712300.0,248692700.0,129962700.0,334032204.0,135650800.0,162239400.0,84063400.0,98117200.0,72691100.0,1586800.0,11367800.0,0.0,54200.0,16000.0,30900.0,10600.0,154000.0,20600.0,0.0,57000.0,0.0
2022-06-14,519177100.0,145640500.0,342363300.0,196722800.0,99552600.0,252977789.0,104151900.0,123367000.0,48635200.0,63172900.0,53535000.0,760300.0,2111700.0,0.0,63400.0,5000.0,74500.0,8300.0,92400.0,28900.0,0.0,53200.0,0.0
2022-06-15,626914600.0,167431200.0,419487400.0,252056200.0,117654500.0,307191089.0,141666200.0,167347900.0,62180200.0,69351700.0,56334900.0,1248400.0,482300.0,0.0,77900.0,28400.0,83900.0,3900.0,74700.0,13200.0,0.0,52900.0,0.0
2022-06-16,522295400.0,156455300.0,356785100.0,200329800.0,91124400.0,276281951.0,104855600.0,126600100.0,45267200.0,61801500.0,49632400.0,1657800.0,2131800.0,0.0,70100.0,4600.0,64900.0,87800.0,157900.0,7100.0,0.0,53300.0,0.0
2022-06-17,684022500.0,187300200.0,465172800.0,277872600.0,107299200.0,349676355.0,141135900.0,167075900.0,72304600.0,80539400.0,72549700.0,2391100.0,2102300.0,0.0,66700.0,19800.0,25500.0,14500.0,124600.0,16600.0,0.0,57900.0,0.0
2022-06-18,0.0,0.0,0.0,0.0,0.0,0.0,0.0,0.0,0.0,0.0,0.0,0.0,0.0,0.0,0.0,0.0,0.0,0.0,0.0,0.0,0.0,0.0,0.0
2022-06-19,0.0,0.0,0.0,0.0,0.0,0.0,0.0,0.0,0.0,0.0,0.0,0.0,0.0,0.0,0.0,0.0,0.0,0.0,0.0,0.0,0.0,0.0,0.0
2022-06-20,620002900.0,168768300.0,408022900.0,239254600.0,102208600.0,313353786.0,124819000.0,145182100.0,57347900.0,74955700.0,60707500.0,493800.0,1340700.0,0.0,62300.0,18700.0,20500.0,23200.0,94500.0,12800.0,0.0,54200.0,0.0
2022-06-21,607711900.0,172801800.0,417563300.0,244761500.0,108223000.0,312833457.0,117651700.0,137815100.0,50669300.0,75647500.0,53574200.0,206400.0,2374100.0,0.0,49500.0,9100.0,340100.0,28100.0,75500.0,50300.0,0.0,51400.0,0.0
2022-06-22,529135300.0,142695000.0,344986200.0,202291200.0,94495000.0,266381458.0,103084400.0,120793400.0,51941700.0,69463300.0,52275300.0,713900.0,2763200.0,0.0,64400.0,11100.0,428400.0,5800.0,127800.0,13700.0,0.0,53300.0,0.0
2022-06-23,380442900.0,105240000.0,249365500.0,144125500.0,62178000.0,191315547.0,88763200.0,103650900.0,39422300.0,49617500.0,34682800.0,349400.0,1515600.0,0.0,53600.0,26500.0,1000900.0,7900.0,56400.0,9400.0,0.0,52300.0,0.0
2022-06-24,410876800.0,90437000.0,257519100.0,167082100.0,66756200.0,192623984.0,87229100.0,101782500.0,27952900.0,54944500.0,52986200.0,260800.0,885700.0,0.0,62700.0,5600.0,13800.0,8400.0,45100.0,60500.0,0.0,53400.0,0.0
2022-06-25,0.0,0.0,0.0,0.0,0.0,0.0,0.0,0.0,0.0,0.0,0.0,0.0,0.0,0.0,0.0,0.0,0.0,0.0,0.0,0.0,0.0,0.0,0.0
2022-06-26,0.0,0.0,0.0,0.0,0.0,0.0,0.0,0.0,0.0,0.0,0.0,0.0,0.0,0.0,0.0,0.0,0.0,0.0,0.0,0.0,0.0,0.0,0.0
2022-06-27,429735700.0,110597100.0,285415100.0,174818000.0,61673500.0,219311349.0,97743400.0,114226800.0,37537500.0,49416500.0,33648900.0,73000.0,787800.0,0.0,70900.0,13900.0,262900.0,1500.0,61500.0,14700.0,0.0,52400.0,0.0
2022-06-28,534186600.0,151571400.0,349130700.0,197559300.0,86576200.0,272374931.0,142923100.0,161555100.0,62380200.0,63145500.0,40287600.0,811200.0,1547300.0,0.0,49200.0,3200.0,86500.0,3300.0,54800.0,5600.0,0.0,52900.0,0.0
2022-06-29,519299900.0,113295900.0,331491900.0,218196000.0,68831500.0,218539749.0,107698100.0,126192400.0,41838600.0,50956300.0,36627300.0,202900.0,1206600.0,0.0,63900.0,7700.0,647000.0,148700.0,212300.0,11500.0,0.0,56600.0,0.0
2022-06-30,471576000.0,118013500.0,310631900.0,192618400.0,71776500.0,234068965.0,111897800.0,131461100.0,39247100.0,55654300.0,33252300.0,1233000.0,905300.0,0.0,55700.0,4100.0,60500.0,11000.0,56500.0,22900.0,0.0,50800.0,0.0
2022-07-01,498479000.0,118891000.0,312512600.0,193621600.0,80239900.0,242989740.0,122838900.0,144786500.0,39491400.0,73857100.0,65435200.0,556900.0,2406300.0,0.0,65400.0,2900.0,21200.0,35600.0,172400.0,120200.0,0.0,2300.0,0.0
2022-07-02,0.0,0.0,0.0,0.0,0.0,0.0,0.0,0.0,0.0,0.0,0.0,0.0,0.0,0.0,0.0,0.0,0.0,0.0,0.0,0.0,0.0,0.0,0.0
2022-07-03,0.0,0.0,0.0,0.0,0.0,0.0,0.0,0.0,0.0,0.0,0.0,0.0,0.0,0.0,0.0,0.0,0.0,0.0,0.0,0.0,0.0,0.0,0.0
2022-07-04,403314600.0,112840000.0,268732300.0,155892300.0,58945900.0,203215288.0,117884400.0,138763200.0,40171700.0,46892200.0,23765200.0,130600.0,1061100.0,0.0,65200.0,12700.0,35300.0,51100.0,140200.0,110800.0,0.0,54500.0,0.0
2022-07-05,559493000.0,162030600.0,353775900.0,191745300.0,79536500.0,260148556.0,149236100.0,170851600.0,66901200.0,56272400.0,35442400.0,559600.0,2330000.0,0.0,53800.0,25000.0,28900.0,15700.0,58300.0,62700.0,0.0,52600.0,0.0
2022-07-06,511773800.0,131179800.0,331756400.0,200576600.0,65798200.0,244465031.0,114390000.0,134883700.0,41052200.0,62462100.0,56186000.0,245000.0,11657400.0,0.0,47600.0,10700.0,50800.0,46300.0,397400.0,96700.0,0.0,58100.0,0.0
2022-07-07,362816600.0,98638500.0,231592100.0,132953600.0,57959000.0,171748416.0,91232900.0,105667200.0,37397600.0,40479600.0,28587000.0,918000.0,1624100.0,0.0,47600.0,1100.0,541700.0,4900.0,73300.0,86000.0,0.0,2100.0,0.0
2022-07-08,437189300.0,115987500.0,299351100.0,183363600.0,68256700.0,220060838.0,112840700.0,131620600.0,34044400.0,51724400.0,45044600.0,249500.0,1102600.0,0.0,62500.0,13100.0,56300.0,7600.0,58200.0,116800.0,0.0,53800.0,0.0
2022-07-09,0.0,0.0,0.0,0.0,0.0,0.0,0.0,0.0,0.0,0.0,0.0,0.0,0.0,0.0,0.0,0.0,0.0,0.0,0.0,0.0,0.0,0.0,0.0
2022-07-10,0.0,0.0,0.0,0.0,0.0,0.0,0.0,0.0,0.0,0.0,0.0,0.0,0.0,0.0,0.0,0.0,0.0,0.0,0.0,0.0,0.0,0.0,0.0
2022-07-11,488732000.0,131002300.0,316998400.0,185996100.0,71646500.0,233551477.0,117886700.0,142155100.0,42055700.0,56370500.0,28008000.0,620600.0,957700.0,0.0,56600.0,6400.0,58400.0,12900.0,91600.0,12700.0,0.0,55800.0,0.0
2022-07-12,475429100.0,88675600.0,300647000.0,211971400.0,86205400.0,191887213.0,83560100.0,102028000.0,32559800.0,58325300.0,34762400.0,352200.0,2795700.0,0.0,51400.0,7400.0,43400.0,5100.0,68300.0,13800.0,0.0,53200.0,0.0
2022-07-13,522379700.0,117179900.0,307772300.0,190592400.0,92684200.0,250256262.0,117136200.0,139070900.0,43766800.0,57735100.0,42314100.0,1187900.0,1910300.0,0.0,51500.0,8000.0,16300.0,11100.0,61300.0,7700.0,0.0,53600.0,0.0
2022-07-14,490512400.0,106757900.0,315083900.0,208326000.0,82380400.0,227560502.0,116071000.0,147178500.0,37838900.0,69331200.0,31833000.0,1661900.0,1064100.0,0.0,60000.0,6900.0,20700.0,900.0,53300.0,14200.0,0.0,52700.0,0.0
2022-07-15,543854200.0,147665700.0,367879500.0,220213800.0,93298200.0,264730675.0,110731100.0,133547700.0,46443300.0,64241300.0,60561100.0,623100.0,574200.0,0.0,71600.0,9600.0,42100.0,30500.0,63600.0,14200.0,0.0,52200.0,0.0
2022-07-16,0.0,0.0,0.0,0.0,0.0,0.0,0.0,0.0,0.0,0.0,0.0,0.0,0.0,0.0,0.0,0.0,0.0,0.0,0.0,0.0,0.0,0.0,0.0
2022-07-17,0.0,0.0,0.0,0.0,0.0,0.0,0.0,0.0,0.0,0.0,0.0,0.0,0.0,0.0,0.0,0.0,0.0,0.0,0.0,0.0,0.0,0.0,0.0
2022-07-18,480514500.0,104038500.0,298110800.0,194072300.0,85958200.0,215276241.0,96043400.0,120965900.0,34698100.0,56968800.0,36787900.0,165900.0,608900.0,0.0,67200.0,6400.0,36900.0,5800.0,72400.0,13800.0,0.0,55100.0,0.0
2022-07-19,479006800.0,100592900.0,291336100.0,190743200.0,88206200.0,206645961.0,92106600.0,115729200.0,28827800.0,60815300.0,39304900.0,848200.0,2362100.0,0.0,60100.0,13400.0,17700.0,5600.0,42500.0,6700.0,0.0,52400.0,0.0
2022-07-20,601098600.0,123377500.0,362114800.0,238737300.0,108467900.0,255406783.0,113272600.0,145304600.0,54289500.0,87356900.0,43313100.0,1049200.0,1362600.0,0.0,51100.0,2400.0,46100.0,15400.0,327700.0,15200.0,0.0,54100.0,0.0
2022-07-21,500949000.0,127715400.0,316240500.0,188525100.0,89020400.0,231067842.0,110917800.0,131021300.0,49577600.0,62546000.0,36173500.0,2127300.0,1767800.0,0.0,51700.0,10900.0,4700.0,8500.0,85100.0,12800.0,0.0,52400.0,0.0
2022-07-22,448428100.0,106142000.0,281284800.0,175142800.0,80081500.0,209827697.0,100291000.0,120639100.0,44910600.0,60108300.0,64839000.0,1075600.0,2229900.0,0.0,66600.0,20900.0,61400.0,7300.0,72600.0,14500.0,0.0,51800.0,0.0
2022-07-23,0.0,0.0,0.0,0.0,0.0,0.0,0.0,0.0,0.0,0.0,0.0,0.0,0.0,0.0,0.0,0.0,0.0,0.0,0.0,0.0,0.0,0.0,0.0
2022-07-24,0.0,0.0,0.0,0.0,0.0,0.0,0.0,0.0,0.0,0.0,0.0,0.0,0.0,0.0,0.0,0.0,0.0,0.0,0.0,0.0,0.0,0.0,0.0
2022-07-25,410066000.0,94341400.0,254678200.0,160336800.0,76382500.0,187131817.0,79271900.0,104264800.0,31560600.0,58823400.0,31023300.0,1201800.0,1000300.0,0.0,49200.0,1800.0,24000.0,6300.0,57900.0,6800.0,0.0,51000.0,0.0
2022-07-26,388328300.0,93438000.0,248854000.0,155416000.0,68615100.0,168189733.0,74769300.0,87619500.0,28433700.0,42010500.0,35701800.0,78400.0,889400.0,0.0,61200.0,5100.0,107600.0,6500.0,90300.0,74700.0,0.0,55400.0,0.0
2022-07-27,387799200.0,95584100.0,252445700.0,156861600.0,68219400.0,179896276.0,87641200.0,105707200.0,25673400.0,45472600.0,23725600.0,99700.0,246900.0,0.0,61100.0,3100.0,15400.0,8500.0,50300.0,77800.0,0.0,50900.0,0.0
2022-07-28,620546700.0,180062100.0,415149800.0,235087700.0,103079600.0,312952267.0,160963200.0,189309800.0,65340500.0,78809900.0,37133900.0,326200.0,525900.0,0.0,63400.0,7400.0,24300.0,10700.0,69500.0,87600.0,0.0,53500.0,0.0
2022-07-29,537058300.0,142294000.0,351756600.0,209462600.0,96450800.0,265454494.0,139123900.0,161731400.0,61606700.0,62196800.0,55000900.0,594100.0,495800.0,0.0,61600.0,15500.0,187700.0,7800.0,78800.0,84400.0,0.0,51400.0,0.0
2022-07-30,0.0,0.0,0.0,0.0,0.0,0.0,0.0,0.0,0.0,0.0,0.0,0.0,0.0,0.0,0.0,0.0,0.0,0.0,0.0,0.0,0.0,0.0,0.0
2022-07-31,0.0,0.0,0.0,0.0,0.0,0.0,0.0,0.0,0.0,0.0,0.0,0.0,0.0,0.0,0.0,0.0,0.0,0.0,0.0,0.0,0.0,0.0,0.0
2022-08-01,681871300.0,175842500.0,477676600.0,301834100.0,117148400.0,339156859.0,198782500.0,201917100.0,62996600.0,79725000.0,48124100.0,1461600.0,1311200.0,0.0,71700.0,10800.0,422700.0,18900.0,66800.0,102600.0,0.0,52400.0,0.0
2022-08-02,734388200.0,172175300.0,465759400.0,293584100.0,144890800.0,324039660.0,177266200.0,185209400.0,52502200.0,106795900.0,50568800.0,1776100.0,1991100.0,0.0,53100.0,17000.0,40000.0,10000.0,75300.0,18100.0,0.0,55000.0,0.0
2022-08-03,702358600.0,184352300.0,471689800.0,287337500.0,128273600.0,323664871.0,157086000.0,168661600.0,61614900.0,85236600.0,45094100.0,667200.0,2605900.0,0.0,56000.0,2800.0,142900.0,10800.0,79700.0,4600.0,0.0,51000.0,0.0
2022-08-04,655935800.0,164088200.0,437736000.0,273647800.0,118880600.0,308984431.0,168674900.0,178228600.0,69658400.0,91580800.0,43352900.0,6552500.0,1415500.0,0.0,52400.0,4200.0,42300.0,10200.0,49700.0,18300.0,0.0,57400.0,0.0
2022-08-05,604391400.0,172672400.0,405335600.0,232663200.0,118465800.0,306985827.0,149338200.0,165373400.0,46613100.0,91278300.0,79164200.0,5711900.0,1075300.0,0.0,49300.0,3100.0,296300.0,11000.0,57800.0,4800.0,0.0,55400.0,0.0
2022-08-06,0.0,0.0,0.0,0.0,0.0,0.0,0.0,0.0,0.0,0.0,0.0,0.0,0.0,0.0,0.0,0.0,0.0,0.0,0.0,0.0,0.0,0.0,0.0
2022-08-07,0.0,0.0,0.0,0.0,0.0,0.0,0.0,0.0,0.0,0.0,0.0,0.0,0.0,0.0,0.0,0.0,0.0,0.0,0.0,0.0,0.0,0.0,0.0
2022-08-08,634015600.0,141948100.0,386343400.0,244395300.0,137865700.0,268109506.0,137391800.0,156559200.0,58277500.0,93897100.0,49205400.0,1178900.0,1495700.0,0.0,57400.0,11200.0,18800.0,7500.0,69500.0,2200.0,0.0,58100.0,0.0
2022-08-09,655262300.0,161794800.0,411352000.0,249557200.0,131870900.0,289180578.0,142436500.0,153483900.0,61261400.0,96912200.0,47709000.0,1020300.0,468800.0,0.0,53700.0,11200.0,56900.0,7700.0,79100.0,8800.0,0.0,54400.0,0.0
2022-08-10,584384800.0,117050500.0,374195600.0,257145100.0,113564900.0,248428950.0,110980000.0,123028800.0,39782900.0,92592600.0,42516200.0,354700.0,1263700.0,0.0,51800.0,7900.0,78200.0,6800.0,179900.0,9100.0,0.0,51500.0,0.0
2022-08-11,765336500.0,175275100.0,494333400.0,319058300.0,149360600.0,348229527.0,183816100.0,201721600.0,58547500.0,128186400.0,64334800.0,595500.0,724700.0,0.0,52500.0,6000.0,90800.0,12900.0,72300.0,7000.0,0.0,53400.0,0.0
2022-08-12,508817800.0,113933600.0,335432500.0,221498900.0,113018000.0,239500460.0,99894100.0,120386500.0,31557400.0,68890000.0,75167200.0,135300.0,963600.0,0.0,51000.0,25000.0,54000.0,305900.0,51300.0,1900.0,0.0,51600.0,0.0
2022-08-13,0.0,0.0,0.0,0.0,0.0,0.0,0.0,0.0,0.0,0.0,0.0,0.0,0.0,0.0,0.0,0.0,0.0,0.0,0.0,0.0,0.0,0.0,0.0
2022-08-14,0.0,0.0,0.0,0.0,0.0,0.0,0.0,0.0,0.0,0.0,0.0,0.0,0.0,0.0,0.0,0.0,0.0,0.0,0.0,0.0,0.0,0.0,0.0
2022-08-15,585580500.0,149048700.0,409787000.0,260738300.0,95705400.0,296290042.0,169515800.0,144196700.0,57988300.0,77808400.0,36577500.0,607700.0,2663300.0,0.0,71800.0,10700.0,142600.0,18300.0,68500.0,18900.0,0.0,55300.0,0.0
2022-08-16,569526100.0,155261200.0,393018100.0,237756900.0,107159700.0,268303851.0,110877600.0,117094000.0,46541200.0,73819000.0,43950900.0,61700.0,1166900.0,0.0,52600.0,9100.0,80500.0,304100.0,103900.0,3400.0,0.0,60400.0,0.0
2022-08-17,644581600.0,146611100.0,419518800.0,272907700.0,139141800.0,288825423.0,143765600.0,155360300.0,54964300.0,95061000.0,42930500.0,72300.0,596400.0,0.0,70700.0,41500.0,171200.0,20400.0,74400.0,4600.0,0.0,55000.0,0.0
2022-08-18,558424300.0,162054000.0,368605900.0,206551900.0,108633600.0,282896792.0,157671400.0,169878900.0,54437500.0,71572100.0,29604500.0,419000.0,936600.0,0.0,52700.0,7000.0,183800.0,13700.0,78100.0,12300.0,0.0,53400.0,0.0
2022-08-19,568209800.0,154225000.0,375653000.0,221428000.0,114362100.0,273257306.0,129568800.0,145765300.0,66178200.0,78601800.0,75658300.0,538400.0,341100.0,0.0,50100.0,13800.0,176300.0,333300.0,62100.0,58800.0,0.0,54000.0,0.0
2022-08-20,0.0,0.0,0.0,0.0,0.0,0.0,0.0,0.0,0.0,0.0,0.0,0.0,0.0,0.0,0.0,0.0,0.0,0.0,0.0,0.0,0.0,0.0,0.0
2022-08-21,0.0,0.0,0.0,0.0,0.0,0.0,0.0,0.0,0.0,0.0,0.0,0.0,0.0,0.0,0.0,0.0,0.0,0.0,0.0,0.0,0.0,0.0,0.0
2022-08-22,566785900.0,128864900.0,351188400.0,222323500.0,122076900.0,248228580.0,123478100.0,136999100.0,54502400.0,102816700.0,34689400.0,463100.0,1043800.0,0.0,63400.0,6600.0,155500.0,5900.0,98000.0,53800.0,0.0,53000.0,0.0
2022-08-23,520796300.0,130485700.0,341530800.0,211045100.0,107238500.0,263177179.0,138105000.0,153621500.0,40507500.0,89540300.0,52381200.0,295300.0,1219300.0,0.0,55600.0,34000.0,261600.0,9400.0,86500.0,14100.0,0.0,50000.0,0.0
2022-08-24,519810800.0,113650300.0,333645900.0,219995600.0,115228900.0,234904165.0,106153500.0,120446000.0,43371800.0,73645200.0,45318800.0,247200.0,528300.0,0.0,54000.0,7600.0,169000.0,5600.0,72300.0,8100.0,0.0,53600.0,0.0
2022-08-25,562124700.0,127468800.0,365323600.0,237854800.0,111628700.0,249420245.0,129234500.0,139137300.0,58438500.0,84015900.0,42010300.0,88700.0,300100.0,0.0,51400.0,7400.0,72400.0,3700.0,59200.0,19400.0,0.0,54000.0,0.0
2022-08-26,614354500.0,152914600.0,401594300.0,248679700.0,126005800.0,290234279.0,140473000.0,151460100.0,62185600.0,91908100.0,60470000.0,234100.0,1183900.0,0.0,53700.0,6200.0,168900.0,11500.0,298400.0,12200.0,0.0,54500.0,0.0
2022-08-27,0.0,0.0,0.0,0.0,0.0,0.0,0.0,0.0,0.0,0.0,0.0,0.0,0.0,0.0,0.0,0.0,0.0,0.0,0.0,0.0,0.0,0.0,0.0
2022-08-28,0.0,0.0,0.0,0.0,0.0,0.0,0.0,0.0,0.0,0.0,0.0,0.0,0.0,0.0,0.0,0.0,0.0,0.0,0.0,0.0,0.0,0.0,0.0
2022-08-29,793997300.0,174325400.0,538589600.0,364264200.0,154622200.0,371540239.0,183895800.0,198858800.0,64673300.0,127549800.0,60623900.0,861700.0,1643200.0,0.0,69500.0,10900.0,115300.0,10800.0,93800.0,117500.0,0.0,56900.0,0.0
2022-08-30,473770000.0,112858600.0,322742600.0,209884000.0,90850600.0,221465260.0,98297500.0,106745000.0,42348200.0,66163900.0,39304200.0,245400.0,878700.0,0.0,53500.0,12700.0,174700.0,14500.0,49600.0,122200.0,0.0,76200.0,0.0
2022-08-31,462420100.0,103562800.0,307093200.0,203530400.0,84665700.0,212629671.0,88666300.0,95310900.0,36828100.0,66226400.0,32645200.0,425800.0,1341500.0,0.0,46800.0,3400.0,76800.0,4400.0,29000.0,11500.0,0.0,51500.0,0.0
2022-09-01,0.0,0.0,0.0,0.0,0.0,0.0,0.0,0.0,0.0,0.0,0.0,0.0,0.0,0.0,0.0,0.0,0.0,0.0,0.0,0.0,0.0,0.0,0.0
2022-09-02,0.0,0.0,0.0,0.0,0.0,0.0,0.0,0.0,0.0,0.0,0.0,0.0,0.0,0.0,0.0,0.0,0.0,0.0,0.0,0.0,0.0,0.0,0.0
2022-09-03,0.0,0.0,0.0,0.0,0.0,0.0,0.0,0.0,0.0,0.0,0.0,0.0,0.0,0.0,0.0,0.0,0.0,0.0,0.0,0.0,0.0,0.0,0.0
2022-09-04,0.0,0.0,0.0,0.0,0.0,0.0,0.0,0.0,0.0,0.0,0.0,0.0,0.0,0.0,0.0,0.0,0.0,0.0,0.0,0.0,0.0,0.0,0.0
2022-09-05,466166300.0,110009200.0,314024400.0,204015200.0,82852500.0,218944333.0,86297300.0,94696700.0,38485100.0,62675600.0,30771600.0,1550000.0,1442000.0,0.0,55300.0,18000.0,78000.0,18700.0,96900.0,71900.0,0.0,52800.0,0.0
2022-09-06,537987600.0,121911600.0,362741600.0,240830000.0,98708100.0,233054788.0,94452000.0,103387200.0,41714000.0,67417500.0,32450700.0,1383600.0,1277000.0,0.0,57100.0,5700.0,30600.0,10000.0,73500.0,138700.0,0.0,114600.0,0.0
2022-09-07,796593600.0,187243100.0,547025800.0,359782700.0,136279700.0,373824914.0,186789700.0,194586600.0,71072800.0,100662700.0,53994600.0,1237900.0,891100.0,0.0,56000.0,5400.0,46500.0,7800.0,257000.0,149200.0,0.0,55200.0,0.0
2022-09-08,557779800.0,124239300.0,353650500.0,229411200.0,104530300.0,250894537.0,115001000.0,118276600.0,42395000.0,79753200.0,38590500.0,594500.0,967400.0,0.0,57700.0,6500.0,408100.0,6700.0,84000.0,10700.0,0.0,54300.0,0.0
2022-09-09,542039800.0,161748700.0,382448000.0,220699300.0,97210700.0,276703119.0,147302400.0,154084300.0,49011800.0,68598200.0,51484200.0,497100.0,1266800.0,0.0,59400.0,17400.0,101800.0,6800.0,86000.0,8300.0,0.0,76900.0,0.0
2022-09-10,0.0,0.0,0.0,0.0,0.0,0.0,0.0,0.0,0.0,0.0,0.0,0.0,0.0,0.0,0.0,0.0,0.0,0.0,0.0,0.0,0.0,0.0,0.0
2022-09-11,0.0,0.0,0.0,0.0,0.0,0.0,0.0,0.0,0.0,0.0,0.0,0.0,0.0,0.0,0.0,0.0,0.0,0.0,0.0,0.0,0.0,0.0,0.0
2022-09-12,390724335.0,100037700.0,267714600.0,167676900.0,60995100.0,189399780.0,66798500.0,69802300.0,30562300.0,51315700.0,23774800.0,1059300.0,1340800.0,0.0,52600.0,7700.0,148900.0,3200.0,134700.0,11600.0,0.0,51700.0,0.0
2022-09-13,464202179.0,94065400.0,292130800.0,198065400.0,63466700.0,199874340.0,85074500.0,88240400.0,29234500.0,54709200.0,25200100.0,880600.0,2546200.0,0.0,50300.0,3000.0,133700.0,11000.0,65100.0,7500.0,0.0,57700.0,0.0
2022-09-14,574967232.0,142289600.0,407406300.0,265116700.0,85933100.0,278665296.0,131110600.0,138118900.0,45371300.0,71131900.0,33945300.0,376400.0,653100.0,0.0,50900.0,7500.0,94100.0,3400.0,63900.0,7200.0,0.0,51100.0,0.0
2022-09-15,386210366.0,101057100.0,264111200.0,163054100.0,72152700.0,174290477.0,68623100.0,72506200.0,30271100.0,50636100.0,22208300.0,65900.0,2915300.0,0.0,53100.0,1500.0,25600.0,11800.0,44800.0,64700.0,0.0,50900.0,0.0
2022-09-16,594453000.0,155329900.0,405715100.0,250385200.0,103277700.0,287932818.0,126261500.0,130917700.0,51446000.0,76436800.0,48519000.0,391500.0,2634700.0,0.0,48800.0,23700.0,31000.0,14700.0,69500.0,104800.0,0.0,52700.0,0.0
2022-09-17,0.0,0.0,0.0,0.0,0.0,0.0,0.0,0.0,0.0,0.0,0.0,0.0,0.0,0.0,0.0,0.0,0.0,0.0,0.0,0.0,0.0,0.0,0.0
2022-09-18,0.0,0.0,0.0,0.0,0.0,0.0,0.0,0.0,0.0,0.0,0.0,0.0,0.0,0.0,0.0,0.0,0.0,0.0,0.0,0.0,0.0,0.0,0.0
2022-09-19,642152831.0,152498300.0,431049200.0,278550900.0,117228800.0,295377415.0,130560400.0,137693500.0,50857200.0,84465500.0,39234500.0,553500.0,559000.0,0.0,54100.0,20000.0,139400.0,13700.0,125700.0,76800.0,0.0,56600.0,0.0
2022-09-20,413031821.0,94432100.0,272779200.0,178347100.0,90612200.0,189794122.0,93957700.0,102725400.0,36290400.0,56351800.0,31493800.0,156500.0,5304800.0,0.0,49500.0,10300.0,42800.0,6000.0,98800.0,94800.0,0.0,51000.0,0.0
2022-09-21,325758197.0,76490900.0,213007100.0,136516200.0,66423700.0,145646604.0,62656000.0,66997100.0,31999200.0,41206700.0,29237200.0,82700.0,904000.0,0.0,53500.0,2800.0,65800.0,3800.0,64400.0,66100.0,0.0,56900.0,0.0
2022-09-22,436228785.0,98659200.0,285313800.0,186654600.0,90040000.0,202268671.0,98162000.0,107125900.0,39803800.0,56752900.0,33319300.0,401600.0,1152100.0,0.0,49800.0,3000.0,326300.0,6500.0,65100.0,99000.0,0.0,53500.0,0.0
2022-09-23,443474468.0,88494000.0,272852600.0,184358600.0,90348900.0,175102378.0,83023000.0,94111700.0,30520400.0,56092100.0,50698500.0,544900.0,801100.0,0.0,90100.0,5800.0,696900.0,1300.0,61200.0,23400.0,0.0,53100.0,0.0
2022-09-24,0.0,0.0,0.0,0.0,0.0,0.0,0.0,0.0,0.0,0.0,0.0,0.0,0.0,0.0,0.0,0.0,0.0,0.0,0.0,0.0,0.0,0.0,0.0
2022-09-25,0.0,0.0,0.0,0.0,0.0,0.0,0.0,0.0,0.0,0.0,0.0,0.0,0.0,0.0,0.0,0.0,0.0,0.0,0.0,0.0,0.0,0.0,0.0
2022-09-26,702130223.0,175236400.0,476335300.0,301098900.0,132106900.0,346086173.0,162207400.0,178539900.0,69992000.0,82323300.0,40687100.0,1354700.0,1230000.0,0.0,68200.0,12400.0,478800.0,6200.0,92800.0,101000.0,0.0,87300.0,0.0
2022-09-27,415319330.0,85342600.0,267077700.0,181735100.0,88688500.0,179596797.0,83317900.0,89967000.0,37599900.0,45855500.0,25756000.0,1883200.0,500800.0,0.0,55500.0,58100.0,339500.0,17000.0,101600.0,34900.0,0.0,52200.0,0.0
2022-09-28,496930374.0,92268300.0,308921700.0,216653400.0,101105500.0,203878590.0,95709800.0,107107400.0,34951200.0,61479400.0,35071600.0,913100.0,1969900.0,0.0,55100.0,15100.0,83800.0,10800.0,102000.0,12600.0,0.0,54600.0,0.0
2022-09-29,416164258.0,88046900.0,264579700.0,176532800.0,89113400.0,172189613.0,82588800.0,92911400.0,36985200.0,50662500.0,27186700.0,2786600.0,868100.0,98900.0,70900.0,11900.0,64700.0,6500.0,66200.0,17000.0,0.0,56300.0,0.0
2022-09-30,612655902.0,154777200.0,411584300.0,256807100.0,115895400.0,295445023.0,143943600.0,156677800.0,60416500.0,74109000.0,53956400.0,2073700.0,1819200.0,144900.0,65800.0,9000.0,74300.0,9500.0,81300.0,79200.0,0.0,4000.0,0.0
2022-10-01,0.0,0.0,0.0,0.0,0.0,0.0,0.0,0.0,0.0,0.0,0.0,0.0,0.0,0.0,0.0,0.0,0.0,0.0,0.0,0.0,0.0,0.0,0.0
2022-10-02,0.0,0.0,0.0,0.0,0.0,0.0,0.0,0.0,0.0,0.0,0.0,0.0,0.0,0.0,0.0,0.0,0.0,0.0,0.0,0.0,0.0,0.0,0.0
2022-10-03,502098805.0,159888000.0,338115500.0,178227500.0,79188500.0,265170057.0,133102500.0,137658800.0,68231100.0,60153700.0,27891500.0,1028200.0,1178900.0,59700.0,58100.0,54800.0,117600.0,5900.0,126200.0,39100.0,0.0,62600.0,0.0
2022-10-04,514033942.0,147867000.0,354508800.0,206641800.0,82327600.0,262544210.0,130832400.0,139841100.0,59130000.0,56109500.0,28767900.0,1652800.0,1598200.0,76500.0,41200.0,35700.0,93100.0,8700.0,101600.0,16500.0,0.0,57400.0,0.0
2022-10-05,397012510.0,114403700.0,266169300.0,151765600.0,70737700.0,207182260.0,97393100.0,105768200.0,43654400.0,48965300.0,24224900.0,164100.0,2194600.0,13400.0,45100.0,12700.0,273500.0,11200.0,245100.0,21500.0,0.0,1403000.0,0.0
2022-10-06,500112250.0,141259300.0,334868600.0,193609300.0,82582500.0,245042505.0,120579600.0,133355500.0,57305600.0,50757000.0,28214200.0,540000.0,1857600.0,48400.0,56500.0,19000.0,96900.0,17500.0,121300.0,38400.0,0.0,10300.0,0.0
2022-10-07,788871784.0,261705900.0,567790000.0,306084100.0,122237100.0,444467939.0,257005700.0,269225600.0,122942200.0,83784100.0,50095200.0,864600.0,2507400.0,42700.0,61200.0,14100.0,66400.0,5400.0,133500.0,19300.0,0.0,57400.0,0.0
2022-10-08,0.0,0.0,0.0,0.0,0.0,0.0,0.0,0.0,0.0,0.0,0.0,0.0,0.0,0.0,0.0,0.0,0.0,0.0,0.0,0.0,0.0,0.0,0.0
2022-10-09,0.0,0.0,0.0,0.0,0.0,0.0,0.0,0.0,0.0,0.0,0.0,0.0,0.0,0.0,0.0,0.0,0.0,0.0,0.0,0.0,0.0,0.0,0.0
2022-10-10,542075880.0,178313500.0,387857100.0,209543600.0,77752800.0,315795876.0,185984400.0,187955800.0,77725200.0,59490000.0,26870900.0,370300.0,1524700.0,9400.0,55400.0,26800.0,320700.0,15600.0,105100.0,78200.0,0.0,84000.0,0.0
2022-10-11,581085298.0,200927800.0,417922200.0,216994400.0,82453800.0,335116882.0,190057200.0,190336400.0,96514200.0,73879400.0,30269200.0,963200.0,2551800.0,19200.0,54100.0,16400.0,162700.0,19700.0,118200.0,32500.0,0.0,35900.0,0.0
2022-10-12,533033551.0,150966500.0,375278000.0,224311500.0,83289600.0,300709584.0,159261700.0,156448800.0,63726700.0,50732300.0,24041800.0,762400.0,2638500.0,11400.0,49300.0,16400.0,115600.0,15100.0,80800.0,32300.0,0.0,29800.0,0.0
2022-10-13,402770922.0,127128600.0,269244700.0,142116100.0,61475200.0,214517325.0,123533200.0,124295100.0,59770400.0,32688900.0,18626300.0,1081300.0,1632700.0,417100.0,59100.0,2700.0,105400.0,1402800.0,54900.0,20400.0,0.0,56400.0,0.0
2022-10-14,506507283.0,148450300.0,359964200.0,211513900.0,79039900.0,288727067.0,162471700.0,163697500.0,54797700.0,66726400.0,45738000.0,608500.0,1826200.0,6700.0,55900.0,12700.0,70800.0,38800.0,51000.0,207600.0,0.0,52800.0,0.0
2022-10-15,0.0,0.0,0.0,0.0,0.0,0.0,0.0,0.0,0.0,0.0,0.0,0.0,0.0,0.0,0.0,0.0,0.0,0.0,0.0,0.0,0.0,0.0,0.0
2022-10-16,0.0,0.0,0.0,0.0,0.0,0.0,0.0,0.0,0.0,0.0,0.0,0.0,0.0,0.0,0.0,0.0,0.0,0.0,0.0,0.0,0.0,0.0,0.0
2022-10-17,435862211.0,117602900.0,289791500.0,172188600.0,64183500.0,236979229.0,125251900.0,127402000.0,51014100.0,43310300.0,20343400.0,1332300.0,1086500.0,10800.0,44700.0,14400.0,184000.0,9900.0,91800.0,70300.0,0.0,50800.0,0.0
2022-10-18,466601790.0,120839700.0,322714500.0,201874800.0,81393300.0,246859571.0,122410400.0,130357700.0,43612600.0,54950000.0,22359700.0,748100.0,1568100.0,336000.0,51800.0,15200.0,83900.0,15200.0,49500.0,12500.0,0.0,51400.0,0.0
2022-10-19,345536813.0,102622000.0,235668500.0,133046500.0,56404400.0,190416951.0,100382000.0,104844800.0,38183700.0,37268200.0,25671600.0,744100.0,2028500.0,182600.0,55900.0,6000.0,33700.0,4900.0,51400.0,7100.0,0.0,55200.0,0.0
2022-10-20,352606874.0,113705500.0,249082700.0,135377200.0,54778900.0,197767824.0,98691200.0,102599700.0,43118600.0,32317600.0,17092900.0,1036600.0,733700.0,91300.0,49200.0,5300.0,233000.0,11200.0,44000.0,30200.0,0.0,51000.0,0.0
2022-10-21,642381040.0,193757000.0,456519200.0,262762200.0,94828900.0,367790385.0,179815800.0,187900500.0,71966900.0,88615300.0,54979900.0,1034800.0,3804300.0,348200.0,50600.0,19900.0,63800.0,11900.0,68200.0,62600.0,0.0,55700.0,0.0
2022-10-22,0.0,0.0,0.0,0.0,0.0,0.0,0.0,0.0,0.0,0.0,0.0,0.0,0.0,0.0,0.0,0.0,0.0,0.0,0.0,0.0,0.0,0.0,0.0
2022-10-23,0.0,0.0,0.0,0.0,0.0,0.0,0.0,0.0,0.0,0.0,0.0,0.0,0.0,0.0,0.0,0.0,0.0,0.0,0.0,0.0,0.0,0.0,0.0
2022-10-24,547325768.0,170993600.0,376124700.0,205131100.0,86308500.0,299715559.0,163851400.0,171591800.0,68412000.0,63706200.0,33245200.0,971900.0,943500.0,366700.0,41200.0,22000.0,126700.0,16600.0,135900.0,46700.0,0.0,68700.0,0.0
2022-10-25,670496541.0,183292900.0,492676500.0,309383600.0,103730600.0,393241557.0,226256400.0,233610700.0,78088000.0,73574400.0,34200600.0,1273700.0,2476900.0,344900.0,48100.0,14700.0,226900.0,7900.0,90400.0,36200.0,0.0,58700.0,0.0
2022-10-26,352504126.0,77220600.0,242766100.0,165545500.0,66333800.0,179186753.0,97516100.0,101899000.0,35993600.0,39381800.0,16747500.0,407000.0,805900.0,226000.0,54300.0,19300.0,97800.0,8900.0,66700.0,30000.0,0.0,52500.0,0.0
2022-10-27,572521830.0,159809500.0,416486300.0,256676800.0,80642800.0,342970075.0,190303900.0,194832300.0,72842500.0,55277200.0,26407800.0,499500.0,1237900.0,238400.0,53600.0,18900.0,239400.0,2000.0,57400.0,33000.0,0.0,52100.0,0.0
2022-10-28,515678504.0,147687400.0,365377500.0,217690100.0,82596700.0,288377662.0,160501500.0,173346100.0,61714400.0,55707600.0,37142700.0,239500.0,1335700.0,231600.0,57400.0,9800.0,26400.0,4400.0,55900.0,14300.0,0.0,57300.0,0.0
2022-10-29,0.0,0.0,0.0,0.0,0.0,0.0,0.0,0.0,0.0,0.0,0.0,0.0,0.0,0.0,0.0,0.0,0.0,0.0,0.0,0.0,0.0,0.0,0.0
2022-10-30,0.0,0.0,0.0,0.0,0.0,0.0,0.0,0.0,0.0,0.0,0.0,0.0,0.0,0.0,0.0,0.0,0.0,0.0,0.0,0.0,0.0,0.0,0.0
2022-10-31,581686899.0,188840700.0,437592500.0,248751800.0,75352500.0,365275859.0,168577500.0,172314500.0,59803400.0,50808800.0,17644700.0,282300.0,564500.0,217100.0,49400.0,10000.0,1433000.0,2600.0,60500.0,26400.0,0.0,55400.0,0.0
2022-11-01,576018299.0,243894300.0,442293500.0,198399200.0,72228900.0,377707133.0,196526600.0,203398800.0,90054900.0,53724000.0,19311700.0,447600.0,262600.0,103800.0,51200.0,30200.0,90600.0,21900.0,108500.0,34600.0,0.0,68600.0,0.0
2022-11-02,488484391.0,167911600.0,360643200.0,192731600.0,61842600.0,297914317.0,156038600.0,159579900.0,71872500.0,47379300.0,17675800.0,218300.0,302600.0,104400.0,62700.0,17500.0,1344000.0,17400.0,60300.0,35600.0,0.0,57900.0,0.0
2022-11-03,404560465.0,120449100.0,291046100.0,170597000.0,67260100.0,230365508.0,141487900.0,144742400.0,57715800.0,37239400.0,14387900.0,205200.0,203600.0,101800.0,54000.0,7400.0,210800.0,1000.0,49600.0,59700.0,0.0,54600.0,0.0
2022-11-04,694874936.0,256472300.0,522553200.0,266080900.0,85022200.0,433678602.0,269363900.0,273624600.0,139131300.0,73097000.0,40443400.0,868500.0,1457900.0,133300.0,66600.0,14000.0,114900.0,6800.0,165800.0,32500.0,0.0,63700.0,0.0
2022-11-05,0.0,0.0,0.0,0.0,0.0,0.0,0.0,0.0,0.0,0.0,0.0,0.0,0.0,0.0,0.0,0.0,0.0,0.0,0.0,0.0,0.0,0.0,0.0
2022-11-06,0.0,0.0,0.0,0.0,0.0,0.0,0.0,0.0,0.0,0.0,0.0,0.0,0.0,0.0,0.0,0.0,0.0,0.0,0.0,0.0,0.0,0.0,0.0
2022-11-07,534179038.0,179097800.0,382694600.0,203596800.0,76114100.0,315503704.0,182204100.0,201104300.0,77992300.0,62870700.0,22278700.0,352900.0,2615200.0,114200.0,46700.0,18700.0,153500.0,16900.0,155900.0,116800.0,0.0,68700.0,0.0
2022-11-08,542658093.0,185773700.0,393718100.0,207944400.0,76570400.0,314119267.0,161280000.0,175451700.0,71003000.0,51567400.0,20173200.0,739000.0,1283300.0,116800.0,52300.0,9100.0,45000.0,10000.0,69500.0,421600.0,0.0,55300.0,0.0
2022-11-09,479348375.0,166478600.0,371092500.0,204613900.0,55048400.0,314763251.0,143639100.0,154573600.0,59901200.0,44360200.0,14863900.0,172900.0,811700.0,117700.0,60600.0,14700.0,29000.0,12000.0,68500.0,87600.0,0.0,52400.0,0.0
2022-11-10,698929752.0,252587000.0,485891000.0,233304000.0,79009500.0,416093155.0,202203700.0,219747000.0,91813600.0,59953800.0,34052900.0,920100.0,1184700.0,133100.0,52700.0,13900.0,384100.0,6100.0,142400.0,39900.0,0.0,56200.0,0.0
2022-11-11,646430307.0,213492300.0,478421400.0,264929100.0,98723200.0,379767141.0,198006900.0,220862800.0,86786800.0,77961400.0,35199200.0,1636000.0,4118400.0,3200.0,100800.0,15900.0,136400.0,20100.0,86700.0,475300.0,0.0,52400.0,2700.0
2022-11-12,0.0,0.0,0.0,0.0,0.0,0.0,0.0,0.0,0.0,0.0,0.0,0.0,0.0,0.0,0.0,0.0,0.0,0.0,0.0,0.0,0.0,0.0,0.0
2022-11-13,0.0,0.0,0.0,0.0,0.0,0.0,0.0,0.0,0.0,0.0,0.0,0.0,0.0,0.0,0.0,0.0,0.0,0.0,0.0,0.0,0.0,0.0,0.0
2022-11-14,599475661.0,211967900.0,437423300.0,225455400.0,85753500.0,371200022.0,189589600.0,213706300.0,70242700.0,65619500.0,32625600.0,2975400.0,3204500.0,13500.0,49900.0,16300.0,599600.0,18300.0,97800.0,612600.0,0.0,50600.0,0.0
2022-11-15,589338231.0,218103000.0,424714600.0,206611600.0,76410000.0,356188188.0,210037000.0,232461100.0,99983600.0,58332500.0,40385300.0,1287500.0,3416500.0,20500.0,52600.0,14400.0,621300.0,3300.0,132100.0,247700.0,0.0,58300.0,25000.0
2022-11-16,934319990.0,249949000.0,676331200.0,426382200.0,162997900.0,516373736.0,266870200.0,301280300.0,133311600.0,101484300.0,60036600.0,1438300.0,4742300.0,8400.0,87200.0,17800.0,58600.0,15800.0,89000.0,56900.0,0.0,57600.0,0.0
2022-11-17,589757181.0,184689400.0,446161200.0,261471800.0,84268000.0,314983988.0,230419500.0,243262800.0,134363300.0,70486500.0,29163800.0,2987100.0,3583600.0,25700.0,56500.0,13800.0,277000.0,9200.0,93900.0,33200.0,0.0,52000.0,50600.0
2022-11-18,833998764.0,264087200.0,619964000.0,355876800.0,123039200.0,481803922.0,213042800.0,245748300.0,80682000.0,97324200.0,66079100.0,712500.0,2781000.0,22900.0,55900.0,14200.0,253700.0,11000.0,49000.0,84200.0,0.0,80500.0,0.0
2022-11-19,0.0,0.0,0.0,0.0,0.0,0.0,0.0,0.0,0.0,0.0,0.0,0.0,0.0,0.0,0.0,0.0,0.0,0.0,0.0,0.0,0.0,0.0,0.0
2022-11-20,0.0,0.0,0.0,0.0,0.0,0.0,0.0,0.0,0.0,0.0,0.0,0.0,0.0,0.0,0.0,0.0,0.0,0.0,0.0,0.0,0.0,0.0,0.0
2022-11-21,522896406.0,132087900.0,371841900.0,239754000.0,94230900.0,271155155.0,137800600.0,159597400.0,67523500.0,52161700.0,29760800.0,225400.0,3471100.0,3500.0,54800.0,24200.0,46700.0,20800.0,93900.0,48500.0,0.0,56700.0,50400.0
2022-11-22,978966312.0,368681000.0,751335000.0,382654000.0,138891500.0,603697505.0,232408400.0,263549200.0,96707600.0,99221200.0,43352700.0,2349700.0,3760700.0,8000.0,52100.0,32700.0,59500.0,16200.0,112200.0,113500.0,0.0,58500.0,25000.0
2022-11-23,489057298.0,154603600.0,354472900.0,199869300.0,81732800.0,274713558.0,125961400.0,145629400.0,48145300.0,56094200.0,26387500.0,1833900.0,2450800.0,700.0,49500.0,35800.0,65200.0,38400.0,105400.0,57600.0,0.0,54700.0,74100.0
2022-11-24,482211800.0,136323900.0,346487000.0,210163100.0,78073700.0,271942932.0,124634500.0,144517400.0,59169600.0,58294700.0,26751500.0,875900.0,4340800.0,200.0,50400.0,5100.0,18300.0,34200.0,35200.0,3300.0,0.0,51100.0,50800.0
2022-11-25,554522096.0,170888500.0,402343500.0,231455000.0,88888300.0,321467923.0,172353200.0,195517900.0,69047800.0,56271100.0,48319100.0,547000.0,2242400.0,8100.0,39800.0,6400.0,29800.0,4200.0,62200.0,12300.0,0.0,50200.0,62300.0
2022-11-26,0.0,0.0,0.0,0.0,0.0,0.0,0.0,0.0,0.0,0.0,0.0,0.0,0.0,0.0,0.0,0.0,0.0,0.0,0.0,0.0,0.0,0.0,0.0
2022-11-27,0.0,0.0,0.0,0.0,0.0,0.0,0.0,0.0,0.0,0.0,0.0,0.0,0.0,0.0,0.0,0.0,0.0,0.0,0.0,0.0,0.0,0.0,0.0
2022-11-28,872659644.0,398075900.0,661507700.0,263431800.0,116309300.0,572289509.0,235061500.0,282509200.0,101689000.0,77646400.0,37317600.0,674400.0,2604600.0,17500.0,50000.0,2500.0,69400.0,3400.0,63800.0,12600.0,0.0,70700.0,57800.0
2022-11-29,1101952455.0,366388700.0,820982500.0,454593800.0,178965800.0,640059505.0,262351000.0,303411500.0,102406800.0,152130000.0,49818300.0,1016800.0,4815500.0,11500.0,50400.0,14100.0,2069800.0,11900.0,77200.0,201700.0,0.0,85800.0,52400.0
2022-11-30,956740638.0,264696800.0,746646500.0,481949700.0,126189500.0,460099185.0,242589400.0,273573700.0,102204200.0,88104400.0,38794900.0,405200.0,7322300.0,6000.0,51600.0,2300.0,333200.0,8700.0,52600.0,8200.0,0.0,59100.0,52500.0
2022-12-01,1263641012.0,434444200.0,933400100.0,498955900.0,197583900.0,729102590.0,359370900.0,406316400.0,151313300.0,137058000.0,60243600.0,1069100.0,3776300.0,14700.0,60300.0,20900.0,1971400.0,50100.0,69700.0,23700.0,0.0,55700.0,51200.0
2022-12-02,1014519597.0,331170900.0,779094900.0,447924000.0,146820400.0,569430899.0,259849400.0,297766800.0,106344900.0,135287400.0,87347300.0,1723500.0,3574200.0,10900.0,57100.0,20100.0,707800.0,4600.0,87400.0,25800.0,0.0,55600.0,53400.0
2022-12-03,0.0,0.0,0.0,0.0,0.0,0.0,0.0,0.0,0.0,0.0,0.0,0.0,0.0,0.0,0.0,0.0,0.0,0.0,0.0,0.0,0.0,0.0,0.0
2022-12-04,0.0,0.0,0.0,0.0,0.0,0.0,0.0,0.0,0.0,0.0,0.0,0.0,0.0,0.0,0.0,0.0,0.0,0.0,0.0,0.0,0.0,0.0,0.0
2022-12-05,1112476953.0,375073300.0,814714900.0,439641600.0,159829900.0,630820550.0,341605500.0,386916000.0,132158800.0,118999400.0,42106600.0,1204700.0,10217900.0,69000.0,56500.0,13600.0,761100.0,11700.0,102500.0,23000.0,0.0,53800.0,53200.0
2022-12-06,1357245176.0,405650300.0,1001298300.0,595648000.0,222761700.0,752716254.0,391696100.0,452645200.0,130911900.0,186976800.0,69402100.0,2055400.0,6202100.0,19300.0,56800.0,14700.0,236500.0,13900.0,57300.0,12200.0,0.0,57800.0,54400.0
2022-12-07,828165808.0,242093400.0,568128100.0,326034700.0,146009400.0,439400271.0,221846200.0,264579900.0,84435300.0,113139500.0,47935800.0,1240100.0,2506400.0,11100.0,51300.0,12600.0,384500.0,3800.0,306400.0,131700.0,0.0,52700.0,52000.0
2022-12-08,873932924.0,304556000.0,648196100.0,343640100.0,142077200.0,497419680.0,258563100.0,299322100.0,108871000.0,100495700.0,37902500.0,1701900.0,3834000.0,23500.0,54500.0,10400.0,993400.0,4400.0,52400.0,28200.0,0.0,59500.0,52700.0
2022-12-09,725840141.0,236860100.0,553015400.0,316155300.0,110946200.0,409593696.0,205491900.0,243118700.0,68698100.0,101149000.0,50870400.0,339500.0,1346100.0,6600.0,62700.0,4500.0,52200.0,1800.0,54600.0,5300.0,0.0,58500.0,53300.0
2022-12-10,0.0,0.0,0.0,0.0,0.0,0.0,0.0,0.0,0.0,0.0,0.0,0.0,0.0,0.0,0.0,0.0,0.0,0.0,0.0,0.0,0.0,0.0,0.0
2022-12-11,0.0,0.0,0.0,0.0,0.0,0.0,0.0,0.0,0.0,0.0,0.0,0.0,0.0,0.0,0.0,0.0,0.0,0.0,0.0,0.0,0.0,0.0,0.0
2022-12-12,808987597.0,219916600.0,602754700.0,382838100.0,136542900.0,453299599.0,255460500.0,295661300.0,82864900.0,114794900.0,37638700.0,92700.0,2353600.0,14300.0,57900.0,10000.0,24000.0,7900.0,73300.0,22600.0,0.0,52700.0,56800.0
2022-12-13,735990880.0,241921600.0,550540100.0,308618500.0,112104800.0,420737031.0,210647900.0,239818000.0,66797800.0,95692400.0,28776500.0,1163300.0,2887600.0,23700.0,56200.0,3000.0,588200.0,1300.0,73400.0,14500.0,0.0,62600.0,51700.0
2022-12-14,668040483.0,192525100.0,482449400.0,289924300.0,125886500.0,360936836.0,194069000.0,225282800.0,71024800.0,85598800.0,33189200.0,68200.0,1980300.0,3700.0,48300.0,2700.0,604600.0,2100.0,53400.0,6000.0,0.0,59400.0,50600.0
2022-12-15,665936183.0,248619400.0,501040400.0,252421000.0,104789700.0,389377093.0,250915900.0,273880000.0,140559900.0,71604700.0,28043400.0,150400.0,1701000.0,8800.0,66800.0,10000.0,681400.0,15700.0,203600.0,14900.0,0.0,56400.0,50000.0
2022-12-16,790451687.0,249610500.0,596818800.0,347208300.0,124896300.0,464062881.0,219836000.0,249265700.0,80950500.0,101823800.0,50338800.0,94700.0,3046400.0,4300.0,49900.0,10100.0,419500.0,4200.0,45800.0,7800.0,0.0,50300.0,50900.0
2022-12-17,0.0,0.0,0.0,0.0,0.0,0.0,0.0,0.0,0.0,0.0,0.0,0.0,0.0,0.0,0.0,0.0,0.0,0.0,0.0,0.0,0.0,0.0,0.0
2022-12-18,0.0,0.0,0.0,0.0,0.0,0.0,0.0,0.0,0.0,0.0,0.0,0.0,0.0,0.0,0.0,0.0,0.0,0.0,0.0,0.0,0.0,0.0,0.0
2022-12-19,852541606.0,258388700.0,625740000.0,367351300.0,144619000.0,471360974.0,262334300.0,304105100.0,89754200.0,101688500.0,32685400.0,560600.0,8846400.0,75500.0,53300.0,11100.0,68100.0,11100.0,70600.0,28900.0,0.0,56800.0,50300.0
2022-12-20,954254715.0,283476500.0,693804600.0,410328100.0,160800700.0,520266104.0,257343200.0,302469100.0,99559400.0,117960400.0,41319000.0,857600.0,895000.0,216900.0,57500.0,10800.0,86800.0,5000.0,77100.0,10700.0,0.0,57300.0,52000.0
2022-12-21,703743162.0,212814200.0,507305900.0,294491700.0,118243700.0,392767981.0,202107200.0,235978000.0,59404600.0,84087100.0,30133000.0,1239000.0,1649200.0,8300.0,53200.0,6500.0,426700.0,6300.0,63700.0,18700.0,0.0,50900.0,50400.0
2022-12-22,531856686.0,188500800.0,399583500.0,211082700.0,78624600.0,316986547.0,178506100.0,201332200.0,90420400.0,55620000.0,19464900.0,344000.0,1187800.0,5100.0,54100.0,14200.0,437900.0,5600.0,51400.0,11100.0,0.0,50400.0,51300.0
2022-12-23,423957138.0,129851000.0,313773300.0,183922300.0,60094800.0,237927273.0,121966000.0,136872700.0,50690600.0,46424300.0,32702900.0,1174100.0,1654800.0,11700.0,51700.0,5700.0,1490000.0,10000.0,135900.0,4100.0,0.0,51000.0,53200.0
2022-12-24,0.0,0.0,0.0,0.0,0.0,0.0,0.0,0.0,0.0,0.0,0.0,0.0,0.0,0.0,0.0,0.0,0.0,0.0,0.0,0.0,0.0,0.0,0.0
2022-12-25,0.0,0.0,0.0,0.0,0.0,0.0,0.0,0.0,0.0,0.0,0.0,0.0,0.0,0.0,0.0,0.0,0.0,0.0,0.0,0.0,0.0,0.0,0.0
2022-12-26,567028245.0,175227100.0,409559000.0,234331900.0,92702800.0,317015736.0,180379400.0,205295400.0,66945800.0,81046800.0,27821100.0,160900.0,435600.0,11300.0,50800.0,8000.0,75300.0,9900.0,82800.0,14600.0,0.0,53000.0,50200.0
2022-12-27,507365838.0,153659700.0,374106300.0,220446600.0,77587700.0,291400354.0,134124700.0,154635700.0,45548100.0,58925700.0,21653100.0,859000.0,1724900.0,22700.0,51200.0,15200.0,298500.0,1200.0,76000.0,17000.0,0.0,51900.0,50100.0
2022-12-28,392401430.0,123259200.0,290454200.0,167195000.0,60788300.0,229439596.0,120951500.0,134800000.0,44349900.0,44008900.0,14765700.0,387300.0,1380900.0,25000.0,47000.0,2100.0,277900.0,7400.0,34000.0,5100.0,0.0,800.0,100.0
2022-12-29,371423239.0,121025100.0,264716000.0,143690900.0,68256000.0,207561729.0,101834000.0,112380200.0,44108700.0,41438100.0,17709700.0,69800.0,868200.0,8800.0,37700.0,3200.0,326600.0,2300.0,46000.0,4400.0,0.0,50800.0,52100.0
2022-12-30,344476102.0,95618200.0,241746300.0,146128100.0,60677000.0,176308921.0,90558500.0,103089000.0,37304900.0,36540100.0,28257700.0,68700.0,663000.0,6100.0,40400.0,4900.0,24800.0,2000.0,48500.0,6700.0,0.0,52300.0,50500.0
2022-12-31,0.0,0.0,0.0,0.0,0.0,0.0,0.0,0.0,0.0,0.0,0.0,0.0,0.0,0.0,0.0,0.0,0.0,0.0,0.0,0.0,0.0,0.0,0.0
2023-01-01,0.0,0.0,0.0,0.0,0.0,0.0,0.0,0.0,0.0,0.0,0.0,0.0,0.0,0.0,0.0,0.0,0.0,0.0,0.0,0.0,0.0,0.0,0.0
2023-01-02,0.0,0.0,0.0,0.0,0.0,0.0,0.0,0.0,0.0,0.0,0.0,0.0,0.0,0.0,0.0,0.0,0.0,0.0,0.0,0.0,0.0,0.0,0.0
2023-01-03,518330539.0,159603100.0,368218500.0,208615400.0,90210800.0,269754116.0,138267800.0,158261000.0,55333800.0,66774600.0,34715400.0,82900.0,765000.0,17900.0,53600.0,2600.0,61900.0,13200.0,72100.0,24400.0,0.0,50700.0,50600.0
2023-01-04,567122435.0,172220100.0,384294100.0,212074000.0,116247600.0,296722685.0,155137400.0,174638200.0,78360100.0,66504800.0,31052700.0,88400.0,2420900.0,27800.0,43500.0,10000.0,319300.0,6300.0,89600.0,4000.0,0.0,58700.0,50900.0
2023-01-05,496648822.0,164272100.0,360142300.0,195870200.0,82837300.0,267641940.0,122312200.0,138373400.0,48314400.0,53268700.0,25130100.0,120900.0,2014100.0,2900.0,45900.0,1800.0,712500.0,2800.0,92600.0,26000.0,0.0,51300.0,50900.0
2023-01-06,614839617.0,192684700.0,467833200.0,275148500.0,88324500.0,370826730.0,233557800.0,253749000.0,82348400.0,59058400.0,43784200.0,547300.0,1744300.0,16100.0,41300.0,9500.0,275600.0,24900.0,109800.0,26000.0,0.0,54000.0,51200.0
2023-01-07,0.0,0.0,0.0,0.0,0.0,0.0,0.0,0.0,0.0,0.0,0.0,0.0,0.0,0.0,0.0,0.0,0.0,0.0,0.0,0.0,0.0,0.0,0.0
2023-01-08,0.0,0.0,0.0,0.0,0.0,0.0,0.0,0.0,0.0,0.0,0.0,0.0,0.0,0.0,0.0,0.0,0.0,0.0,0.0,0.0,0.0,0.0,0.0
2023-01-09,386475419.0,126305900.0,278396300.0,152090400.0,62019200.0,209270241.0,116340500.0,128071400.0,54343300.0,41706400.0,19554500.0,2387100.0,1939400.0,1500.0,46600.0,4700.0,192900.0,4200.0,75000.0,16300.0,0.0,55100.0,50000.0
2023-01-10,423559983.0,126759300.0,299882400.0,173123100.0,74927000.0,223117529.0,115221500.0,127220200.0,46193700.0,46497900.0,26625100.0,2247900.0,2599000.0,12500.0,48600.0,9700.0,11000.0,10400.0,86900.0,10200.0,0.0,51500.0,50000.0
2023-01-11,508383635.0,161506400.0,377494200.0,215987800.0,77015900.0,276524363.0,145116600.0,160255800.0,58753200.0,58928500.0,23837100.0,294700.0,1920500.0,1700.0,41500.0,20400.0,16000.0,5800.0,92200.0,24000.0,0.0,55200.0,51000.0
2023-01-12,384711856.0,113842100.0,277422200.0,163580100.0,66489000.0,207375123.0,102124500.0,114515500.0,49805200.0,49721200.0,28702400.0,2097700.0,1077800.0,2300.0,47300.0,8000.0,719600.0,9800.0,67900.0,4800.0,0.0,50000.0,50000.0
2023-01-13,475831302.0,149047500.0,354589600.0,205542100.0,75778200.0,284794039.0,163254600.0,185583400.0,64662200.0,59561800.0,34160900.0,3086000.0,1959600.0,11500.0,45200.0,6900.0,13800.0,8000.0,46600.0,25800.0,0.0,51800.0,50000.0
2023-01-14,0.0,0.0,0.0,0.0,0.0,0.0,0.0,0.0,0.0,0.0,0.0,0.0,0.0,0.0,0.0,0.0,0.0,0.0,0.0,0.0,0.0,0.0,0.0
2023-01-15,0.0,0.0,0.0,0.0,0.0,0.0,0.0,0.0,0.0,0.0,0.0,0.0,0.0,0.0,0.0,0.0,0.0,0.0,0.0,0.0,0.0,0.0,0.0
2023-01-16,408251101.0,126804200.0,288120500.0,161316300.0,71855900.0,216737293.0,112515200.0,123957200.0,52562700.0,37273200.0,21421300.0,320300.0,1459300.0,5200.0,48400.0,7400.0,33400.0,5600.0,82700.0,16900.0,0.0,50600.0,50000.0
2023-01-17,592973477.0,207937100.0,449287400.0,241350300.0,92361400.0,356833026.0,210934500.0,231558700.0,97444300.0,64707300.0,26318300.0,934500.0,1269900.0,10600.0,38900.0,2900.0,54600.0,6100.0,99700.0,11300.0,0.0,52300.0,51200.0
2023-01-18,553973050.0,152880900.0,390613100.0,237732200.0,99535300.0,289047754.0,158341000.0,177839400.0,67370400.0,75378800.0,36793900.0,199800.0,779800.0,5500.0,50500.0,13600.0,65500.0,20800.0,122700.0,14900.0,0.0,50800.0,52100.0
2023-01-19,578424840.0,198680900.0,424866000.0,226185100.0,94178800.0,333464025.0,185863100.0,208475200.0,77660100.0,69505400.0,31978700.0,490400.0,1906700.0,2800.0,29800.0,18500.0,428200.0,32800.0,89800.0,4200.0,0.0,52600.0,50000.0
2023-01-20,0.0,0.0,0.0,0.0,0.0,0.0,0.0,0.0,0.0,0.0,0.0,0.0,0.0,0.0,0.0,0.0,0.0,0.0,0.0,0.0,0.0,0.0,0.0
2023-01-21,0.0,0.0,0.0,0.0,0.0,0.0,0.0,0.0,0.0,0.0,0.0,0.0,0.0,0.0,0.0,0.0,0.0,0.0,0.0,0.0,0.0,0.0,0.0
2023-01-22,0.0,0.0,0.0,0.0,0.0,0.0,0.0,0.0,0.0,0.0,0.0,0.0,0.0,0.0,0.0,0.0,0.0,0.0,0.0,0.0,0.0,0.0,0.0
2023-01-23,0.0,0.0,0.0,0.0,0.0,0.0,0.0,0.0,0.0,0.0,0.0,0.0,0.0,0.0,0.0,0.0,0.0,0.0,0.0,0.0,0.0,0.0,0.0
2023-01-24,0.0,0.0,0.0,0.0,0.0,0.0,0.0,0.0,0.0,0.0,0.0,0.0,0.0,0.0,0.0,0.0,0.0,0.0,0.0,0.0,0.0,0.0,0.0
2023-01-25,0.0,0.0,0.0,0.0,0.0,0.0,0.0,0.0,0.0,0.0,0.0,0.0,0.0,0.0,0.0,0.0,0.0,0.0,0.0,0.0,0.0,0.0,0.0
2023-01-26,0.0,0.0,0.0,0.0,0.0,0.0,0.0,0.0,0.0,0.0,0.0,0.0,0.0,0.0,0.0,0.0,0.0,0.0,0.0,0.0,0.0,0.0,0.0
2023-01-27,571796047.0,166002800.0,413781100.0,247778300.0,102116800.0,310720175.0,177913000.0,202858800.0,76309200.0,68993300.0,44977800.0,1285700.0,2317500.0,31000.0,42000.0,23000.0,81500.0,16600.0,143000.0,25400.0,0.0,55300.0,56400.0
2023-01-28,0.0,0.0,0.0,0.0,0.0,0.0,0.0,0.0,0.0,0.0,0.0,0.0,0.0,0.0,0.0,0.0,0.0,0.0,0.0,0.0,0.0,0.0,0.0
2023-01-29,0.0,0.0,0.0,0.0,0.0,0.0,0.0,0.0,0.0,0.0,0.0,0.0,0.0,0.0,0.0,0.0,0.0,0.0,0.0,0.0,0.0,0.0,0.0
2023-01-30,751669376.0,199040000.0,515121600.0,316081600.0,154433900.0,373839576.0,198083200.0,229142300.0,78580600.0,104399200.0,46576200.0,519200.0,12757700.0,3700.0,44400.0,10500.0,28100.0,39200.0,163700.0,29900.0,0.0,53800.0,50000.0
2023-01-31,653777043.0,197903400.0,461801300.0,263897900.0,127178200.0,351923540.0,204701900.0,235016900.0,91752400.0,86838100.0,36912000.0,142300.0,1778600.0,7800.0,45200.0,5900.0,477300.0,4400.0,99400.0,10100.0,0.0,50600.0,51100.0
2023-02-01,974313591.0,285537600.0,722831500.0,437293900.0,170402800.0,520306524.0,248645100.0,288868500.0,105538300.0,129130600.0,51970100.0,353500.0,841400.0,21600.0,42400.0,16500.0,55600.0,61600.0,204600.0,25100.0,0.0,57600.0,52700.0
2023-02-02,592840287.0,164042900.0,411335100.0,247292200.0,113946400.0,307005069.0,168341600.0,191128900.0,75123600.0,81697500.0,32758400.0,176600.0,1761900.0,8200.0,46800.0,8400.0,266400.0,8600.0,81300.0,16500.0,0.0,54800.0,57500.0
2023-02-03,506228410.0,184371900.0,365332500.0,180960600.0,91963200.0,288648307.0,162006500.0,177566500.0,90957400.0,55776600.0,33574900.0,132700.0,906100.0,2100.0,29700.0,6200.0,479900.0,22800.0,65300.0,8500.0,0.0,51300.0,50100.0
2023-02-04,0.0,0.0,0.0,0.0,0.0,0.0,0.0,0.0,0.0,0.0,0.0,0.0,0.0,0.0,0.0,0.0,0.0,0.0,0.0,0.0,0.0,0.0,0.0
2023-02-05,0.0,0.0,0.0,0.0,0.0,0.0,0.0,0.0,0.0,0.0,0.0,0.0,0.0,0.0,0.0,0.0,0.0,0.0,0.0,0.0,0.0,0.0,0.0
2023-02-06,415509001.0,144676700.0,291840600.0,147163900.0,80230400.0,231390633.0,115400700.0,128533000.0,50625700.0,50032200.0,18759300.0,208000.0,1613000.0,23500.0,35800.0,19900.0,167900.0,9300.0,98600.0,23500.0,0.0,55000.0,50100.0
2023-02-07,595117862.0,192814800.0,427804700.0,234989900.0,114638200.0,336908612.0,158772200.0,178370600.0,64649300.0,69215400.0,29670600.0,2557200.0,687500.0,3700.0,41500.0,11000.0,14600.0,2500.0,100500.0,16900.0,0.0,53400.0,51400.0
2023-02-08,480412264.0,154785200.0,335204100.0,180418900.0,98124700.0,255403296.0,128545500.0,143839600.0,43844700.0,61465700.0,24368600.0,382200.0,656000.0,6700.0,49100.0,2900.0,27500.0,5700.0,73900.0,22400.0,0.0,54400.0,52400.0
2023-02-09,383385672.0,137746100.0,260926600.0,123180500.0,91901600.0,214138738.0,122309700.0,138385800.0,50302600.0,45879600.0,32715700.0,173700.0,400400.0,9400.0,39900.0,7200.0,10200.0,7900.0,92300.0,21300.0,0.0,50600.0,52100.0
2023-02-10,405981492.0,112861800.0,282764600.0,169902800.0,86010900.0,208506357.0,112244500.0,130096600.0,47369800.0,48736800.0,29328700.0,558300.0,821800.0,3100.0,21800.0,9500.0,17000.0,5200.0,115900.0,13100.0,0.0,52600.0,51000.0
2023-02-11,0.0,0.0,0.0,0.0,0.0,0.0,0.0,0.0,0.0,0.0,0.0,0.0,0.0,0.0,0.0,0.0,0.0,0.0,0.0,0.0,0.0,0.0,0.0
2023-02-12,0.0,0.0,0.0,0.0,0.0,0.0,0.0,0.0,0.0,0.0,0.0,0.0,0.0,0.0,0.0,0.0,0.0,0.0,0.0,0.0,0.0,0.0,0.0
2023-02-13,604081987.0,156780900.0,405135400.0,248354500.0,138296500.0,296001347.0,151529600.0,182211400.0,67292300.0,81579800.0,32997800.0,347300.0,690100.0,27200.0,36700.0,6200.0,444000.0,10200.0,118300.0,18900.0,0.0,52800.0,54200.0
2023-02-14,338603680.0,110767700.0,243462100.0,132694400.0,67416600.0,183724600.0,81678000.0,94332700.0,40264200.0,36362000.0,18973500.0,306100.0,1196700.0,1900.0,38000.0,14500.0,16200.0,6000.0,81700.0,20700.0,0.0,50700.0,50000.0
2023-02-15,494219711.0,180543800.0,348956500.0,168412700.0,104005900.0,280322127.0,127904000.0,141082800.0,44846100.0,58433600.0,20866100.0,2201300.0,1132100.0,3900.0,42300.0,6900.0,26900.0,13700.0,73200.0,15300.0,0.0,56000.0,53100.0
2023-02-16,410424347.0,122231200.0,293191800.0,170960600.0,88777300.0,237199791.0,102307300.0,115901600.0,40312600.0,65330100.0,29771500.0,892400.0,1370100.0,1600.0,28300.0,8800.0,51000.0,11800.0,107700.0,14100.0,0.0,50300.0,51800.0
2023-02-17,429361712.0,121132100.0,294633000.0,173500900.0,103546600.0,223127211.0,111131900.0,126248200.0,37568800.0,60133300.0,38904700.0,429700.0,1187800.0,2100.0,34900.0,14800.0,48400.0,11400.0,58600.0,8200.0,0.0,54200.0,53000.0
2023-02-18,0.0,0.0,0.0,0.0,0.0,0.0,0.0,0.0,0.0,0.0,0.0,0.0,0.0,0.0,0.0,0.0,0.0,0.0,0.0,0.0,0.0,0.0,0.0
2023-02-19,0.0,0.0,0.0,0.0,0.0,0.0,0.0,0.0,0.0,0.0,0.0,0.0,0.0,0.0,0.0,0.0,0.0,0.0,0.0,0.0,0.0,0.0,0.0
2023-02-20,632357012.0,190180000.0,449041800.0,258861800.0,130928500.0,344286421.0,179819400.0,204764300.0,68214700.0,90908900.0,41876500.0,205200.0,3028100.0,8400.0,76500.0,12300.0,355100.0,52000.0,95100.0,35200.0,0.0,54600.0,50700.0
2023-02-21,654986075.0,162726500.0,424074500.0,261348000.0,181839000.0,306557402.0,144947600.0,166709300.0,61531400.0,79251100.0,41891100.0,262000.0,3680900.0,6800.0,40100.0,19600.0,258100.0,10300.0,99300.0,5800.0,0.0,2070200.0,50300.0
2023-02-22,766875629.0,185390800.0,499642000.0,314251200.0,217185400.0,379565221.0,167486500.0,195019900.0,55740000.0,108970100.0,52243000.0,616100.0,1450200.0,12600.0,51300.0,7000.0,18400.0,17600.0,155900.0,23800.0,0.0,52100.0,50400.0
2023-02-23,635875420.0,171905400.0,417381000.0,245475600.0,154921500.0,332484260.0,159036000.0,180842100.0,61364300.0,78645300.0,34858900.0,613100.0,2652200.0,12500.0,50900.0,8100.0,432900.0,13300.0,124400.0,4600.0,0.0,2053600.0,50100.0
2023-02-24,397411116.0,95825600.0,235823700.0,139998100.0,116225500.0,176276927.0,84652000.0,103939700.0,39895300.0,56008900.0,36083400.0,138000.0,695300.0,5300.0,58400.0,10600.0,217100.0,4000.0,129900.0,14800.0,0.0,8754300.0,50600.0
2023-02-25,0.0,0.0,0.0,0.0,0.0,0.0,0.0,0.0,0.0,0.0,0.0,0.0,0.0,0.0,0.0,0.0,0.0,0.0,0.0,0.0,0.0,0.0,0.0
2023-02-26,0.0,0.0,0.0,0.0,0.0,0.0,0.0,0.0,0.0,0.0,0.0,0.0,0.0,0.0,0.0,0.0,0.0,0.0,0.0,0.0,0.0,0.0,0.0
2023-02-27,514047262.0,135197000.0,330839400.0,195642400.0,122771900.0,247912023.0,113645600.0,135874200.0,42534900.0,67341600.0,27539800.0,373900.0,9737500.0,7200.0,34100.0,10600.0,1292600.0,19300.0,113300.0,22600.0,0.0,4755400.0,50100.0
2023-02-28,361840202.0,89491700.0,222579200.0,133087500.0,104989900.0,158425251.0,79087200.0,95025700.0,35718100.0,48919400.0,18100300.0,530700.0,658800.0,10500.0,31400.0,3800.0,12700.0,18900.0,87600.0,8300.0,0.0,54800.0,53600.0
2023-03-01,468831652.0,116920400.0,325813600.0,208893200.0,110561300.0,257582888.0,121532600.0,132264300.0,44411900.0,58270800.0,23643800.0,543000.0,1081500.0,4300.0,17000.0,15200.0,99900.0,8900.0,69600.0,17000.0,0.0,51500.0,54800.0
2023-03-02,323600739.0,89256500.0,217999400.0,128742900.0,74650000.0,158838695.0,71744400.0,80185100.0,28017700.0,38577400.0,16302000.0,517500.0,2398800.0,2000.0,12600.0,5100.0,523800.0,4900.0,81200.0,2700.0,0.0,53200.0,50400.0
2023-03-03,384860210.0,87583900.0,267338400.0,179754500.0,90657600.0,199393699.0,82992900.0,91603800.0,33285000.0,62500300.0,34545000.0,78500.0,888700.0,4200.0,24600.0,5400.0,6500.0,8000.0,92500.0,9500.0,0.0,50600.0,50500.0
2023-03-04,0.0,0.0,0.0,0.0,0.0,0.0,0.0,0.0,0.0,0.0,0.0,0.0,0.0,0.0,0.0,0.0,0.0,0.0,0.0,0.0,0.0,0.0,0.0
2023-03-05,0.0,0.0,0.0,0.0,0.0,0.0,0.0,0.0,0.0,0.0,0.0,0.0,0.0,0.0,0.0,0.0,0.0,0.0,0.0,0.0,0.0,0.0,0.0
2023-03-06,390167802.0,116857200.0,275417100.0,158559900.0,80764600.0,208724050.0,108203700.0,116739000.0,45575500.0,50792300.0,20038200.0,150600.0,942700.0,8900.0,15500.0,18700.0,44300.0,15000.0,92500.0,27600.0,0.0,55400.0,50200.0
2023-03-07,424751711.0,144462100.0,313046000.0,168583900.0,82838800.0,237914906.0,113955700.0,128196400.0,43394100.0,43276200.0,17148500.0,1079000.0,896100.0,4400.0,22800.0,2800.0,646800.0,1700.0,50100.0,12100.0,0.0,55400.0,52900.0
2023-03-08,480772305.0,141321700.0,338536300.0,197214600.0,110087000.0,252851256.0,139035400.0,150956100.0,62716200.0,57769100.0,24913300.0,1446400.0,581100.0,10900.0,32100.0,6200.0,24500.0,4700.0,94100.0,14900.0,0.0,50100.0,51900.0
2023-03-09,557795196.0,184273800.0,413992800.0,229719000.0,99557400.0,324618177.0,183873700.0,199840600.0,57461000.0,55084800.0,23834700.0,2184000.0,1775000.0,6300.0,24400.0,12600.0,144800.0,16100.0,61900.0,13700.0,0.0,51000.0,51100.0
2023-03-10,456904718.0,128916400.0,329077300.0,200160900.0,86659800.0,247701507.0,124464700.0,134317900.0,42076500.0,65589700.0,35434900.0,2243000.0,1586700.0,2700.0,23400.0,11400.0,70400.0,6900.0,69200.0,3200.0,0.0,52800.0,53300.0
2023-03-11,0.0,0.0,0.0,0.0,0.0,0.0,0.0,0.0,0.0,0.0,0.0,0.0,0.0,0.0,0.0,0.0,0.0,0.0,0.0,0.0,0.0,0.0,0.0
2023-03-12,0.0,0.0,0.0,0.0,0.0,0.0,0.0,0.0,0.0,0.0,0.0,0.0,0.0,0.0,0.0,0.0,0.0,0.0,0.0,0.0,0.0,0.0,0.0
2023-03-13,524697475.0,194875200.0,383614200.0,188739000.0,105325800.0,310089460.0,188597700.0,203097300.0,79304800.0,50570100.0,23988700.0,617800.0,1687000.0,21600.0,19400.0,23100.0,73200.0,12500.0,72500.0,23700.0,0.0,51400.0,54200.0
2023-03-14,559268089.0,168371200.0,408307900.0,239936700.0,110303100.0,308405113.0,161469100.0,175967500.0,63526700.0,75562500.0,28864300.0,245900.0,872800.0,35200.0,11900.0,3000.0,16100.0,2000.0,96800.0,10200.0,0.0,50600.0,50000.0
2023-03-15,549354353.0,188587900.0,402628700.0,214040800.0,115299200.0,330522553.0,186786300.0,216549100.0,62380100.0,80299800.0,27418900.0,768500.0,751700.0,5500.0,28500.0,11800.0,97000.0,23000.0,60500.0,27800.0,0.0,58200.0,50000.0
2023-03-16,464248804.0,149054800.0,348508200.0,199453400.0,81730400.0,274829485.0,146644600.0,164369700.0,44602600.0,48302500.0,28041700.0,686100.0,5999400.0,6000.0,23400.0,8900.0,61600.0,6700.0,118600.0,16900.0,0.0,51100.0,50000.0
2023-03-17,491919487.0,181681000.0,398589700.0,216908700.0,66024300.0,329288077.0,168752900.0,185126400.0,46870200.0,43740700.0,34630000.0,259900.0,308100.0,1200.0,15400.0,12700.0,20300.0,6500.0,52200.0,11700.0,0.0,53800.0,50000.0
2023-03-18,0.0,0.0,0.0,0.0,0.0,0.0,0.0,0.0,0.0,0.0,0.0,0.0,0.0,0.0,0.0,0.0,0.0,0.0,0.0,0.0,0.0,0.0,0.0
2023-03-19,0.0,0.0,0.0,0.0,0.0,0.0,0.0,0.0,0.0,0.0,0.0,0.0,0.0,0.0,0.0,0.0,0.0,0.0,0.0,0.0,0.0,0.0,0.0
2023-03-20,476205396.0,145469200.0,348666100.0,203196900.0,88016600.0,273663349.0,153638800.0,167866800.0,51227700.0,54549800.0,32238900.0,1076500.0,1712600.0,5000.0,10900.0,59400.0,41900.0,13600.0,139100.0,26000.0,0.0,54300.0,51000.0
2023-03-21,381595857.0,138383800.0,293202700.0,154818900.0,66582600.0,225149143.0,132772400.0,142276000.0,59681200.0,36065700.0,22088700.0,329800.0,431200.0,9800.0,11100.0,6000.0,30000.0,1000.0,52400.0,3300.0,0.0,52000.0,50500.0
2023-03-22,382803308.0,138724000.0,290314700.0,151590700.0,70057900.0,232899881.0,142459900.0,154113600.0,65566400.0,42960800.0,18824100.0,422100.0,593900.0,400.0,24000.0,1300.0,106800.0,6000.0,40200.0,2600.0,0.0,50300.0,50000.0
2023-03-23,369689198.0,112085300.0,281968400.0,169883100.0,65445800.0,230728155.0,159013800.0,175530200.0,50047600.0,48386000.0,16469000.0,312800.0,1926700.0,10800.0,24100.0,2500.0,39100.0,10100.0,53900.0,6100.0,0.0,51100.0,50000.0
2023-03-24,507075708.0,157939400.0,374277400.0,216338000.0,107677900.0,293967913.0,165577200.0,187344000.0,60102500.0,66195700.0,30059300.0,277800.0,431700.0,15900.0,22300.0,13400.0,73200.0,8200.0,47700.0,37900.0,0.0,8300.0,100.0
2023-03-25,0.0,0.0,0.0,0.0,0.0,0.0,0.0,0.0,0.0,0.0,0.0,0.0,0.0,0.0,0.0,0.0,0.0,0.0,0.0,0.0,0.0,0.0,0.0
2023-03-26,0.0,0.0,0.0,0.0,0.0,0.0,0.0,0.0,0.0,0.0,0.0,0.0,0.0,0.0,0.0,0.0,0.0,0.0,0.0,0.0,0.0,0.0,0.0
2023-03-27,510617619.0,163098000.0,380002600.0,216904600.0,108697500.0,308197302.0,174445000.0,204046500.0,59604900.0,63304700.0,20359700.0,357000.0,98100.0,1000.0,17000.0,2200.0,18700.0,3900.0,98900.0,8600.0,0.0,53000.0,51000.0
2023-03-28,583252019.0,188766000.0,417476700.0,228710700.0,136070000.0,323263424.0,194202700.0,220396300.0,89922000.0,69185500.0,26009100.0,442700.0,1041700.0,8300.0,22400.0,14000.0,66600.0,7100.0,78900.0,15400.0,0.0,53800.0,52000.0
2023-03-29,415232942.0,136523400.0,311350800.0,174827400.0,86238300.0,246849450.0,149890500.0,169692000.0,64900900.0,51764100.0,21102800.0,769000.0,204700.0,2700.0,11200.0,12000.0,15900.0,6500.0,74800.0,25200.0,0.0,51000.0,50000.0
2023-03-30,555354336.0,182230700.0,413768200.0,231537500.0,120122600.0,310665718.0,177541400.0,205625900.0,52285200.0,69668000.0,27697100.0,218900.0,1499500.0,27000.0,11800.0,12500.0,13000.0,21700.0,63300.0,10500.0,0.0,54800.0,50000.0
2023-03-31,574389948.0,187272600.0,436352700.0,249080100.0,112319900.0,340300671.0,197391800.0,229122900.0,72069200.0,78327800.0,34358200.0,315600.0,1406300.0,7100.0,20300.0,6500.0,22700.0,4400.0,53900.0,8700.0,0.0,51000.0,52000.0
2023-04-01,0.0,0.0,0.0,0.0,0.0,0.0,0.0,0.0,0.0,0.0,0.0,0.0,0.0,0.0,0.0,0.0,0.0,0.0,0.0,0.0,0.0,0.0,0.0
2023-04-02,0.0,0.0,0.0,0.0,0.0,0.0,0.0,0.0,0.0,0.0,0.0,0.0,0.0,0.0,0.0,0.0,0.0,0.0,0.0,0.0,0.0,0.0,0.0
2023-04-03,779125935.0,231132900.0,580344200.0,349211300.0,162578000.0,451506457.0,268620800.0,297552900.0,95249200.0,94584100.0,48049300.0,1514600.0,1709100.0,26000.0,20400.0,14100.0,439500.0,13000.0,87400.0,29400.0,0.0,54100.0,50100.0
2023-04-04,746370030.0,181857200.0,510065800.0,328208600.0,192929200.0,377798892.0,232141900.0,272029200.0,72715800.0,92334800.0,40660200.0,1799800.0,3167600.0,16500.0,19400.0,18500.0,92900.0,9200.0,69400.0,13000.0,0.0,51100.0,51200.0
2023-04-05,707086731.0,193490600.0,487408000.0,293917400.0,188358700.0,358734646.0,196984700.0,230203100.0,61517000.0,118130700.0,49658300.0,254000.0,641000.0,24300.0,22800.0,10600.0,100300.0,16100.0,61700.0,3800.0,0.0,50200.0,50800.0
2023-04-06,955600807.0,233206600.0,650900700.0,417694100.0,263152300.0,458183443.0,222408500.0,265852500.0,72525400.0,149219200.0,50725600.0,376400.0,1687600.0,10500.0,18800.0,4500.0,23900.0,18700.0,140200.0,45600.0,0.0,53400.0,51100.0
2023-04-07,600743070.0,139163100.0,418632100.0,279469000.0,155431500.0,310124880.0,166256700.0,202514900.0,46279500.0,103730000.0,49470300.0,336500.0,1134200.0,4500.0,25900.0,19500.0,245400.0,16900.0,71600.0,9200.0,111200.0,53600.0,50000.0
2023-04-08,0.0,0.0,0.0,0.0,0.0,0.0,0.0,0.0,0.0,0.0,0.0,0.0,0.0,0.0,0.0,0.0,0.0,0.0,0.0,0.0,0.0,0.0,0.0
2023-04-09,0.0,0.0,0.0,0.0,0.0,0.0,0.0,0.0,0.0,0.0,0.0,0.0,0.0,0.0,0.0,0.0,0.0,0.0,0.0,0.0,0.0,0.0,0.0
2023-04-10,789400520.0,192683500.0,558783900.0,366100400.0,194291100.0,408981282.0,220680700.0,254901800.0,73301700.0,154230500.0,35296000.0,589100.0,432400.0,1800.0,26000.0,9000.0,79100.0,2000.0,93800.0,18300.0,109600.0,50700.0,50100.0
2023-04-11,642787649.0,179516400.0,459126500.0,279610100.0,148016100.0,354290270.0,154446400.0,185335300.0,44204700.0,112226000.0,38265800.0,295400.0,2459400.0,6400.0,17800.0,7000.0,12100.0,9700.0,90300.0,16100.0,102300.0,55300.0,50000.0
2023-04-12,661059890.0,196534500.0,485857300.0,289322800.0,141056700.0,357605937.0,159343800.0,188041500.0,56189500.0,93062500.0,39401800.0,801700.0,2145600.0,10000.0,32100.0,8700.0,23400.0,10100.0,60000.0,13500.0,77700.0,55900.0,51800.0
2023-04-13,595893286.0,156894000.0,423473900.0,266579900.0,139386800.0,312054292.0,151105300.0,183403600.0,53353300.0,84781200.0,42580900.0,230100.0,1000700.0,1400.0,8200.0,14000.0,12600.0,2500.0,70200.0,3100.0,126600.0,55500.0,50000.0
2023-04-14,724621118.0,173433400.0,538342700.0,364909300.0,147873400.0,395052192.0,214907700.0,246061000.0,69630400.0,109455900.0,49275300.0,492400.0,336300.0,4600.0,18900.0,2600.0,27500.0,3800.0,76400.0,15100.0,100.0,55500.0,51100.0
2023-04-15,0.0,0.0,0.0,0.0,0.0,0.0,0.0,0.0,0.0,0.0,0.0,0.0,0.0,0.0,0.0,0.0,0.0,0.0,0.0,0.0,0.0,0.0,0.0
2023-04-16,0.0,0.0,0.0,0.0,0.0,0.0,0.0,0.0,0.0,0.0,0.0,0.0,0.0,0.0,0.0,0.0,0.0,0.0,0.0,0.0,0.0,0.0,0.0
2023-04-17,406677599.0,96961600.0,280088900.0,183127300.0,86306300.0,199448183.0,107507900.0,125814700.0,32079200.0,55571100.0,19739500.0,242200.0,497000.0,200.0,11300.0,6800.0,22800.0,13200.0,86400.0,16100.0,54200.0,50500.0,50800.0
2023-04-18,494534789.0,122124500.0,358254100.0,236129600.0,105173500.0,263055067.0,135585900.0,161317200.0,39026000.0,74317800.0,20726800.0,194700.0,265700.0,3500.0,15800.0,1500.0,56300.0,2200.0,64700.0,3600.0,53800.0,51700.0,50000.0
2023-04-19,496393949.0,140534200.0,361115100.0,220580900.0,92826400.0,269665567.0,143725000.0,171649700.0,54103400.0,61617600.0,23252800.0,420700.0,1176300.0,2200.0,5300.0,2000.0,20300.0,4300.0,87800.0,28600.0,3600.0,50700.0,50900.0
2023-04-20,332671425.0,83437900.0,225946200.0,142508300.0,78856400.0,164516968.0,87839900.0,104579000.0,34238900.0,65195900.0,25328900.0,241500.0,292000.0,4600.0,17500.0,3800.0,23200.0,1500.0,57200.0,110800.0,107600.0,50500.0,50100.0
2023-04-21,512549327.0,147507300.0,371058900.0,223551600.0,111231600.0,279421965.0,131131500.0,166806300.0,38616300.0,93027100.0,37962200.0,322800.0,859200.0,30600.0,9000.0,8500.0,9800.0,6900.0,84300.0,105700.0,2700.0,51900.0,51000.0
2023-04-22,0.0,0.0,0.0,0.0,0.0,0.0,0.0,0.0,0.0,0.0,0.0,0.0,0.0,0.0,0.0,0.0,0.0,0.0,0.0,0.0,0.0,0.0,0.0
2023-04-23,0.0,0.0,0.0,0.0,0.0,0.0,0.0,0.0,0.0,0.0,0.0,0.0,0.0,0.0,0.0,0.0,0.0,0.0,0.0,0.0,0.0,0.0,0.0
2023-04-24,451263241.0,104497200.0,292151100.0,187653900.0,119712600.0,197658551.0,94186200.0,127584400.0,43943300.0,59021200.0,20026400.0,474900.0,613800.0,1100.0,12100.0,11200.0,13600.0,5700.0,108400.0,20000.0,2000.0,51800.0,52100.0
2023-04-25,485818386.0,121260900.0,321941300.0,200680400.0,127401000.0,236297534.0,116119500.0,156587100.0,39693300.0,85429400.0,25928900.0,289900.0,1079200.0,4100.0,10400.0,8900.0,16800.0,10100.0,77300.0,3200.0,100.0,50600.0,50000.0
2023-04-26,431573300.0,125179500.0,312219200.0,187039700.0,91924200.0,225592354.0,113648900.0,134232200.0,45220000.0,62720500.0,20280400.0,195000.0,108100.0,6300.0,14100.0,7200.0,341000.0,2400.0,118300.0,23200.0,3000.0,83000.0,50400.0
2023-04-27,466566924.0,105507800.0,335391500.0,229883700.0,96353300.0,231430186.0,80355500.0,96849400.0,30185000.0,66712700.0,20955800.0,63700.0,33300.0,35800.0,16600.0,4200.0,371900.0,17600.0,69600.0,3000.0,3100.0,57200.0,50100.0
2023-04-28,571831612.0,140090700.0,397887200.0,257796500.0,112365500.0,273950487.0,121966100.0,142967400.0,72326300.0,71357700.0,36638400.0,77200.0,705900.0,11100.0,20100.0,10100.0,71500.0,1200.0,48800.0,3700.0,2400.0,102400.0,51000.0
2023-04-29,0.0,0.0,0.0,0.0,0.0,0.0,0.0,0.0,0.0,0.0,0.0,0.0,0.0,0.0,0.0,0.0,0.0,0.0,0.0,0.0,0.0,0.0,0.0
2023-04-30,0.0,0.0,0.0,0.0,0.0,0.0,0.0,0.0,0.0,0.0,0.0,0.0,0.0,0.0,0.0,0.0,0.0,0.0,0.0,0.0,0.0,0.0,0.0
2023-05-01,0.0,0.0,0.0,0.0,0.0,0.0,0.0,0.0,0.0,0.0,0.0,0.0,0.0,0.0,0.0,0.0,0.0,0.0,0.0,0.0,0.0,0.0,0.0
2023-05-02,0.0,0.0,0.0,0.0,0.0,0.0,0.0,0.0,0.0,0.0,0.0,0.0,0.0,0.0,0.0,0.0,0.0,0.0,0.0,0.0,0.0,0.0,0.0
2023-05-03,0.0,0.0,0.0,0.0,0.0,0.0,0.0,0.0,0.0,0.0,0.0,0.0,0.0,0.0,0.0,0.0,0.0,0.0,0.0,0.0,0.0,0.0,0.0
2023-05-04,571725138.0,126654000.0,396716700.0,270062700.0,136656500.0,265008576.0,99836500.0,169327400.0,41350400.0,85440600.0,29016600.0,252800.0,3150700.0,68900.0,17100.0,38600.0,43400.0,25300.0,140900.0,26600.0,51100.0,57700.0,50000.0
2023-05-05,440008055.0,91875600.0,300271800.0,208396200.0,103535600.0,198705233.0,74879000.0,113140600.0,31967700.0,70613500.0,46158900.0,230900.0,568300.0,12500.0,12000.0,5000.0,4400.0,3200.0,72000.0,3700.0,0.0,54100.0,50000.0
2023-05-06,0.0,0.0,0.0,0.0,0.0,0.0,0.0,0.0,0.0,0.0,0.0,0.0,0.0,0.0,0.0,0.0,0.0,0.0,0.0,0.0,0.0,0.0,0.0
2023-05-07,0.0,0.0,0.0,0.0,0.0,0.0,0.0,0.0,0.0,0.0,0.0,0.0,0.0,0.0,0.0,0.0,0.0,0.0,0.0,0.0,0.0,0.0,0.0
2023-05-08,591385275.0,147570400.0,398858100.0,251287700.0,144902400.0,266518523.0,118082300.0,166558600.0,35803700.0,111610800.0,39522000.0,541300.0,777800.0,8100.0,9000.0,75600.0,22900.0,11100.0,64100.0,35000.0,102100.0,58800.0,50000.0
2023-05-09,502647817.0,104914000.0,341270800.0,236356800.0,126182000.0,234080092.0,86807300.0,132119600.0,30434700.0,77380800.0,40267000.0,684300.0,543000.0,3300.0,10500.0,3600.0,19200.0,2000.0,57300.0,7800.0,200.0,50000.0,50000.0
2023-05-10,650840001.0,124297100.0,413628500.0,289331400.0,179500900.0,255032538.0,138690900.0,176258100.0,47823600.0,117542900.0,45565100.0,254800.0,625800.0,36800.0,15600.0,104000.0,191500.0,11700.0,58900.0,3900.0,100800.0,51500.0,50000.0
2023-05-11,681658118.0,129126500.0,464529300.0,335402800.0,164472200.0,311414377.0,139067700.0,182350100.0,38546800.0,118745300.0,39995700.0,96000.0,1448800.0,6200.0,10000.0,16100.0,111400.0,8600.0,57300.0,16700.0,51900.0,53000.0,50000.0
2023-05-12,688714570.0,168084800.0,445993700.0,277908900.0,168981200.0,299359952.0,137674500.0,178449900.0,43237300.0,117053300.0,65820900.0,1227300.0,228900.0,9500.0,40600.0,8900.0,16000.0,2300.0,98800.0,19600.0,2100.0,53200.0,50000.0
2023-05-13,0.0,0.0,0.0,0.0,0.0,0.0,0.0,0.0,0.0,0.0,0.0,0.0,0.0,0.0,0.0,0.0,0.0,0.0,0.0,0.0,0.0,0.0,0.0
2023-05-14,0.0,0.0,0.0,0.0,0.0,0.0,0.0,0.0,0.0,0.0,0.0,0.0,0.0,0.0,0.0,0.0,0.0,0.0,0.0,0.0,0.0,0.0,0.0
2023-05-15,783882317.0,195775100.0,502277500.0,306502400.0,181065000.0,354387481.0,192968700.0,232935700.0,88325900.0,114785600.0,55002300.0,102800.0,1237800.0,14700.0,3400.0,4900.0,15800.0,14700.0,93400.0,36700.0,600.0,51100.0,50000.0
2023-05-16,592274570.0,126568900.0,385632800.0,259063900.0,139786800.0,258902549.0,119188800.0,159661800.0,39213900.0,93252300.0,48980000.0,297800.0,221100.0,132400.0,7700.0,17400.0,50500.0,6100.0,86700.0,4500.0,100.0,51300.0,50000.0
2023-05-17,762344051.0,153740400.0,474009500.0,320269100.0,174513500.0,306516971.0,155609100.0,197697900.0,53958400.0,118573700.0,53100100.0,107000.0,617900.0,19900.0,7400.0,21000.0,349200.0,7000.0,49100.0,22100.0,500.0,55800.0,51200.0
2023-05-18,591022160.0,146692200.0,405368600.0,258676400.0,110874000.0,293244880.0,151081400.0,194591600.0,49798700.0,105929500.0,42275600.0,57900.0,735800.0,19100.0,5100.0,1100.0,156700.0,8200.0,80400.0,9700.0,0.0,57200.0,50000.0
2023-05-19,661785720.0,122547300.0,453840400.0,331293100.0,140788800.0,341667363.0,197395400.0,238725000.0,34350600.0,102588500.0,66968100.0,935800.0,233600.0,3300.0,0.0,9000.0,193900.0,2900.0,90400.0,14900.0,0.0,50200.0,50000.0
2023-05-20,0.0,0.0,0.0,0.0,0.0,0.0,0.0,0.0,0.0,0.0,0.0,0.0,0.0,0.0,0.0,0.0,0.0,0.0,0.0,0.0,0.0,0.0,0.0
2023-05-21,0.0,0.0,0.0,0.0,0.0,0.0,0.0,0.0,0.0,0.0,0.0,0.0,0.0,0.0,0.0,0.0,0.0,0.0,0.0,0.0,0.0,0.0,0.0
2023-05-22,634216270.0,141531300.0,445366000.0,303834700.0,135936500.0,294658297.0,166524000.0,198384100.0,57860100.0,82290900.0,42024300.0,530700.0,2695300.0,10200.0,4000.0,30600.0,5400.0,2700.0,53600.0,7400.0,200.0,52200.0,50000.0
2023-05-23,668754534.0,171213100.0,483757200.0,312544100.0,120573200.0,360517119.0,198914800.0,237729400.0,64234600.0,106771100.0,49555200.0,587100.0,535700.0,3300.0,8400.0,10500.0,23400.0,11600.0,73900.0,13800.0,100.0,52700.0,50400.0
2023-05-24,682805457.0,155557400.0,468537800.0,312980400.0,151539600.0,322127011.0,176380800.0,227391000.0,50431600.0,90660500.0,34941200.0,1492300.0,267100.0,42800.0,11500.0,24500.0,86200.0,800.0,53500.0,10500.0,100.0,213400.0,169000.0
2023-05-25,614247483.0,137266500.0,433800100.0,296533600.0,125959500.0,295761205.0,162709700.0,197765300.0,41111800.0,81552800.0,46123400.0,1140300.0,1519700.0,255500.0,16100.0,1200.0,4300.0,11400.0,62700.0,12400.0,100.0,229400.0,148300.0
2023-05-26,595997567.0,110971200.0,395712500.0,284741300.0,141962200.0,257313843.0,109126900.0,145100100.0,36667500.0,79694100.0,82420100.0,40400.0,1238000.0,45200.0,4800.0,9200.0,14000.0,1900.0,40800.0,900.0,100000.0,331700.0,228300.0
2023-05-27,0.0,0.0,0.0,0.0,0.0,0.0,0.0,0.0,0.0,0.0,0.0,0.0,0.0,0.0,0.0,0.0,0.0,0.0,0.0,0.0,0.0,0.0,0.0
2023-05-28,0.0,0.0,0.0,0.0,0.0,0.0,0.0,0.0,0.0,0.0,0.0,0.0,0.0,0.0,0.0,0.0,0.0,0.0,0.0,0.0,0.0,0.0,0.0
2023-05-29,738649882.0,133472100.0,447568700.0,314096600.0,200405300.0,307217902.0,170811700.0,208527700.0,54497100.0,127821600.0,62673400.0,286400.0,155100.0,60500.0,5600.0,24000.0,86900.0,3000.0,79500.0,1900.0,100.0,49400.0,49000.0
2023-05-30,816189869.0,169593000.0,538856000.0,369263000.0,188664800.0,349878905.0,160022900.0,201393900.0,65908900.0,111943900.0,67995100.0,383600.0,1795000.0,1900.0,7400.0,8100.0,148800.0,19300.0,62400.0,21300.0,1100.0,68100.0,49300.0
2023-05-31,861971144.0,193467500.0,571920500.0,378453000.0,193688800.0,400233482.0,199587900.0,236080900.0,79325200.0,130431000.0,89353500.0,149000.0,730000.0,8000.0,11900.0,3000.0,15200.0,6300.0,75400.0,7700.0,200.0,49900.0,48200.0
2023-06-01,820389002.0,162835700.0,506384000.0,343548300.0,213437400.0,361904420.0,176063600.0,217874200.0,72523200.0,118024500.0,77202900.0,156400.0,623700.0,23500.0,12100.0,8300.0,156100.0,11000.0,103700.0,49400.0,1400.0,49400.0,48000.0
2023-06-02,973612380.0,263652700.0,687645100.0,423992400.0,185555800.0,489492928.0,304688800.0,347463400.0,155155900.0,126966900.0,123427200.0,184500.0,653900.0,14000.0,9900.0,26600.0,142400.0,7700.0,103700.0,41100.0,4000.0,117600.0,88400.0
2023-06-03,0.0,0.0,0.0,0.0,0.0,0.0,0.0,0.0,0.0,0.0,0.0,0.0,0.0,0.0,0.0,0.0,0.0,0.0,0.0,0.0,0.0,0.0,0.0
2023-06-04,0.0,0.0,0.0,0.0,0.0,0.0,0.0,0.0,0.0,0.0,0.0,0.0,0.0,0.0,0.0,0.0,0.0,0.0,0.0,0.0,0.0,0.0,0.0
2023-06-05,894192735.0,215247800.0,642181900.0,426934100.0,172972200.0,459807909.0,243397300.0,287517000.0,100113800.0,107244700.0,69907400.0,301600.0,793100.0,6800.0,7100.0,17200.0,86800.0,22600.0,98700.0,39500.0,21200.0,51000.0,48000.0
2023-06-06,782875254.0,198431300.0,562455400.0,364024100.0,150809700.0,417023595.0,261367200.0,301400300.0,98456900.0,130508500.0,66726900.0,155500.0,1200900.0,3500.0,13100.0,9600.0,49200.0,6400.0,58800.0,6700.0,100.0,81700.0,62600.0
2023-06-07,930633273.0,266661200.0,650770800.0,384109600.0,178628800.0,487725431.0,206696100.0,239741500.0,95425200.0,114031100.0,66738900.0,108800.0,1156400.0,1800.0,17400.0,18700.0,235300.0,8100.0,96900.0,34300.0,0.0,57600.0,50200.0
2023-06-08,1211918881.0,279409500.0,819844600.0,540435100.0,248977700.0,589452800.0,292058800.0,345090200.0,96504700.0,150206800.0,84816700.0,79200.0,1753100.0,6500.0,18100.0,19600.0,305400.0,13800.0,89800.0,7300.0,1200.0,64600.0,50000.0
2023-06-09,839932690.0,198752900.0,590321500.0,391568600.0,162866800.0,430313898.0,204284100.0,242156500.0,79898200.0,117920800.0,106059100.0,72600.0,1046800.0,27500.0,10000.0,56900.0,7200.0,3000.0,97300.0,15700.0,0.0,50600.0,53300.0
2023-06-10,0.0,0.0,0.0,0.0,0.0,0.0,0.0,0.0,0.0,0.0,0.0,0.0,0.0,0.0,0.0,0.0,0.0,0.0,0.0,0.0,0.0,0.0,0.0
2023-06-11,0.0,0.0,0.0,0.0,0.0,0.0,0.0,0.0,0.0,0.0,0.0,0.0,0.0,0.0,0.0,0.0,0.0,0.0,0.0,0.0,0.0,0.0,0.0
2023-06-12,726468075.0,180994000.0,494408100.0,313414100.0,142819000.0,351534197.0,150259900.0,176232800.0,61981500.0,104855400.0,54893800.0,104700.0,13014800.0,28000.0,5000.0,32400.0,21300.0,7200.0,104900.0,29800.0,700.0,49400.0,48600.0
2023-06-13,870632388.0,237698000.0,583877800.0,346179800.0,190986500.0,426553326.0,155274800.0,194605900.0,65373900.0,118093600.0,69942200.0,540700.0,1369300.0,2200.0,5600.0,84000.0,1962400.0,9300.0,85600.0,9700.0,2200.0,49000.0,49100.0
2023-06-14,846180612.0,230823000.0,573594000.0,342771000.0,174447900.0,437703175.0,237006100.0,274220500.0,93471300.0,117273900.0,73946100.0,467400.0,872700.0,15000.0,7000.0,6800.0,472600.0,8000.0,73800.0,20900.0,5000.0,47600.0,48300.0
2023-06-15,675768068.0,171341000.0,469225200.0,297884200.0,133669800.0,337877778.0,157926600.0,190008200.0,60803300.0,89349600.0,53349600.0,167200.0,762500.0,6400.0,4600.0,11000.0,249900.0,1800.0,118000.0,34100.0,46900.0,55200.0,47000.0
2023-06-16,1075627534.0,320743100.0,786449500.0,465706400.0,172300600.0,605317762.0,350297100.0,418885700.0,116453900.0,135525400.0,111717400.0,565600.0,1974000.0,20700.0,6800.0,5400.0,129100.0,6600.0,63700.0,8900.0,100.0,3700.0,26800.0
2023-06-17,0.0,0.0,0.0,0.0,0.0,0.0,0.0,0.0,0.0,0.0,0.0,0.0,0.0,0.0,0.0,0.0,0.0,0.0,0.0,0.0,0.0,0.0,0.0
2023-06-18,0.0,0.0,0.0,0.0,0.0,0.0,0.0,0.0,0.0,0.0,0.0,0.0,0.0,0.0,0.0,0.0,0.0,0.0,0.0,0.0,0.0,0.0,0.0
2023-06-19,723787897.0,193097900.0,484375100.0,291277200.0,153978000.0,363701967.0,160415700.0,187591900.0,50811900.0,127563600.0,47941500.0,1069900.0,10261600.0,6200.0,7300.0,3400.0,31000.0,11600.0,95900.0,23500.0,0.0,48200.0,48400.0
2023-06-20,593188149.0,145933900.0,432980700.0,287046800.0,108627800.0,287814882.0,143518500.0,168370300.0,51610900.0,77082800.0,40604800.0,41200.0,518000.0,17700.0,4200.0,9700.0,6800.0,2500.0,58800.0,2400.0,100.0,49000.0,50200.0
2023-06-21,800664821.0,185854600.0,575036600.0,389182000.0,160396700.0,394099832.0,172133800.0,220658500.0,54238900.0,100638400.0,59947200.0,86500.0,1678300.0,73600.0,7800.0,10800.0,66800.0,5400.0,67600.0,16400.0,600.0,48700.0,49000.0
2023-06-22,829177134.0,199385600.0,603264500.0,403878900.0,152863900.0,419780122.0,186182900.0,216882200.0,83073700.0,107164100.0,60810500.0,70100.0,473400.0,37200.0,11500.0,6800.0,215300.0,1600.0,62200.0,9600.0,100.0,49100.0,1800.0
2023-06-23,857288762.0,231869300.0,608675600.0,376806300.0,161853400.0,446208029.0,220952000.0,264862700.0,106484600.0,122051300.0,87702300.0,628600.0,2663900.0,71600.0,9300.0,85800.0,78500.0,4400.0,95400.0,46900.0,500.0,59100.0,49000.0
2023-06-24,0.0,0.0,0.0,0.0,0.0,0.0,0.0,0.0,0.0,0.0,0.0,0.0,0.0,0.0,0.0,0.0,0.0,0.0,0.0,0.0,0.0,0.0,0.0
2023-06-25,0.0,0.0,0.0,0.0,0.0,0.0,0.0,0.0,0.0,0.0,0.0,0.0,0.0,0.0,0.0,0.0,0.0,0.0,0.0,0.0,0.0,0.0,0.0
2023-06-26,955219683.0,238649500.0,703321800.0,464672300.0,165946000.0,470230791.0,199709500.0,292089500.0,80159100.0,115165100.0,62917400.0,687100.0,1391400.0,14100.0,8900.0,101400.0,292100.0,9300.0,142300.0,8100.0,500.0,51200.0,52800.0
2023-06-27,641824079.0,174324200.0,449088300.0,274764100.0,126453800.0,316712281.0,133090200.0,172703700.0,61351200.0,68210300.0,40393300.0,510300.0,704300.0,700.0,15100.0,87200.0,43200.0,3200.0,73400.0,13100.0,100.0,49700.0,49000.0
2023-06-28,773087502.0,254956300.0,573228100.0,318271800.0,133098200.0,413872468.0,176634900.0,210449900.0,88857400.0,77797400.0,47580100.0,291300.0,457600.0,2500.0,4000.0,3800.0,144900.0,1400.0,83100.0,42000.0,14000.0,48400.0,101000.0
2023-06-29,839282203.0,218030600.0,577007100.0,358976500.0,140381500.0,412801759.0,181048900.0,213681400.0,76517200.0,94202500.0,48753900.0,263600.0,286800.0,19300.0,2700.0,11700.0,85000.0,7800.0,143100.0,16700.0,1600.0,48500.0,41300.0
2023-06-30,543637339.0,158134100.0,375738900.0,217604800.0,99739300.0,275344385.0,121363100.0,148011700.0,59114500.0,63936800.0,57031500.0,318400.0,502800.0,600.0,4400.0,6700.0,297300.0,2400.0,120100.0,2000.0,1000.0,54100.0,49000.0
2023-07-01,0.0,0.0,0.0,0.0,0.0,0.0,0.0,0.0,0.0,0.0,0.0,0.0,0.0,0.0,0.0,0.0,0.0,0.0,0.0,0.0,0.0,0.0,0.0
2023-07-02,0.0,0.0,0.0,0.0,0.0,0.0,0.0,0.0,0.0,0.0,0.0,0.0,0.0,0.0,0.0,0.0,0.0,0.0,0.0,0.0,0.0,0.0,0.0
2023-07-03,502473573.0,140246800.0,354781200.0,214534400.0,80780300.0,256909637.0,131754800.0,147822500.0,48236800.0,74994600.0,30358800.0,640100.0,1057300.0,15300.0,1500.0,9400.0,239700.0,11100.0,123600.0,8500.0,500.0,48800.0,48200.0
2023-07-04,638731744.0,163469800.0,457055000.0,293585200.0,106269800.0,338934064.0,179453800.0,216852300.0,49835900.0,108291800.0,45695500.0,406600.0,106100.0,40600.0,2800.0,8500.0,73600.0,9500.0,70600.0,17500.0,0.0,49200.0,49000.0
2023-07-05,745029468.0,212147700.0,538119600.0,325971900.0,122348900.0,366735516.0,164382900.0,200929600.0,84294500.0,90343800.0,46495500.0,2743000.0,4134400.0,32400.0,1600.0,2200.0,24300.0,22100.0,81000.0,5300.0,3100.0,48600.0,49000.0
2023-07-06,870768088.0,224551900.0,654388300.0,429836400.0,123486800.0,484658847.0,290932300.0,331688900.0,78022000.0,109125200.0,47126700.0,577400.0,710900.0,43100.0,2100.0,13600.0,11400.0,6200.0,122500.0,10100.0,600.0,49100.0,49100.0
2023-07-07,714115025.0,163613500.0,526595900.0,362982400.0,122940400.0,365815686.0,178296900.0,213566500.0,65701900.0,81147400.0,62101400.0,1050800.0,942900.0,3300.0,6300.0,4200.0,303600.0,3000.0,130600.0,4800.0,0.0,48300.0,49000.0
2023-07-08,0.0,0.0,0.0,0.0,0.0,0.0,0.0,0.0,0.0,0.0,0.0,0.0,0.0,0.0,0.0,0.0,0.0,0.0,0.0,0.0,0.0,0.0,0.0
2023-07-09,0.0,0.0,0.0,0.0,0.0,0.0,0.0,0.0,0.0,0.0,0.0,0.0,0.0,0.0,0.0,0.0,0.0,0.0,0.0,0.0,0.0,0.0,0.0
2023-07-10,814996296.0,247572700.0,593236700.0,345664000.0,146912200.0,432412187.0,226062400.0,261271500.0,98078100.0,120409700.0,80393600.0,1275500.0,2495900.0,10200.0,500.0,3300.0,252100.0,11100.0,100900.0,19300.0,1300.0,54000.0,55000.0
2023-07-11,851301303.0,233519300.0,579966200.0,346446900.0,154881300.0,412443961.0,230903400.0,268089000.0,111389800.0,111727600.0,57034500.0,549600.0,1569500.0,18400.0,1500.0,191200.0,23000.0,21400.0,108600.0,2200.0,700.0,51600.0,49100.0
2023-07-12,696780854.0,223013000.0,500965100.0,277952100.0,119309800.0,372262794.0,196807600.0,225642600.0,68087200.0,95503500.0,59797800.0,59900.0,646700.0,23000.0,4400.0,13700.0,111900.0,5800.0,78300.0,3700.0,2200.0,49200.0,100.0
2023-07-13,760908452.0,187657600.0,547852700.0,360195100.0,137198500.0,376517214.0,158663800.0,185060600.0,89538400.0,99251400.0,57331200.0,99400.0,1051600.0,10000.0,3500.0,4300.0,33100.0,48600.0,89200.0,12200.0,100.0,51800.0,5400.0
2023-07-14,974065182.0,287043800.0,713232000.0,426188200.0,167063300.0,490778842.0,270605200.0,332496600.0,96234700.0,105571000.0,85068400.0,78000.0,833700.0,1400.0,3800.0,9000.0,736700.0,9000.0,89900.0,4100.0,100.0,54200.0,100.0
2023-07-15,0.0,0.0,0.0,0.0,0.0,0.0,0.0,0.0,0.0,0.0,0.0,0.0,0.0,0.0,0.0,0.0,0.0,0.0,0.0,0.0,0.0,0.0,0.0
2023-07-16,0.0,0.0,0.0,0.0,0.0,0.0,0.0,0.0,0.0,0.0,0.0,0.0,0.0,0.0,0.0,0.0,0.0,0.0,0.0,0.0,0.0,0.0,0.0
2023-07-17,851446232.0,238536000.0,594651500.0,356115500.0,166332200.0,414900582.0,200005800.0,246391500.0,93309300.0,113378800.0,60075400.0,282300.0,664400.0,5200.0,1600.0,93500.0,709200.0,4400.0,100400.0,23200.0,0.0,50000.0,55500.0
2023-07-18,755651885.0,221175000.0,540016600.0,318841600.0,133308200.0,380064640.0,204164200.0,234636300.0,113528000.0,95880800.0,50131900.0,216700.0,555100.0,3800.0,3400.0,33900.0,75500.0,2100.0,69900.0,45600.0,400.0,50100.0,49100.0
2023-07-19,798436360.0,198669400.0,567274100.0,368604700.0,152538400.0,374896161.0,168870500.0,221897900.0,91131600.0,91280600.0,55997800.0,114700.0,113900.0,7100.0,1900.0,92100.0,258300.0,21300.0,74000.0,9400.0,500.0,26800.0,1100.0
2023-07-20,739754230.0,218934700.0,545005200.0,326070500.0,128879700.0,392216147.0,211570800.0,250542400.0,94613400.0,87059000.0,43597100.0,89700.0,684900.0,2100.0,1200.0,5600.0,65900.0,4000.0,86400.0,2900.0,100100.0,24600.0,1300.0
2023-07-21,896516637.0,243819000.0,688357700.0,444538700.0,133040900.0,483863483.0,240086100.0,285289800.0,108761600.0,91789800.0,69223700.0,150800.0,2363800.0,9100.0,600.0,46500.0,44400.0,2800.0,122200.0,36800.0,100.0,5700.0,0.0
2023-07-22,0.0,0.0,0.0,0.0,0.0,0.0,0.0,0.0,0.0,0.0,0.0,0.0,0.0,0.0,0.0,0.0,0.0,0.0,0.0,0.0,0.0,0.0,0.0
2023-07-23,0.0,0.0,0.0,0.0,0.0,0.0,0.0,0.0,0.0,0.0,0.0,0.0,0.0,0.0,0.0,0.0,0.0,0.0,0.0,0.0,0.0,0.0,0.0
2023-07-24,989056485.0,265150200.0,677512700.0,412362500.0,198504200.0,474745717.0,200960000.0,242500700.0,106114700.0,127616400.0,70291700.0,146800.0,482900.0,8100.0,8100.0,104900.0,147100.0,9700.0,98100.0,17600.0,400.0,2200.0,60700.0
2023-07-25,918525924.0,253337500.0,664796600.0,411459100.0,159410700.0,457210747.0,234936000.0,268140500.0,137051900.0,107454400.0,63290900.0,1364000.0,1259800.0,1900.0,1500.0,3900.0,269700.0,11800.0,90500.0,8700.0,700.0,1200.0,49000.0
2023-07-26,848386722.0,247532300.0,614510500.0,366978200.0,150091600.0,439962269.0,169371800.0,210503800.0,90287300.0,74185400.0,48930400.0,89100.0,2774600.0,600.0,2900.0,4200.0,404600.0,6800.0,112100.0,17000.0,6000.0,7400.0,48100.0
2023-07-27,1079283759.0,263444700.0,763020900.0,499576200.0,206255300.0,489080172.0,209083500.0,247818400.0,103443300.0,106512900.0,56214600.0,105800.0,645700.0,2300.0,2200.0,13500.0,331900.0,9200.0,133700.0,10700.0,3300.0,4400.0,53500.0
2023-07-28,1045768914.0,251636000.0,738014400.0,486378400.0,206422900.0,493374376.0,222344900.0,286184100.0,103536200.0,122004600.0,82894600.0,712800.0,665700.0,35600.0,800.0,93100.0,94100.0,8800.0,156600.0,7200.0,93000.0,59100.0,49000.0
2023-07-29,0.0,0.0,0.0,0.0,0.0,0.0,0.0,0.0,0.0,0.0,0.0,0.0,0.0,0.0,0.0,0.0,0.0,0.0,0.0,0.0,0.0,0.0,0.0
2023-07-30,0.0,0.0,0.0,0.0,0.0,0.0,0.0,0.0,0.0,0.0,0.0,0.0,0.0,0.0,0.0,0.0,0.0,0.0,0.0,0.0,0.0,0.0,0.0
2023-07-31,1123405033.0,294895700.0,745399900.0,450504200.0,218061800.0,511763773.0,216729200.0,269525100.0,106991300.0,114868500.0,83249500.0,540800.0,1010300.0,6400.0,14900.0,93400.0,297300.0,10900.0,151000.0,18200.0,200.0,61600.0,49000.0
2023-08-01,1207072615.0,328433400.0,830574800.0,502141400.0,230028800.0,582849044.0,287740000.0,338354700.0,140011600.0,147188100.0,80635800.0,2810100.0,1368400.0,52300.0,7400.0,19900.0,53100.0,25400.0,199400.0,18300.0,200.0,52400.0,54000.0
2023-08-02,849754327.0,218570500.0,591889700.0,373319200.0,142925800.0,394026154.0,200630800.0,244318800.0,91948700.0,94426200.0,66677900.0,1644200.0,950300.0,28900.0,600.0,23600.0,319800.0,11100.0,146600.0,10500.0,1000.0,49500.0,54100.0
2023-08-03,979239766.0,264562500.0,702237200.0,437674700.0,172498600.0,463765071.0,214248200.0,269195500.0,96584100.0,100248100.0,67370700.0,504600.0,1419400.0,3900.0,400.0,8300.0,39100.0,6300.0,112500.0,7100.0,92200.0,50300.0,54000.0
2023-08-04,1087222960.0,321004800.0,759419200.0,438414400.0,211126900.0,543168744.0,246368200.0,288738700.0,129955600.0,106356900.0,103166200.0,552700.0,1071500.0,6800.0,1700.0,13100.0,34000.0,2800.0,113200.0,17900.0,27700.0,60100.0,49000.0
2023-08-05,0.0,0.0,0.0,0.0,0.0,0.0,0.0,0.0,0.0,0.0,0.0,0.0,0.0,0.0,0.0,0.0,0.0,0.0,0.0,0.0,0.0,0.0,0.0
2023-08-06,0.0,0.0,0.0,0.0,0.0,0.0,0.0,0.0,0.0,0.0,0.0,0.0,0.0,0.0,0.0,0.0,0.0,0.0,0.0,0.0,0.0,0.0,0.0
2023-08-07,1114761448.0,284030100.0,697307200.0,413277100.0,263360100.0,501806229.0,294060100.0,339473300.0,137918800.0,120032100.0,85686100.0,481900.0,857800.0,25800.0,1700.0,8800.0,272400.0,26700.0,107600.0,25500.0,2400.0,51400.0,51200.0
2023-08-08,1115869636.0,232457500.0,686709300.0,454251800.0,238755500.0,473575894.0,205025800.0,252344000.0,95596900.0,158290800.0,98424300.0,1808100.0,495400.0,11100.0,1300.0,46100.0,68700.0,10300.0,128000.0,9300.0,400.0,51700.0,51000.0
2023-08-09,1011657122.0,249111600.0,616447400.0,367335800.0,235303400.0,453030081.0,208061600.0,258080900.0,100428300.0,126471700.0,88063600.0,173900.0,310200.0,62400.0,1900.0,6300.0,161600.0,28000.0,140700.0,16900.0,200.0,1100.0,1000.0
2023-08-10,982740819.0,204527400.0,566302300.0,361774900.0,225498800.0,423405200.0,189350900.0,233003000.0,94297100.0,131585700.0,87675200.0,3677700.0,4276700.0,14300.0,800.0,7700.0,127600.0,36100.0,100700.0,6600.0,0.0,50700.0,49000.0
2023-08-11,983942992.0,234807300.0,631320100.0,396512800.0,199178900.0,448732526.0,208763800.0,248647300.0,82564000.0,108978300.0,107005000.0,6285700.0,3047400.0,3200.0,1500.0,10900.0,31200.0,7500.0,83900.0,5200.0,1100.0,48100.0,54800.0
2023-08-12,0.0,0.0,0.0,0.0,0.0,0.0,0.0,0.0,0.0,0.0,0.0,0.0,0.0,0.0,0.0,0.0,0.0,0.0,0.0,0.0,0.0,0.0,0.0
2023-08-13,0.0,0.0,0.0,0.0,0.0,0.0,0.0,0.0,0.0,0.0,0.0,0.0,0.0,0.0,0.0,0.0,0.0,0.0,0.0,0.0,0.0,0.0,0.0
2023-08-14,1033298952.0,228144000.0,702142800.0,473998800.0,194605200.0,489773879.0,234041200.0,295389700.0,77404100.0,132890800.0,61046500.0,3283900.0,573500.0,14400.0,900.0,19600.0,146500.0,26300.0,92800.0,29000.0,1100.0,64400.0,49000.0
2023-08-15,850645982.0,185981200.0,522284500.0,336303300.0,179395700.0,373887926.0,152275100.0,197881600.0,78051300.0,119731600.0,58412300.0,3309300.0,2398700.0,800.0,1300.0,13100.0,143000.0,33200.0,76000.0,9500.0,100.0,49300.0,48200.0
2023-08-16,865853764.0,248293000.0,581519000.0,333226000.0,146568600.0,437353767.0,232457900.0,289673700.0,113577200.0,103377400.0,55618000.0,637200.0,2277200.0,11200.0,100.0,5700.0,1097000.0,6700.0,159300.0,7300.0,200.0,49600.0,53300.0
2023-08-17,1050587653.0,281533700.0,716695400.0,435161700.0,194395500.0,536859338.0,243799100.0,300080300.0,87675300.0,137345000.0,66472200.0,2472200.0,1023600.0,6800.0,0.0,9300.0,895400.0,3700.0,180500.0,13400.0,1100.0,49800.0,49100.0
2023-08-18,1645642392.0,424012300.0,1134922900.0,710910600.0,303906000.0,826465401.0,399453400.0,469443200.0,179453800.0,238197400.0,146627400.0,1893900.0,2796200.0,39900.0,3500.0,35200.0,297600.0,14400.0,263700.0,8800.0,22600.0,18000.0,3600.0
2023-08-19,0.0,0.0,0.0,0.0,0.0,0.0,0.0,0.0,0.0,0.0,0.0,0.0,0.0,0.0,0.0,0.0,0.0,0.0,0.0,0.0,0.0,0.0,0.0
2023-08-20,0.0,0.0,0.0,0.0,0.0,0.0,0.0,0.0,0.0,0.0,0.0,0.0,0.0,0.0,0.0,0.0,0.0,0.0,0.0,0.0,0.0,0.0,0.0
2023-08-21,1001320566.0,259164600.0,674135300.0,414970700.0,185008900.0,497131272.0,252521200.0,321302800.0,84612700.0,116516200.0,51830800.0,1520500.0,3189500.0,17200.0,500.0,69400.0,260500.0,20500.0,266000.0,18600.0,30000.0,17400.0,4300.0
2023-08-22,980320033.0,266991500.0,676354400.0,409362900.0,142186400.0,490688103.0,252886400.0,316035300.0,87103900.0,118701700.0,47731900.0,524700.0,2777900.0,59200.0,6000.0,9700.0,306100.0,15300.0,185600.0,13600.0,21600.0,69300.0,55200.0
2023-08-23,653944451.0,225106400.0,472462300.0,247355900.0,92638400.0,362566023.0,182187700.0,219355000.0,64126600.0,70261000.0,31192600.0,422700.0,1419900.0,70300.0,0.0,29900.0,257000.0,9800.0,137700.0,12000.0,30000.0,59300.0,53500.0
2023-08-24,790281098.0,189181900.0,547969500.0,358787600.0,110792800.0,384602240.0,172515200.0,226388200.0,67290300.0,99969300.0,34897200.0,349100.0,1921300.0,14300.0,400.0,6500.0,25700.0,6200.0,69000.0,4500.0,50400.0,49500.0,48000.0
2023-08-25,812581271.0,186679900.0,591574300.0,404894400.0,112946300.0,395834626.0,192244200.0,252059000.0,65693400.0,94822000.0,58217200.0,298500.0,1648700.0,11300.0,1100.0,13900.0,169100.0,9000.0,65300.0,5800.0,22400.0,49500.0,49000.0
2023-08-26,0.0,0.0,0.0,0.0,0.0,0.0,0.0,0.0,0.0,0.0,0.0,0.0,0.0,0.0,0.0,0.0,0.0,0.0,0.0,0.0,0.0,0.0,0.0
2023-08-27,0.0,0.0,0.0,0.0,0.0,0.0,0.0,0.0,0.0,0.0,0.0,0.0,0.0,0.0,0.0,0.0,0.0,0.0,0.0,0.0,0.0,0.0,0.0
2023-08-28,763816986.0,187940700.0,528496400.0,340555700.0,111511400.0,371207089.0,166380700.0,220323200.0,66047900.0,99662300.0,37444300.0,791500.0,1787500.0,9300.0,200.0,10200.0,754800.0,14800.0,98200.0,4600.0,50200.0,48800.0,49100.0
2023-08-29,904676932.0,206955300.0,624642600.0,417687300.0,147278200.0,454116906.0,206796800.0,269320000.0,73661900.0,104035300.0,51529700.0,573500.0,1856400.0,3400.0,300.0,12000.0,154200.0,3300.0,83600.0,17500.0,20200.0,69700.0,49000.0
2023-08-30,864940551.0,214224800.0,578376200.0,364151400.0,118196800.0,448091771.0,205689700.0,270464300.0,84354900.0,95322600.0,39721900.0,597600.0,1170900.0,12600.0,300.0,22100.0,198500.0,7800.0,52700.0,3900.0,100.0,75300.0,49100.0
2023-08-31,887480287.0,195054200.0,610670700.0,415616500.0,147145600.0,408068804.0,169131400.0,224312500.0,75655500.0,94773200.0,48967400.0,186100.0,3390400.0,4300.0,5100.0,14400.0,274600.0,5700.0,91200.0,8300.0,165000.0,53500.0,49000.0
2023-09-01,0.0,0.0,0.0,0.0,0.0,0.0,0.0,0.0,0.0,0.0,0.0,0.0,0.0,0.0,0.0,0.0,0.0,0.0,0.0,0.0,0.0,0.0,0.0
2023-09-02,0.0,0.0,0.0,0.0,0.0,0.0,0.0,0.0,0.0,0.0,0.0,0.0,0.0,0.0,0.0,0.0,0.0,0.0,0.0,0.0,0.0,0.0,0.0
2023-09-03,0.0,0.0,0.0,0.0,0.0,0.0,0.0,0.0,0.0,0.0,0.0,0.0,0.0,0.0,0.0,0.0,0.0,0.0,0.0,0.0,0.0,0.0,0.0
2023-09-04,0.0,0.0,0.0,0.0,0.0,0.0,0.0,0.0,0.0,0.0,0.0,0.0,0.0,0.0,0.0,0.0,0.0,0.0,0.0,0.0,0.0,0.0,0.0
2023-09-05,983694265.0,252634300.0,660612100.0,407977800.0,160706100.0,502078268.0,261762700.0,314700300.0,118835000.0,111904900.0,55459500.0,1264400.0,3104200.0,4400.0,500.0,16100.0,362500.0,19800.0,99000.0,55800.0,21100.0,50500.0,49200.0
2023-09-06,1067939056.0,250655300.0,731079400.0,480424100.0,176443300.0,491113395.0,208692500.0,277653300.0,103257200.0,105700400.0,83079600.0,1143200.0,2738900.0,15700.0,3500.0,14200.0,1080800.0,5700.0,113100.0,18000.0,1000.0,3100.0,500.0
2023-09-07,1100188477.0,274250200.0,733659300.0,459409100.0,199267600.0,503460860.0,246817200.0,301624900.0,136273000.0,117401600.0,62034800.0,537100.0,4016000.0,2500.0,2800.0,25400.0,1095800.0,8900.0,105600.0,14400.0,100.0,55100.0,49000.0
2023-09-08,973951122.0,228776300.0,633599400.0,404823100.0,172011800.0,458214561.0,173135600.0,217881500.0,83971800.0,107236300.0,87163000.0,610800.0,8495800.0,29400.0,2100.0,10100.0,9600.0,3100.0,86800.0,13900.0,21100.0,49800.0,48000.0
2023-09-09,0.0,0.0,0.0,0.0,0.0,0.0,0.0,0.0,0.0,0.0,0.0,0.0,0.0,0.0,0.0,0.0,0.0,0.0,0.0,0.0,0.0,0.0,0.0
2023-09-10,0.0,0.0,0.0,0.0,0.0,0.0,0.0,0.0,0.0,0.0,0.0,0.0,0.0,0.0,0.0,0.0,0.0,0.0,0.0,0.0,0.0,0.0,0.0
2023-09-11,1307996115.0,328067100.0,894247400.0,566180300.0,223050400.0,644110709.0,310482000.0,383945400.0,145851400.0,130416700.0,81596100.0,194400.0,1081800.0,22800.0,5200.0,16600.0,3712200.0,7500.0,124500.0,11000.0,43100.0,1000.0,48000.0
2023-09-12,881150016.0,213406700.0,602456100.0,389049400.0,140922000.0,452487980.0,217852900.0,279198800.0,88309600.0,97650800.0,59912700.0,647100.0,711900.0,4400.0,500.0,23000.0,106900.0,14200.0,111600.0,138000.0,52300.0,77900.0,100.0
2023-09-13,1191841516.0,296256400.0,806380000.0,510123600.0,207975000.0,577347984.0,238515200.0,306268900.0,123469800.0,116677900.0,85292800.0,275500.0,1397200.0,17600.0,400.0,7400.0,210900.0,5300.0,78500.0,23200.0,20200.0,25000.0,20000.0
2023-09-14,1160263679.0,287972500.0,739091100.0,451118600.0,173693200.0,579966617.0,263734300.0,332024900.0,137005200.0,122006500.0,64296200.0,273700.0,1088900.0,12100.0,400.0,6600.0,1484000.0,4200.0,121800.0,4000.0,20100.0,100.0,0.0
2023-09-15,868362221.0,273159500.0,620652300.0,347492800.0,114413700.0,470044027.0,237099900.0,288783800.0,113004700.0,82367100.0,71763200.0,78100.0,955700.0,5800.0,2200.0,3600.0,1482600.0,6600.0,75400.0,16100.0,20300.0,800.0,0.0
2023-09-16,0.0,0.0,0.0,0.0,0.0,0.0,0.0,0.0,0.0,0.0,0.0,0.0,0.0,0.0,0.0,0.0,0.0,0.0,0.0,0.0,0.0,0.0,0.0
2023-09-17,0.0,0.0,0.0,0.0,0.0,0.0,0.0,0.0,0.0,0.0,0.0,0.0,0.0,0.0,0.0,0.0,0.0,0.0,0.0,0.0,0.0,0.0,0.0
2023-09-18,762384353.0,210408600.0,551198700.0,340790100.0,117373700.0,402663911.0,215075200.0,262923200.0,98338900.0,78329400.0,45126100.0,455200.0,1359600.0,11700.0,2700.0,14500.0,550100.0,21600.0,200600.0,11600.0,30000.0,200.0,0.0
2023-09-19,881305191.0,226794700.0,623026600.0,396231900.0,131782100.0,458282502.0,220692500.0,278742200.0,93927600.0,86652000.0,49002300.0,459400.0,1366400.0,232300.0,17200.0,11800.0,26500.0,7100.0,156100.0,11400.0,1300.0,300.0,13100.0
2023-09-20,763359191.0,192767800.0,527902200.0,335134400.0,135177100.0,393824168.0,189818300.0,242558000.0,101554000.0,77634100.0,45610800.0,82800.0,1114600.0,15500.0,1800.0,6700.0,213500.0,8100.0,114500.0,3100.0,30000.0,1000.0,0.0
2023-09-21,924191680.0,254094500.0,658105400.0,404010900.0,158752600.0,467824179.0,244731200.0,298770400.0,89732200.0,101487700.0,66147100.0,296800.0,1147800.0,3800.0,4800.0,26400.0,122200.0,17300.0,98400.0,27400.0,100.0,40500.0,2900.0
2023-09-22,1317804943.0,362176600.0,965379100.0,603202500.0,205456500.0,686472505.0,349713500.0,454132000.0,133428700.0,174569700.0,105455900.0,1421700.0,1224300.0,41300.0,4000.0,48700.0,357000.0,6200.0,261900.0,11400.0,20000.0,13400.0,600.0
2023-09-23,0.0,0.0,0.0,0.0,0.0,0.0,0.0,0.0,0.0,0.0,0.0,0.0,0.0,0.0,0.0,0.0,0.0,0.0,0.0,0.0,0.0,0.0,0.0
2023-09-24,0.0,0.0,0.0,0.0,0.0,0.0,0.0,0.0,0.0,0.0,0.0,0.0,0.0,0.0,0.0,0.0,0.0,0.0,0.0,0.0,0.0,0.0,0.0
2023-09-25,994645879.0,263854600.0,699449600.0,435595000.0,176754000.0,508258443.0,254375900.0,321474900.0,96821100.0,130510700.0,72680900.0,775600.0,1357400.0,65900.0,300.0,33100.0,297700.0,3000.0,203100.0,5000.0,2800.0,1500.0,0.0
2023-09-26,958205018.0,242760200.0,676841400.0,434081200.0,160231100.0,471394078.0,230525800.0,315846300.0,88405900.0,120504400.0,56084800.0,993600.0,623500.0,24900.0,1600.0,24100.0,1991300.0,6700.0,306500.0,17300.0,2700.0,3300.0,0.0
2023-09-27,777513066.0,190471800.0,529450000.0,338978200.0,132462500.0,375098319.0,180733200.0,252557200.0,66922600.0,98819000.0,56481300.0,1562300.0,995600.0,111300.0,2600.0,29300.0,876400.0,5100.0,73800.0,3200.0,500.0,8500.0,0.0
2023-09-28,649255616.0,193653000.0,470436000.0,276783000.0,96188200.0,359495197.0,188498100.0,238648100.0,73909700.0,82342000.0,44338600.0,328100.0,591500.0,13000.0,2500.0,11000.0,1318200.0,24500.0,171800.0,2400.0,0.0,3200.0,0.0
2023-09-29,536103275.0,144904400.0,375051300.0,230146900.0,84006900.0,273473178.0,121962300.0,157647700.0,44886100.0,79656400.0,43271600.0,85700.0,2309000.0,4500.0,0.0,3100.0,226900.0,2800.0,84300.0,11400.0,200.0,1500.0,0.0
2023-09-30,0.0,0.0,0.0,0.0,0.0,0.0,0.0,0.0,0.0,0.0,0.0,0.0,0.0,0.0,0.0,0.0,0.0,0.0,0.0,0.0,0.0,0.0,0.0
2023-10-01,0.0,0.0,0.0,0.0,0.0,0.0,0.0,0.0,0.0,0.0,0.0,0.0,0.0,0.0,0.0,0.0,0.0,0.0,0.0,0.0,0.0,0.0,0.0
2023-10-02,465725549.0,119866100.0,315356000.0,195489900.0,90336600.0,211976139.0,110033000.0,151986200.0,48784200.0,63886400.0,33795900.0,665900.0,815900.0,6100.0,1800.0,36300.0,15900.0,6500.0,134300.0,5400.0,3900.0,7100.0,0.0
2023-10-03,940432368.0,260264000.0,673465100.0,413201100.0,150009100.0,493120296.0,245084400.0,308340300.0,82857900.0,134950700.0,67064700.0,651000.0,2033800.0,52700.0,3100.0,14200.0,705500.0,4000.0,470200.0,4600.0,1900.0,4300.0,0.0
2023-10-04,646291632.0,159113300.0,479008300.0,319895000.0,96948400.0,325714805.0,160621900.0,222889900.0,44955300.0,92022800.0,36951200.0,195900.0,2181100.0,139000.0,6100.0,23600.0,291900.0,5000.0,340100.0,22900.0,200.0,5000.0,100.0
2023-10-05,556699399.0,131346300.0,395954300.0,264608000.0,85747600.0,258958776.0,118644200.0,153876700.0,46217000.0,67874100.0,36270100.0,818200.0,1084600.0,212400.0,1300.0,32300.0,143100.0,3800.0,109000.0,1300.0,1200.0,1900.0,100.0
2023-10-06,586253852.0,137575000.0,429069000.0,291494000.0,82733100.0,285062937.0,149745600.0,201618600.0,44752700.0,71574400.0,44244800.0,240400.0,1293400.0,125600.0,4300.0,9600.0,99100.0,15400.0,124700.0,31300.0,21700.0,38500.0,200.0
2023-10-07,0.0,0.0,0.0,0.0,0.0,0.0,0.0,0.0,0.0,0.0,0.0,0.0,0.0,0.0,0.0,0.0,0.0,0.0,0.0,0.0,0.0,0.0,0.0
2023-10-08,0.0,0.0,0.0,0.0,0.0,0.0,0.0,0.0,0.0,0.0,0.0,0.0,0.0,0.0,0.0,0.0,0.0,0.0,0.0,0.0,0.0,0.0,0.0
2023-10-09,545187545.0,146624800.0,394578600.0,247953800.0,86232500.0,270302287.0,137135200.0,175017400.0,65846400.0,77948400.0,33123400.0,175000.0,6829100.0,118500.0,5000.0,5400.0,385800.0,11600.0,179400.0,6300.0,700.0,1500.0,200.0
2023-10-10,628161008.0,155499600.0,447951800.0,292452200.0,111586400.0,295566353.0,148186600.0,197825300.0,58775000.0,96785100.0,46469500.0,89800.0,2947200.0,227400.0,4000.0,9100.0,19900.0,10600.0,73100.0,1300.0,800.0,2700.0,200.0
2023-10-11,496868414.0,113752100.0,356624400.0,242872300.0,86562400.0,248877354.0,117365900.0,155774300.0,40289800.0,89435800.0,35902700.0,522800.0,1964500.0,215800.0,0.0,87900.0,8700.0,1700.0,97200.0,2300.0,100.0,6000.0,200.0
2023-10-12,619819136.0,142882900.0,427386000.0,284503100.0,97774500.0,302388815.0,130764900.0,165116600.0,62552700.0,96663500.0,35792800.0,605900.0,2829700.0,209100.0,1000.0,3500.0,352200.0,21100.0,96900.0,2500.0,20200.0,1600.0,100.0
2023-10-13,593977211.0,149211400.0,419343700.0,270132300.0,89577600.0,299679143.0,133932000.0,174793000.0,60910600.0,88838900.0,45797100.0,1605900.0,3749200.0,249100.0,200.0,4900.0,60500.0,2600.0,111800.0,10300.0,30000.0,1800.0,200.0
2023-10-14,0.0,0.0,0.0,0.0,0.0,0.0,0.0,0.0,0.0,0.0,0.0,0.0,0.0,0.0,0.0,0.0,0.0,0.0,0.0,0.0,0.0,0.0,0.0
2023-10-15,0.0,0.0,0.0,0.0,0.0,0.0,0.0,0.0,0.0,0.0,0.0,0.0,0.0,0.0,0.0,0.0,0.0,0.0,0.0,0.0,0.0,0.0,0.0
2023-10-16,623207895.0,173241000.0,442339100.0,269098100.0,101785100.0,326748724.0,169904300.0,201605100.0,71308000.0,85938400.0,41418700.0,534900.0,3847000.0,9700.0,100.0,14700.0,20300.0,8900.0,105500.0,22600.0,20300.0,1700.0,0.0
2023-10-17,566715254.0,141759900.0,403163600.0,261403700.0,93175100.0,279930730.0,131698000.0,168498400.0,67778100.0,90913200.0,43482300.0,497500.0,1059000.0,216200.0,9000.0,19000.0,14800.0,2900.0,94500.0,4300.0,33900.0,1300.0,400.0
2023-10-18,930793147.0,233686700.0,668825600.0,435138900.0,149317900.0,462630244.0,214044100.0,286654400.0,107175300.0,128642500.0,54843600.0,533100.0,1254500.0,545600.0,20300.0,15300.0,377000.0,4300.0,215600.0,3400.0,4300.0,11800.0,200.0
2023-10-19,615931687.0,166987900.0,441125200.0,274137300.0,93082800.0,324452223.0,156580500.0,196625800.0,58515100.0,76345100.0,33537000.0,917700.0,1105100.0,346200.0,400.0,5700.0,278400.0,3800.0,267200.0,3200.0,0.0,3700.0,0.0
2023-10-20,592715619.0,154958000.0,419096700.0,264138700.0,101969100.0,308412602.0,159801300.0,206654400.0,55783800.0,92034400.0,46308700.0,242200.0,754800.0,10100.0,1300.0,18400.0,504000.0,18900.0,235600.0,4000.0,31000.0,54800.0,5100.0
2023-10-21,0.0,0.0,0.0,0.0,0.0,0.0,0.0,0.0,0.0,0.0,0.0,0.0,0.0,0.0,0.0,0.0,0.0,0.0,0.0,0.0,0.0,0.0,0.0
2023-10-22,0.0,0.0,0.0,0.0,0.0,0.0,0.0,0.0,0.0,0.0,0.0,0.0,0.0,0.0,0.0,0.0,0.0,0.0,0.0,0.0,0.0,0.0,0.0
2023-10-23,500637245.0,131293600.0,367280600.0,235987000.0,62894700.0,247235372.0,118262000.0,149103300.0,50415600.0,63565600.0,24778700.0,463000.0,628500.0,8100.0,400.0,97600.0,48000.0,19200.0,154200.0,15100.0,600.0,9200.0,0.0
2023-10-24,443267310.0,111126400.0,316323100.0,205196700.0,63296200.0,217971466.0,108038700.0,138102000.0,42741200.0,60851500.0,22314700.0,2156500.0,814100.0,6300.0,400.0,94700.0,1367600.0,94100.0,209700.0,35300.0,300.0,3300.0,200.0
2023-10-25,483157563.0,105615900.0,336790000.0,231174100.0,76773700.0,229487851.0,97674100.0,132839900.0,38724200.0,71951900.0,29872200.0,122900.0,564800.0,303300.0,300.0,5800.0,58400.0,90300.0,83000.0,3000.0,500.0,2800.0,100.0
2023-10-26,1129803430.0,311835600.0,822273400.0,510437800.0,153503500.0,615732286.0,312641200.0,384084000.0,113418400.0,175461000.0,64545600.0,668600.0,6338100.0,1533100.0,2600.0,43900.0,126000.0,29000.0,371400.0,16900.0,600.0,25000.0,900.0
2023-10-27,639133998.0,169708400.0,452821900.0,283113500.0,83842400.0,334464291.0,142575400.0,186811100.0,49621100.0,79231100.0,39594400.0,690800.0,2601500.0,13500.0,1500.0,29300.0,281200.0,34600.0,179400.0,3400.0,200.0,5600.0,5100.0
2023-10-28,0.0,0.0,0.0,0.0,0.0,0.0,0.0,0.0,0.0,0.0,0.0,0.0,0.0,0.0,0.0,0.0,0.0,0.0,0.0,0.0,0.0,0.0,0.0
2023-10-29,0.0,0.0,0.0,0.0,0.0,0.0,0.0,0.0,0.0,0.0,0.0,0.0,0.0,0.0,0.0,0.0,0.0,0.0,0.0,0.0,0.0,0.0,0.0
2023-10-30,465984499.0,130428600.0,319798400.0,189369800.0,64079300.0,244444206.0,111024900.0,146414900.0,39904400.0,64579800.0,22073400.0,331900.0,1381100.0,237900.0,1100.0,5600.0,66400.0,13600.0,117000.0,6200.0,28500.0,7500.0,100.0
2023-10-31,706154016.0,192354100.0,517668800.0,325314700.0,95941600.0,382330329.0,177219300.0,230326100.0,61420200.0,102704800.0,36544700.0,328500.0,1142000.0,550300.0,500.0,4700.0,74800.0,22300.0,194400.0,3300.0,30000.0,7400.0,200.0
2023-11-01,603685072.0,166561800.0,428376700.0,261814900.0,86321500.0,306084238.0,142549100.0,200096100.0,61601400.0,95182000.0,35430700.0,299200.0,573200.0,43300.0,700.0,35400.0,36100.0,9700.0,149700.0,16100.0,2100.0,4300.0,100.0
2023-11-02,735885208.0,195216900.0,502965900.0,307749000.0,122381000.0,368905578.0,162579400.0,233199900.0,72330600.0,116183800.0,45084900.0,130800.0,1338500.0,61100.0,100.0,6900.0,64100.0,8200.0,77400.0,52200.0,0.0,1500.0,0.0
2023-11-03,703991772.0,203945000.0,529956800.0,326011800.0,77774800.0,388927953.0,189668400.0,242594400.0,95889400.0,91385200.0,39263500.0,215400.0,526300.0,5100.0,1700.0,2400.0,46800.0,28500.0,100600.0,25700.0,0.0,4100.0,100.0
2023-11-04,0.0,0.0,0.0,0.0,0.0,0.0,0.0,0.0,0.0,0.0,0.0,0.0,0.0,0.0,0.0,0.0,0.0,0.0,0.0,0.0,0.0,0.0,0.0
2023-11-05,0.0,0.0,0.0,0.0,0.0,0.0,0.0,0.0,0.0,0.0,0.0,0.0,0.0,0.0,0.0,0.0,0.0,0.0,0.0,0.0,0.0,0.0,0.0
2023-11-06,571620562.0,169809800.0,400458400.0,230648600.0,70835700.0,327836235.0,151813600.0,193039200.0,78113500.0,76183100.0,27591300.0,438900.0,682900.0,16100.0,300.0,91200.0,38100.0,11500.0,79800.0,13700.0,100.0,1200.0,200.0
2023-11-07,536081432.0,133874300.0,386109400.0,252235100.0,65868800.0,295499858.0,121768600.0,162601800.0,60355500.0,88825000.0,31631800.0,99500.0,314700.0,24300.0,1200.0,12600.0,44900.0,22500.0,97100.0,2900.0,100000.0,500.0,100.0
2023-11-08,886466856.0,233454800.0,618891400.0,385436600.0,120705000.0,472323224.0,203072800.0,272661900.0,106843900.0,124606200.0,50703000.0,272200.0,623100.0,71900.0,100.0,74900.0,11100.0,20700.0,190000.0,33700.0,600.0,19800.0,100.0
2023-11-09,997170118.0,231992300.0,694605800.0,462613500.0,149717100.0,509060726.0,208289400.0,293918700.0,99230000.0,129953400.0,44321400.0,345000.0,881600.0,31700.0,400.0,13700.0,3236800.0,20000.0,82300.0,29200.0,0.0,24600.0,100.0
2023-11-10,945652885.0,205943700.0,695957800.0,490014100.0,115420200.0,467003318.0,189198300.0,264960900.0,94298800.0,124378300.0,53603300.0,2083600.0,513800.0,24000.0,200.0,16600.0,1546700.0,3300.0,52200.0,7300.0,0.0,46600.0,400.0
2023-11-11,0.0,0.0,0.0,0.0,0.0,0.0,0.0,0.0,0.0,0.0,0.0,0.0,0.0,0.0,0.0,0.0,0.0,0.0,0.0,0.0,0.0,0.0,0.0
2023-11-12,0.0,0.0,0.0,0.0,0.0,0.0,0.0,0.0,0.0,0.0,0.0,0.0,0.0,0.0,0.0,0.0,0.0,0.0,0.0,0.0,0.0,0.0,0.0
2023-11-13,730415696.0,185210100.0,522701000.0,337490900.0,97952000.0,376725406.0,138878100.0,206161600.0,72850100.0,92331800.0,29448100.0,644400.0,491600.0,2700.0,0.0,7300.0,1307400.0,4600.0,87400.0,1900.0,100.0,20600.0,0.0
2023-11-14,766270358.0,222666800.0,561870000.0,339203200.0,98650500.0,431232627.0,233605700.0,290729700.0,121228300.0,82130900.0,34845700.0,238700.0,2412600.0,10300.0,200.0,11700.0,703100.0,3000.0,68100.0,12600.0,200.0,6000.0,600.0
2023-11-15,882566180.0,271846600.0,642581500.0,370734900.0,109840800.0,480964275.0,243854500.0,307417300.0,133345200.0,108438800.0,38971300.0,488600.0,1068000.0,20700.0,100.0,4800.0,1393700.0,5400.0,111200.0,12000.0,20000.0,10100.0,100.0
2023-11-16,605309568.0,140287100.0,415180800.0,274893700.0,98235300.0,300551259.0,133586500.0,193216300.0,71601400.0,101421800.0,29324700.0,63500.0,875800.0,126100.0,0.0,158700.0,70600.0,28300.0,74400.0,18400.0,20000.0,1400.0,0.0
2023-11-17,1175836548.0,260942400.0,791330100.0,530387700.0,199166000.0,554232687.0,228964200.0,325842200.0,113123800.0,147457800.0,62848200.0,413300.0,1338000.0,410800.0,0.0,14100.0,210200.0,9200.0,108000.0,1000.0,100.0,51400.0,0.0
2023-11-18,0.0,0.0,0.0,0.0,0.0,0.0,0.0,0.0,0.0,0.0,0.0,0.0,0.0,0.0,0.0,0.0,0.0,0.0,0.0,0.0,0.0,0.0,0.0
2023-11-19,0.0,0.0,0.0,0.0,0.0,0.0,0.0,0.0,0.0,0.0,0.0,0.0,0.0,0.0,0.0,0.0,0.0,0.0,0.0,0.0,0.0,0.0,0.0
2023-11-20,751095267.0,172462200.0,536136000.0,363673800.0,106098700.0,383843442.0,188455000.0,268344100.0,78423800.0,93199500.0,27239300.0,1134900.0,7460600.0,62300.0,100.0,17500.0,18500.0,9800.0,106600.0,9900.0,0.0,34900.0,300.0
2023-11-21,602045281.0,128420200.0,420658100.0,292237900.0,98534700.0,311206157.0,133186600.0,186219000.0,57662200.0,91323900.0,26923900.0,224400.0,1111700.0,3900.0,100.0,7300.0,90700.0,9300.0,86100.0,10200.0,30400.0,300.0,200.0
2023-11-22,812481396.0,152389300.0,559860500.0,407471200.0,108965900.0,386718108.0,159746300.0,228581200.0,67644500.0,97346400.0,29028800.0,338300.0,1810500.0,33400.0,600.0,23800.0,3400.0,5600.0,78800.0,1700.0,0.0,2000.0,0.0
2023-11-23,952579139.0,170074500.0,671748100.0,501673600.0,141222000.0,447240737.0,191937400.0,264301300.0,76904500.0,129098300.0,46850100.0,87000.0,179300.0,2500.0,300.0,25500.0,12000.0,3400.0,58300.0,9200.0,0.0,20500.0,0.0
2023-11-24,901090703.0,188232900.0,632967300.0,444734400.0,121202300.0,432442543.0,183275200.0,264313700.0,78370800.0,122397800.0,46136700.0,538600.0,626900.0,215300.0,0.0,102400.0,951300.0,8600.0,194000.0,4600.0,31100.0,2200.0,100.0
2023-11-25,0.0,0.0,0.0,0.0,0.0,0.0,0.0,0.0,0.0,0.0,0.0,0.0,0.0,0.0,0.0,0.0,0.0,0.0,0.0,0.0,0.0,0.0,0.0
2023-11-26,0.0,0.0,0.0,0.0,0.0,0.0,0.0,0.0,0.0,0.0,0.0,0.0,0.0,0.0,0.0,0.0,0.0,0.0,0.0,0.0,0.0,0.0,0.0
2023-11-27,507343593.0,127258700.0,354684100.0,227425400.0,71082400.0,236195820.0,120976200.0,157631300.0,51878300.0,55313200.0,21844800.0,472000.0,1068400.0,49900.0,800.0,7200.0,600000.0,2000.0,63200.0,3400.0,29400.0,400.0,1200.0
2023-11-28,593428100.0,132905000.0,423595100.0,290690100.0,83532400.0,290401860.0,135975600.0,189788500.0,49644400.0,77855700.0,23702300.0,320300.0,887900.0,3100.0,1300.0,12900.0,206400.0,8300.0,80800.0,2300.0,5500.0,900.0,100.0
2023-11-29,563004452.0,122220800.0,394625800.0,272405000.0,72660700.0,276349344.0,110883700.0,151720800.0,51154900.0,76660700.0,25693000.0,117700.0,1556000.0,13900.0,1300.0,2600.0,597100.0,4400.0,45900.0,2800.0,25000.0,200.0,200.0
2023-11-30,660170354.0,141105200.0,448801000.0,307695800.0,108861400.0,327078224.0,137245400.0,197224800.0,57597200.0,97867500.0,24170800.0,432300.0,1836200.0,21400.0,200.0,3200.0,126200.0,4500.0,62600.0,1500.0,50100.0,400.0,100.0
2023-12-01,569504569.0,123453100.0,398786600.0,275333500.0,79811700.0,258853854.0,119682400.0,165834100.0,50590900.0,74171400.0,30633900.0,500300.0,2065900.0,221700.0,500.0,25500.0,318400.0,3600.0,78200.0,14400.0,2900.0,3900.0,400.0
2023-12-02,0.0,0.0,0.0,0.0,0.0,0.0,0.0,0.0,0.0,0.0,0.0,0.0,0.0,0.0,0.0,0.0,0.0,0.0,0.0,0.0,0.0,0.0,0.0
2023-12-03,0.0,0.0,0.0,0.0,0.0,0.0,0.0,0.0,0.0,0.0,0.0,0.0,0.0,0.0,0.0,0.0,0.0,0.0,0.0,0.0,0.0,0.0,0.0
2023-12-04,1038393567.0,261891000.0,770537500.0,508646500.0,147283800.0,576715687.0,270734300.0,367602600.0,112419900.0,136498800.0,54264200.0,120500.0,4640200.0,68100.0,700.0,2900.0,238600.0,9400.0,232000.0,16100.0,100.0,500.0,200.0
2023-12-05,753704264.0,155060000.0,500277400.0,345217400.0,112229500.0,350305696.0,149028100.0,199154000.0,63402000.0,91822800.0,37319400.0,143400.0,971700.0,2600.0,200.0,10400.0,1012100.0,9400.0,104300.0,9700.0,21100.0,2000.0,100.0
2023-12-06,777024988.0,157261300.0,545404300.0,388143000.0,130937700.0,357715836.0,174665700.0,222429100.0,79770700.0,101722000.0,33840100.0,347800.0,3478600.0,19700.0,1500.0,84900.0,74000.0,8200.0,126500.0,13700.0,100.0,10600.0,200.0
2023-12-07,1298725102.0,299704100.0,918866100.0,619162000.0,210127600.0,687372796.0,334041700.0,442486000.0,119362000.0,185659300.0,52957500.0,739800.0,3821600.0,253700.0,10300.0,3200.0,2214500.0,3000.0,132800.0,11300.0,900.0,32900.0,3100.0
2023-12-08,791024120.0,209970600.0,530385000.0,320414400.0,113234600.0,385869218.0,157431900.0,196810100.0,78062400.0,90528100.0,52007700.0,301500.0,3442900.0,38900.0,300.0,30500.0,330300.0,3200.0,61300.0,35100.0,9700.0,1700.0,100.0
2023-12-09,0.0,0.0,0.0,0.0,0.0,0.0,0.0,0.0,0.0,0.0,0.0,0.0,0.0,0.0,0.0,0.0,0.0,0.0,0.0,0.0,0.0,0.0,0.0
2023-12-10,0.0,0.0,0.0,0.0,0.0,0.0,0.0,0.0,0.0,0.0,0.0,0.0,0.0,0.0,0.0,0.0,0.0,0.0,0.0,0.0,0.0,0.0,0.0
2023-12-11,618510251.0,149506100.0,433821300.0,284315200.0,93284100.0,294244686.0,149267500.0,205063300.0,51549300.0,76666500.0,26636000.0,102700.0,2976900.0,19500.0,0.0,10400.0,63500.0,23200.0,54700.0,21200.0,1500.0,700.0,3100.0
2023-12-12,539367570.0,141870100.0,371695100.0,229825000.0,85407700.0,259556842.0,118049200.0,141398900.0,52171700.0,74586700.0,24370700.0,297100.0,5033900.0,4000.0,500.0,15300.0,208600.0,4000.0,52000.0,12100.0,100.0,1400.0,100.0
2023-12-13,764190416.0,190653600.0,548848700.0,358195100.0,112494000.0,402926902.0,175860100.0,219788800.0,70758000.0,97544700.0,43410100.0,240300.0,2573600.0,508100.0,200.0,16000.0,1616100.0,15700.0,43700.0,4500.0,500.0,53000.0,100.0
2023-12-14,604115718.0,155389300.0,417673600.0,262284300.0,87819500.0,315551284.0,147757300.0,183589500.0,61638700.0,81335100.0,28510800.0,77300.0,1666200.0,3700.0,500.0,2600.0,581200.0,2300.0,107300.0,20800.0,10900.0,1400.0,0.0
2023-12-15,684607125.0,180853900.0,473813300.0,292959400.0,97341500.0,362869405.0,166203800.0,202518600.0,66330900.0,76819900.0,36035900.0,186900.0,10612400.0,22100.0,100.0,7400.0,570200.0,28800.0,82600.0,8300.0,118400.0,500.0,100.0
2023-12-16,0.0,0.0,0.0,0.0,0.0,0.0,0.0,0.0,0.0,0.0,0.0,0.0,0.0,0.0,0.0,0.0,0.0,0.0,0.0,0.0,0.0,0.0,0.0
2023-12-17,0.0,0.0,0.0,0.0,0.0,0.0,0.0,0.0,0.0,0.0,0.0,0.0,0.0,0.0,0.0,0.0,0.0,0.0,0.0,0.0,0.0,0.0,0.0
2023-12-18,544477145.0,150818300.0,356079500.0,205261200.0,94433700.0,265983407.0,147705800.0,169522400.0,76222800.0,62520000.0,24023200.0,611300.0,7069900.0,17300.0,1400.0,10600.0,334600.0,7700.0,110900.0,2800.0,100.0,400.0,100.0
2023-12-19,561326866.0,147447600.0,368751200.0,221303600.0,91401100.0,280439183.0,144388900.0,174699900.0,61889000.0,78780200.0,23572800.0,366300.0,9998700.0,15500.0,0.0,17400.0,414100.0,10500.0,105600.0,4000.0,400.0,600.0,0.0
2023-12-20,470632566.0,117054800.0,312125000.0,195070200.0,82405700.0,220046365.0,111325300.0,140117100.0,58917300.0,46024600.0,19347000.0,204900.0,4748400.0,700.0,300.0,2500.0,40900.0,1200.0,63000.0,8900.0,200.0,3100.0,0.0
2023-12-21,451552508.0,107762800.0,314712900.0,206950100.0,69318900.0,205578299.0,98580200.0,122057800.0,56872800.0,46234300.0,17444800.0,1123800.0,2986300.0,1600.0,0.0,2300.0,10600.0,1400.0,22800.0,19500.0,3600.0,800.0,400.0
2023-12-22,496450361.0,138256700.0,361795700.0,223539000.0,71161800.0,272336129.0,138138700.0,172181000.0,55886300.0,80335600.0,28559200.0,239100.0,1836300.0,214100.0,400.0,1500.0,212700.0,10100.0,59000.0,2100.0,0.0,8900.0,100.0
2023-12-23,0.0,0.0,0.0,0.0,0.0,0.0,0.0,0.0,0.0,0.0,0.0,0.0,0.0,0.0,0.0,0.0,0.0,0.0,0.0,0.0,0.0,0.0,0.0
2023-12-24,0.0,0.0,0.0,0.0,0.0,0.0,0.0,0.0,0.0,0.0,0.0,0.0,0.0,0.0,0.0,0.0,0.0,0.0,0.0,0.0,0.0,0.0,0.0
2023-12-25,551036857.0,136592100.0,384535700.0,247943600.0,91382000.0,264633819.0,115201900.0,151748800.0,66546900.0,54245300.0,22349500.0,642600.0,3093300.0,34600.0,1000.0,15900.0,41600.0,67400.0,104000.0,7800.0,700.0,400.0,300.0
2023-12-26,575484686.0,151800200.0,414001300.0,262201100.0,79012800.0,294949718.0,124754900.0,154622100.0,56805800.0,54848900.0,20651000.0,146200.0,4635400.0,9900.0,0.0,11100.0,491000.0,27100.0,27300.0,15700.0,0.0,500.0,0.0
2023-12-27,570937504.0,128691400.0,398699400.0,270008000.0,83714300.0,281558667.0,131717900.0,163965000.0,58962000.0,62905000.0,26058800.0,217900.0,1646600.0,2800.0,0.0,5600.0,43400.0,33300.0,52600.0,2800.0,0.0,3400.0,200.0
2023-12-28,608686854.0,167217600.0,438318700.0,271101100.0,77347700.0,298146911.0,134997900.0,163515400.0,81141900.0,56192400.0,23559100.0,370400.0,2491700.0,10100.0,1100.0,9600.0,308100.0,7100.0,105700.0,14200.0,6100.0,2200.0,300.0
2023-12-29,616688892.0,179284200.0,427857100.0,248572900.0,79695300.0,313442487.0,171628700.0,195740200.0,99464900.0,69063600.0,42684800.0,2266600.0,1342900.0,20200.0,5800.0,38000.0,578500.0,10800.0,83100.0,7400.0,400.0,1900.0,100.0
2023-12-30,0.0,0.0,0.0,0.0,0.0,0.0,0.0,0.0,0.0,0.0,0.0,0.0,0.0,0.0,0.0,0.0,0.0,0.0,0.0,0.0,0.0,0.0,0.0
2023-12-31,0.0,0.0,0.0,0.0,0.0,0.0,0.0,0.0,0.0,0.0,0.0,0.0,0.0,0.0,0.0,0.0,0.0,0.0,0.0,0.0,0.0,0.0,0.0
2024-01-01,0.0,0.0,0.0,0.0,0.0,0.0,0.0,0.0,0.0,0.0,0.0,0.0,0.0,0.0,0.0,0.0,0.0,0.0,0.0,0.0,0.0,0.0,0.0
2024-01-02,777572603.0,184122400.0,567080300.0,382957900.0,104883700.0,391875460.0,194190800.0,270502500.0,85632800.0,59628700.0,35342600.0,568300.0,558800.0,6800.0,800.0,46900.0,419500.0,18300.0,113000.0,25400.0,200.0,1100.0,1800.0
2024-01-03,657797866.0,179482300.0,426123500.0,246641200.0,144972800.0,303903673.0,172740100.0,207454900.0,84069000.0,58193400.0,33912300.0,455000.0,1391500.0,14700.0,0.0,38500.0,375100.0,13000.0,76000.0,17400.0,2000.0,2600.0,100.0
2024-01-04,1141999606.0,422184400.0,840136300.0,417951900.0,141845400.0,689705796.0,450355300.0,514970200.0,227051000.0,112011600.0,44617600.0,723900.0,4420900.0,22400.0,3500.0,64700.0,976700.0,11200.0,185200.0,26500.0,300.0,12600.0,4900.0
2024-01-05,760549442.0,229357300.0,531950200.0,302592900.0,111245300.0,388663283.0,237370900.0,266905700.0,109713900.0,59789300.0,40246700.0,324000.0,11469700.0,14900.0,100.0,5400.0,345600.0,6700.0,30800.0,25900.0,1100.0,7100.0,1100.0
2024-01-06,0.0,0.0,0.0,0.0,0.0,0.0,0.0,0.0,0.0,0.0,0.0,0.0,0.0,0.0,0.0,0.0,0.0,0.0,0.0,0.0,0.0,0.0,0.0
2024-01-07,0.0,0.0,0.0,0.0,0.0,0.0,0.0,0.0,0.0,0.0,0.0,0.0,0.0,0.0,0.0,0.0,0.0,0.0,0.0,0.0,0.0,0.0,0.0
2024-01-08,814710710.0,234159000.0,565308300.0,331149300.0,129251600.0,414478623.0,220020900.0,275139500.0,121696500.0,83089400.0,32775800.0,840300.0,9331200.0,53500.0,100.0,14700.0,1233500.0,19100.0,71000.0,21600.0,1000.0,2700.0,0.0
2024-01-09,799711356.0,220971300.0,584777600.0,363806300.0,111996100.0,423626801.0,211306100.0,257828500.0,123065700.0,78694900.0,40587600.0,54300.0,3651600.0,27600.0,0.0,3200.0,104000.0,18300.0,42400.0,2900.0,800.0,28100.0,1000.0
2024-01-10,936030825.0,349789500.0,690346600.0,340557100.0,125202500.0,561816082.0,359055100.0,398189200.0,171392600.0,89243900.0,35140000.0,191900.0,5853100.0,6500.0,11800.0,44000.0,842100.0,5700.0,70800.0,4500.0,100.0,25600.0,100.0
2024-01-11,782501629.0,258080000.0,587909300.0,329829300.0,91832500.0,428511589.0,287111100.0,347162300.0,140072800.0,82760000.0,35668400.0,720400.0,4637800.0,16300.0,1000.0,61300.0,84100.0,11900.0,88000.0,4000.0,100.0,1700.0,13600.0
2024-01-12,1038270797.0,372894400.0,775981800.0,403087400.0,136640000.0,601617793.0,378944400.0,437150600.0,198502100.0,98686000.0,49218700.0,188300.0,376600.0,213100.0,200.0,11200.0,764700.0,8000.0,67200.0,39400.0,0.0,12500.0,0.0
2024-01-13,0.0,0.0,0.0,0.0,0.0,0.0,0.0,0.0,0.0,0.0,0.0,0.0,0.0,0.0,0.0,0.0,0.0,0.0,0.0,0.0,0.0,0.0,0.0
2024-01-14,0.0,0.0,0.0,0.0,0.0,0.0,0.0,0.0,0.0,0.0,0.0,0.0,0.0,0.0,0.0,0.0,0.0,0.0,0.0,0.0,0.0,0.0,0.0
2024-01-15,559859574.0,197844200.0,404228500.0,206384300.0,78139400.0,312728536.0,201737100.0,236074100.0,106520200.0,62960100.0,24804800.0,153400.0,210200.0,21800.0,0.0,16800.0,31400.0,5900.0,107600.0,23400.0,0.0,32400.0,11200.0
2024-01-16,571203847.0,198438700.0,416165900.0,217727200.0,79961500.0,321252600.0,186500100.0,219371200.0,104410400.0,53068600.0,22235700.0,462600.0,225800.0,55900.0,1000.0,6300.0,38200.0,6300.0,54900.0,21100.0,200.0,0.0,100.0
2024-01-17,694366125.0,220035400.0,510050800.0,290015400.0,86159300.0,394264671.0,229383200.0,308259000.0,106543500.0,75635900.0,25021900.0,91100.0,2540800.0,1800.0,3000.0,2600.0,8700.0,1900.0,142700.0,8200.0,100.0,1700.0,400.0
2024-01-18,569808563.0,179923900.0,412828100.0,232904200.0,77897100.0,318381547.0,175996200.0,209526400.0,108181200.0,48081700.0,27874500.0,144100.0,1656500.0,2600.0,100.0,3600.0,10800.0,3900.0,22700.0,14000.0,200.0,600.0,100.0
2024-01-19,631055223.0,220568400.0,458597700.0,238029300.0,87755500.0,358931423.0,220221800.0,262629000.0,127268000.0,60704300.0,38529500.0,143200.0,1584500.0,18500.0,400.0,14100.0,577000.0,39000.0,60800.0,9800.0,1300.0,600.0,100.0
2024-01-20,0.0,0.0,0.0,0.0,0.0,0.0,0.0,0.0,0.0,0.0,0.0,0.0,0.0,0.0,0.0,0.0,0.0,0.0,0.0,0.0,0.0,0.0,0.0
2024-01-21,0.0,0.0,0.0,0.0,0.0,0.0,0.0,0.0,0.0,0.0,0.0,0.0,0.0,0.0,0.0,0.0,0.0,0.0,0.0,0.0,0.0,0.0,0.0
2024-01-22,771085551.0,257229500.0,543287100.0,286057600.0,85931300.0,432499185.0,215845100.0,252426200.0,119956600.0,64125100.0,32085000.0,699100.0,478400.0,16600.0,400.0,11900.0,322600.0,5400.0,39500.0,6300.0,200.0,700.0,100.0
2024-01-23,600820495.0,199943300.0,422946700.0,223003400.0,86046600.0,333295212.0,195777200.0,223838900.0,103271900.0,62236200.0,27261600.0,89400.0,725600.0,19600.0,600.0,21900.0,17200.0,4800.0,53000.0,12200.0,346100.0,2200.0,0.0
2024-01-24,644270127.0,216664400.0,444198800.0,227534400.0,91126600.0,355758626.0,237697800.0,278048700.0,90848700.0,56473000.0,35419600.0,136600.0,478200.0,8400.0,100.0,15900.0,167800.0,8300.0,58600.0,2200.0,100.0,200.0,0.0
2024-01-25,480877381.0,148292000.0,326341400.0,178049400.0,71023600.0,239650050.0,141919400.0,161685900.0,69895100.0,42961500.0,25683600.0,304700.0,629500.0,10100.0,0.0,3100.0,28500.0,8600.0,20600.0,900.0,500.0,44200.0,0.0
2024-01-26,498411590.0,141234500.0,351290900.0,210056400.0,70117100.0,270593341.0,138146500.0,164061600.0,65914800.0,60086500.0,39916900.0,47500.0,217600.0,1000.0,100.0,19900.0,28800.0,9100.0,91200.0,16200.0,100.0,600.0,0.0
2024-01-27,0.0,0.0,0.0,0.0,0.0,0.0,0.0,0.0,0.0,0.0,0.0,0.0,0.0,0.0,0.0,0.0,0.0,0.0,0.0,0.0,0.0,0.0,0.0
2024-01-28,0.0,0.0,0.0,0.0,0.0,0.0,0.0,0.0,0.0,0.0,0.0,0.0,0.0,0.0,0.0,0.0,0.0,0.0,0.0,0.0,0.0,0.0,0.0
2024-01-29,553048009.0,150513100.0,383088400.0,232575300.0,82682800.0,269655242.0,140922600.0,166196500.0,72571300.0,52872900.0,26019100.0,130600.0,429800.0,28300.0,300.0,21200.0,53200.0,11100.0,34400.0,11400.0,6300.0,200.0,0.0
2024-01-30,564884075.0,153224500.0,383183700.0,229959200.0,106517500.0,262626608.0,142632700.0,168639100.0,89716600.0,58708300.0,30308600.0,224100.0,1039600.0,26600.0,300.0,21700.0,50400.0,3900.0,25800.0,3600.0,3700.0,1000.0,10000.0
2024-01-31,1022802392.0,389450500.0,754387300.0,364936800.0,136286600.0,600770796.0,391781000.0,451450200.0,144275200.0,96389000.0,36142400.0,308600.0,474500.0,33800.0,300.0,41400.0,316800.0,13400.0,82600.0,4300.0,1800.0,39900.0,100.0
2024-02-01,578849904.0,158506400.0,386218100.0,227711700.0,100644900.0,275203572.0,142669700.0,168332100.0,92731500.0,53461200.0,28386300.0,1344500.0,2390300.0,8100.0,2400.0,5800.0,187200.0,13900.0,68400.0,25600.0,3700.0,4300.0,0.0
2024-02-02,790984878.0,219967200.0,544497200.0,324530000.0,101294300.0,401332173.0,213756000.0,269130500.0,127518600.0,76595800.0,36752800.0,1957500.0,446300.0,20800.0,2500.0,42500.0,183700.0,5800.0,88800.0,22400.0,5300.0,600.0,0.0
2024-02-03,0.0,0.0,0.0,0.0,0.0,0.0,0.0,0.0,0.0,0.0,0.0,0.0,0.0,0.0,0.0,0.0,0.0,0.0,0.0,0.0,0.0,0.0,0.0
2024-02-04,0.0,0.0,0.0,0.0,0.0,0.0,0.0,0.0,0.0,0.0,0.0,0.0,0.0,0.0,0.0,0.0,0.0,0.0,0.0,0.0,0.0,0.0,0.0
2024-02-05,770273544.0,293637900.0,559906500.0,266268600.0,110369100.0,446547086.0,292059100.0,325915200.0,184855900.0,70196700.0,29239200.0,2098000.0,1298600.0,74000.0,600.0,34200.0,132800.0,10700.0,52600.0,8400.0,100.0,100.0,300.0
2024-02-06,566436566.0,157842500.0,386168700.0,228326200.0,76342600.0,313154432.0,150564800.0,193425000.0,85514700.0,85497500.0,22830900.0,106200.0,771600.0,32500.0,1400.0,36600.0,642800.0,10800.0,49000.0,50300.0,6200.0,1800.0,0.0
2024-02-07,664986436.0,201300500.0,484336000.0,283035500.0,89061700.0,371736447.0,236113300.0,267659500.0,131794800.0,62138900.0,21479300.0,203200.0,549100.0,14600.0,1300.0,10400.0,183900.0,10000.0,162300.0,14700.0,300.0,4200.0,500.0
2024-02-08,0.0,0.0,0.0,0.0,0.0,0.0,0.0,0.0,0.0,0.0,0.0,0.0,0.0,0.0,0.0,0.0,0.0,0.0,0.0,0.0,0.0,0.0,0.0
2024-02-09,0.0,0.0,0.0,0.0,0.0,0.0,0.0,0.0,0.0,0.0,0.0,0.0,0.0,0.0,0.0,0.0,0.0,0.0,0.0,0.0,0.0,0.0,0.0
2024-02-10,0.0,0.0,0.0,0.0,0.0,0.0,0.0,0.0,0.0,0.0,0.0,0.0,0.0,0.0,0.0,0.0,0.0,0.0,0.0,0.0,0.0,0.0,0.0
2024-02-11,0.0,0.0,0.0,0.0,0.0,0.0,0.0,0.0,0.0,0.0,0.0,0.0,0.0,0.0,0.0,0.0,0.0,0.0,0.0,0.0,0.0,0.0,0.0
2024-02-12,0.0,0.0,0.0,0.0,0.0,0.0,0.0,0.0,0.0,0.0,0.0,0.0,0.0,0.0,0.0,0.0,0.0,0.0,0.0,0.0,0.0,0.0,0.0
2024-02-13,0.0,0.0,0.0,0.0,0.0,0.0,0.0,0.0,0.0,0.0,0.0,0.0,0.0,0.0,0.0,0.0,0.0,0.0,0.0,0.0,0.0,0.0,0.0
2024-02-14,0.0,0.0,0.0,0.0,0.0,0.0,0.0,0.0,0.0,0.0,0.0,0.0,0.0,0.0,0.0,0.0,0.0,0.0,0.0,0.0,0.0,0.0,0.0
2024-02-15,844045884.0,288083200.0,645967000.0,357883800.0,96017600.0,485569130.0,310926300.0,350227500.0,199580300.0,59928600.0,28434200.0,697100.0,637100.0,24700.0,5700.0,56700.0,830500.0,14300.0,98300.0,37700.0,91500.0,55500.0,3500.0
2024-02-16,784168177.0,209159300.0,557785000.0,348625700.0,116442000.0,385489114.0,208897500.0,251042300.0,109637700.0,67048000.0,40231500.0,743100.0,1694300.0,54200.0,1500.0,30400.0,304900.0,16300.0,89500.0,26600.0,0.0,3600.0,0.0
2024-02-17,0.0,0.0,0.0,0.0,0.0,0.0,0.0,0.0,0.0,0.0,0.0,0.0,0.0,0.0,0.0,0.0,0.0,0.0,0.0,0.0,0.0,0.0,0.0
2024-02-18,0.0,0.0,0.0,0.0,0.0,0.0,0.0,0.0,0.0,0.0,0.0,0.0,0.0,0.0,0.0,0.0,0.0,0.0,0.0,0.0,0.0,0.0,0.0
2024-02-19,975542615.0,328462300.0,727520000.0,399057700.0,115484800.0,553799799.0,267947500.0,328455400.0,158240700.0,83665200.0,54395000.0,856400.0,1217900.0,7000.0,700.0,33600.0,594500.0,16500.0,95900.0,18900.0,200.0,53800.0,2000.0
2024-02-20,844129343.0,245238300.0,594587400.0,349349100.0,117197700.0,420464952.0,207190900.0,291159100.0,135105800.0,96652600.0,37370900.0,343700.0,1173100.0,7200.0,200.0,6600.0,39100.0,5100.0,64600.0,15700.0,800.0,6000.0,100.0
2024-02-21,886454663.0,305486100.0,648911400.0,343425300.0,108744200.0,507210298.0,297146500.0,343952400.0,184658200.0,64043700.0,35022000.0,482300.0,1282300.0,26200.0,1200.0,37600.0,182700.0,20300.0,87400.0,24700.0,200.0,10700.0,500.0
2024-02-22,795314263.0,237782300.0,531793500.0,294011200.0,148741800.0,390318986.0,210165700.0,265036400.0,124598100.0,81442400.0,54933300.0,234700.0,1556000.0,8600.0,400.0,8800.0,162900.0,15400.0,135700.0,10900.0,0.0,8800.0,600.0
2024-02-23,1327900592.0,466156400.0,988549300.0,522392900.0,163384600.0,757249343.0,470247400.0,564059700.0,309547800.0,121082900.0,74796600.0,982400.0,2808400.0,92800.0,1100.0,44600.0,1207700.0,22300.0,126900.0,31100.0,100.0,33600.0,5000.0
2024-02-24,0.0,0.0,0.0,0.0,0.0,0.0,0.0,0.0,0.0,0.0,0.0,0.0,0.0,0.0,0.0,0.0,0.0,0.0,0.0,0.0,0.0,0.0,0.0
2024-02-25,0.0,0.0,0.0,0.0,0.0,0.0,0.0,0.0,0.0,0.0,0.0,0.0,0.0,0.0,0.0,0.0,0.0,0.0,0.0,0.0,0.0,0.0,0.0
2024-02-26,835056292.0,249865000.0,590904800.0,341039800.0,121329300.0,441953965.0,256578100.0,319728000.0,133758600.0,79561300.0,38668800.0,244800.0,2307900.0,28400.0,700.0,19600.0,425400.0,5900.0,223100.0,18500.0,1000.0,32800.0,800.0
2024-02-27,917121918.0,336862200.0,656698700.0,319836500.0,117083500.0,515842763.0,258759100.0,310616000.0,143826900.0,92469300.0,45172000.0,808100.0,2801700.0,29900.0,2200.0,57200.0,1185800.0,9200.0,160400.0,18500.0,1500.0,2600.0,200.0
2024-02-28,899854141.0,296530800.0,646270600.0,349739800.0,134436700.0,507351180.0,257873900.0,324496200.0,170735200.0,91253400.0,43063800.0,1017800.0,1344600.0,24000.0,100.0,23600.0,897000.0,29900.0,206700.0,7600.0,0.0,23100.0,300.0
2024-02-29,1013310290.0,337861300.0,745009600.0,407148300.0,128874600.0,583365020.0,308466800.0,380882700.0,202164100.0,96115100.0,34182700.0,1324600.0,5010500.0,41000.0,1600.0,36400.0,1025400.0,11600.0,126300.0,16500.0,53100.0,1200.0,4700.0
2024-03-01,890957132.0,256480900.0,639411000.0,382930100.0,134285500.0,495084366.0,250128900.0,322018400.0,147012000.0,104713500.0,55218800.0,198800.0,7121500.0,57300.0,500.0,24100.0,227900.0,12900.0,142400.0,2200.0,400.0,21100.0,4100.0
2024-03-02,0.0,0.0,0.0,0.0,0.0,0.0,0.0,0.0,0.0,0.0,0.0,0.0,0.0,0.0,0.0,0.0,0.0,0.0,0.0,0.0,0.0,0.0,0.0
2024-03-03,0.0,0.0,0.0,0.0,0.0,0.0,0.0,0.0,0.0,0.0,0.0,0.0,0.0,0.0,0.0,0.0,0.0,0.0,0.0,0.0,0.0,0.0,0.0
2024-03-04,1061173083.0,288441200.0,781444900.0,493003700.0,140030700.0,587764321.0,261960400.0,314490300.0,189394600.0,104768100.0,43964900.0,313700.0,4386800.0,71000.0,2300.0,17700.0,123000.0,15200.0,151300.0,7400.0,600.0,17800.0,200.0
2024-03-05,928338044.0,253289000.0,628306800.0,375017800.0,150265200.0,444877499.0,212008800.0,273375600.0,135553100.0,81360100.0,38304200.0,284900.0,10633900.0,57700.0,4700.0,8800.0,740000.0,44200.0,103300.0,14000.0,10000.0,32700.0,4500.0
2024-03-06,1001619114.0,290731600.0,674414200.0,383682600.0,183125300.0,527297447.0,255897500.0,316243800.0,154993200.0,106589000.0,44651900.0,143400.0,2447100.0,43800.0,3400.0,9400.0,247300.0,21600.0,69500.0,23600.0,5800.0,12200.0,100.0
2024-03-07,948002902.0,249306600.0,668677200.0,419370600.0,146086100.0,537036372.0,243462800.0,343355400.0,123183300.0,144581200.0,45093700.0,186500.0,6149700.0,78200.0,4500.0,21200.0,476900.0,13300.0,205700.0,23200.0,100.0,17100.0,100.0
2024-03-08,1308854690.0,420634800.0,972232000.0,551597200.0,165461500.0,749541493.0,420237400.0,518182300.0,259790600.0,128589700.0,55728900.0,650100.0,1571400.0,45200.0,700.0,26700.0,331600.0,7700.0,198400.0,17200.0,600.0,41600.0,0.0
2024-03-09,0.0,0.0,0.0,0.0,0.0,0.0,0.0,0.0,0.0,0.0,0.0,0.0,0.0,0.0,0.0,0.0,0.0,0.0,0.0,0.0,0.0,0.0,0.0
2024-03-10,0.0,0.0,0.0,0.0,0.0,0.0,0.0,0.0,0.0,0.0,0.0,0.0,0.0,0.0,0.0,0.0,0.0,0.0,0.0,0.0,0.0,0.0,0.0
2024-03-11,923140440.0,284546400.0,667326800.0,382780400.0,133144500.0,503109539.0,262436900.0,328839900.0,160530000.0,92627100.0,37744800.0,1138600.0,1768700.0,21000.0,400.0,53300.0,885600.0,17400.0,173300.0,5800.0,6800.0,22200.0,0.0
2024-03-12,792539529.0,231977300.0,573333600.0,341356300.0,125022800.0,410713216.0,202308200.0,265305700.0,126145800.0,76449900.0,37281300.0,265000.0,308300.0,23000.0,3800.0,16600.0,755500.0,20000.0,155700.0,7100.0,0.0,4000.0,100.0
2024-03-13,890646898.0,228301800.0,627819400.0,399517600.0,154053000.0,473829368.0,225905000.0,303689100.0,117429200.0,107766200.0,51234500.0,208300.0,984500.0,52400.0,3400.0,8400.0,64300.0,18100.0,129600.0,42700.0,1800.0,69700.0,600.0
2024-03-14,1021714388.0,258713500.0,739816200.0,481102700.0,184346700.0,579030942.0,230092500.0,324205100.0,120187300.0,163718200.0,49542200.0,176000.0,477600.0,18300.0,100.0,28300.0,166500.0,6000.0,82400.0,8800.0,100.0,18900.0,3100.0
2024-03-15,1009198954.0,260712400.0,755613700.0,494901300.0,159182300.0,568097717.0,250062400.0,311858300.0,130485800.0,107393900.0,53881400.0,165700.0,1271600.0,47300.0,400.0,16700.0,1376900.0,16100.0,121200.0,41100.0,100.0,7200.0,0.0
2024-03-16,0.0,0.0,0.0,0.0,0.0,0.0,0.0,0.0,0.0,0.0,0.0,0.0,0.0,0.0,0.0,0.0,0.0,0.0,0.0,0.0,0.0,0.0,0.0
2024-03-17,0.0,0.0,0.0,0.0,0.0,0.0,0.0,0.0,0.0,0.0,0.0,0.0,0.0,0.0,0.0,0.0,0.0,0.0,0.0,0.0,0.0,0.0,0.0
2024-03-18,1617000650.0,407030100.0,1185935900.0,778905800.0,265765300.0,852515419.0,376572000.0,490335700.0,219287400.0,182771200.0,59068000.0,1028800.0,4100900.0,67100.0,8700.0,97100.0,1245700.0,41400.0,299400.0,28500.0,700.0,52200.0,10100.0
2024-03-19,782801566.0,197178600.0,598606000.0,401427400.0,106364700.0,416378504.0,174283300.0,218328300.0,109656300.0,82949600.0,30470200.0,1077100.0,5096100.0,15000.0,1500.0,7200.0,179300.0,21100.0,87200.0,32700.0,100.0,2400.0,100.0
2024-03-20,859406858.0,295411500.0,649950600.0,354539100.0,96850100.0,487923959.0,279614300.0,328684200.0,201640000.0,76126400.0,36302300.0,495400.0,13437500.0,58700.0,4000.0,707500.0,188400.0,14500.0,161600.0,7300.0,300.0,71300.0,100.0
2024-03-21,1135690750.0,273244300.0,857622800.0,584378500.0,154287200.0,659026170.0,307842300.0,363718900.0,167484200.0,163418400.0,39769900.0,864600.0,472700.0,13300.0,2900.0,28800.0,523200.0,24100.0,100600.0,66300.0,200.0,36800.0,46900.0
2024-03-22,1181266733.0,345954600.0,901552600.0,555598000.0,148458800.0,683216751.0,335455600.0,404470100.0,194887700.0,120051600.0,61565000.0,602200.0,2771600.0,39000.0,1200.0,17100.0,612300.0,22000.0,115800.0,7300.0,50400.0,61500.0,19600.0
2024-03-23,0.0,0.0,0.0,0.0,0.0,0.0,0.0,0.0,0.0,0.0,0.0,0.0,0.0,0.0,0.0,0.0,0.0,0.0,0.0,0.0,0.0,0.0,0.0
2024-03-24,0.0,0.0,0.0,0.0,0.0,0.0,0.0,0.0,0.0,0.0,0.0,0.0,0.0,0.0,0.0,0.0,0.0,0.0,0.0,0.0,0.0,0.0,0.0
2024-03-25,1099357900.0,269840100.0,775286000.0,505445900.0,153957700.0,592761655.0,304723800.0,371587500.0,147782400.0,128783367.0,38824235.0,394500.0,801700.0,75400.0,2700.0,643500.0,1092600.0,9100.0,84400.0,8000.0,38400.0,45900.0,37600.0
2024-03-26,858410797.0,210112400.0,615892100.0,405779700.0,115184600.0,462454187.0,266225200.0,324133600.0,130128600.0,83159375.0,31008141.0,396500.0,1207100.0,36700.0,6200.0,20400.0,213400.0,22500.0,64300.0,5800.0,36900.0,14000.0,18200.0
2024-03-27,803249597.0,188458000.0,544587600.0,356129600.0,127999700.0,399831140.0,183504000.0,229430900.0,98253900.0,78852821.0,43744738.0,101400.0,3447400.0,12900.0,400.0,504700.0,1083000.0,3700.0,39900.0,12600.0,23600.0,57500.0,100.0
2024-03-28,888387914.0,274146200.0,633082200.0,358936000.0,115686300.0,479471831.0,277480800.0,337655500.0,148171300.0,84073426.0,36597746.0,1326700.0,663700.0,22400.0,300.0,30400.0,916800.0,8900.0,56500.0,5500.0,300.0,62600.0,300.0
2024-03-29,790542597.0,217257200.0,542076600.0,324819400.0,104945900.0,401130295.0,215182700.0,265749100.0,112329400.0,76569922.0,42154412.0,175700.0,1357900.0,8200.0,14000.0,7900.0,190900.0,6600.0,194900.0,21700.0,71700.0,31200.0,0.0
2024-03-30,0.0,0.0,0.0,0.0,0.0,0.0,0.0,0.0,0.0,0.0,0.0,0.0,0.0,0.0,0.0,0.0,0.0,0.0,0.0,0.0,0.0,0.0,0.0
2024-03-31,0.0,0.0,0.0,0.0,0.0,0.0,0.0,0.0,0.0,0.0,0.0,0.0,0.0,0.0,0.0,0.0,0.0,0.0,0.0,0.0,0.0,0.0,0.0
2024-04-01,899388445.0,227979100.0,596355700.0,368376600.0,126871800.0,456430687.0,219158400.0,271050900.0,116986500.0,97089700.0,32481600.0,456400.0,2346700.0,77200.0,10400.0,29000.0,537400.0,182400.0,209100.0,23300.0,53000.0,31600.0,200.0
2024-04-02,1031022100.0,365454800.0,763993100.0,398538300.0,122762600.0,597768025.0,333461500.0,383901900.0,154796500.0,121487100.0,49086500.0,7165000.0,1627900.0,47100.0,0.0,33400.0,830400.0,175700.0,122900.0,84700.0,104900.0,62500.0,100.0
2024-04-03,995560394.0,257477200.0,716577300.0,459100100.0,158609000.0,508511014.0,236301400.0,308407400.0,147585000.0,120391500.0,50442800.0,2335900.0,2171500.0,40200.0,3200.0,31400.0,93800.0,64700.0,242100.0,69500.0,162600.0,35400.0,0.0
2024-04-04,921606498.0,259163100.0,644818000.0,385654900.0,126735500.0,466486175.0,220172900.0,272053300.0,133009300.0,99575300.0,40523600.0,708700.0,1309200.0,94800.0,1600.0,13300.0,535800.0,12600.0,93300.0,92100.0,128100.0,32700.0,0.0
2024-04-05,1034844955.0,258243600.0,673824100.0,415580500.0,156085900.0,479599533.0,229349200.0,306251500.0,131985700.0,127425400.0,79940600.0,317600.0,625200.0,39000.0,1000.0,20500.0,471900.0,25000.0,176500.0,600.0,2900.0,16400.0,100.0
2024-04-06,0.0,0.0,0.0,0.0,0.0,0.0,0.0,0.0,0.0,0.0,0.0,0.0,0.0,0.0,0.0,0.0,0.0,0.0,0.0,0.0,0.0,0.0,0.0
2024-04-07,0.0,0.0,0.0,0.0,0.0,0.0,0.0,0.0,0.0,0.0,0.0,0.0,0.0,0.0,0.0,0.0,0.0,0.0,0.0,0.0,0.0,0.0,0.0
2024-04-08,790344900.0,222161900.0,531711200.0,309549300.0,116812300.0,372542305.0,192001000.0,260687600.0,126253300.0,79767300.0,39481500.0,327900.0,460800.0,17900.0,1000.0,17200.0,36600.0,21100.0,128900.0,1700.0,51800.0,58900.0,300.0
2024-04-09,648177200.0,173357400.0,431509500.0,258152100.0,91777400.0,315068486.0,153510500.0,202156000.0,98964800.0,79598600.0,39552100.0,119700.0,2349000.0,32400.0,4600.0,12400.0,466000.0,10800.0,159700.0,46100.0,60400.0,32600.0,400.0
2024-04-10,633149400.0,195638000.0,440111800.0,244473800.0,77815600.0,328970802.0,165581100.0,200285900.0,116890800.0,56935300.0,39046500.0,406800.0,2530100.0,25300.0,2000.0,27300.0,679300.0,13700.0,70900.0,800.0,17300.0,100000.0,100.0
2024-04-11,642864295.0,169915300.0,445925100.0,276009800.0,84480000.0,321550741.0,142188300.0,185083400.0,84231000.0,75425400.0,29079200.0,798000.0,1366400.0,9200.0,1100.0,20100.0,1417400.0,8800.0,51500.0,500.0,1100.0,65700.0,200.0
2024-04-12,696705294.0,248399200.0,497857600.0,249458400.0,81796800.0,408095630.0,234167500.0,279622400.0,147062100.0,75820100.0,64809400.0,170800.0,2539100.0,17600.0,500.0,13200.0,668600.0,36200.0,82800.0,31300.0,210500.0,51500.0,200.0
2024-04-13,0.0,0.0,0.0,0.0,0.0,0.0,0.0,0.0,0.0,0.0,0.0,0.0,0.0,0.0,0.0,0.0,0.0,0.0,0.0,0.0,0.0,0.0,0.0
2024-04-14,0.0,0.0,0.0,0.0,0.0,0.0,0.0,0.0,0.0,0.0,0.0,0.0,0.0,0.0,0.0,0.0,0.0,0.0,0.0,0.0,0.0,0.0,0.0
2024-04-15,1317882799.0,462542000.0,965391100.0,502849100.0,152331000.0,758861114.0,408046000.0,485203100.0,233424700.0,163952200.0,71863200.0,407000.0,777500.0,69600.0,3500.0,40600.0,347200.0,30100.0,235600.0,16400.0,800.0,302100.0,300.0
2024-04-16,1214696265.0,353355000.0,885849000.0,532494000.0,146028000.0,645701019.0,317553200.0,424701800.0,196112800.0,135380400.0,59081500.0,1752200.0,5220400.0,253800.0,800.0,61300.0,805300.0,16900.0,377100.0,54800.0,113000.0,12400.0,0.0
2024-04-17,766171793.0,234126300.0,545514400.0,311388100.0,92442700.0,402895744.0,219143800.0,274450800.0,134066600.0,79942200.0,44923300.0,1470900.0,9140300.0,384200.0,1100.0,15400.0,143200.0,4400.0,149200.0,5100.0,1000.0,3800.0,100.0
2024-04-18,0.0,0.0,0.0,0.0,0.0,0.0,0.0,0.0,0.0,0.0,0.0,0.0,0.0,0.0,0.0,0.0,0.0,0.0,0.0,0.0,0.0,0.0,0.0
2024-04-19,1024630225.0,299945000.0,740048100.0,440103100.0,120257000.0,561414982.0,283108700.0,368935200.0,157758000.0,127694500.0,66386000.0,656800.0,1658600.0,148800.0,1100.0,106800.0,641900.0,9000.0,409200.0,16700.0,700.0,35400.0,200.0
2024-04-20,0.0,0.0,0.0,0.0,0.0,0.0,0.0,0.0,0.0,0.0,0.0,0.0,0.0,0.0,0.0,0.0,0.0,0.0,0.0,0.0,0.0,0.0,0.0
2024-04-21,0.0,0.0,0.0,0.0,0.0,0.0,0.0,0.0,0.0,0.0,0.0,0.0,0.0,0.0,0.0,0.0,0.0,0.0,0.0,0.0,0.0,0.0,0.0
2024-04-22,615914281.0,189955700.0,441102500.0,251146800.0,75165700.0,338741248.0,183973800.0,235379300.0,109952500.0,75343100.0,35477500.0,638200.0,2046200.0,43100.0,500.0,27100.0,536900.0,16500.0,232200.0,4600.0,200.0,4000.0,100.0
2024-04-23,672941708.0,252377900.0,504532700.0,252154800.0,70507000.0,400668584.0,229890500.0,270077400.0,149596000.0,68304900.0,27499400.0,701800.0,1528300.0,51000.0,600.0,38000.0,309700.0,49900.0,123100.0,16800.0,3400.0,102000.0,200.0
2024-04-24,691468850.0,215454800.0,491508600.0,276053800.0,78270300.0,376049446.0,189908300.0,239943800.0,125622900.0,80755600.0,25307800.0,125000.0,5013500.0,542100.0,700.0,16000.0,110300.0,5000.0,53200.0,30800.0,100.0,37400.0,100.0
2024-04-25,489117744.0,157693700.0,348875100.0,191181400.0,51079000.0,267015214.0,132774100.0,163565500.0,102133100.0,55251100.0,21705200.0,802900.0,5262400.0,12700.0,2700.0,14100.0,35800.0,17400.0,39500.0,5500.0,1700.0,20600.0,400.0
2024-04-26,574398097.0,188653000.0,400426700.0,211773700.0,61663200.0,318883844.0,156881400.0,191225200.0,100154300.0,60381900.0,33114400.0,167500.0,6561100.0,8700.0,200.0,32100.0,249900.0,14300.0,60000.0,13700.0,100.0,26800.0,300.0
2024-04-27,0.0,0.0,0.0,0.0,0.0,0.0,0.0,0.0,0.0,0.0,0.0,0.0,0.0,0.0,0.0,0.0,0.0,0.0,0.0,0.0,0.0,0.0,0.0
2024-04-28,0.0,0.0,0.0,0.0,0.0,0.0,0.0,0.0,0.0,0.0,0.0,0.0,0.0,0.0,0.0,0.0,0.0,0.0,0.0,0.0,0.0,0.0,0.0
2024-04-29,0.0,0.0,0.0,0.0,0.0,0.0,0.0,0.0,0.0,0.0,0.0,0.0,0.0,0.0,0.0,0.0,0.0,0.0,0.0,0.0,0.0,0.0,0.0
2024-04-30,0.0,0.0,0.0,0.0,0.0,0.0,0.0,0.0,0.0,0.0,0.0,0.0,0.0,0.0,0.0,0.0,0.0,0.0,0.0,0.0,0.0,0.0,0.0
2024-05-01,0.0,0.0,0.0,0.0,0.0,0.0,0.0,0.0,0.0,0.0,0.0,0.0,0.0,0.0,0.0,0.0,0.0,0.0,0.0,0.0,0.0,0.0,0.0
2024-05-02,513749523.0,167870100.0,373672600.0,205802500.0,58775800.0,284149733.0,123527100.0,150483300.0,87959800.0,47193700.0,22886800.0,508300.0,609500.0,10500.0,2500.0,17200.0,27200.0,52900.0,171500.0,65500.0,400.0,13800.0,200.0
2024-05-03,567242736.0,208853900.0,415570200.0,206716300.0,60802300.0,321893339.0,143723400.0,179189000.0,146296100.0,55520400.0,33229700.0,612400.0,2608800.0,13500.0,1100.0,13100.0,84700.0,113200.0,120300.0,6300.0,3100.0,16200.0,0.0
2024-05-04,0.0,0.0,0.0,0.0,0.0,0.0,0.0,0.0,0.0,0.0,0.0,0.0,0.0,0.0,0.0,0.0,0.0,0.0,0.0,0.0,0.0,0.0,0.0
2024-05-05,0.0,0.0,0.0,0.0,0.0,0.0,0.0,0.0,0.0,0.0,0.0,0.0,0.0,0.0,0.0,0.0,0.0,0.0,0.0,0.0,0.0,0.0,0.0
2024-05-06,666191121.0,205557100.0,487687500.0,282130400.0,89919600.0,365004115.0,168072000.0,230120500.0,95294500.0,79631600.0,43209600.0,216200.0,543200.0,18500.0,2000.0,13500.0,61100.0,37600.0,155100.0,24400.0,2900.0,20900.0,300.0
2024-05-07,592468763.0,168937400.0,409500400.0,240563000.0,79281000.0,319430595.0,120482000.0,156501000.0,76879600.0,69300600.0,42726700.0,336300.0,1213500.0,19600.0,4300.0,13900.0,257200.0,23300.0,73600.0,48300.0,2500.0,24100.0,0.0
2024-05-08,819582331.0,253690500.0,563547600.0,309857100.0,105658400.0,496379407.0,204856700.0,250986400.0,103027500.0,100359600.0,57989200.0,1562500.0,650700.0,19900.0,400.0,7300.0,2118200.0,7400.0,108100.0,13700.0,10100.0,42200.0,0.0
2024-05-09,638825574.0,194297900.0,444245500.0,249947600.0,93694900.0,351079061.0,155048400.0,193352000.0,94116400.0,81541100.0,52836900.0,121600.0,817800.0,22400.0,100.0,13200.0,38300.0,12600.0,66400.0,10700.0,200.0,600.0,200.0
2024-05-10,593428274.0,165973500.0,409717600.0,243744100.0,92233800.0,316202696.0,122797600.0,162897400.0,84524000.0,89239600.0,61402200.0,86900.0,854300.0,56600.0,8400.0,14100.0,11000.0,7600.0,60000.0,17600.0,500.0,22900.0,0.0
2024-05-11,0.0,0.0,0.0,0.0,0.0,0.0,0.0,0.0,0.0,0.0,0.0,0.0,0.0,0.0,0.0,0.0,0.0,0.0,0.0,0.0,0.0,0.0,0.0
2024-05-12,0.0,0.0,0.0,0.0,0.0,0.0,0.0,0.0,0.0,0.0,0.0,0.0,0.0,0.0,0.0,0.0,0.0,0.0,0.0,0.0,0.0,0.0,0.0
2024-05-13,636188640.0,163914500.0,410873600.0,246959100.0,131339500.0,293338211.0,134539200.0,176358500.0,86031100.0,77011900.0,41205200.0,228300.0,470300.0,49500.0,400.0,8400.0,438500.0,15600.0,229400.0,5400.0,600.0,17100.0,200.0
2024-05-14,529128121.0,179472000.0,357077200.0,177605200.0,80919200.0,283274988.0,131789900.0,158443900.0,91236400.0,83101200.0,42660700.0,293600.0,375300.0,9300.0,700.0,17700.0,14700.0,10000.0,57900.0,14700.0,100.0,300.0,100.0
2024-05-15,759157900.0,225875500.0,513656300.0,287780800.0,133885800.0,413616678.0,175664800.0,238212400.0,96271900.0,114951400.0,47072400.0,594800.0,513600.0,13400.0,0.0,28600.0,16100.0,79600.0,125200.0,28100.0,1400.0,29500.0,100.0
2024-05-16,808757789.0,303274200.0,609546500.0,306272300.0,103475800.0,491566345.0,265678500.0,314245000.0,179002300.0,99922700.0,61280000.0,1269100.0,351100.0,30500.0,2000.0,53000.0,146500.0,30600.0,165600.0,25700.0,1600.0,59000.0,300.0
2024-05-17,830835383.0,269818400.0,621203600.0,351385200.0,111766900.0,434518410.0,219806100.0,275986900.0,104422400.0,99447600.0,68320400.0,552700.0,2248800.0,10200.0,100.0,8700.0,453300.0,14000.0,34300.0,11600.0,100.0,3800.0,300.0
2024-05-18,0.0,0.0,0.0,0.0,0.0,0.0,0.0,0.0,0.0,0.0,0.0,0.0,0.0,0.0,0.0,0.0,0.0,0.0,0.0,0.0,0.0,0.0,0.0
2024-05-19,0.0,0.0,0.0,0.0,0.0,0.0,0.0,0.0,0.0,0.0,0.0,0.0,0.0,0.0,0.0,0.0,0.0,0.0,0.0,0.0,0.0,0.0,0.0
2024-05-20,957648129.0,289210100.0,707023000.0,417812900.0,141689800.0,487129196.0,248824400.0,326159500.0,131956000.0,100409600.0,60981400.0,275100.0,1641800.0,174100.0,900.0,17900.0,107200.0,36000.0,88500.0,22500.0,1300.0,26400.0,300.0
2024-05-21,840127935.0,232801200.0,580044400.0,347243200.0,148178900.0,415922020.0,204307200.0,262214800.0,117912100.0,107746900.0,141512400.0,327400.0,1460200.0,19300.0,9700.0,10500.0,39600.0,8700.0,51600.0,23600.0,500.0,10700.0,100.0
2024-05-22,987225260.0,288981400.0,708074100.0,419092700.0,148056600.0,526685903.0,236539500.0,310205700.0,133421600.0,135284200.0,108383100.0,704300.0,4199200.0,53000.0,600.0,9900.0,501500.0,18800.0,56800.0,13000.0,100.0,33200.0,100.0
2024-05-23,833706141.0,229219400.0,595832200.0,366612800.0,144457900.0,418002863.0,184292600.0,252696200.0,86111700.0,101968900.0,93318100.0,840400.0,2817500.0,7700.0,9600.0,20600.0,25900.0,29500.0,79700.0,33800.0,400.0,26500.0,400.0
2024-05-24,1244819730.0,397140200.0,911614600.0,514474400.0,177871800.0,687290255.0,342705700.0,423861900.0,212585800.0,146511200.0,135113600.0,1205500.0,2211500.0,77700.0,1900.0,8200.0,868500.0,15600.0,234300.0,3800.0,300.0,101800.0,0.0
2024-05-25,0.0,0.0,0.0,0.0,0.0,0.0,0.0,0.0,0.0,0.0,0.0,0.0,0.0,0.0,0.0,0.0,0.0,0.0,0.0,0.0,0.0,0.0,0.0
2024-05-26,0.0,0.0,0.0,0.0,0.0,0.0,0.0,0.0,0.0,0.0,0.0,0.0,0.0,0.0,0.0,0.0,0.0,0.0,0.0,0.0,0.0,0.0,0.0
2024-05-27,598633423.0,194006100.0,435763700.0,241757600.0,89209300.0,319677511.0,137942700.0,181660300.0,70774600.0,64895400.0,53191600.0,152900.0,704700.0,26900.0,5400.0,8700.0,163300.0,26000.0,105700.0,6700.0,1600.0,26500.0,52900.0
2024-05-28,744093359.0,214394700.0,527847700.0,313453000.0,129520100.0,376143553.0,190425200.0,245712000.0,100740100.0,77593900.0,63951800.0,445900.0,1230500.0,33000.0,18500.0,16200.0,1504100.0,10700.0,128400.0,32800.0,500.0,2300.0,100.0
2024-05-29,967107344.0,247205200.0,670112500.0,422907300.0,191641800.0,439261357.0,214089200.0,278401400.0,110812200.0,94075200.0,85738300.0,1081300.0,1526000.0,9300.0,5800.0,12600.0,1502200.0,6400.0,149400.0,10600.0,36600.0,17700.0,100.0
2024-05-30,958527286.0,282946700.0,657354800.0,374408100.0,175670200.0,476668238.0,216474300.0,288628400.0,126900900.0,136973500.0,67973800.0,1398200.0,509400.0,14100.0,100.0,11900.0,1074500.0,15400.0,126400.0,8200.0,600.0,3000.0,600.0
2024-05-31,617744426.0,164194300.0,398921800.0,234727500.0,136115100.0,276491592.0,131301400.0,175086100.0,76537000.0,74907200.0,101068000.0,728100.0,367000.0,23600.0,2000.0,4900.0,256200.0,6400.0,57000.0,18100.0,500.0,19100.0,52700.0
2024-06-01,0.0,0.0,0.0,0.0,0.0,0.0,0.0,0.0,0.0,0.0,0.0,0.0,0.0,0.0,0.0,0.0,0.0,0.0,0.0,0.0,0.0,0.0,0.0
2024-06-02,0.0,0.0,0.0,0.0,0.0,0.0,0.0,0.0,0.0,0.0,0.0,0.0,0.0,0.0,0.0,0.0,0.0,0.0,0.0,0.0,0.0,0.0,0.0
2024-06-03,930986400.0,282230000.0,664236000.0,382006000.0,146472800.0,489300618.0,226408300.0,281127300.0,152360700.0,99213000.0,58019200.0,872300.0,1518500.0,30000.0,6400.0,16400.0,802100.0,52400.0,119400.0,19900.0,100.0,15000.0,200.0
2024-06-04,785852881.0,233738800.0,561714200.0,327975400.0,137041100.0,397061222.0,159952500.0,216563400.0,90991800.0,82111300.0,76234200.0,696600.0,1977100.0,9300.0,3800.0,114100.0,1496300.0,5200.0,92600.0,7800.0,2000.0,1200.0,0.0
2024-06-05,810151817.0,243458000.0,570867400.0,327409400.0,142569800.0,395138172.0,174483500.0,224762700.0,109634800.0,88728500.0,66176000.0,1102800.0,2421300.0,49100.0,5500.0,61600.0,858700.0,34100.0,193200.0,8000.0,2400.0,52700.0,200.0
2024-06-06,797930139.0,270557500.0,554525100.0,283967600.0,145118600.0,416465785.0,228816000.0,268820900.0,104215400.0,63408200.0,66312200.0,504800.0,1706200.0,26200.0,2500.0,9300.0,1038600.0,4200.0,47100.0,37300.0,100.0,2800.0,0.0
2024-06-07,604684619.0,164082200.0,387331600.0,223249400.0,128786400.0,282432968.0,126736600.0,163849700.0,82098100.0,75923500.0,100076600.0,388800.0,1337900.0,31600.0,1400.0,5300.0,594000.0,34200.0,51700.0,5700.0,700.0,2100.0,100.0
2024-06-08,0.0,0.0,0.0,0.0,0.0,0.0,0.0,0.0,0.0,0.0,0.0,0.0,0.0,0.0,0.0,0.0,0.0,0.0,0.0,0.0,0.0,0.0,0.0
2024-06-09,0.0,0.0,0.0,0.0,0.0,0.0,0.0,0.0,0.0,0.0,0.0,0.0,0.0,0.0,0.0,0.0,0.0,0.0,0.0,0.0,0.0,0.0,0.0
2024-06-10,778969124.0,223704700.0,509879600.0,286174900.0,174108800.0,358903081.0,179108200.0,230250600.0,106021700.0,77723800.0,64746900.0,602500.0,994500.0,162300.0,500.0,8400.0,1119800.0,18600.0,99600.0,15300.0,100.0,4000.0,0.0
2024-06-11,859300069.0,276893700.0,596076200.0,319182500.0,158727100.0,458857757.0,212406000.0,266332600.0,129820800.0,87014100.0,71978500.0,137800.0,2831200.0,41900.0,19000.0,13000.0,750200.0,19400.0,89800.0,15500.0,300.0,16800.0,100.0
2024-06-12,769899483.0,297017400.0,566076600.0,269059200.0,118670000.0,436156328.0,248100100.0,327576100.0,177955700.0,76721900.0,76579600.0,610200.0,2533300.0,74600.0,17200.0,27500.0,891300.0,32400.0,183400.0,25100.0,300.0,115400.0,300.0
2024-06-13,829277993.0,356738000.0,633322900.0,276584900.0,109562500.0,511607428.0,308090600.0,353982800.0,220573800.0,73743600.0,63682600.0,837800.0,1264100.0,35200.0,13200.0,48000.0,1261000.0,39600.0,80500.0,20800.0,1100.0,54200.0,100.0
2024-06-14,1009516769.0,313171700.0,727420400.0,414248700.0,171876700.0,528273954.0,257562700.0,328443600.0,152837000.0,105931500.0,111469600.0,961200.0,1161900.0,8900.0,2200.0,37000.0,2468600.0,19400.0,86700.0,17000.0,20200.0,25700.0,100.0
2024-06-15,0.0,0.0,0.0,0.0,0.0,0.0,0.0,0.0,0.0,0.0,0.0,0.0,0.0,0.0,0.0,0.0,0.0,0.0,0.0,0.0,0.0,0.0,0.0
2024-06-16,0.0,0.0,0.0,0.0,0.0,0.0,0.0,0.0,0.0,0.0,0.0,0.0,0.0,0.0,0.0,0.0,0.0,0.0,0.0,0.0,0.0,0.0,0.0
2024-06-17,779670600.0,256110100.0,571567800.0,315457700.0,127156300.0,428765412.0,201259500.0,255141800.0,124212000.0,68248300.0,52359600.0,342600.0,1881300.0,35000.0,900.0,47900.0,565800.0,37000.0,185200.0,16300.0,1100.0,26700.0,800.0
2024-06-18,633180730.0,225992100.0,457667700.0,231675600.0,102941200.0,361155996.0,174583200.0,212098600.0,115394000.0,51994100.0,62261600.0,287500.0,1102500.0,39900.0,2900.0,26800.0,125100.0,20900.0,126600.0,19900.0,100.0,31700.0,0.0
2024-06-19,767813021.0,265001700.0,570040900.0,305039200.0,112750900.0,423163690.0,210800900.0,255293700.0,149598800.0,57999600.0,55740500.0,1503300.0,3455400.0,37000.0,1200.0,14300.0,965400.0,26900.0,142100.0,7300.0,100.0,33700.0,0.0
2024-06-20,818093366.0,309827100.0,602775900.0,292948800.0,120327500.0,448114145.0,242272700.0,291178700.0,188046300.0,66692600.0,63189500.0,1027000.0,3756500.0,35400.0,100.0,46400.0,868200.0,5900.0,101300.0,2800.0,1100.0,4400.0,100.0
2024-06-21,702730242.0,227734800.0,503197500.0,275462700.0,114053400.0,368976023.0,188901400.0,233835800.0,132644400.0,71277300.0,114461000.0,68400.0,2007300.0,10400.0,0.0,12100.0,419100.0,12600.0,95900.0,3500.0,100.0,900.0,0.0
2024-06-22,0.0,0.0,0.0,0.0,0.0,0.0,0.0,0.0,0.0,0.0,0.0,0.0,0.0,0.0,0.0,0.0,0.0,0.0,0.0,0.0,0.0,0.0,0.0
2024-06-23,0.0,0.0,0.0,0.0,0.0,0.0,0.0,0.0,0.0,0.0,0.0,0.0,0.0,0.0,0.0,0.0,0.0,0.0,0.0,0.0,0.0,0.0,0.0
2024-06-24,1098139814.0,363840500.0,777507200.0,413666700.0,185552600.0,601589568.0,291736100.0,377925500.0,179289700.0,109979500.0,98805300.0,1286200.0,1509200.0,191500.0,1300.0,37200.0,787100.0,68100.0,230900.0,3600.0,4200.0,16300.0,300.0
2024-06-25,547148512.0,202941600.0,384490900.0,181549300.0,92151200.0,299400543.0,135631700.0,164017500.0,118303400.0,46069200.0,57325600.0,540500.0,3437200.0,7800.0,1000.0,24600.0,543600.0,46800.0,263500.0,2900.0,4500.0,1000.0,0.0
2024-06-26,589076757.0,206661800.0,412360300.0,205698500.0,97087000.0,298432682.0,147605600.0,178418700.0,101176300.0,47981100.0,51989600.0,223600.0,9666200.0,1900.0,400.0,34700.0,896200.0,14700.0,187300.0,39000.0,600.0,32500.0,400.0
2024-06-27,469662451.0,170118200.0,328304700.0,158186500.0,76768300.0,252496708.0,117506600.0,147921700.0,94345100.0,46677000.0,43423300.0,181000.0,5267100.0,2700.0,0.0,11400.0,469200.0,16500.0,95100.0,5100.0,200.0,7800.0,0.0
2024-06-28,671570986.0,234108300.0,465875800.0,231767500.0,114837900.0,352955497.0,175224600.0,215088600.0,128813800.0,66455300.0,81988600.0,358800.0,11561700.0,10600.0,100.0,14700.0,727000.0,58700.0,196400.0,5200.0,5700.0,600.0,1000000.0
2024-06-29,0.0,0.0,0.0,0.0,0.0,0.0,0.0,0.0,0.0,0.0,0.0,0.0,0.0,0.0,0.0,0.0,0.0,0.0,0.0,0.0,0.0,0.0,0.0
2024-06-30,0.0,0.0,0.0,0.0,0.0,0.0,0.0,0.0,0.0,0.0,0.0,0.0,0.0,0.0,0.0,0.0,0.0,0.0,0.0,0.0,0.0,0.0,0.0
2024-07-01,432926586.0,165094900.0,299723000.0,134628100.0,67039600.0,235106155.0,106520000.0,129223200.0,77506800.0,47983400.0,41104500.0,229700.0,8691800.0,13700.0,1900.0,18100.0,24900.0,42300.0,148500.0,10700.0,200.0,23500.0,1500100.0
2024-07-02,470398369.0,189921800.0,345822300.0,155900500.0,64706200.0,275807901.0,143718300.0,166128300.0,98123600.0,40079700.0,37925800.0,212900.0,545700.0,22400.0,1200.0,20700.0,18300.0,4500.0,65900.0,900.0,800.0,1500.0,1358600.0
2024-07-03,501940903.0,200603700.0,358756600.0,158152900.0,82684800.0,294018337.0,133151200.0,155952500.0,116343600.0,42655800.0,37746000.0,240800.0,972300.0,10000.0,600.0,14600.0,355000.0,6000.0,46800.0,1600.0,200.0,56000.0,600.0
2024-07-04,475715974.0,170860600.0,342708100.0,171847500.0,81930600.0,259436531.0,132277800.0,153256600.0,94931700.0,45072300.0,60823700.0,164300.0,496600.0,2300.0,400.0,14000.0,1359000.0,8300.0,99300.0,1700.0,100.0,900.0,1600.0
2024-07-05,589214716.0,178744400.0,402928700.0,224184300.0,101185300.0,292604792.0,144942700.0,167893000.0,104115900.0,58073100.0,62088100.0,113400.0,3851900.0,6100.0,0.0,9000.0,1747700.0,6900.0,81200.0,8300.0,500.0,5000.0,400.0
2024-07-06,0.0,0.0,0.0,0.0,0.0,0.0,0.0,0.0,0.0,0.0,0.0,0.0,0.0,0.0,0.0,0.0,0.0,0.0,0.0,0.0,0.0,0.0,0.0
2024-07-07,0.0,0.0,0.0,0.0,0.0,0.0,0.0,0.0,0.0,0.0,0.0,0.0,0.0,0.0,0.0,0.0,0.0,0.0,0.0,0.0,0.0,0.0,0.0
2024-07-08,663998267.0,207419200.0,473820600.0,266401400.0,105611700.0,338371030.0,130301100.0,158283100.0,103473400.0,60808700.0,53837400.0,167400.0,1658600.0,17500.0,100.0,13800.0,668200.0,21500.0,141400.0,4500.0,6700.0,51200.0,1400.0
2024-07-09,757405933.0,255974700.0,541435000.0,285460300.0,130260300.0,382458704.0,181258000.0,227782800.0,135369500.0,66785300.0,62798300.0,1349100.0,1444800.0,6600.0,300.0,15900.0,3458700.0,19700.0,186100.0,2300.0,600.0,300.0,300.0
2024-07-10,678089692.0,211485600.0,466573700.0,255088100.0,119945200.0,345579367.0,159413600.0,184574400.0,108704800.0,57500300.0,62683200.0,728100.0,2221600.0,36100.0,8200.0,30600.0,1573600.0,18500.0,160900.0,63400.0,1200.0,20700.0,100.0
2024-07-11,636329816.0,197178700.0,458651000.0,261472300.0,96358800.0,346217709.0,164752600.0,193424100.0,122435900.0,62595800.0,45642600.0,125000.0,1022800.0,14200.0,16400.0,27600.0,807300.0,11700.0,186400.0,2000.0,400.0,32300.0,900.0
2024-07-12,546826154.0,161585700.0,373840700.0,212255000.0,94004400.0,251922900.0,119106200.0,144104500.0,79669500.0,51245800.0,62427000.0,158900.0,624000.0,17300.0,3100.0,6200.0,1616700.0,20200.0,130500.0,1800.0,300.0,1400.0,0.0
2024-07-13,0.0,0.0,0.0,0.0,0.0,0.0,0.0,0.0,0.0,0.0,0.0,0.0,0.0,0.0,0.0,0.0,0.0,0.0,0.0,0.0,0.0,0.0,0.0
2024-07-14,0.0,0.0,0.0,0.0,0.0,0.0,0.0,0.0,0.0,0.0,0.0,0.0,0.0,0.0,0.0,0.0,0.0,0.0,0.0,0.0,0.0,0.0,0.0
2024-07-15,474354969.0,149296800.0,315868300.0,166571500.0,93434800.0,223403189.0,104961000.0,122981800.0,74273100.0,50500000.0,39698100.0,107100.0,495700.0,10300.0,700.0,13700.0,118300.0,22900.0,147400.0,21900.0,700.0,3600.0,100.0
2024-07-16,637193906.0,202874600.0,426829500.0,223954900.0,102221500.0,327905009.0,162862900.0,191756500.0,113980200.0,58974900.0,61891000.0,350200.0,758200.0,30900.0,2000.0,19000.0,188200.0,15800.0,83900.0,5500.0,100.0,1000.0,50300.0
2024-07-17,1174012477.0,462486600.0,842746500.0,380259900.0,171498700.0,666187877.0,377545200.0,420594500.0,281752100.0,87855400.0,91865200.0,1328000.0,2561600.0,205800.0,2200.0,27700.0,1345100.0,22300.0,100400.0,9300.0,4200.0,500.0,30700.0
2024-07-18,652387179.0,236833400.0,460275300.0,223441900.0,101312000.0,348173062.0,175770300.0,202971000.0,126202200.0,50128400.0,53812500.0,814500.0,773900.0,107400.0,0.0,39800.0,1585700.0,19600.0,230100.0,1400.0,100.0,5000.0,200.0
2024-07-19,726064305.0,302639400.0,564300500.0,261661100.0,80216500.0,426082303.0,266312200.0,341064500.0,195825400.0,63453800.0,53538400.0,864700.0,1031800.0,56200.0,400.0,6800.0,585500.0,9700.0,155000.0,3100.0,600.0,1700.0,29000.0
2024-07-20,0.0,0.0,0.0,0.0,0.0,0.0,0.0,0.0,0.0,0.0,0.0,0.0,0.0,0.0,0.0,0.0,0.0,0.0,0.0,0.0,0.0,0.0,0.0
2024-07-21,0.0,0.0,0.0,0.0,0.0,0.0,0.0,0.0,0.0,0.0,0.0,0.0,0.0,0.0,0.0,0.0,0.0,0.0,0.0,0.0,0.0,0.0,0.0
2024-07-22,834239155.0,270891900.0,582171800.0,311279900.0,116312400.0,449273955.0,245545000.0,311283300.0,180253500.0,80371900.0,62215000.0,131200.0,1676400.0,91500.0,600.0,20100.0,879300.0,18200.0,211900.0,15400.0,1700.0,2000.0,200.0
2024-07-23,662804184.0,257323200.0,486928600.0,229605400.0,89817100.0,357903815.0,223367500.0,277102000.0,165355600.0,50814800.0,55941500.0,434200.0,2381800.0,53200.0,3000.0,23600.0,1191500.0,20600.0,125300.0,1100.0,59900.0,1500.0,200.0
2024-07-24,658298854.0,240003800.0,476137900.0,236134100.0,89355400.0,359848335.0,197894100.0,238959700.0,125893000.0,57653400.0,46755400.0,280400.0,422000.0,212500.0,100.0,61200.0,525700.0,16800.0,411500.0,34900.0,171500.0,100.0,300.0
2024-07-25,421018935.0,170877200.0,294788700.0,123911500.0,58066500.0,230234522.0,125101200.0,145776500.0,94168600.0,34595700.0,30730700.0,731300.0,504300.0,12400.0,3900.0,9000.0,645900.0,33900.0,111900.0,17400.0,4400.0,1500.0,600.0
2024-07-26,417284760.0,141725500.0,291663400.0,149937900.0,56492000.0,206869361.0,98924900.0,129747700.0,72935300.0,32793200.0,43828000.0,139100.0,534200.0,15100.0,300.0,19700.0,21000.0,11000.0,144700.0,1800.0,700.0,0.0,600.0
2024-07-27,0.0,0.0,0.0,0.0,0.0,0.0,0.0,0.0,0.0,0.0,0.0,0.0,0.0,0.0,0.0,0.0,0.0,0.0,0.0,0.0,0.0,0.0,0.0
2024-07-28,0.0,0.0,0.0,0.0,0.0,0.0,0.0,0.0,0.0,0.0,0.0,0.0,0.0,0.0,0.0,0.0,0.0,0.0,0.0,0.0,0.0,0.0,0.0
2024-07-29,464635925.0,135954700.0,303702300.0,167747600.0,80127600.0,206334561.0,87347000.0,121505100.0,70380600.0,44574300.0,34299800.0,97400.0,844900.0,9700.0,200.0,27400.0,159500.0,8100.0,53900.0,2300.0,200.0,2200.0,0.0
2024-07-30,602295248.0,166024000.0,377040700.0,211016700.0,96573400.0,255897058.0,114817200.0,168955700.0,89260500.0,54374300.0,35299700.0,312900.0,1309400.0,16600.0,200.0,30400.0,12300.0,13900.0,75100.0,11300.0,1000.0,700.0,100.0
2024-07-31,685424883.0,244193100.0,467844000.0,223650900.0,88115400.0,351629014.0,174062200.0,217607700.0,143741600.0,45911800.0,44208900.0,75500.0,343800.0,26200.0,800.0,18700.0,10500.0,13100.0,54300.0,2000.0,3800.0,1600.0,400.0
2024-08-01,852236557.0,291769600.0,599689600.0,307920000.0,137699500.0,452947029.0,220183900.0,279601100.0,143468200.0,95930700.0,56744800.0,407500.0,1703700.0,56600.0,400.0,16200.0,2041900.0,26600.0,254400.0,5200.0,100.0,1700.0,600.0
2024-08-02,657668495.0,249744100.0,475209400.0,225465300.0,83520600.0,361299443.0,190057900.0,238057500.0,137601500.0,56916200.0,56952100.0,602900.0,667000.0,47900.0,900.0,28800.0,161200.0,39300.0,358700.0,38300.0,2500.0,21700.0,600.0
2024-08-03,0.0,0.0,0.0,0.0,0.0,0.0,0.0,0.0,0.0,0.0,0.0,0.0,0.0,0.0,0.0,0.0,0.0,0.0,0.0,0.0,0.0,0.0,0.0
2024-08-04,0.0,0.0,0.0,0.0,0.0,0.0,0.0,0.0,0.0,0.0,0.0,0.0,0.0,0.0,0.0,0.0,0.0,0.0,0.0,0.0,0.0,0.0,0.0
2024-08-05,942539362.0,363085500.0,710612300.0,347526800.0,117001800.0,540052675.0,310844800.0,333411300.0,190129800.0,83002100.0,60415200.0,2472500.0,1406000.0,149900.0,200.0,74200.0,340200.0,59400.0,420300.0,4400.0,5600.0,8600.0,40200.0
2024-08-06,612786967.0,221661200.0,437336200.0,215675000.0,80425500.0,325530324.0,180242300.0,201096700.0,109911400.0,57655500.0,35493100.0,620900.0,648000.0,159300.0,1400.0,45900.0,296700.0,22200.0,240700.0,11000.0,2700.0,3400.0,20100.0
2024-08-07,510188227.0,220049900.0,374165900.0,154116000.0,56222900.0,285953803.0,132183900.0,141752400.0,104162300.0,38768000.0,32895900.0,2180200.0,979700.0,22000.0,1000.0,30600.0,493900.0,12100.0,171100.0,14800.0,6200.0,300.0,100.0
2024-08-08,639430907.0,223192000.0,478590200.0,255398200.0,74240900.0,320432751.0,183365200.0,197399400.0,118911600.0,51433600.0,42365800.0,299200.0,1853800.0,13300.0,4900.0,16400.0,112500.0,14800.0,62800.0,6400.0,1800.0,1000.0,400.0
2024-08-09,544376076.0,178363300.0,402198200.0,223834900.0,66176200.0,279561313.0,165863800.0,185427100.0,83595400.0,50257100.0,48181000.0,294800.0,809700.0,7900.0,100.0,6900.0,460100.0,34800.0,60300.0,2800.0,10900.0,55400.0,50100.0
2024-08-10,0.0,0.0,0.0,0.0,0.0,0.0,0.0,0.0,0.0,0.0,0.0,0.0,0.0,0.0,0.0,0.0,0.0,0.0,0.0,0.0,0.0,0.0,0.0
2024-08-11,0.0,0.0,0.0,0.0,0.0,0.0,0.0,0.0,0.0,0.0,0.0,0.0,0.0,0.0,0.0,0.0,0.0,0.0,0.0,0.0,0.0,0.0,0.0
2024-08-12,494611906.0,164092300.0,356490900.0,192398600.0,66936200.0,265652570.0,132628600.0,142110800.0,78682200.0,39582100.0,37520900.0,283100.0,310900.0,30600.0,0.0,4700.0,11600.0,8600.0,83100.0,13700.0,200.0,1200.0,100.0
2024-08-13,488342076.0,165198800.0,348450100.0,183251300.0,65393900.0,257988515.0,137117400.0,144563800.0,71132700.0,42381100.0,44920800.0,159400.0,1161900.0,17700.0,0.0,6300.0,1007800.0,6300.0,39200.0,11200.0,300.0,30400.0,100.0
2024-08-14,443199063.0,145774100.0,317954500.0,172180400.0,67840700.0,220764942.0,112479600.0,121521000.0,66142400.0,38178300.0,35966300.0,127400.0,783100.0,16300.0,0.0,9900.0,30000.0,27700.0,53100.0,800.0,200.0,600.0,0.0
2024-08-15,432238084.0,145091700.0,314968900.0,169877200.0,62475000.0,224953428.0,109419500.0,120559500.0,60825300.0,36044200.0,29188200.0,385500.0,928200.0,25000.0,100.0,6400.0,59300.0,5900.0,46900.0,15300.0,1100.0,1400.0,0.0
2024-08-16,917105181.0,282855300.0,693038300.0,410183000.0,127800100.0,497653527.0,276540000.0,305928500.0,138988700.0,86972500.0,71399700.0,931800.0,1779700.0,15900.0,200.0,20000.0,796200.0,18900.0,122100.0,14600.0,2800.0,20800.0,200.0
2024-08-17,0.0,0.0,0.0,0.0,0.0,0.0,0.0,0.0,0.0,0.0,0.0,0.0,0.0,0.0,0.0,0.0,0.0,0.0,0.0,0.0,0.0,0.0,0.0
2024-08-18,0.0,0.0,0.0,0.0,0.0,0.0,0.0,0.0,0.0,0.0,0.0,0.0,0.0,0.0,0.0,0.0,0.0,0.0,0.0,0.0,0.0,0.0,0.0
2024-08-19,609838096.0,183427600.0,446646700.0,263219100.0,86653900.0,324644842.0,168996300.0,187497200.0,92840900.0,52977400.0,41693700.0,332100.0,970200.0,14700.0,500.0,7800.0,1034000.0,11000.0,79400.0,13900.0,6600.0,5200.0,5400.0
2024-08-20,772109946.0,221761700.0,575143100.0,353381400.0,119682900.0,399274982.0,219326600.0,243647500.0,118318500.0,68218800.0,45408700.0,763000.0,611900.0,52600.0,3000.0,152100.0,744500.0,11200.0,184100.0,5900.0,700.0,2400.0,1200.0
2024-08-21,715820941.0,279235500.0,550610200.0,271374700.0,95475800.0,432552298.0,257928300.0,269217300.0,171512500.0,57222300.0,52231100.0,1010700.0,1500000.0,13600.0,5400.0,32000.0,579400.0,10400.0,154300.0,5000.0,600.0,4700.0,300.0
2024-08-22,612375817.0,212878500.0,448905800.0,236027300.0,81715700.0,347628883.0,184600100.0,197983200.0,127136700.0,59069700.0,32916400.0,393200.0,762500.0,21100.0,200.0,14700.0,435200.0,3400.0,94200.0,7600.0,1100.0,132300.0,0.0
2024-08-23,635702586.0,182557500.0,471450000.0,288892500.0,101698400.0,341058889.0,195508100.0,214293400.0,102735300.0,64945400.0,46408100.0,146000.0,1105100.0,29100.0,0.0,508400.0,192800.0,23800.0,72400.0,21500.0,2100.0,6100.0,0.0
2024-08-24,0.0,0.0,0.0,0.0,0.0,0.0,0.0,0.0,0.0,0.0,0.0,0.0,0.0,0.0,0.0,0.0,0.0,0.0,0.0,0.0,0.0,0.0,0.0
2024-08-25,0.0,0.0,0.0,0.0,0.0,0.0,0.0,0.0,0.0,0.0,0.0,0.0,0.0,0.0,0.0,0.0,0.0,0.0,0.0,0.0,0.0,0.0,0.0
2024-08-26,692145175.0,235664200.0,534296400.0,298632200.0,86159300.0,404814100.0,249248000.0,264902900.0,138331400.0,55546400.0,32792200.0,188900.0,1327400.0,9700.0,100200.0,20300.0,204000.0,5500.0,63000.0,27700.0,11100.0,7300.0,3300.0
2024-08-27,589958790.0,202037400.0,449922000.0,247884600.0,70362400.0,315079945.0,174448700.0,185239300.0,111389100.0,44666900.0,31200200.0,129700.0,737500.0,17700.0,0.0,22400.0,40500.0,11800.0,88200.0,17400.0,200.0,249300.0,300.0
2024-08-28,658163171.0,190824700.0,524526900.0,333702200.0,67483300.0,369157466.0,201648400.0,216898900.0,112028700.0,54114300.0,30664900.0,169000.0,275500.0,8100.0,5900.0,516200.0,1177100.0,10500.0,218000.0,10700.0,1500.0,9800.0,600.0
2024-08-29,581214555.0,217252300.0,448511500.0,231259200.0,64049800.0,323997336.0,267672500.0,277692500.0,132045300.0,33615200.0,22707300.0,187200.0,283700.0,110400.0,8900.0,16400.0,1875000.0,10600.0,225900.0,8200.0,3600.0,2300.0,800.0
2024-08-30,510780520.0,155151400.0,386911500.0,231760100.0,63865400.0,283211113.0,166799800.0,177670400.0,81397700.0,48483500.0,30778900.0,157400.0,1522900.0,2900.0,4500.0,5900.0,574300.0,15800.0,162000.0,16200.0,29700.0,10300.0,3100.0
2024-08-31,0.0,0.0,0.0,0.0,0.0,0.0,0.0,0.0,0.0,0.0,0.0,0.0,0.0,0.0,0.0,0.0,0.0,0.0,0.0,0.0,0.0,0.0,0.0
2024-09-01,0.0,0.0,0.0,0.0,0.0,0.0,0.0,0.0,0.0,0.0,0.0,0.0,0.0,0.0,0.0,0.0,0.0,0.0,0.0,0.0,0.0,0.0,0.0
2024-09-02,0.0,0.0,0.0,0.0,0.0,0.0,0.0,0.0,0.0,0.0,0.0,0.0,0.0,0.0,0.0,0.0,0.0,0.0,0.0,0.0,0.0,0.0,0.0
2024-09-03,0.0,0.0,0.0,0.0,0.0,0.0,0.0,0.0,0.0,0.0,0.0,0.0,0.0,0.0,0.0,0.0,0.0,0.0,0.0,0.0,0.0,0.0,0.0
2024-09-04,588157743.0,205797400.0,445142800.0,239345400.0,71439300.0,330733893.0,186262700.0,200493200.0,114425000.0,48627600.0,32196000.0,1813900.0,1394400.0,3300.0,300.0,48900.0,2157500.0,17200.0,156800.0,44200.0,100.0,34700.0,800.0
2024-09-05,594426347.0,213306200.0,442352400.0,229046200.0,64155000.0,331874492.0,172155700.0,189514900.0,104243700.0,43032000.0,31971200.0,313200.0,2637800.0,49600.0,100.0,10900.0,755900.0,18400.0,69300.0,13600.0,500.0,20700.0,0.0
2024-09-06,514936954.0,184683500.0,384216100.0,199532600.0,69739400.0,297143950.0,164070200.0,172203200.0,96009800.0,43777800.0,33378800.0,417300.0,2118200.0,43300.0,300.0,10400.0,289200.0,3900.0,56600.0,25600.0,3600.0,1200.0,1000.0
2024-09-07,0.0,0.0,0.0,0.0,0.0,0.0,0.0,0.0,0.0,0.0,0.0,0.0,0.0,0.0,0.0,0.0,0.0,0.0,0.0,0.0,0.0,0.0,0.0
2024-09-08,0.0,0.0,0.0,0.0,0.0,0.0,0.0,0.0,0.0,0.0,0.0,0.0,0.0,0.0,0.0,0.0,0.0,0.0,0.0,0.0,0.0,0.0,0.0
2024-09-09,433845957.0,160908300.0,331273600.0,170365300.0,49959200.0,269129237.0,122826400.0,131741100.0,75272200.0,52117900.0,22550400.0,307500.0,976500.0,12900.0,3600.0,7100.0,11500.0,27900.0,148800.0,800.0,500.0,500.0,100.0
2024-09-10,601503586.0,208127900.0,447546600.0,239418700.0,86529900.0,324486549.0,182646000.0,198592200.0,120539100.0,51481400.0,29649300.0,140400.0,676900.0,42200.0,100.0,20300.0,80700.0,19200.0,82800.0,4100.0,2200.0,35900.0,200.0
2024-09-11,517736132.0,146835400.0,394190400.0,247355000.0,61408000.0,297921337.0,131783000.0,143154300.0,74206800.0,38614600.0,23087400.0,252400.0,590900.0,25000.0,0.0,495700.0,199200.0,8700.0,89600.0,8100.0,100.0,1000.0,100.0
2024-09-12,381112469.0,146388200.0,285797400.0,139409200.0,54015100.0,220010933.0,135500800.0,141858300.0,94114400.0,34396500.0,19820700.0,253100.0,140200.0,39200.0,8300.0,2500.0,110700.0,3200.0,31900.0,1000.0,400.0,5100.0,0.0
2024-09-13,383574186.0,118478600.0,281383700.0,162905100.0,49549700.0,206786941.0,115342000.0,125495100.0,58962900.0,43476800.0,28301000.0,273900.0,976700.0,17300.0,100.0,18300.0,97700.0,5000.0,63000.0,79300.0,100.0,2500.0,1100.0
2024-09-14,0.0,0.0,0.0,0.0,0.0,0.0,0.0,0.0,0.0,0.0,0.0,0.0,0.0,0.0,0.0,0.0,0.0,0.0,0.0,0.0,0.0,0.0,0.0
2024-09-15,0.0,0.0,0.0,0.0,0.0,0.0,0.0,0.0,0.0,0.0,0.0,0.0,0.0,0.0,0.0,0.0,0.0,0.0,0.0,0.0,0.0,0.0,0.0
2024-09-16,453594646.0,150530500.0,324122300.0,173591800.0,61722000.0,253233612.0,146020400.0,148467600.0,75270200.0,39494600.0,21833600.0,295900.0,715300.0,13700.0,1100.0,45500.0,185400.0,41900.0,103400.0,7900.0,400.0,1000.0,0.0
2024-09-17,460744690.0,141553400.0,339076300.0,197522900.0,63246700.0,265396285.0,120574000.0,130163000.0,66954500.0,45045600.0,24229300.0,88600.0,232800.0,35900.0,0.0,16300.0,16000.0,11000.0,99900.0,7100.0,1300.0,2500.0,100.0
2024-09-18,598424612.0,233293900.0,444452800.0,211158900.0,68319500.0,364462889.0,240371200.0,255967900.0,129562000.0,57287600.0,56351400.0,171500.0,459100.0,28000.0,200.0,13600.0,98900.0,10400.0,44700.0,700.0,600.0,3900.0,4000.0
2024-09-19,477857099.0,171750800.0,360983600.0,189232800.0,65870200.0,274230110.0,160918000.0,170372800.0,93962300.0,42441300.0,38896000.0,110100.0,1676500.0,10400.0,0.0,28600.0,312200.0,4100.0,32900.0,500.0,100.0,20300.0,500.0
2024-09-20,840427365.0,394463700.0,674987000.0,280523300.0,75797400.0,549960299.0,371668500.0,394020200.0,233632800.0,57117200.0,53704200.0,575900.0,172000.0,59200.0,1400.0,8600.0,300500.0,16300.0,214800.0,80800.0,300.0,100.0,40100.0
2024-09-21,0.0,0.0,0.0,0.0,0.0,0.0,0.0,0.0,0.0,0.0,0.0,0.0,0.0,0.0,0.0,0.0,0.0,0.0,0.0,0.0,0.0,0.0,0.0
2024-09-22,0.0,0.0,0.0,0.0,0.0,0.0,0.0,0.0,0.0,0.0,0.0,0.0,0.0,0.0,0.0,0.0,0.0,0.0,0.0,0.0,0.0,0.0,0.0
2024-09-23,455722792.0,183234800.0,336234700.0,152999900.0,59362700.0,271690753.0,176927600.0,184019200.0,113210800.0,41380000.0,26692700.0,570600.0,861200.0,20500.0,0.0,98900.0,675700.0,60500.0,66000.0,311700.0,100.0,400.0,0.0
2024-09-24,493764676.0,210387100.0,373316600.0,162929500.0,54227000.0,307414249.0,207230600.0,212891200.0,134806600.0,40343700.0,28927700.0,144400.0,134000.0,16300.0,600.0,17500.0,667200.0,26400.0,107900.0,152100.0,100.0,9600.0,100.0
2024-09-25,904057882.0,359512900.0,725513100.0,366000200.0,84884200.0,549968046.0,382300700.0,408261700.0,217151600.0,71688300.0,39718200.0,1206700.0,1013800.0,14100.0,300.0,19200.0,809200.0,19000.0,241100.0,4900.0,2300.0,17700.0,20000.0
2024-09-26,889834232.0,414069600.0,717091300.0,303021700.0,88541900.0,595053977.0,458610800.0,473452900.0,307144000.0,51326400.0,54689500.0,720700.0,1291300.0,109800.0,3900.0,36700.0,1160000.0,27900.0,195800.0,3900.0,600.0,10500.0,200.0
2024-09-27,874903594.0,400977800.0,706937500.0,305959700.0,78290800.0,573536752.0,414800600.0,430260000.0,250819300.0,64751300.0,72404800.0,325400.0,790900.0,28500.0,500.0,4900.0,313900.0,3800.0,100500.0,18800.0,900.0,400.0,20100.0
2024-09-28,0.0,0.0,0.0,0.0,0.0,0.0,0.0,0.0,0.0,0.0,0.0,0.0,0.0,0.0,0.0,0.0,0.0,0.0,0.0,0.0,0.0,0.0,0.0
2024-09-29,0.0,0.0,0.0,0.0,0.0,0.0,0.0,0.0,0.0,0.0,0.0,0.0,0.0,0.0,0.0,0.0,0.0,0.0,0.0,0.0,0.0,0.0,0.0
2024-09-30,693266986.0,268201100.0,548505200.0,280304100.0,72267700.0,439489333.0,288584000.0,302611600.0,178706100.0,52663900.0,40578700.0,127600.0,431300.0,17600.0,400.0,4900.0,535900.0,30700.0,45600.0,6900.0,300.0,700.0,0.0
2024-10-01,922549879.0,353697600.0,708077300.0,354379700.0,107422400.0,547062982.0,385579900.0,430861500.0,229322600.0,78432000.0,50810300.0,312500.0,1018000.0,49100.0,5500.0,57600.0,152300.0,26100.0,134400.0,4000.0,3500.0,52400.0,100.0
2024-10-02,677770682.0,259871200.0,522903200.0,263032000.0,78858000.0,420301200.0,284803800.0,308943200.0,181735600.0,53659700.0,36446800.0,188000.0,599600.0,11800.0,0.0,20000.0,49900.0,25300.0,97800.0,11300.0,200.0,7200.0,100.0
2024-10-03,1009745574.0,411186800.0,801485700.0,390298900.0,95792800.0,618343080.0,441425300.0,474020800.0,286079100.0,70071400.0,53373200.0,125400.0,14209000.0,44500.0,600.0,7700.0,403900.0,14200.0,61500.0,3200.0,1000.0,1100.0,2100.0
2024-10-04,568802884.0,238262000.0,445130400.0,206868400.0,57881500.0,356246847.0,246630100.0,260615400.0,166946700.0,52087400.0,40244100.0,139400.0,939000.0,9300.0,400.0,6600.0,124800.0,10500.0,95400.0,5800.0,1100.0,900.0,1100.0
2024-10-05,0.0,0.0,0.0,0.0,0.0,0.0,0.0,0.0,0.0,0.0,0.0,0.0,0.0,0.0,0.0,0.0,0.0,0.0,0.0,0.0,0.0,0.0,0.0
2024-10-06,0.0,0.0,0.0,0.0,0.0,0.0,0.0,0.0,0.0,0.0,0.0,0.0,0.0,0.0,0.0,0.0,0.0,0.0,0.0,0.0,0.0,0.0,0.0
2024-10-07,497177577.0,189747000.0,361670600.0,171923600.0,58205400.0,300684038.0,210922300.0,234570400.0,127687500.0,40537900.0,26221300.0,142800.0,605900.0,16400.0,100.0,9600.0,344200.0,16900.0,94000.0,2800.0,700.0,1600.0,3000.0
2024-10-08,650356225.0,253324000.0,507566700.0,254242700.0,73197100.0,412174572.0,289077200.0,314055000.0,155493300.0,65374700.0,33482800.0,223100.0,133500.0,17000.0,800.0,9200.0,553400.0,10600.0,28100.0,1100.0,0.0,0.0,0.0
2024-10-09,643343758.0,304787800.0,500873900.0,196086100.0,66976500.0,416662845.0,285701400.0,309699500.0,179693200.0,41776600.0,29431000.0,302500.0,568700.0,80500.0,0.0,2200.0,437000.0,19800.0,55800.0,500.0,400.0,2000.0,600.0
2024-10-10,665299882.0,295001200.0,520292100.0,225290900.0,67598200.0,416081158.0,308202000.0,331028100.0,200530600.0,43530700.0,32255900.0,124300.0,602700.0,24700.0,200.0,26600.0,511100.0,23200.0,98100.0,23000.0,100.0,0.0,16100.0
2024-10-11,479872804.0,194262300.0,348419500.0,154157200.0,76449500.0,279241998.0,170862200.0,191743400.0,115880700.0,40066100.0,38214800.0,149800.0,459700.0,2000.0,300.0,4900.0,17300.0,7500.0,33300.0,3500.0,300.0,500.0,0.0
2024-10-12,0.0,0.0,0.0,0.0,0.0,0.0,0.0,0.0,0.0,0.0,0.0,0.0,0.0,0.0,0.0,0.0,0.0,0.0,0.0,0.0,0.0,0.0,0.0
2024-10-13,0.0,0.0,0.0,0.0,0.0,0.0,0.0,0.0,0.0,0.0,0.0,0.0,0.0,0.0,0.0,0.0,0.0,0.0,0.0,0.0,0.0,0.0,0.0
2024-10-14,670466089.0,229593800.0,530988800.0,301395000.0,76197700.0,370055861.0,271860300.0,291079300.0,130392200.0,38424200.0,28510200.0,213300.0,352200.0,6700.0,100.0,5200.0,356800.0,59000.0,497100.0,13100.0,0.0,1500.0,200.0
2024-10-15,675124538.0,254817200.0,533898400.0,279081200.0,70335300.0,410461183.0,267390900.0,281296900.0,159210000.0,50977100.0,40454200.0,337900.0,1519200.0,40900.0,200.0,7600.0,550700.0,9900.0,59100.0,13000.0,7300.0,800.0,0.0
2024-10-16,482243077.0,174904900.0,366406900.0,191502000.0,61669100.0,279018037.0,187673300.0,203693200.0,99356800.0,33562500.0,22100900.0,276900.0,1004400.0,6100.0,300.0,3800.0,377900.0,10400.0,56700.0,4100.0,3300.0,100500.0,0.0
2024-10-17,617838632.0,225846200.0,492195800.0,266349600.0,75448700.0,373804515.0,258063800.0,277355500.0,152373200.0,50160200.0,24473800.0,563100.0,193700.0,77200.0,0.0,4000.0,209700.0,15000.0,70200.0,13700.0,46900.0,300.0,100.0
2024-10-18,607856932.0,272768200.0,477663900.0,204895700.0,56176800.0,394548453.0,313876200.0,324728900.0,190614200.0,34804400.0,30407100.0,168900.0,2786900.0,3900.0,400.0,3500.0,429600.0,11700.0,34200.0,6200.0,5200.0,5700.0,3500.0
2024-10-19,0.0,0.0,0.0,0.0,0.0,0.0,0.0,0.0,0.0,0.0,0.0,0.0,0.0,0.0,0.0,0.0,0.0,0.0,0.0,0.0,0.0,0.0,0.0
2024-10-20,0.0,0.0,0.0,0.0,0.0,0.0,0.0,0.0,0.0,0.0,0.0,0.0,0.0,0.0,0.0,0.0,0.0,0.0,0.0,0.0,0.0,0.0,0.0
2024-10-21,580256611.0,193887000.0,447790400.0,253903400.0,65765900.0,335554489.0,238666600.0,255982000.0,117864800.0,42188500.0,29966400.0,489800.0,2599500.0,3800.0,200.0,3600.0,275800.0,10600.0,33000.0,7000.0,1900.0,1000.0,0.0
2024-10-22,728502963.0,292645600.0,569637500.0,276991900.0,81453200.0,446217031.0,314870200.0,346582700.0,199785300.0,52851800.0,35686500.0,314100.0,3671800.0,14600.0,0.0,7500.0,302000.0,11500.0,76100.0,8700.0,3100.0,700.0,254100.0
2024-10-23,535847404.0,225438600.0,424290200.0,198851600.0,54078900.0,331766084.0,200693200.0,215919300.0,136904500.0,40092200.0,20546400.0,234100.0,609900.0,19400.0,300.0,5500.0,137900.0,9700.0,71100.0,600.0,2800.0,500.0,100.0
2024-10-24,592565307.0,257102100.0,468367300.0,211265200.0,52627800.0,387047889.0,262993500.0,275129100.0,148652700.0,34624800.0,28965900.0,464700.0,517500.0,23300.0,500.0,10100.0,434500.0,13000.0,67100.0,1300.0,2000.0,400.0,15900.0
2024-10-25,525129703.0,209962100.0,412808300.0,202846200.0,53140300.0,309738762.0,204764800.0,216930100.0,128293400.0,36296700.0,43133900.0,1147500.0,1448100.0,29100.0,400.0,11800.0,1267800.0,15700.0,114400.0,4500.0,40700.0,20300.0,400.0
2024-10-26,0.0,0.0,0.0,0.0,0.0,0.0,0.0,0.0,0.0,0.0,0.0,0.0,0.0,0.0,0.0,0.0,0.0,0.0,0.0,0.0,0.0,0.0,0.0
2024-10-27,0.0,0.0,0.0,0.0,0.0,0.0,0.0,0.0,0.0,0.0,0.0,0.0,0.0,0.0,0.0,0.0,0.0,0.0,0.0,0.0,0.0,0.0,0.0
2024-10-28,400508458.0,144590400.0,310586400.0,165996000.0,46520200.0,224655309.0,157013100.0,169502700.0,74586000.0,35415000.0,20361200.0,479200.0,847500.0,34100.0,1200.0,11600.0,20300.0,17000.0,104300.0,7600.0,2500.0,600.0,404700.0
2024-10-29,490886520.0,170355400.0,363926500.0,193571100.0,72647200.0,264673706.0,159315100.0,173590100.0,104933900.0,37146900.0,22591300.0,134800.0,628900.0,7300.0,1000.0,27400.0,181600.0,21700.0,46400.0,35400.0,8300.0,5600.0,1100.0
2024-10-30,475263319.0,187747200.0,352441000.0,164693800.0,61823100.0,272227962.0,165147600.0,174272400.0,100270500.0,40543500.0,26562900.0,355100.0,413000.0,8300.0,300.0,6400.0,70200.0,7300.0,45000.0,1500.0,2100.0,600.0,0.0
2024-10-31,469095009.0,198151200.0,340428200.0,142277000.0,55805700.0,274868352.0,175786700.0,185570600.0,105958700.0,36048800.0,30380900.0,117400.0,34600.0,5000.0,1300.0,6800.0,216300.0,8200.0,40900.0,96200.0,2100.0,17900.0,100.0
2024-11-01,537480675.0,210849800.0,424260600.0,213410800.0,59257900.0,303595839.0,168546000.0,183272000.0,131901400.0,38286100.0,38297900.0,222800.0,415600.0,20900.0,500.0,16700.0,18400.0,8600.0,76100.0,2200.0,100.0,400.0,100.0
2024-11-02,0.0,0.0,0.0,0.0,0.0,0.0,0.0,0.0,0.0,0.0,0.0,0.0,0.0,0.0,0.0,0.0,0.0,0.0,0.0,0.0,0.0,0.0,0.0
2024-11-03,0.0,0.0,0.0,0.0,0.0,0.0,0.0,0.0,0.0,0.0,0.0,0.0,0.0,0.0,0.0,0.0,0.0,0.0,0.0,0.0,0.0,0.0,0.0
2024-11-04,588217714.0,232214000.0,455758500.0,223544500.0,73814100.0,339329891.0,244392800.0,264453400.0,162206800.0,36158300.0,21753200.0,285800.0,339300.0,13800.0,4100.0,15000.0,36500.0,38300.0,161700.0,11300.0,3000.0,3100.0,100.0
2024-11-05,332607121.0,119964500.0,259751600.0,139787100.0,43349600.0,182066881.0,112430600.0,118179300.0,77026400.0,26679200.0,17519500.0,168900.0,616400.0,36300.0,1100.0,10600.0,27700.0,25800.0,76700.0,6700.0,0.0,900.0,0.0
2024-11-06,502638895.0,171800300.0,384127200.0,212326900.0,63233400.0,272452025.0,163591100.0,178407800.0,101752900.0,41216900.0,26513200.0,336900.0,576600.0,8600.0,100.0,5100.0,87800.0,6600.0,84800.0,2000.0,1600.0,100.0,200.0
2024-11-07,470366654.0,139494200.0,352909500.0,213415300.0,66159800.0,229400457.0,125015300.0,134636300.0,82516100.0,40622100.0,23181200.0,80900.0,842200.0,43000.0,0.0,7300.0,9300.0,3700.0,27700.0,200.0,3000.0,100.0,0.0
2024-11-08,503244952.0,194294500.0,389211000.0,194916500.0,63618500.0,280392086.0,166291100.0,177665400.0,111277300.0,44641300.0,32609800.0,182000.0,362100.0,27400.0,100.0,30200.0,172900.0,12600.0,65600.0,600.0,400.0,0.0,0.0
2024-11-09,0.0,0.0,0.0,0.0,0.0,0.0,0.0,0.0,0.0,0.0,0.0,0.0,0.0,0.0,0.0,0.0,0.0,0.0,0.0,0.0,0.0,0.0,0.0
2024-11-10,0.0,0.0,0.0,0.0,0.0,0.0,0.0,0.0,0.0,0.0,0.0,0.0,0.0,0.0,0.0,0.0,0.0,0.0,0.0,0.0,0.0,0.0,0.0
2024-11-11,712083666.0,302541700.0,550315300.0,247773600.0,97246900.0,411868128.0,272636100.0,291543800.0,184845000.0,49611200.0,36212800.0,326500.0,950900.0,11400.0,200.0,25800.0,438200.0,12500.0,252800.0,1700.0,152200.0,17500.0,200.0
2024-11-12,516346103.0,184858300.0,397763300.0,212905000.0,65364500.0,273737377.0,162262800.0,174041400.0,102036000.0,38540800.0,28331500.0,346800.0,261400.0,15300.0,0.0,51000.0,260400.0,12600.0,302100.0,1000.0,100.0,9700.0,100.0
2024-11-13,587703568.0,197224300.0,456796400.0,259572100.0,83947300.0,302325528.0,206199500.0,226507600.0,120185500.0,41375700.0,29848700.0,163000.0,290800.0,6100.0,0.0,18000.0,186600.0,29500.0,150900.0,3700.0,100.0,600.0,0.0
2024-11-14,555483270.0,186252300.0,420068200.0,233815900.0,93263800.0,292838483.0,167903800.0,187103100.0,102651200.0,45295900.0,34044600.0,292900.0,555900.0,12200.0,500.0,10900.0,69700.0,23400.0,98100.0,11400.0,0.0,12900.0,0.0
2024-11-15,668031264.0,253280200.0,526125900.0,272845700.0,90664200.0,387583578.0,242240800.0,264342600.0,144517300.0,61116200.0,43398700.0,359100.0,1371600.0,29300.0,100.0,21500.0,397400.0,18000.0,131900.0,7500.0,500.0,3100.0,0.0
2024-11-16,0.0,0.0,0.0,0.0,0.0,0.0,0.0,0.0,0.0,0.0,0.0,0.0,0.0,0.0,0.0,0.0,0.0,0.0,0.0,0.0,0.0,0.0,0.0
2024-11-17,0.0,0.0,0.0,0.0,0.0,0.0,0.0,0.0,0.0,0.0,0.0,0.0,0.0,0.0,0.0,0.0,0.0,0.0,0.0,0.0,0.0,0.0,0.0
2024-11-18,555956991.0,236211300.0,433113600.0,196902300.0,76149800.0,334047711.0,210255300.0,233508300.0,129771000.0,53054300.0,25635700.0,433300.0,896800.0,74000.0,100.0,73000.0,128900.0,23500.0,169800.0,3900.0,4000.0,1500.0,1600.0
2024-11-19,437479185.0,169396600.0,333566300.0,164169700.0,67002700.0,241895410.0,127369700.0,139609000.0,88072400.0,32357400.0,24875900.0,348400.0,718200.0,28600.0,1700.0,12900.0,104600.0,43600.0,118500.0,2300.0,400.0,1700.0,0.0
2024-11-20,649274185.0,214064000.0,492826000.0,278762000.0,82924300.0,323866560.0,174993100.0,196169600.0,118258500.0,51851300.0,29288000.0,394500.0,2152100.0,31700.0,1400.0,37500.0,47600.0,24700.0,167500.0,20700.0,200.0,700.0,0.0
2024-11-21,427350380.0,193774200.0,321951700.0,128177500.0,48662800.0,258204239.0,148882100.0,156457200.0,108950300.0,25547500.0,27744100.0,237900.0,1220100.0,5200.0,200.0,4600.0,7300.0,3700.0,67600.0,15300.0,100.0,7600.0,100.0
2024-11-22,453742385.0,155315300.0,342975600.0,187660300.0,59388600.0,239361419.0,143364300.0,153749800.0,99092900.0,44196800.0,33422700.0,377700.0,579800.0,57300.0,0.0,34400.0,21800.0,8900.0,73200.0,500.0,800.0,162800.0,0.0
2024-11-23,0.0,0.0,0.0,0.0,0.0,0.0,0.0,0.0,0.0,0.0,0.0,0.0,0.0,0.0,0.0,0.0,0.0,0.0,0.0,0.0,0.0,0.0,0.0
2024-11-24,0.0,0.0,0.0,0.0,0.0,0.0,0.0,0.0,0.0,0.0,0.0,0.0,0.0,0.0,0.0,0.0,0.0,0.0,0.0,0.0,0.0,0.0,0.0
2024-11-25,409112104.0,139569600.0,307047500.0,167477900.0,61778700.0,206594882.0,114563400.0,123400400.0,73519300.0,34732700.0,19930500.0,214400.0,262300.0,3500.0,0.0,6300.0,118500.0,10600.0,47200.0,3100.0,0.0,1100.0,0.0
2024-11-26,503889875.0,140908100.0,363987200.0,223079100.0,90294200.0,236453714.0,143942900.0,161873800.0,85360400.0,43794700.0,21806700.0,98700.0,291800.0,15300.0,1500.0,25600.0,29300.0,8700.0,52800.0,1200.0,100.0,500.0,24200.0
2024-11-27,366063077.0,113492900.0,261173800.0,147680900.0,58292300.0,182243995.0,91610900.0,97993700.0,69154700.0,30847500.0,25961000.0,263000.0,1114900.0,3000.0,200.0,7400.0,93800.0,13900.0,55200.0,300.0,40200.0,500.0,0.0
2024-11-28,414791382.0,145655300.0,291043200.0,145387900.0,68007400.0,210977530.0,133535100.0,148689000.0,91561600.0,31563000.0,25787000.0,186600.0,590800.0,3600.0,200.0,35800.0,58100.0,5700.0,48000.0,1600.0,900.0,1200.0,0.0
2024-11-29,427946683.0,136470300.0,313772000.0,177301700.0,68474500.0,204255547.0,117365300.0,135875900.0,88050400.0,43101700.0,31664300.0,79000.0,417700.0,3300.0,1100.0,13800.0,111100.0,5700.0,31100.0,2331500.0,8500.0,300.0,100.0
2024-11-30,0.0,0.0,0.0,0.0,0.0,0.0,0.0,0.0,0.0,0.0,0.0,0.0,0.0,0.0,0.0,0.0,0.0,0.0,0.0,0.0,0.0,0.0,0.0
2024-12-01,0.0,0.0,0.0,0.0,0.0,0.0,0.0,0.0,0.0,0.0,0.0,0.0,0.0,0.0,0.0,0.0,0.0,0.0,0.0,0.0,0.0,0.0,0.0
2024-12-02,388759584.0,120795700.0,282218200.0,161422500.0,60138400.0,192654651.0,100367900.0,113706400.0,70294000.0,33619300.0,22132400.0,106200.0,523000.0,12800.0,300.0,19700.0,65100.0,12300.0,78300.0,16000.0,600.0,800.0,0.0
2024-12-03,477509695.0,161866500.0,342275900.0,180409400.0,80192100.0,231702458.0,150041300.0,166771500.0,89569900.0,44671200.0,22895300.0,52200.0,245000.0,21200.0,100.0,15200.0,124600.0,8500.0,52100.0,1507500.0,1100.0,1000.0,0.0
2024-12-04,505237488.0,145211800.0,371223300.0,226011500.0,81448900.0,246866475.0,145223700.0,165160500.0,93920600.0,48090000.0,25508000.0,66500.0,359300.0,16900.0,0.0,5300.0,127400.0,8200.0,52700.0,100.0,0.0,100.0,0.0
2024-12-05,839974289.0,275060000.0,649200700.0,374140700.0,109800900.0,451068958.0,296561900.0,336119800.0,148272200.0,84470700.0,45682900.0,196700.0,752100.0,12200.0,400.0,5600.0,162200.0,33400.0,112700.0,2401200.0,1300.0,26900.0,1000.0
2024-12-06,599525392.0,197103600.0,452463300.0,255359700.0,98624200.0,322615490.0,194383300.0,222541300.0,99152200.0,62271600.0,43821600.0,426800.0,495100.0,4600.0,300.0,13700.0,56400.0,7000.0,178700.0,1501200.0,1700.0,0.0,100.0
2024-12-07,0.0,0.0,0.0,0.0,0.0,0.0,0.0,0.0,0.0,0.0,0.0,0.0,0.0,0.0,0.0,0.0,0.0,0.0,0.0,0.0,0.0,0.0,0.0
2024-12-08,0.0,0.0,0.0,0.0,0.0,0.0,0.0,0.0,0.0,0.0,0.0,0.0,0.0,0.0,0.0,0.0,0.0,0.0,0.0,0.0,0.0,0.0,0.0
2024-12-09,584652263.0,157417600.0,412440500.0,255022900.0,116071300.0,257783691.0,164546400.0,193079300.0,101184400.0,49124900.0,28403700.0,491400.0,391200.0,12900.0,100.0,24600.0,163000.0,8800.0,93800.0,14100.0,900.0,8900.0,0.0
2024-12-10,499629205.0,160746700.0,353896800.0,193150100.0,92229900.0,239314515.0,134390900.0,154770100.0,84030500.0,45294000.0,40856200.0,116600.0,648100.0,43500.0,200.0,28600.0,261900.0,33400.0,92100.0,100.0,1300.0,500.0,0.0
2024-12-11,501800464.0,181543100.0,356216300.0,174673200.0,98756200.0,262491433.0,172998700.0,205751300.0,104765100.0,44638300.0,40898900.0,177900.0,848600.0,9100.0,200.0,16600.0,59700.0,18800.0,78500.0,3411600.0,1300.0,500.0,0.0
2024-12-12,487930453.0,184273500.0,362034300.0,177760800.0,82992000.0,260808813.0,175571000.0,195062200.0,119422000.0,46393900.0,34934500.0,284600.0,521800.0,50700.0,500.0,4600.0,56800.0,11900.0,146000.0,200.0,100.0,2300.0,500.0
2024-12-13,395226300.0,131520800.0,281302600.0,149781800.0,73139900.0,195786361.0,124593800.0,142561100.0,79847800.0,39493800.0,43504800.0,238600.0,473600.0,5400.0,200.0,15300.0,22100.0,29300.0,76900.0,1600.0,800.0,100.0,600.0
2024-12-14,0.0,0.0,0.0,0.0,0.0,0.0,0.0,0.0,0.0,0.0,0.0,0.0,0.0,0.0,0.0,0.0,0.0,0.0,0.0,0.0,0.0,0.0,0.0
2024-12-15,0.0,0.0,0.0,0.0,0.0,0.0,0.0,0.0,0.0,0.0,0.0,0.0,0.0,0.0,0.0,0.0,0.0,0.0,0.0,0.0,0.0,0.0,0.0
2024-12-16,385861320.0,124684000.0,285900400.0,161216400.0,56827100.0,197668703.0,128701100.0,141160900.0,69760700.0,35626500.0,27918700.0,860800.0,604200.0,1900.0,100.0,10400.0,25300.0,14800.0,63300.0,10900.0,1600.0,4500.0,0.0
2024-12-17,358215576.0,101418500.0,239809600.0,138391100.0,67439500.0,163509345.0,95377600.0,109027700.0,68921200.0,28441900.0,24050400.0,199100.0,581100.0,2100.0,300.0,7400.0,52900.0,7200.0,65900.0,8400.0,400.0,0.0,0.0
2024-12-18,531459813.0,102076200.0,267779300.0,165703100.0,75408900.0,166785245.0,96184800.0,107830800.0,62470200.0,39112800.0,40631100.0,662800.0,744500.0,2300.0,100.0,4300.0,184300.0,1800.0,22500.0,500.0,100.0,200.0,0.0
2024-12-19,662711061.0,239568900.0,490870400.0,251301500.0,122173000.0,363489013.0,232244900.0,258660500.0,135567900.0,58872200.0,46019800.0,284100.0,297100.0,14000.0,1500.0,7500.0,158900.0,12100.0,52400.0,900.0,901600.0,700.0,700.0
2024-12-20,447064853.0,127994600.0,303884500.0,175889900.0,103272400.0,193266871.0,134676100.0,150305900.0,62285500.0,45957400.0,68757900.0,78000.0,267800.0,6900.0,600.0,3400.0,119200.0,19700.0,43800.0,1800.0,500.0,500.0,0.0
2024-12-21,0.0,0.0,0.0,0.0,0.0,0.0,0.0,0.0,0.0,0.0,0.0,0.0,0.0,0.0,0.0,0.0,0.0,0.0,0.0,0.0,0.0,0.0,0.0
2024-12-22,0.0,0.0,0.0,0.0,0.0,0.0,0.0,0.0,0.0,0.0,0.0,0.0,0.0,0.0,0.0,0.0,0.0,0.0,0.0,0.0,0.0,0.0,0.0
2024-12-23,384648115.0,109676000.0,252378600.0,142702600.0,90573300.0,166608244.0,100295100.0,112367500.0,58992100.0,52975700.0,46138600.0,174200.0,585700.0,2700.0,400.0,102300.0,216900.0,24000.0,53900.0,5502800.0,1300.0,200.0,100.0
2024-12-24,520744496.0,118915500.0,360398900.0,241483400.0,126942600.0,208129009.0,116764900.0,133051100.0,62083000.0,51548800.0,58678800.0,75200.0,516000.0,1700.0,12200.0,10500.0,123400.0,19700.0,114000.0,10300.0,300.0,600.0,0.0
2024-12-25,724345690.0,251201400.0,516263300.0,265061900.0,127703500.0,358566055.0,260457200.0,279018700.0,164181900.0,67016100.0,64208200.0,397800.0,865000.0,40500.0,300.0,63000.0,474000.0,33100.0,184700.0,5500.0,2700.0,17500.0,45400.0
2024-12-26,502071790.0,161932400.0,316865200.0,154932800.0,117314000.0,219825809.0,152722900.0,167165900.0,103882900.0,40616000.0,42933900.0,305400.0,755400.0,3200.0,200.0,6600.0,378800.0,3300.0,114000.0,400.0,1000.0,500.0,0.0
2024-12-27,590029789.0,216429300.0,432532100.0,216102800.0,99284500.0,308656114.0,230421100.0,246330200.0,164930100.0,46742800.0,56483500.0,241800.0,1565500.0,35700.0,500.0,7000.0,343900.0,16900.0,115400.0,5000.0,100.0,2000.0,25200.0
2024-12-28,0.0,0.0,0.0,0.0,0.0,0.0,0.0,0.0,0.0,0.0,0.0,0.0,0.0,0.0,0.0,0.0,0.0,0.0,0.0,0.0,0.0,0.0,0.0
2024-12-29,0.0,0.0,0.0,0.0,0.0,0.0,0.0,0.0,0.0,0.0,0.0,0.0,0.0,0.0,0.0,0.0,0.0,0.0,0.0,0.0,0.0,0.0,0.0
2024-12-30,452946957.0,139195400.0,319470100.0,180274700.0,82676100.0,214170120.0,144821900.0,158537400.0,88732300.0,34861200.0,26626600.0,89100.0,478800.0,35700.0,300.0,12800.0,352400.0,19600.0,43800.0,16700.0,4400.0,700.0,0.0
2024-12-31,407171783.0,139102200.0,287389400.0,148287200.0,67629100.0,203978030.0,143475800.0,159094400.0,91742000.0,36147000.0,37381700.0,140300.0,375000.0,8700.0,15100.0,4100.0,16400.0,5400.0,52700.0,1200.0,3000.0,50500.0,100.0
2025-01-01,0.0,0.0,0.0,0.0,0.0,0.0,0.0,0.0,0.0,0.0,0.0,0.0,0.0,0.0,0.0,0.0,0.0,0.0,0.0,0.0,0.0,0.0,0.0
2025-01-02,371654586.0,135169100.0,256269500.0,121100400.0,60301800.0,186950498.0,127170700.0,135267700.0,86849100.0,30777200.0,33504900.0,97500.0,359200.0,2300.0,3600.0,156600.0,35100.0,14700.0,180600.0,3200.0,2800.0,5100.0,0.0
2025-01-03,504666610.0,169266600.0,369745500.0,200478900.0,79797600.0,253018076.0,179530100.0,198921700.0,104810000.0,52600400.0,56580700.0,166600.0,534600.0,17500.0,0.0,7500.0,327800.0,15900.0,99400.0,2400.0,500.0,100.0,0.0
2025-01-04,0.0,0.0,0.0,0.0,0.0,0.0,0.0,0.0,0.0,0.0,0.0,0.0,0.0,0.0,0.0,0.0,0.0,0.0,0.0,0.0,0.0,0.0,0.0
2025-01-05,0.0,0.0,0.0,0.0,0.0,0.0,0.0,0.0,0.0,0.0,0.0,0.0,0.0,0.0,0.0,0.0,0.0,0.0,0.0,0.0,0.0,0.0,0.0
2025-01-06,515112770.0,160187000.0,354204900.0,194017900.0,92591500.0,246398181.0,166155700.0,175519100.0,95542200.0,51719400.0,42270200.0,319800.0,751400.0,15200.0,1000.0,17100.0,423900.0,9600.0,64600.0,18000.0,100.0,4000.0,300.0
2025-01-07,506059094.0,163990900.0,354515800.0,190524900.0,82383100.0,245122546.0,162472800.0,166654500.0,89460700.0,42415300.0,29475900.0,303900.0,809600.0,10100.0,1500.0,18200.0,24400.0,18500.0,78300.0,500.0,200.0,1200.0,0.0
2025-01-08,367525429.0,124449800.0,258769200.0,134319400.0,56575900.0,176999973.0,123149800.0,133486300.0,78948000.0,37168400.0,52694900.0,124400.0,506100.0,29500.0,0.0,4200.0,154300.0,7000.0,60700.0,400.0,200.0,500.0,0.0
2025-01-09,290493053.0,107027600.0,200607000.0,93579400.0,48350300.0,146203011.0,106597300.0,105217700.0,61234000.0,34052400.0,44975200.0,89800.0,267000.0,33200.0,100.0,2800.0,59500.0,4700.0,86600.0,200.0,100.0,20700.0,0.0
2025-01-10,474210876.0,168712000.0,349083300.0,180371300.0,73385800.0,255852879.0,194371000.0,200055900.0,96819900.0,48138000.0,44620700.0,171500.0,358300.0,10400.0,500.0,9000.0,526900.0,12100.0,73200.0,1000.0,400.0,0.0,100.0
2025-01-11,0.0,0.0,0.0,0.0,0.0,0.0,0.0,0.0,0.0,0.0,0.0,0.0,0.0,0.0,0.0,0.0,0.0,0.0,0.0,0.0,0.0,0.0,0.0
2025-01-12,0.0,0.0,0.0,0.0,0.0,0.0,0.0,0.0,0.0,0.0,0.0,0.0,0.0,0.0,0.0,0.0,0.0,0.0,0.0,0.0,0.0,0.0,0.0
2025-01-13,434026581.0,144889500.0,320808400.0,175918900.0,65647000.0,222289418.0,153962800.0,173886500.0,89388500.0,43778800.0,27442700.0,191800.0,530500.0,15500.0,100.0,16800.0,468500.0,23000.0,144600.0,2600.0,600.0,3400.0,0.0
2025-01-14,322277955.0,114204100.0,231271400.0,117067300.0,46239600.0,163350202.0,113311200.0,113357100.0,67292700.0,30571800.0,23348900.0,593800.0,754400.0,74200.0,1400.0,9100.0,310600.0,8800.0,104200.0,8200.0,500.0,3700.0,0.0
2025-01-15,392612592.0,117619300.0,284835900.0,167216600.0,66347900.0,201781803.0,108521400.0,121672300.0,71511500.0,43218400.0,25576700.0,253600.0,616700.0,8200.0,1200.0,11800.0,6900.0,6200.0,39200.0,6600.0,300.0,600.0,100.0
2025-01-16,401866522.0,145630700.0,300399200.0,154768500.0,62328000.0,228587262.0,158105300.0,171688900.0,83626100.0,39831300.0,25072300.0,1061200.0,1185000.0,42900.0,300.0,4700.0,493000.0,15000.0,45400.0,12800.0,200.0,600.0,0.0
2025-01-17,356902724.0,111993700.0,239230300.0,127236600.0,76689600.0,169196746.0,101435000.0,109782100.0,66908500.0,40027800.0,40634100.0,366300.0,793100.0,21500.0,3100.0,18900.0,260300.0,3000.0,103900.0,700.0,100.0,9700.0,0.0
2025-01-18,0.0,0.0,0.0,0.0,0.0,0.0,0.0,0.0,0.0,0.0,0.0,0.0,0.0,0.0,0.0,0.0,0.0,0.0,0.0,0.0,0.0,0.0,0.0
2025-01-19,0.0,0.0,0.0,0.0,0.0,0.0,0.0,0.0,0.0,0.0,0.0,0.0,0.0,0.0,0.0,0.0,0.0,0.0,0.0,0.0,0.0,0.0,0.0
2025-01-20,356668087.0,125899500.0,257880000.0,131980500.0,61408300.0,189968344.0,132517500.0,148491300.0,82915500.0,40226600.0,33008600.0,178100.0,123700.0,3200.0,10400.0,7800.0,195700.0,21400.0,66000.0,9700.0,3000.0,3700.0,100.0
2025-01-21,379222527.0,127593600.0,266406800.0,138813200.0,69748400.0,205594919.0,130978900.0,141709300.0,75747600.0,45337800.0,43065800.0,237200.0,125500.0,3500.0,100.0,21300.0,227500.0,8700.0,83900.0,500.0,4300.0,4700.0,0.0
2025-01-22,400258906.0,128018900.0,292197400.0,164178500.0,68728800.0,205907350.0,138779700.0,150859100.0,80814700.0,39231200.0,30287800.0,75300.0,51100.0,4800.0,0.0,6700.0,123300.0,14600.0,31900.0,1900.0,200.0,1800.0,20100.0
2025-01-23,495614623.0,206431000.0,375336100.0,168905100.0,59527700.0,296707068.0,215261200.0,228642000.0,138073500.0,37850100.0,37344900.0,179600.0,374500.0,3900.0,500.0,28900.0,61000.0,9800.0,79200.0,1000.0,200.0,1100.0,400000.0
2025-01-24,495593378.0,149589200.0,363444100.0,213854900.0,73709100.0,266408453.0,170547300.0,183866800.0,98868800.0,36835200.0,62941100.0,581400.0,509600.0,18900.0,2100.0,15300.0,452200.0,24000.0,118000.0,8300.0,600.0,32200.0,100.0
2025-01-25,0.0,0.0,0.0,0.0,0.0,0.0,0.0,0.0,0.0,0.0,0.0,0.0,0.0,0.0,0.0,0.0,0.0,0.0,0.0,0.0,0.0,0.0,0.0
2025-01-26,0.0,0.0,0.0,0.0,0.0,0.0,0.0,0.0,0.0,0.0,0.0,0.0,0.0,0.0,0.0,0.0,0.0,0.0,0.0,0.0,0.0,0.0,0.0
2025-01-27,0.0,0.0,0.0,0.0,0.0,0.0,0.0,0.0,0.0,0.0,0.0,0.0,0.0,0.0,0.0,0.0,0.0,0.0,0.0,0.0,0.0,0.0,0.0
2025-01-28,0.0,0.0,0.0,0.0,0.0,0.0,0.0,0.0,0.0,0.0,0.0,0.0,0.0,0.0,0.0,0.0,0.0,0.0,0.0,0.0,0.0,0.0,0.0
2025-01-29,0.0,0.0,0.0,0.0,0.0,0.0,0.0,0.0,0.0,0.0,0.0,0.0,0.0,0.0,0.0,0.0,0.0,0.0,0.0,0.0,0.0,0.0,0.0
2025-01-30,0.0,0.0,0.0,0.0,0.0,0.0,0.0,0.0,0.0,0.0,0.0,0.0,0.0,0.0,0.0,0.0,0.0,0.0,0.0,0.0,0.0,0.0,0.0
2025-01-31,0.0,0.0,0.0,0.0,0.0,0.0,0.0,0.0,0.0,0.0,0.0,0.0,0.0,0.0,0.0,0.0,0.0,0.0,0.0,0.0,0.0,0.0,0.0
2025-02-01,0.0,0.0,0.0,0.0,0.0,0.0,0.0,0.0,0.0,0.0,0.0,0.0,0.0,0.0,0.0,0.0,0.0,0.0,0.0,0.0,0.0,0.0,0.0
2025-02-02,0.0,0.0,0.0,0.0,0.0,0.0,0.0,0.0,0.0,0.0,0.0,0.0,0.0,0.0,0.0,0.0,0.0,0.0,0.0,0.0,0.0,0.0,0.0
2025-02-03,505535286.0,184510800.0,373392000.0,188881200.0,71029200.0,293657057.0,173303700.0,181613900.0,105083200.0,42878700.0,41404400.0,319600.0,1793900.0,56400.0,0.0,31900.0,447600.0,24200.0,131200.0,8600.0,700.0,9500.0,23900.0
2025-02-04,584526183.0,184399900.0,422901500.0,238501600.0,96219400.0,314556482.0,210380000.0,229417700.0,108726700.0,60295600.0,48885600.0,230000.0,192000.0,35800.0,1400.0,11300.0,1289800.0,13800.0,44000.0,40500.0,100.0,2000.0,100.0
2025-02-05,533621747.0,152231200.0,382962700.0,230731500.0,85922300.0,275365525.0,166302000.0,175022200.0,106000800.0,48103800.0,40277900.0,320700.0,562800.0,37900.0,400.0,24300.0,18000.0,15700.0,154900.0,2900.0,200.0,50000.0,52700.0
2025-02-06,537101428.0,175032800.0,379735800.0,204703000.0,91687300.0,279163855.0,213334400.0,233707200.0,125847100.0,44641300.0,53486600.0,103200.0,1314600.0,43400.0,3000.0,15800.0,863300.0,27100.0,135300.0,900.0,7500.0,1100.0,100.0
2025-02-07,549313151.0,193931300.0,389770800.0,195839500.0,95170100.0,278756121.0,193241600.0,205688100.0,133883500.0,56510400.0,69522800.0,160800.0,1799700.0,6600.0,100.0,9900.0,455800.0,26400.0,120700.0,8300.0,100.0,10200.0,0.0
2025-02-08,0.0,0.0,0.0,0.0,0.0,0.0,0.0,0.0,0.0,0.0,0.0,0.0,0.0,0.0,0.0,0.0,0.0,0.0,0.0,0.0,0.0,0.0,0.0
2025-02-09,0.0,0.0,0.0,0.0,0.0,0.0,0.0,0.0,0.0,0.0,0.0,0.0,0.0,0.0,0.0,0.0,0.0,0.0,0.0,0.0,0.0,0.0,0.0
2025-02-10,722097200.0,283777200.0,535939400.0,252162200.0,92756000.0,409970586.0,257505300.0,276471500.0,149082100.0,61802600.0,62028000.0,586500.0,2085400.0,34400.0,1900.0,13300.0,547300.0,12200.0,48000.0,200.0,700.0,8900.0,4700.0
2025-02-11,571766983.0,237549700.0,425048000.0,187498300.0,83842200.0,331497291.0,219638400.0,230414400.0,153536900.0,57295700.0,56845200.0,245400.0,467500.0,101500.0,500.0,25400.0,205500.0,15900.0,65300.0,7400.0,100.0,900.0,100.0
2025-02-12,461572874.0,131166500.0,327170800.0,196004300.0,82221000.0,225267149.0,147768300.0,166577300.0,82278000.0,46035300.0,50922100.0,98800.0,849600.0,15000.0,0.0,184200.0,65500.0,16800.0,61100.0,10900.0,10000.0,400.0,900.0
2025-02-13,471455473.0,139101200.0,321110500.0,182009300.0,81049300.0,230621991.0,137283200.0,146917200.0,92822000.0,40138700.0,58620700.0,208700.0,996900.0,3200.0,5000.0,7400.0,5400.0,26000.0,21200.0,800.0,300.0,500.0,100.0
2025-02-14,612730570.0,185647800.0,453740900.0,268093100.0,96880300.0,312481191.0,199500000.0,236162600.0,100623600.0,68623700.0,91014900.0,128500.0,296500.0,21000.0,100.0,23900.0,16300.0,9200.0,90800.0,5100.0,100.0,100.0,200.0
2025-02-15,0.0,0.0,0.0,0.0,0.0,0.0,0.0,0.0,0.0,0.0,0.0,0.0,0.0,0.0,0.0,0.0,0.0,0.0,0.0,0.0,0.0,0.0,0.0
2025-02-16,0.0,0.0,0.0,0.0,0.0,0.0,0.0,0.0,0.0,0.0,0.0,0.0,0.0,0.0,0.0,0.0,0.0,0.0,0.0,0.0,0.0,0.0,0.0
2025-02-17,739383999.0,180965000.0,554894800.0,373929800.0,124250200.0,335416615.0,289605100.0,334996700.0,95264600.0,68285200.0,91049700.0,146100.0,291800.0,72800.0,1500.0,71100.0,130100.0,1800.0,77200.0,6500.0,1100.0,1700.0,600.0
2025-02-18,630727837.0,176977300.0,440189300.0,263212000.0,113702100.0,305697775.0,216932900.0,250209300.0,110125200.0,72033800.0,80209600.0,106600.0,653200.0,13000.0,100.0,7300.0,45300.0,12800.0,56800.0,1000.0,1000.0,1300.0,300.0
2025-02-19,736572664.0,173290500.0,514468100.0,341177600.0,150015000.0,300755352.0,221880100.0,244383200.0,110604200.0,72647200.0,72147200.0,129100.0,817700.0,62200.0,0.0,19300.0,158400.0,6000.0,170300.0,8300.0,2000.0,100.0,700.0
2025-02-20,713812172.0,207795900.0,502248700.0,294452800.0,122723200.0,333382423.0,243968400.0,273619900.0,130761800.0,62432300.0,81225100.0,572800.0,273000.0,29100.0,2700.0,12300.0,48700.0,11900.0,143300.0,3300.0,51400.0,900.0,0.0
2025-02-21,667595047.0,230552100.0,476172600.0,245620500.0,112259300.0,336109299.0,248701800.0,268698700.0,161743300.0,66934400.0,73532600.0,383400.0,607900.0,26500.0,400.0,16400.0,279700.0,10900.0,52700.0,400.0,400.0,200.0,0.0
2025-02-22,0.0,0.0,0.0,0.0,0.0,0.0,0.0,0.0,0.0,0.0,0.0,0.0,0.0,0.0,0.0,0.0,0.0,0.0,0.0,0.0,0.0,0.0,0.0
2025-02-23,0.0,0.0,0.0,0.0,0.0,0.0,0.0,0.0,0.0,0.0,0.0,0.0,0.0,0.0,0.0,0.0,0.0,0.0,0.0,0.0,0.0,0.0,0.0
2025-02-24,807662797.0,296703600.0,604800800.0,308097200.0,111125600.0,421317639.0,270085500.0,301449500.0,139801600.0,60148800.0,68447300.0,652400.0,675800.0,19100.0,400.0,34000.0,352900.0,23300.0,125200.0,1500.0,29900.0,300.0,100.0
2025-02-25,827866418.0,270269100.0,605127900.0,334858800.0,131078300.0,431028308.0,323566700.0,368641100.0,154323400.0,73571000.0,73982200.0,129000.0,791000.0,14100.0,1600.0,30400.0,162600.0,22200.0,43400.0,1400.0,15500.0,9600.0,0.0
2025-02-26,710467326.0,213266600.0,534814300.0,321547700.0,108986100.0,343802292.0,248516800.0,290741900.0,103678600.0,64322600.0,62395800.0,249900.0,652300.0,6600.0,0.0,3300.0,12400.0,17000.0,72200.0,800.0,400.0,700.0,0.0
2025-02-27,846430144.0,232120100.0,640964000.0,408843900.0,125481900.0,397805406.0,233544000.0,279158200.0,110528600.0,70175200.0,62731000.0,397700.0,116700.0,81900.0,1600.0,4900.0,1023900.0,13600.0,54100.0,1300.0,2600.0,33300.0,0.0
2025-02-28,752261254.0,237462600.0,560515600.0,323053000.0,114490400.0,369548813.0,242193400.0,270308700.0,126828100.0,62426300.0,66660000.0,1224900.0,816100.0,19200.0,2400.0,13200.0,103900.0,36700.0,92700.0,1200.0,3200.0,300.0,4000.0
2025-03-01,0.0,0.0,0.0,0.0,0.0,0.0,0.0,0.0,0.0,0.0,0.0,0.0,0.0,0.0,0.0,0.0,0.0,0.0,0.0,0.0,0.0,0.0,0.0
2025-03-02,0.0,0.0,0.0,0.0,0.0,0.0,0.0,0.0,0.0,0.0,0.0,0.0,0.0,0.0,0.0,0.0,0.0,0.0,0.0,0.0,0.0,0.0,0.0
2025-03-03,801877821.0,260872900.0,587518300.0,326645400.0,134734400.0,419474233.0,320731000.0,375292100.0,162754900.0,75378300.0,52730400.0,358300.0,518500.0,13900.0,1600.0,20400.0,46400.0,25200.0,110000.0,10000.0,8900.0,1500.0,300.0
2025-03-04,935914817.0,296471000.0,702973800.0,406502800.0,138057400.0,447119880.0,364300700.0,416605200.0,181680100.0,58702000.0,57740500.0,713600.0,803500.0,71800.0,5200.0,5100.0,435300.0,29500.0,98500.0,2700.0,3200.0,2000.0,2600.0
2025-03-05,770488829.0,269311200.0,577720200.0,308409000.0,109752500.0,414790941.0,311260700.0,338567800.0,170193500.0,51769300.0,59444300.0,1507000.0,1782800.0,30700.0,5700.0,11200.0,642500.0,20100.0,77300.0,1400.0,300.0,32400.0,500.0
2025-03-06,983977939.0,282880900.0,780936400.0,498055500.0,117915700.0,472195241.0,400325100.0,439268100.0,153130100.0,73060700.0,51323800.0,251800.0,744400.0,32400.0,300.0,5500.0,203000.0,18400.0,58600.0,3000.0,400.0,15600.0,200.0
2025-03-07,892233477.0,328433800.0,681226000.0,352792200.0,115991700.0,483706849.0,338928400.0,362256800.0,224427200.0,74725800.0,67878700.0,1070800.0,1190400.0,38200.0,10000.0,16600.0,349800.0,4800.0,52000.0,10500.0,1500.0,1500.0,30900.0
2025-03-08,0.0,0.0,0.0,0.0,0.0,0.0,0.0,0.0,0.0,0.0,0.0,0.0,0.0,0.0,0.0,0.0,0.0,0.0,0.0,0.0,0.0,0.0,0.0
2025-03-09,0.0,0.0,0.0,0.0,0.0,0.0,0.0,0.0,0.0,0.0,0.0,0.0,0.0,0.0,0.0,0.0,0.0,0.0,0.0,0.0,0.0,0.0,0.0
2025-03-10,856953551.0,307408900.0,660685700.0,353276800.0,121371700.0,457824897.0,344002900.0,368237900.0,170860500.0,56365900.0,61908000.0,411000.0,498700.0,60400.0,1300.0,18800.0,505400.0,10600.0,90400.0,4900.0,0.0,400.0,4600.0
2025-03-11,847436213.0,267088300.0,637105100.0,370016800.0,121046800.0,430871715.0,312176600.0,343068900.0,168453100.0,55568700.0,48862400.0,145000.0,1728600.0,8100.0,900.0,9600.0,79600.0,17800.0,105600.0,1600.0,2400.0,5600.0,2200.0
2025-03-12,851269003.0,267906200.0,657429000.0,389522800.0,131492200.0,455088499.0,374736100.0,399569400.0,167970300.0,69894800.0,51485200.0,1099000.0,1273600.0,6100.0,9200.0,114300.0,159500.0,16300.0,205300.0,3200.0,0.0,500.0,4300.0
2025-03-13,997593162.0,348597900.0,756510400.0,407912500.0,146050900.0,542188816.0,350656900.0,374622400.0,180493100.0,62024000.0,55156900.0,408300.0,1066100.0,7300.0,2100.0,6500.0,274600.0,7200.0,37100.0,6800.0,0.0,400.0,300.0
2025-03-14,940130088.0,374489100.0,703960000.0,329470900.0,112376600.0,546226982.0,367265400.0,387568200.0,153148700.0,72964600.0,59554500.0,173100.0,249500.0,8500.0,300.0,3600.0,1585300.0,15500.0,87300.0,9900.0,200.0,100.0,54300.0
2025-03-15,0.0,0.0,0.0,0.0,0.0,0.0,0.0,0.0,0.0,0.0,0.0,0.0,0.0,0.0,0.0,0.0,0.0,0.0,0.0,0.0,0.0,0.0,0.0
2025-03-16,0.0,0.0,0.0,0.0,0.0,0.0,0.0,0.0,0.0,0.0,0.0,0.0,0.0,0.0,0.0,0.0,0.0,0.0,0.0,0.0,0.0,0.0,0.0
2025-03-17,837533176.0,352180100.0,653401100.0,301221000.0,100518400.0,512206387.0,382401500.0,393138500.0,220805200.0,56556000.0,46303100.0,173500.0,504100.0,2900.0,1100.0,4000.0,488500.0,32400.0,90100.0,6400.0,1100.0,500.0,19900.0
2025-03-18,810146564.0,291589400.0,638342800.0,346753400.0,84499200.0,459864140.0,313872600.0,330881100.0,133941900.0,47829200.0,59094500.0,509600.0,951900.0,23100.0,900.0,4400.0,245100.0,14400.0,112400.0,600.0,100.0,1600.0,5400.0
2025-03-19,835603365.0,363362800.0,654160700.0,290797900.0,89153200.0,501530676.0,329717700.0,358924900.0,181037100.0,45110400.0,42864000.0,168200.0,992800.0,5300.0,2500.0,26100.0,42200.0,6900.0,47000.0,1300.0,1300.0,400600.0,0.0
2025-03-20,821245236.0,359984500.0,642398100.0,282413600.0,119929700.0,509494840.0,372213300.0,418912300.0,206164700.0,66058500.0,41801800.0,342200.0,737200.0,6200.0,0.0,17600.0,208300.0,8800.0,67700.0,1000.0,200.0,762200.0,100.0
2025-03-21,714329789.0,281216600.0,553932200.0,272715600.0,98574400.0,419205369.0,319129100.0,341891300.0,129486500.0,43389700.0,50140200.0,99500.0,423600.0,500.0,1600.0,6900.0,16900.0,2400.0,52000.0,1200.0,300.0,7300.0,200.0
2025-03-22,0.0,0.0,0.0,0.0,0.0,0.0,0.0,0.0,0.0,0.0,0.0,0.0,0.0,0.0,0.0,0.0,0.0,0.0,0.0,0.0,0.0,0.0,0.0
2025-03-23,0.0,0.0,0.0,0.0,0.0,0.0,0.0,0.0,0.0,0.0,0.0,0.0,0.0,0.0,0.0,0.0,0.0,0.0,0.0,0.0,0.0,0.0,0.0
2025-03-24,794981660.0,351321900.0,620708200.0,269386300.0,81565900.0,497120546.0,350487200.0,373340900.0,176805400.0,50003300.0,38408900.0,356600.0,702600.0,5900.0,400.0,4200.0,184300.0,12400.0,60500.0,2900.0,5200.0,806800.0,8600.0
2025-03-25,825911387.0,303756800.0,624641500.0,320884700.0,128293900.0,452873726.0,323614700.0,377946400.0,148312700.0,53119300.0,40881100.0,126000.0,441000.0,2600.0,500.0,30600.0,28400.0,6600.0,84100.0,7900.0,900.0,100.0,400.0
2025-03-26,734831077.0,300413200.0,570426200.0,270013000.0,83574000.0,429959654.0,305369800.0,329711700.0,153777300.0,53840800.0,30484400.0,191600.0,292800.0,1800.0,0.0,5200.0,21100.0,5100.0,85600.0,100.0,3100.0,200.0,100.0
2025-03-27,564278774.0,222688500.0,427587600.0,204899100.0,78781800.0,320572490.0,242895800.0,267583100.0,100225900.0,46021500.0,26131600.0,201300.0,215200.0,13000.0,500.0,8900.0,34200.0,9700.0,45200.0,1500.0,100.0,1600.0,0.0
2025-03-28,636613233.0,208030300.0,475719500.0,267689200.0,100806800.0,341262036.0,235243200.0,268977200.0,112843600.0,54660400.0,42822700.0,152100.0,613800.0,7000.0,100.0,9400.0,52900.0,12300.0,99200.0,300.0,8300.0,28400.0,0.0
2025-03-29,0.0,0.0,0.0,0.0,0.0,0.0,0.0,0.0,0.0,0.0,0.0,0.0,0.0,0.0,0.0,0.0,0.0,0.0,0.0,0.0,0.0,0.0,0.0
2025-03-30,0.0,0.0,0.0,0.0,0.0,0.0,0.0,0.0,0.0,0.0,0.0,0.0,0.0,0.0,0.0,0.0,0.0,0.0,0.0,0.0,0.0,0.0,0.0
2025-03-31,753141476.0,270441300.0,581818800.0,311377500.0,103034300.0,430150111.0,272656900.0,300881600.0,145447700.0,50651500.0,40197400.0,284700.0,413200.0,18100.0,100.0,9100.0,89900.0,12200.0,210500.0,1200.0,12700.0,131500.0,600.0
2025-04-01,550211861.0,212159500.0,423391100.0,211231600.0,71937900.0,337820681.0,196493900.0,217218300.0,112223100.0,46271200.0,31867600.0,629300.0,190400.0,7100.0,2300.0,9100.0,90100.0,8400.0,89900.0,4100.0,11500.0,600.0,6600.0
2025-04-02,709130132.0,236668900.0,557876300.0,321207400.0,85606300.0,399732930.0,280618000.0,316621900.0,130194700.0,49243900.0,37275300.0,1070500.0,674200.0,4500.0,2100.0,4300.0,572100.0,9600.0,50500.0,3000.0,300.0,38400.0,3800.0
2025-04-03,1716843434.0,810574600.0,1374983900.0,564409300.0,159989500.0,1102499460.0,805460000.0,847790000.0,450855000.0,145275300.0,134891300.0,834600.0,1344600.0,76000.0,3800.0,62200.0,324400.0,26500.0,631300.0,6800.0,30100.0,815700.0,1300.0
2025-04-04,1873633940.0,867534300.0,1522685200.0,655150900.0,192283100.0,1193563599.0,863346400.0,919994700.0,481111100.0,128681400.0,94281400.0,706700.0,3943100.0,76900.0,1600.0,128000.0,178700.0,35200.0,586300.0,74600.0,2600.0,235400.0,43200.0
2025-04-05,0.0,0.0,0.0,0.0,0.0,0.0,0.0,0.0,0.0,0.0,0.0,0.0,0.0,0.0,0.0,0.0,0.0,0.0,0.0,0.0,0.0,0.0,0.0
2025-04-06,0.0,0.0,0.0,0.0,0.0,0.0,0.0,0.0,0.0,0.0,0.0,0.0,0.0,0.0,0.0,0.0,0.0,0.0,0.0,0.0,0.0,0.0,0.0
2025-04-07,0.0,0.0,0.0,0.0,0.0,0.0,0.0,0.0,0.0,0.0,0.0,0.0,0.0,0.0,0.0,0.0,0.0,0.0,0.0,0.0,0.0,0.0,0.0
2025-04-08,1055789483.0,557827800.0,840805100.0,282977300.0,103465700.0,705816876.0,499358100.0,521897400.0,325092600.0,84181500.0,83186400.0,1308600.0,842500.0,51600.0,500.0,37000.0,210200.0,25900.0,432200.0,53400.0,35200.0,96900.0,25300.0
2025-04-09,1518648938.0,667405500.0,1257962800.0,590557300.0,159531400.0,940549049.0,698705600.0,758035300.0,372076800.0,119291300.0,68460100.0,2121500.0,2351700.0,36000.0,100.0,74400.0,278400.0,13900.0,234200.0,17300.0,1000.0,500.0,0.0
2025-04-10,280341215.0,55373900.0,159005500.0,103631600.0,47188500.0,119871107.0,46327300.0,50670800.0,23717600.0,51080500.0,38656400.0,407200.0,93800.0,95000.0,300.0,83600.0,164900.0,4600.0,176100.0,400.0,400.0,300.0,21200.0
2025-04-11,1697947853.0,742994400.0,1374950300.0,631955900.0,187222800.0,1061133984.0,717611600.0,776563400.0,401772800.0,133868100.0,93588600.0,1088200.0,690100.0,109900.0,800.0,43000.0,237600.0,22400.0,181900.0,15900.0,800.0,31400.0,10700.0
2025-04-12,0.0,0.0,0.0,0.0,0.0,0.0,0.0,0.0,0.0,0.0,0.0,0.0,0.0,0.0,0.0,0.0,0.0,0.0,0.0,0.0,0.0,0.0,0.0
2025-04-13,0.0,0.0,0.0,0.0,0.0,0.0,0.0,0.0,0.0,0.0,0.0,0.0,0.0,0.0,0.0,0.0,0.0,0.0,0.0,0.0,0.0,0.0,0.0
2025-04-14,983147350.0,393920900.0,781062300.0,387141400.0,96113900.0,597108118.0,381216300.0,409905800.0,212314000.0,87388400.0,38394900.0,652700.0,581000.0,26400.0,100.0,28300.0,188400.0,5500.0,89800.0,14800.0,400.0,3700.0,1300.0
2025-04-15,1004326388.0,384967100.0,790727000.0,405759900.0,112927900.0,608911542.0,363769800.0,396241200.0,191823700.0,70883500.0,42993700.0,612100.0,805300.0,62500.0,100.0,34600.0,75300.0,4800.0,65100.0,16800.0,400.0,800.0,100.0
2025-04-16,762316491.0,286706100.0,585924900.0,299218800.0,95814700.0,458310187.0,265550200.0,294363700.0,158849500.0,53212400.0,32511900.0,417900.0,294600.0,4200.0,100.0,7900.0,327000.0,6600.0,35500.0,300.0,400.0,1400.0,18200.0
2025-04-17,697587594.0,278741800.0,560454200.0,281712400.0,70800600.0,438297587.0,281686100.0,301653000.0,148184300.0,54462700.0,26840700.0,705500.0,247300.0,18600.0,3300.0,20800.0,29100.0,5700.0,75900.0,300.0,200.0,900.0,46400.0
2025-04-18,1039406282.0,409580100.0,840297600.0,430717500.0,99747500.0,644036502.0,513341400.0,542350700.0,170350500.0,92163800.0,49245700.0,843700.0,399400.0,17000.0,300.0,7400.0,26000.0,2000.0,42700.0,5400.0,300.0,200.0,100.0
2025-04-19,0.0,0.0,0.0,0.0,0.0,0.0,0.0,0.0,0.0,0.0,0.0,0.0,0.0,0.0,0.0,0.0,0.0,0.0,0.0,0.0,0.0,0.0,0.0
2025-04-20,0.0,0.0,0.0,0.0,0.0,0.0,0.0,0.0,0.0,0.0,0.0,0.0,0.0,0.0,0.0,0.0,0.0,0.0,0.0,0.0,0.0,0.0,0.0
2025-04-21,819133019.0,327061100.0,652670000.0,325608900.0,77566400.0,524524674.0,390307000.0,412894800.0,153231800.0,62505300.0,29549400.0,133400.0,323700.0,5500.0,300.0,3800.0,123000.0,1300.0,42200.0,1600.0,300.0,300.0,100.0
2025-04-22,1615665359.0,641372600.0,1327279500.0,685906900.0,147103100.0,1017929010.0,758584400.0,810512500.0,269548100.0,119817500.0,68186200.0,337600.0,361300.0,58900.0,0.0,30500.0,117200.0,13500.0,88500.0,13500.0,7800.0,4600.0,3000.0
2025-04-23,786534109.0,347057000.0,618107400.0,271050400.0,82778000.0,489985157.0,301163200.0,317705000.0,162141300.0,59832100.0,37537300.0,232400.0,1367100.0,18200.0,400.0,5700.0,11800.0,9800.0,78400.0,5500.0,300.0,1300.0,2100.0
2025-04-24,741425986.0,291872900.0,571625100.0,279752200.0,82704000.0,443195902.0,290197700.0,313304300.0,124987100.0,60432400.0,40603200.0,177100.0,148400.0,8400.0,0.0,6100.0,332600.0,2600.0,16800.0,7700.0,100.0,700.0,0.0
2025-04-25,787289901.0,384625900.0,630701400.0,246075500.0,79789900.0,492908400.0,332490800.0,357463800.0,198870900.0,57184000.0,71976200.0,373300.0,406400.0,5200.0,0.0,2500.0,18200.0,1800.0,28900.0,3500.0,500.0,1500.0,0.0
2025-04-26,0.0,0.0,0.0,0.0,0.0,0.0,0.0,0.0,0.0,0.0,0.0,0.0,0.0,0.0,0.0,0.0,0.0,0.0,0.0,0.0,0.0,0.0,0.0
2025-04-27,0.0,0.0,0.0,0.0,0.0,0.0,0.0,0.0,0.0,0.0,0.0,0.0,0.0,0.0,0.0,0.0,0.0,0.0,0.0,0.0,0.0,0.0,0.0
2025-04-28,576313016.0,218428300.0,430155000.0,211726700.0,69920000.0,311997751.0,207859800.0,229477200.0,94092700.0,41092300.0,41980000.0,238500.0,545700.0,13300.0,300.0,7900.0,8000.0,1900.0,33600.0,600.0,600.0,400.0,800.0
2025-04-29,561661016.0,221957400.0,410628900.0,188671500.0,82808900.0,311896402.0,195367300.0,217374000.0,92914600.0,43811100.0,35136600.0,50000.0,182800.0,1800.0,0.0,7600.0,18400.0,1600.0,27700.0,300.0,600.0,5000.0,100.0
2025-04-30,0.0,0.0,0.0,0.0,0.0,0.0,0.0,0.0,0.0,0.0,0.0,0.0,0.0,0.0,0.0,0.0,0.0,0.0,0.0,0.0,0.0,0.0,0.0
2025-05-01,0.0,0.0,0.0,0.0,0.0,0.0,0.0,0.0,0.0,0.0,0.0,0.0,0.0,0.0,0.0,0.0,0.0,0.0,0.0,0.0,0.0,0.0,0.0
2025-05-02,0.0,0.0,0.0,0.0,0.0,0.0,0.0,0.0,0.0,0.0,0.0,0.0,0.0,0.0,0.0,0.0,0.0,0.0,0.0,0.0,0.0,0.0,0.0
2025-05-03,0.0,0.0,0.0,0.0,0.0,0.0,0.0,0.0,0.0,0.0,0.0,0.0,0.0,0.0,0.0,0.0,0.0,0.0,0.0,0.0,0.0,0.0,0.0
2025-05-04,0.0,0.0,0.0,0.0,0.0,0.0,0.0,0.0,0.0,0.0,0.0,0.0,0.0,0.0,0.0,0.0,0.0,0.0,0.0,0.0,0.0,0.0,0.0
2025-05-05,562287398.0,206957663.0,466691904.0,259734241.0,66078437.0,341449319.0,209138540.0,229889024.0,87300260.0,40866700.0,36265700.0,188822.0,149960.0,4700.0,2101.0,4500.0,36043.0,4700.0,35658.0,23500.0,300.0,25800.0,40100.0
2025-05-06,723040799.0,275527967.0,569900676.0,294372709.0,95729175.0,423749637.0,285875215.0,311632118.0,144208883.0,65800000.0,43829400.0,173000.0,463300.0,7400.0,1000.0,14300.0,67000.0,9100.0,38400.0,1500.0,3400.0,800.0,2500.0
2025-05-07,696102300.0,241653068.0,546716373.0,305063305.0,77879125.0,401273204.0,247191029.0,267818547.0,126042504.0,59045200.0,31209100.0,201848.0,488193.0,10928.0,0.0,3414.0,13057.0,2510.0,32204.0,1900.0,900.0,700.0,0.0
2025-05-08,780069567.0,324450622.0,616692097.0,292241475.0,112274336.0,464850647.0,305174227.0,337487415.0,148190208.0,62965600.0,38622200.0,233431.0,225148.0,1824.0,4706.0,2600.0,50411.0,1967.0,49110.0,76844.0,26800.0,2900.0,4400.0
2025-05-09,693909959.0,269928974.0,550952513.0,281023539.0,97906362.0,381978258.0,282525568.0,301670834.0,118935985.0,59912500.0,45404500.0,100400.0,355400.0,6600.0,700.0,2200.0,78600.0,7500.0,31800.0,700.0,600.0,2255100.0,300.0
2025-05-10,0.0,0.0,0.0,0.0,0.0,0.0,0.0,0.0,0.0,0.0,0.0,0.0,0.0,0.0,0.0,0.0,0.0,0.0,0.0,0.0,0.0,0.0,0.0
2025-05-11,0.0,0.0,0.0,0.0,0.0,0.0,0.0,0.0,0.0,0.0,0.0,0.0,0.0,0.0,0.0,0.0,0.0,0.0,0.0,0.0,0.0,0.0,0.0
2025-05-12,831857112.0,449411114.0,710397270.0,260986156.0,87213670.0,579939438.0,399500833.0,420466412.0,225414574.0,56242600.0,39228500.0,190863.0,478906.0,2255.0,0.0,16604.0,341402.0,8600.0,82450.0,25006.0,300.0,283600.0,2200.0
2025-05-13,883805575.0,370006063.0,721745253.0,351739190.0,97819653.0,526680711.0,392665973.0,430431802.0,198219638.0,73305689.0,42768501.0,209400.0,367300.0,19500.0,0.0,21200.0,210400.0,7900.0,64800.0,600.0,400.0,182300.0,500.0
2025-05-14,915939876.0,431685702.0,769908745.0,338223043.0,103787097.0,616474374.0,438593083.0,475127200.0,250135161.0,87875900.0,46404800.0,537000.0,346900.0,43800.0,3400.0,15900.0,182000.0,8400.0,72600.0,2900.0,2200.0,441400.0,5000.0
2025-05-15,1046611026.0,564154888.0,908632912.0,344478024.0,93768455.0,729909924.0,561895512.0,585368104.0,264485884.0,79784500.0,57334100.0,1214000.0,162800.0,14700.0,1500.0,10200.0,127800.0,14700.0,75900.0,26100.0,3500.0,201800.0,100.0
2025-05-16,849810205.0,303989673.0,664661083.0,360671410.0,100233123.0,467614875.0,360196820.0,398572010.0,163109143.0,81058400.0,71822800.0,233200.0,142400.0,132100.0,2300.0,5400.0,112600.0,12700.0,126200.0,3900.0,100.0,181000.0,4200.0
2025-05-17,0.0,0.0,0.0,0.0,0.0,0.0,0.0,0.0,0.0,0.0,0.0,0.0,0.0,0.0,0.0,0.0,0.0,0.0,0.0,0.0,0.0,0.0,0.0
2025-05-18,0.0,0.0,0.0,0.0,0.0,0.0,0.0,0.0,0.0,0.0,0.0,0.0,0.0,0.0,0.0,0.0,0.0,0.0,0.0,0.0,0.0,0.0,0.0
2025-05-19,829016708.0,341011465.0,682252560.0,341241095.0,97555851.0,499450844.0,363824343.0,391817620.0,194058877.0,61056400.0,50464800.0,144800.0,2592300.0,37400.0,4600.0,31500.0,44100.0,13300.0,72800.0,31300.0,600.0,189400.0,100.0
2025-05-20,856903527.0,368198652.0,688414130.0,320215478.0,98475249.0,501036726.0,394889648.0,418207751.0,188275421.0,57062000.0,43012900.0,638700.0,6001000.0,101500.0,3700.0,20600.0,53100.0,4000.0,70500.0,5100.0,1500.0,210600.0,100.0
2025-05-21,989954494.0,410891963.0,801164566.0,390272603.0,98316380.0,606999850.0,442574731.0,471990817.0,209212078.0,68684800.0,53098900.0,313900.0,10190600.0,14500.0,0.0,12000.0,40400.0,19100.0,193800.0,9600.0,1100.0,213100.0,200.0
2025-05-22,1118092439.0,366294937.0,932498603.0,566203666.0,105319313.0,652841956.0,505160670.0,565144567.0,188831281.0,89103300.0,43526200.0,782300.0,520200.0,28900.0,4000.0,1000.0,210900.0,10100.0,76500.0,700.0,100.0,231700.0,19700.0
2025-05-23,641199057.0,222894432.0,514625660.0,291731228.0,81174002.0,351242593.0,254378043.0,286166592.0,109749493.0,57066200.0,47556800.0,108200.0,136800.0,67100.0,0.0,9000.0,627300.0,19500.0,67000.0,6600.0,400.0,236500.0,4800.0
2025-05-24,0.0,0.0,0.0,0.0,0.0,0.0,0.0,0.0,0.0,0.0,0.0,0.0,0.0,0.0,0.0,0.0,0.0,0.0,0.0,0.0,0.0,0.0,0.0
2025-05-25,0.0,0.0,0.0,0.0,0.0,0.0,0.0,0.0,0.0,0.0,0.0,0.0,0.0,0.0,0.0,0.0,0.0,0.0,0.0,0.0,0.0,0.0,0.0
2025-05-26,959629532.0,332336912.0,752705155.0,420368243.0,144171791.0,516677675.0,366729683.0,404828312.0,149049058.0,79495700.0,63625400.0,147600.0,484500.0,25300.0,3500.0,5800.0,272300.0,9700.0,39400.0,5900.0,342500.0,209800.0,20300.0
2025-05-27,1052148659.0,349862869.0,850219456.0,500356587.0,141544112.0,597404180.0,398276360.0,446733224.0,158263663.0,122691100.0,71902800.0,1031200.0,1188400.0,22400.0,0.0,25300.0,196600.0,12100.0,69700.0,900.0,338400.0,1200.0,400.0
2025-05-28,898547998.0,263000447.0,695425095.0,432424648.0,121272972.0,439909742.0,322888991.0,363974632.0,119434154.0,93003000.0,76288700.0,238900.0,614300.0,16900.0,700.0,19600.0,97200.0,20700.0,58500.0,15300.0,265100.0,4300.0,0.0
2025-05-29,894918607.0,291799953.0,703375019.0,411575066.0,104509838.0,485716316.0,351115390.0,381646549.0,146966233.0,81220500.0,44960400.0,339600.0,508600.0,32300.0,13200.0,15500.0,27100.0,5900.0,59300.0,1600.0,100.0,6200.0,0.0
2025-05-30,910315797.0,324398173.0,711544215.0,387146042.0,109627560.0,514164040.0,317594820.0,358502942.0,119395667.0,99033000.0,73718200.0,1017900.0,317500.0,9600.0,28800.0,36500.0,16000.0,27400.0,47400.0,10700.0,600.0,5600.0,600.0
2025-05-31,0.0,0.0,0.0,0.0,0.0,0.0,0.0,0.0,0.0,0.0,0.0,0.0,0.0,0.0,0.0,0.0,0.0,0.0,0.0,0.0,0.0,0.0,0.0
2025-06-01,0.0,0.0,0.0,0.0,0.0,0.0,0.0,0.0,0.0,0.0,0.0,0.0,0.0,0.0,0.0,0.0,0.0,0.0,0.0,0.0,0.0,0.0,0.0
2025-06-02,860225663.0,256373994.0,646979835.0,390605841.0,143910918.0,448051952.0,285151924.0,336789879.0,136828551.0,95639400.0,38246800.0,94700.0,273000.0,1900.0,8200.0,6800.0,76700.0,4800.0,67500.0,4200.0,200.0,2100.0,200.0
2025-06-03,1034655094.0,344390035.0,839262808.0,494872773.0,133434609.0,639278707.0,472990700.0,523527327.0,133776539.0,140300394.0,58436924.0,201000.0,93000.0,37600.0,51900.0,38000.0,21400.0,33300.0,79500.0,1800.0,1300.0,100.0,100.0
2025-06-04,952312254.0,268871462.0,723642499.0,454771037.0,165278130.0,488952645.0,310110829.0,362398457.0,130256605.0,92141500.0,52248400.0,43200.0,92100.0,18100.0,100.0,10100.0,36700.0,16300.0,126200.0,300.0,200.0,1200.0,100.0
2025-06-05,756606282.0,208356792.0,571656368.0,363299576.0,133760877.0,362407064.0,249258103.0,282114328.0,91220098.0,107132800.0,48261900.0,84600.0,95800.0,1100.0,68700.0,28100.0,13100.0,50100.0,17600.0,1600.0,0.0,1300.0,0.0
2025-06-06,900453514.0,280481959.0,729168005.0,448686046.0,124873471.0,508040455.0,330523977.0,363539690.0,127238268.0,115003200.0,56343600.0,62200.0,562900.0,3700.0,700.0,4000.0,100500.0,3800.0,24400.0,1400.0,0.0,1900.0,0.0
2025-06-07,0.0,0.0,0.0,0.0,0.0,0.0,0.0,0.0,0.0,0.0,0.0,0.0,0.0,0.0,0.0,0.0,0.0,0.0,0.0,0.0,0.0,0.0,0.0
2025-06-08,0.0,0.0,0.0,0.0,0.0,0.0,0.0,0.0,0.0,0.0,0.0,0.0,0.0,0.0,0.0,0.0,0.0,0.0,0.0,0.0,0.0,0.0,0.0
2025-06-09,718350414.0,221093654.0,555117357.0,334023703.0,106026037.0,384025169.0,246782201.0,278072242.0,98473184.0,86066100.0,37211900.0,106600.0,131700.0,6100.0,0.0,3300.0,34000.0,6100.0,41500.0,9500.0,3200.0,2500.0,300.0
2025-06-10,702729250.0,246264841.0,551489007.0,305224166.0,114014206.0,404970606.0,273026644.0,303445266.0,109331969.0,69352500.0,30876800.0,66100.0,297200.0,3500.0,200.0,11000.0,188300.0,5700.0,42600.0,6200.0,3000.0,600.0,0.0
2025-06-11,539559282.0,167496912.0,407213749.0,239716837.0,87585262.0,292933565.0,186897051.0,207648787.0,71451454.0,66297800.0,33423100.0,284000.0,1419100.0,1600.0,200.0,1900.0,3500.0,22700.0,19900.0,2600.0,3600.0,4751500.0,0.0
2025-06-12,810972360.0,356731168.0,657650490.0,300919322.0,118240227.0,517107949.0,364187298.0,384114171.0,154233881.0,74311300.0,33336300.0,48500.0,398600.0,11800.0,1300.0,3700.0,21000.0,4500.0,71900.0,1800.0,1800.0,100.0,300.0
2025-06-13,1163417530.0,398356869.0,922982910.0,524626041.0,170147197.0,669588438.0,456736088.0,508886012.0,221637572.0,159564800.0,75148200.0,353500.0,400000.0,800.0,0.0,10600.0,67600.0,5000.0,84300.0,7900.0,0.0,300.0,0.0
2025-06-14,0.0,0.0,0.0,0.0,0.0,0.0,0.0,0.0,0.0,0.0,0.0,0.0,0.0,0.0,0.0,0.0,0.0,0.0,0.0,0.0,0.0,0.0,0.0
2025-06-15,0.0,0.0,0.0,0.0,0.0,0.0,0.0,0.0,0.0,0.0,0.0,0.0,0.0,0.0,0.0,0.0,0.0,0.0,0.0,0.0,0.0,0.0,0.0
2025-06-16,778082690.0,310345916.0,595051618.0,284705702.0,119990349.0,472853139.0,312883318.0,336349664.0,201708463.0,68041400.0,38809400.0,367600.0,1292900.0,14400.0,1000.0,8600.0,20700.0,10000.0,176300.0,10500.0,400.0,4000.0,0.0
2025-06-17,762355364.0,268914967.0,597912567.0,328997600.0,103060187.0,454930035.0,291417684.0,311860344.0,161220546.0,82297400.0,42984300.0,449400.0,227200.0,233800.0,1800.0,9100.0,175900.0,41400.0,83000.0,243300.0,3900.0,2300.0,0.0
2025-06-18,766359975.0,275317419.0,586096176.0,310778757.0,98444029.0,442488123.0,285747172.0,308888481.0,149232680.0,70597000.0,35466700.0,66600.0,578600.0,183000.0,1100.0,7900.0,545100.0,37000.0,113300.0,243300.0,8800.0,800.0,11700.0
2025-06-19,650852162.0,252565952.0,496953559.0,244387607.0,92507306.0,385335785.0,240692922.0,255848739.0,124671040.0,77575300.0,27531900.0,292400.0,395100.0,59900.0,500.0,3800.0,53400.0,8000.0,34500.0,100700.0,100.0,6000.0,0.0
2025-06-20,778282664.0,339884942.0,618894477.0,279009535.0,97272000.0,491356100.0,337147807.0,355720076.0,190436577.0,70365800.0,59646200.0,482700.0,695100.0,1100.0,0.0,1400.0,66800.0,13500.0,115600.0,1100.0,1100.0,300.0,200.0
2025-06-21,0.0,0.0,0.0,0.0,0.0,0.0,0.0,0.0,0.0,0.0,0.0,0.0,0.0,0.0,0.0,0.0,0.0,0.0,0.0,0.0,0.0,0.0,0.0
2025-06-22,0.0,0.0,0.0,0.0,0.0,0.0,0.0,0.0,0.0,0.0,0.0,0.0,0.0,0.0,0.0,0.0,0.0,0.0,0.0,0.0,0.0,0.0,0.0
2025-06-23,734132370.0,241050507.0,573812163.0,332761656.0,101795185.0,429149718.0,272635024.0,294438187.0,136418426.0,88290300.0,40115100.0,959400.0,193800.0,1300.0,6300.0,10700.0,7400.0,7700.0,79000.0,54000.0,0.0,1600.0,0.0
2025-06-24,881509880.0,327790644.0,743015565.0,415224921.0,92369715.0,561998012.0,397522155.0,429476779.0,173341268.0,102518200.0,37761800.0,1255200.0,472900.0,4500.0,2000.0,15200.0,16000.0,25300.0,70700.0,12500.0,4300.0,8700.0,0.0
2025-06-25,733106140.0,293885782.0,610421102.0,316535320.0,94894999.0,454052015.0,293442560.0,315449013.0,127390567.0,69421500.0,37280700.0,168400.0,636900.0,13500.0,400.0,6800.0,46100.0,8000.0,63500.0,13100.0,100.0,7100.0,0.0
2025-06-26,598738983.0,228995712.0,486021130.0,257025418.0,72451289.0,359671883.0,216837243.0,233824544.0,100877711.0,62849267.0,28051500.0,51430.0,316293.0,3156.0,439.0,4800.0,15158.0,2317.0,68234.0,850.0,200.0,702.0,200.0
2025-06-27,677782586.0,281199806.0,561411845.0,280212039.0,80561464.0,429354530.0,277702373.0,293249277.0,108424592.0,65358400.0,51606300.0,210900.0,490100.0,2800.0,400.0,8500.0,16200.0,3800.0,39000.0,13300.0,4200.0,2600.0,100.0
2025-06-28,0.0,0.0,0.0,0.0,0.0,0.0,0.0,0.0,0.0,0.0,0.0,0.0,0.0,0.0,0.0,0.0,0.0,0.0,0.0,0.0,0.0,0.0,0.0
2025-06-29,0.0,0.0,0.0,0.0,0.0,0.0,0.0,0.0,0.0,0.0,0.0,0.0,0.0,0.0,0.0,0.0,0.0,0.0,0.0,0.0,0.0,0.0,0.0
2025-06-30,636408174.0,212317981.0,505065766.0,292747785.0,93277416.0,358548318.0,222556331.0,253926560.0,111422399.0,65331063.0,26076905.0,611347.0,340828.0,20957.0,200.0,18931.0,48956.0,11978.0,103876.0,11375.0,4900.0,4905.0,900.0
2025-07-01,725237758.0,255659150.0,590869742.0,335210592.0,99638379.0,415763052.0,280334023.0,301274238.0,142867302.0,78969060.0,28735013.0,423800.0,115100.0,10900.0,0.0,6300.0,13500.0,13600.0,41700.0,4800.0,1500.0,600.0,0.0
2025-07-02,848885603.0,246295801.0,716409213.0,470113412.0,105511885.0,455098352.0,406129340.0,458966938.0,125525390.0,100942600.0,37641300.0,430400.0,615300.0,36100.0,2300.0,11900.0,15500.0,3400.0,48200.0,102900.0,1600.0,800.0,13200.0
2025-07-03,1315032525.0,423626134.0,1080565400.0,656939266.0,153548963.0,736818028.0,578535195.0,638625894.0,230816643.0,134727800.0,46335600.0,180700.0,948800.0,3200.0,600.0,9400.0,57000.0,5900.0,134800.0,4200.0,400.0,0.0,300.0
2025-07-04,834917440.0,248573076.0,656596331.0,408023255.0,118526743.0,442439983.0,316734263.0,340754431.0,151332654.0,89577600.0,55187500.0,82900.0,721900.0,6300.0,900.0,17800.0,104100.0,13500.0,92200.0,16200.0,1800.0,500.0,200.0
2025-07-05,0.0,0.0,0.0,0.0,0.0,0.0,0.0,0.0,0.0,0.0,0.0,0.0,0.0,0.0,0.0,0.0,0.0,0.0,0.0,0.0,0.0,0.0,0.0
2025-07-06,0.0,0.0,0.0,0.0,0.0,0.0,0.0,0.0,0.0,0.0,0.0,0.0,0.0,0.0,0.0,0.0,0.0,0.0,0.0,0.0,0.0,0.0,0.0
2025-07-07,1230455872.0,568940738.0,1038981779.0,470041041.0,128702747.0,817866662.0,664290260.0,700702413.0,229567230.0,122185700.0,49515100.0,410700.0,473000.0,65000.0,400.0,4900.0,30800.0,14300.0,193500.0,4500.0,101400.0,5900.0,200.0
2025-07-08,1174871653.0,435179432.0,916101312.0,480921880.0,164944498.0,677512293.0,470763432.0,524882995.0,202098157.0,104454200.0,68142000.0,195800.0,2153900.0,17700.0,1500.0,31600.0,49900.0,20600.0,71800.0,15700.0,1100.0,29700.0,500.0
2025-07-09,1430949638.0,594933272.0,1162040555.0,567107283.0,194355348.0,901661747.0,676427935.0,752042114.0,325832638.0,158929500.0,69635000.0,238000.0,1757800.0,40500.0,100.0,11900.0,91000.0,13200.0,332600.0,159400.0,162700.0,700.0,2100.0
2025-07-10,1073701407.0,433761551.0,854010533.0,420248982.0,156625385.0,634742953.0,402238368.0,443249053.0,156304188.0,109080472.0,47747630.0,192600.0,180100.0,6100.0,1400.0,33400.0,26000.0,15300.0,78500.0,17600.0,18700.0,2500.0,1600.0
2025-07-11,1232260482.0,455688650.0,990529590.0,534840940.0,171268446.0,755353913.0,524142304.0,579911681.0,213255033.0,140490700.0,96882600.0,3004800.0,189600.0,22600.0,2800.0,14200.0,48100.0,24300.0,189800.0,78900.0,57900.0,6000.0,100.0
2025-07-12,0.0,0.0,0.0,0.0,0.0,0.0,0.0,0.0,0.0,0.0,0.0,0.0,0.0,0.0,0.0,0.0,0.0,0.0,0.0,0.0,0.0,0.0,0.0
2025-07-13,0.0,0.0,0.0,0.0,0.0,0.0,0.0,0.0,0.0,0.0,0.0,0.0,0.0,0.0,0.0,0.0,0.0,0.0,0.0,0.0,0.0,0.0,0.0
2025-07-14,1256774726.0,393368620.0,956326517.0,562957897.0,176533099.0,659369976.0,431562451.0,490732278.0,217106900.0,136152600.0,50593600.0,746400.0,1690100.0,7000.0,1300.0,35700.0,306200.0,53500.0,201200.0,10600.0,1700.0,7200.0,200.0
2025-07-15,1332298301.0,442339496.0,1063711753.0,621372257.0,190908209.0,787138122.0,563553624.0,641157659.0,232352028.0,161927300.0,75292800.0,674500.0,2639300.0,21600.0,0.0,23700.0,126300.0,42900.0,151500.0,21100.0,59600.0,172100.0,13400.0
2025-07-16,1218566877.0,347232214.0,914921389.0,567689175.0,171413239.0,645509346.0,457094965.0,503851950.0,172678909.0,156588000.0,61050100.0,2296900.0,112300.0,77300.0,3300.0,55200.0,24700.0,33900.0,106200.0,9800.0,300.0,800.0,400.0
2025-07-17,1405002217.0,425582315.0,1074201039.0,648618724.0,209930199.0,754384708.0,472489941.0,524638872.0,215842829.0,192767000.0,98616600.0,2533600.0,380100.0,10400.0,3900.0,39300.0,100100.0,20800.0,148500.0,91000.0,2700.0,1400.0,200.0
2025-07-18,1459740870.0,459976817.0,1076908872.0,616932055.0,232745854.0,750062740.0,527568040.0,591225258.0,240741088.0,177997500.0,116016400.0,898700.0,576200.0,22500.0,1800.0,33800.0,82000.0,144900.0,132600.0,12400.0,1800.0,2300.0,1200.0
2025-07-19,0.0,0.0,0.0,0.0,0.0,0.0,0.0,0.0,0.0,0.0,0.0,0.0,0.0,0.0,0.0,0.0,0.0,0.0,0.0,0.0,0.0,0.0,0.0
2025-07-20,0.0,0.0,0.0,0.0,0.0,0.0,0.0,0.0,0.0,0.0,0.0,0.0,0.0,0.0,0.0,0.0,0.0,0.0,0.0,0.0,0.0,0.0,0.0
2025-07-21,1388969063.0,488738296.0,1089923633.0,601185337.0,190336660.0,783765238.0,557603914.0,637886291.0,238275976.0,151793200.0,79458200.0,472100.0,711000.0,3300.0,1000.0,21400.0,25600.0,15700.0,122600.0,1800.0,1500.0,2900.0,200.0
2025-07-22,1226974741.0,409854761.0,980939667.0,571084906.0,166783125.0,703210343.0,521296174.0,579914115.0,214149465.0,146706200.0,66487700.0,1046400.0,192300.0,20900.0,3700.0,80200.0,57800.0,59900.0,83800.0,5000.0,900.0,4100.0,400.0
2025-07-23,1439115085.0,491743817.0,1168632905.0,676889088.0,203928956.0,813619356.0,577738810.0,652746888.0,278773329.0,153893300.0,81513200.0,202400.0,523500.0,11500.0,5900.0,19800.0,23000.0,36900.0,119800.0,20200.0,500.0,65700.0,4000.0
2025-07-24,1390154530.0,535686783.0,1066101568.0,530414785.0,173228564.0,769188658.0,550445869.0,626491584.0,291290474.0,136552200.0,72500200.0,534100.0,254000.0,4000.0,500.0,85700.0,126800.0,27200.0,96700.0,8300.0,2100.0,61200.0,1600.0
2025-07-25,1405568881.0,427371217.0,1099986458.0,672615241.0,207230237.0,801473152.0,524066901.0,599032650.0,231495866.0,163731100.0,129447800.0,709100.0,97800.0,11700.0,200.0,96100.0,122500.0,48200.0,155200.0,6300.0,7900.0,7900.0,400.0
2025-07-26,0.0,0.0,0.0,0.0,0.0,0.0,0.0,0.0,0.0,0.0,0.0,0.0,0.0,0.0,0.0,0.0,0.0,0.0,0.0,0.0,0.0,0.0,0.0
2025-07-27,0.0,0.0,0.0,0.0,0.0,0.0,0.0,0.0,0.0,0.0,0.0,0.0,0.0,0.0,0.0,0.0,0.0,0.0,0.0,0.0,0.0,0.0,0.0
2025-07-28,1788192102.0,646730982.0,1344033654.0,697302672.0,285162924.0,1008000622.0,653937584.0,745312527.0,309947658.0,194217400.0,113915300.0,188800.0,139800.0,52300.0,2100.0,23300.0,47000.0,29100.0,136800.0,62500.0,16600.0,4800.0,1600.0
2025-07-29,2642722700.0,856058246.0,1972600785.0,1245221994.0,358332221.0,1490743385.0,1048396754.0,1180166707.0,464410197.0,315432600.0,150035500.0,830800.0,177200.0,33600.0,1100.0,39200.0,431700.0,14800.0,147100.0,7400.0,1100.0,2900.0,3400.0
2025-07-30,1620038736.0,616028512.0,1324640382.0,708611870.0,210420321.0,973586145.0,726129190.0,806080645.0,316170559.0,178502800.0,84094500.0,1910800.0,17574100.0,10800.0,23100.0,12300.0,308600.0,34700.0,118700.0,12700.0,7300.0,324200.0,3000.0
2025-07-31,1651133772.0,643191514.0,1325324592.0,682133078.0,215402054.0,1007968519.0,670446237.0,726464957.0,275767912.0,195521900.0,105658000.0,451000.0,152800.0,2400.0,100.0,12800.0,92300.0,8100.0,92800.0,800.0,9500.0,84700.0,100.0
2025-08-01,1378350894.0,506721195.0,1087891782.0,581170587.0,195046908.0,844287076.0,587924198.0,641085508.0,248220702.0,187307900.0,104257800.0,458300.0,1889800.0,8100.0,7000.0,25700.0,41300.0,15300.0,66800.0,8600.0,1200.0,1300.0,100.0
2025-08-02,0.0,0.0,0.0,0.0,0.0,0.0,0.0,0.0,0.0,0.0,0.0,0.0,0.0,0.0,0.0,0.0,0.0,0.0,0.0,0.0,0.0,0.0,0.0
2025-08-03,0.0,0.0,0.0,0.0,0.0,0.0,0.0,0.0,0.0,0.0,0.0,0.0,0.0,0.0,0.0,0.0,0.0,0.0,0.0,0.0,0.0,0.0,0.0
2025-08-04,1228661002.0,451251955.0,940250454.0,488998499.0,179022481.0,726547312.0,530424572.0,587013936.0,240295185.0,160770700.0,85937300.0,284000.0,179000.0,44900.0,1700.0,17200.0,74700.0,34600.0,171600.0,125300.0,19600.0,2500.0,300.0
2025-08-05,2697027395.0,1146147784.0,2218763210.0,1072615426.0,335300726.0,1695263918.0,1139730070.0,1257633871.0,566526862.0,258207100.0,153525200.0,456300.0,544300.0,8500.0,800.0,67600.0,151900.0,17800.0,223800.0,301800.0,2000.0,21600.0,500.0
2025-08-06,1325741058.0,542139793.0,1066715162.0,524575369.0,164696715.0,809962711.0,537773816.0,601607030.0,266036630.0,131090500.0,75000900.0,1743600.0,1868800.0,21100.0,500.0,72800.0,47900.0,39800.0,117700.0,1800.0,1100.0,55200.0,700.0
2025-08-07,1605153483.0,644627065.0,1274281503.0,629654438.0,242538182.0,925986850.0,615362607.0,694228746.0,358666740.0,131561205.0,82199900.0,3523000.0,1999800.0,8600.0,100.0,15700.0,55600.0,9100.0,58000.0,9700.0,30700.0,2500.0,200.0
2025-08-08,1817288244.0,655356113.0,1424850474.0,769494361.0,264952428.0,1072405450.0,660098292.0,740137781.0,304014474.0,218074000.0,139999000.0,1265200.0,1903100.0,8400.0,700.0,52700.0,85000.0,32600.0,128000.0,6200.0,800.0,800.0,0.0
2025-08-09,0.0,0.0,0.0,0.0,0.0,0.0,0.0,0.0,0.0,0.0,0.0,0.0,0.0,0.0,0.0,0.0,0.0,0.0,0.0,0.0,0.0,0.0,0.0
2025-08-10,0.0,0.0,0.0,0.0,0.0,0.0,0.0,0.0,0.0,0.0,0.0,0.0,0.0,0.0,0.0,0.0,0.0,0.0,0.0,0.0,0.0,0.0,0.0
2025-08-11,1589742304.0,610888455.0,1250011201.0,639122746.0,240495344.0,959250366.0,635203669.0,695702940.0,307966520.0,163924700.0,79894600.0,169800.0,197400.0,9600.0,1100.0,28500.0,69700.0,27500.0,149700.0,8600.0,1200.0,1200.0,4000.0
2025-08-12,1583593191.0,543592737.0,1242219460.0,698626723.0,245790096.0,857877032.0,510850331.0,587505260.0,296249689.0,141262000.0,88719700.0,397400.0,148300.0,11500.0,11300.0,35100.0,56100.0,15700.0,75100.0,8800.0,2100.0,900.0,200.0
2025-08-13,1863151895.0,684711682.0,1479919702.0,795208020.0,275805434.0,1127722631.0,726571330.0,828351198.0,366198804.0,226080300.0,117640700.0,790200.0,2688200.0,18300.0,11800.0,20400.0,81600.0,14100.0,82300.0,104300.0,236200.0,2900.0,1600.0
2025-08-14,1752441563.0,773223135.0,1434179388.0,660956253.0,225243852.0,1106904196.0,803234568.0,887805356.0,465801059.0,181403699.0,96491840.0,1627100.0,3407400.0,11900.0,6100.0,31300.0,57000.0,26700.0,392000.0,4000.0,2800.0,800.0,400.0
2025-08-15,2011992093.0,789100296.0,1593723144.0,804622848.0,283437973.0,1217331876.0,809152615.0,904968385.0,443449532.0,199899000.0,126462900.0,604400.0,191100.0,32300.0,15400.0,41000.0,103700.0,16500.0,74100.0,20100.0,8800.0,14700.0,200.0
2025-08-16,0.0,0.0,0.0,0.0,0.0,0.0,0.0,0.0,0.0,0.0,0.0,0.0,0.0,0.0,0.0,0.0,0.0,0.0,0.0,0.0,0.0,0.0,0.0
2025-08-17,0.0,0.0,0.0,0.0,0.0,0.0,0.0,0.0,0.0,0.0,0.0,0.0,0.0,0.0,0.0,0.0,0.0,0.0,0.0,0.0,0.0,0.0,0.0
2025-08-18,1514197226.0,565201454.0,1234589678.0,669388224.0,193348400.0,926219515.0,580996714.0,655847896.0,317465441.0,152118100.0,77157400.0,154100.0,149000.0,39000.0,300.0,12600.0,104900.0,63000.0,159100.0,3100.0,2400.0,14500.0,20200.0
2025-08-19,1789073441.0,661469221.0,1382987416.0,721518195.0,297705226.0,1043035130.0,709184256.0,789401473.0,367380315.0,186654300.0,102485300.0,981700.0,2665000.0,19000.0,10600.0,39700.0,204300.0,15200.0,112400.0,102900.0,2200.0,1800.0,1400.0
2025-08-20,2280731304.0,906979022.0,1835266145.0,928287123.0,291818723.0,1399235307.0,955636253.0,1067750048.0,547423556.0,219445300.0,121160800.0,943700.0,841700.0,12700.0,200.0,21900.0,121700.0,17200.0,98400.0,39100.0,231300.0,6300.0,4100.0
2025-08-21,1635930140.0,751145479.0,1353916104.0,602770625.0,198777574.0,1074229502.0,802332077.0,861979893.0,482060804.0,146921000.0,95414700.0,967700.0,1686700.0,15000.0,600.0,18400.0,109900.0,20700.0,143800.0,30200.0,1000.0,6200.0,2100.0
2025-08-22,2234242998.0,967399854.0,1824213667.0,856813813.0,284801426.0,1423966567.0,1021100685.0,1108927813.0,588282907.0,203639300.0,127541200.0,1980000.0,758300.0,4900.0,5300.0,18400.0,236100.0,15300.0,102700.0,334100.0,100300.0,2500.0,1000.0
2025-08-23,0.0,0.0,0.0,0.0,0.0,0.0,0.0,0.0,0.0,0.0,0.0,0.0,0.0,0.0,0.0,0.0,0.0,0.0,0.0,0.0,0.0,0.0,0.0
2025-08-24,0.0,0.0,0.0,0.0,0.0,0.0,0.0,0.0,0.0,0.0,0.0,0.0,0.0,0.0,0.0,0.0,0.0,0.0,0.0,0.0,0.0,0.0,0.0
2025-08-25,1449075936.0,697781160.0,1224416134.0,526634974.0,156300661.0,968066357.0,748503938.0,797784731.0,419445319.0,117843500.0,75193700.0,845000.0,515800.0,9500.0,0.0,22900.0,84400.0,21100.0,76600.0,19800.0,4000.0,8400.0,900.0
2025-08-26,1229376641.0,568354072.0,1048474038.0,480119966.0,131996906.0,808895147.0,610365066.0,661113915.0,320021217.0,111919400.0,49280400.0,1633300.0,1082600.0,7900.0,1300.0,26200.0,52800.0,30900.0,184900.0,309800.0,103900.0,72000.0,500.0
2025-08-27,1477066097.0,633611038.0,1272881854.0,639270816.0,144436474.0,957194942.0,692978955.0,743130501.0,354684949.0,128729200.0,48231400.0,947100.0,1868100.0,42900.0,500.0,9100.0,56300.0,9300.0,53700.0,70900.0,3200.0,1600.0,0.0
2025-08-28,1098450679.0,526443069.0,955361349.0,428918280.0,102931547.0,771522753.0,584847642.0,625025417.0,242655116.0,100818800.0,49257300.0,617000.0,666200.0,6000.0,400.0,19400.0,57800.0,45400.0,88400.0,122900.0,600.0,9700.0,500.0
2025-08-29,1460861015.0,635732753.0,1224023254.0,588290501.0,170135782.0,969114996.0,741192014.0,815778491.0,345605974.0,144061900.0,92724000.0,1908300.0,1078200.0,5700.0,2700.0,9700.0,72300.0,26600.0,272400.0,20500.0,1900.0,8600.0,19500.0
2025-08-30,0.0,0.0,0.0,0.0,0.0,0.0,0.0,0.0,0.0,0.0,0.0,0.0,0.0,0.0,0.0,0.0,0.0,0.0,0.0,0.0,0.0,0.0,0.0
2025-08-31,0.0,0.0,0.0,0.0,0.0,0.0,0.0,0.0,0.0,0.0,0.0,0.0,0.0,0.0,0.0,0.0,0.0,0.0,0.0,0.0,0.0,0.0,0.0
2025-09-01,0.0,0.0,0.0,0.0,0.0,0.0,0.0,0.0,0.0,0.0,0.0,0.0,0.0,0.0,0.0,0.0,0.0,0.0,0.0,0.0,0.0,0.0,0.0
2025-09-02,0.0,0.0,0.0,0.0,0.0,0.0,0.0,0.0,0.0,0.0,0.0,0.0,0.0,0.0,0.0,0.0,0.0,0.0,0.0,0.0,0.0,0.0,0.0
2025-09-03,1241257543.0,529935900.0,1038942505.0,509006605.0,134026487.0,843872600.0,494073143.0,537763915.0,240483279.0,117083600.0,59373900.0,1868900.0,1886900.0,10600.0,37100.0,12800.0,61200.0,6500.0,145800.0,10100.0,1700.0,5300.0,220400.0
2025-09-04,1289344174.0,540570951.0,1088621752.0,548050801.0,148639973.0,840562773.0,490361559.0,536685441.0,267668816.0,108955600.0,65922700.0,1681600.0,1636100.0,18900.0,600.0,35500.0,51600.0,5700.0,159100.0,2003100.0,2100.0,2800.0,100.0
2025-09-05,1651250921.0,650746085.0,1358168272.0,707422187.0,206240745.0,1060844277.0,703131176.0,766770566.0,358477046.0,172320500.0,95075300.0,1546000.0,747500.0,7000.0,5200.0,16300.0,74100.0,41400.0,68200.0,79200.0,5900.0,2700.0,200.0
2025-09-06,0.0,0.0,0.0,0.0,0.0,0.0,0.0,0.0,0.0,0.0,0.0,0.0,0.0,0.0,0.0,0.0,0.0,0.0,0.0,0.0,0.0,0.0,0.0
2025-09-07,0.0,0.0,0.0,0.0,0.0,0.0,0.0,0.0,0.0,0.0,0.0,0.0,0.0,0.0,0.0,0.0,0.0,0.0,0.0,0.0,0.0,0.0,0.0
2025-09-08,1769876607.0,743804624.0,1505828558.0,762023934.0,185029706.0,1182998503.0,771947372.0,847581118.0,387675433.0,173717700.0,69206200.0,903200.0,424000.0,10100.0,2700.0,27000.0,63400.0,20200.0,245000.0,114600.0,600.0,10700.0,900.0
2025-09-09,1012829196.0,428767948.0,845089780.0,416321832.0,113588837.0,653090744.0,433455708.0,471295265.0,212810258.0,93509400.0,58111600.0,1073300.0,189500.0,14300.0,3800.0,12500.0,75200.0,30100.0,124500.0,1526700.0,2400.0,21300.0,4900.0
2025-09-10,833100714.0,352322947.0,680268650.0,327945703.0,89658835.0,511925890.0,350061694.0,376254803.0,180312361.0,80183800.0,31532500.0,411900.0,161500.0,3500.0,4700.0,7000.0,20200.0,3100.0,39300.0,9800.0,400.0,2800.0,100.0
2025-09-11,1197131426.0,520638805.0,1012495106.0,491856301.0,127540293.0,783473112.0,532145100.0,578614952.0,241183261.0,120225100.0,56374100.0,1141200.0,534700.0,9400.0,3100.0,17000.0,44400.0,31000.0,65700.0,4521700.0,400.0,5300.0,300.0
2025-09-12,1006501112.0,393555610.0,828964607.0,435408997.0,134440030.0,622679862.0,301812204.0,325401329.0,154196440.0,88791500.0,57509600.0,1000100.0,229400.0,4100.0,0.0,11100.0,144700.0,7100.0,58000.0,26800.0,700.0,1400.0,200.0
2025-09-13,0.0,0.0,0.0,0.0,0.0,0.0,0.0,0.0,0.0,0.0,0.0,0.0,0.0,0.0,0.0,0.0,0.0,0.0,0.0,0.0,0.0,0.0,0.0
2025-09-14,0.0,0.0,0.0,0.0,0.0,0.0,0.0,0.0,0.0,0.0,0.0,0.0,0.0,0.0,0.0,0.0,0.0,0.0,0.0,0.0,0.0,0.0,0.0
2025-09-15,1122425898.0,489163564.0,929314858.0,440151294.0,142021922.0,718222663.0,456261509.0,480785563.0,231605970.0,101037500.0,48734200.0,757700.0,386500.0,4200.0,200.0,20000.0,23200.0,19900.0,77900.0,82100.0,3100.0,2500.0,200.0
2025-09-16,1232560447.0,558541539.0,1035682527.0,477140988.0,146578280.0,800060764.0,563593996.0,592759098.0,329635563.0,100070100.0,48365100.0,301400.0,591400.0,12500.0,200.0,15200.0,15900.0,11500.0,124800.0,23000.0,100.0,8800.0,468500.0
2025-09-17,967047675.0,435572145.0,770347106.0,334774961.0,152909958.0,615426556.0,320460396.0,344098633.0,166347376.0,79473000.0,44972408.0,129200.0,182900.0,4500.0,600.0,7900.0,32200.0,7000.0,44100.0,34300.0,1000.0,4400.0,300.0
2025-09-18,863667370.0,371252793.0,706156954.0,334904161.0,96840117.0,535071903.0,334239616.0,354613720.0,168484185.0,67060805.0,29076905.0,166400.0,335900.0,2800.0,0.0,12600.0,57500.0,11700.0,31700.0,13900.0,32600.0,5800.0,10100.0
2025-09-19,863955588.0,370107557.0,711222748.0,341115191.0,94825404.0,546839391.0,358281959.0,374851330.0,152067575.0,67410574.0,44842072.0,402600.0,337800.0,7400.0,300.0,12800.0,100700.0,18900.0,36100.0,12400.0,105700.0,400.0,300.0
2025-09-20,0.0,0.0,0.0,0.0,0.0,0.0,0.0,0.0,0.0,0.0,0.0,0.0,0.0,0.0,0.0,0.0,0.0,0.0,0.0,0.0,0.0,0.0,0.0
2025-09-21,0.0,0.0,0.0,0.0,0.0,0.0,0.0,0.0,0.0,0.0,0.0,0.0,0.0,0.0,0.0,0.0,0.0,0.0,0.0,0.0,0.0,0.0,0.0
2025-09-22,1138988356.0,473626594.0,955210143.0,481583549.0,127896330.0,714607633.0,471642199.0,501518289.0,237335051.0,105958500.0,36131400.0,546800.0,743900.0,15400.0,1100.0,23200.0,30700.0,26000.0,75700.0,10700.0,700.0,4500.0,100.0
2025-09-23,657137789.0,339792878.0,552228529.0,212435651.0,68650104.0,444201765.0,331774620.0,346501956.0,127572003.0,56753420.0,24942374.0,239400.0,519600.0,3100.0,1100.0,6000.0,16700.0,11200.0,17300.0,3600.0,1000.0,8600.0,400.0
2025-09-24,942294584.0,472643213.0,811867563.0,339224350.0,93199835.0,647289982.0,488252826.0,503592579.0,190317625.0,91000800.0,27805300.0,403400.0,1020700.0,4600.0,4400.0,7200.0,54300.0,16300.0,39000.0,7700.0,4200.0,1700.0,1000.0
2025-09-25,914938950.0,287007990.0,717477015.0,430469025.0,146294738.0,483753173.0,289761144.0,315590664.0,145277101.0,86330200.0,33283100.0,1193000.0,263700.0,7400.0,600.0,9600.0,14700.0,22800.0,18400.0,4700.0,2500.0,1600.0,100.0
2025-09-26,899321657.0,297694847.0,712386785.0,414691938.0,139490980.0,476420908.0,294869730.0,314125489.0,137998153.0,96723000.0,51923300.0,778600.0,632100.0,3100.0,4800.0,9900.0,58400.0,1200.0,24200.0,103400.0,500.0,0.0,500.0
2025-09-27,0.0,0.0,0.0,0.0,0.0,0.0,0.0,0.0,0.0,0.0,0.0,0.0,0.0,0.0,0.0,0.0,0.0,0.0,0.0,0.0,0.0,0.0,0.0
2025-09-28,0.0,0.0,0.0,0.0,0.0,0.0,0.0,0.0,0.0,0.0,0.0,0.0,0.0,0.0,0.0,0.0,0.0,0.0,0.0,0.0,0.0,0.0,0.0
2025-09-29,808656985.0,312081542.0,672694480.0,360612938.0,101610503.0,481741849.0,287436985.0,303419412.0,135065847.0,69509100.0,30272100.0,722700.0,168800.0,1500.0,10700.0,3800.0,11400.0,4000.0,51700.0,135000.0,400.0,100.0,0.0
2025-09-30,1048764085.0,390493247.0,880006504.0,489513257.0,122899926.0,608625669.0,345822047.0,373260753.0,157031517.0,104548800.0,37577200.0,856600.0,270200.0,5800.0,200.0,7000.0,9600.0,6800.0,31000.0,18000.0,1400.0,101800.0,600.0
2025-10-01,665999631.0,263176272.0,569201660.0,306025388.0,74970703.0,394219481.0,265379889.0,305318178.0,123077684.0,65596800.0,19389000.0,302700.0,299500.0,4400.0,600.0,6200.0,7300.0,17900.0,23400.0,3400.0,500.0,4000.0,1600.0
2025-10-02,735858787.0,322463116.0,615586266.0,293123150.0,87486033.0,466010270.0,313006690.0,335801761.0,182065467.0,72105737.0,23107677.0,374500.0,315400.0,6300.0,2300.0,8200.0,10000.0,11300.0,38800.0,3000.0,1300.0,1700.0,100.0
2025-10-03,814582654.0,323463546.0,675923031.0,352459485.0,101779860.0,499770177.0,276939306.0,302542341.0,141090508.0,83246800.0,50552800.0,355500.0,88600.0,3000.0,300.0,6200.0,8300.0,3800.0,24900.0,11800.0,600.0,1000.0,0.0
2025-10-04,0.0,0.0,0.0,0.0,0.0,0.0,0.0,0.0,0.0,0.0,0.0,0.0,0.0,0.0,0.0,0.0,0.0,0.0,0.0,0.0,0.0,0.0,0.0
2025-10-05,0.0,0.0,0.0,0.0,0.0,0.0,0.0,0.0,0.0,0.0,0.0,0.0,0.0,0.0,0.0,0.0,0.0,0.0,0.0,0.0,0.0,0.0,0.0
2025-10-06,1005160153.0,523684422.0,874091530.0,350407108.0,93031998.0,713689374.0,524762025.0,555498675.0,235842986.0,95028500.0,37679700.0,1257000.0,231900.0,9900.0,2000.0,15600.0,24600.0,10500.0,45900.0,12000.0,33700.0,92200.0,1800.0
2025-10-07,799007265.0,345882991.0,660540592.0,314657601.0,79178040.0,524834763.0,360510840.0,382228660.0,145984448.0,79217800.0,26261100.0,434700.0,81500.0,6300.0,0.0,28900.0,125300.0,13100.0,35100.0,11700.0,100.0,5600.0,200.0
2025-10-08,1016488853.0,467397425.0,877551719.0,410154294.0,91705716.0,702883226.0,462879001.0,487595066.0,203837108.0,98239700.0,30936900.0,315200.0,123700.0,6900.0,3200.0,9700.0,12300.0,4200.0,42700.0,5900.0,4500.0,900.0,100.0
2025-10-09,1043251858.0,570440685.0,914699876.0,344259191.0,88058743.0,743434382.0,552028070.0,572725991.0,244555499.0,72298000.0,27078700.0,203400.0,188700.0,10800.0,13300.0,11500.0,41500.0,1600.0,54400.0,15900.0,5400.0,28700.0,100.0
2025-10-10,998294168.0,463536872.0,851154618.0,387617746.0,103814312.0,651578579.0,440505752.0,463323435.0,241079294.0,90879500.0,48058300.0,164100.0,147000.0,11900.0,6600.0,40900.0,54400.0,11000.0,47400.0,15600.0,7900.0,3000.0,200.0
2025-10-11,0.0,0.0,0.0,0.0,0.0,0.0,0.0,0.0,0.0,0.0,0.0,0.0,0.0,0.0,0.0,0.0,0.0,0.0,0.0,0.0,0.0,0.0,0.0
2025-10-12,0.0,0.0,0.0,0.0,0.0,0.0,0.0,0.0,0.0,0.0,0.0,0.0,0.0,0.0,0.0,0.0,0.0,0.0,0.0,0.0,0.0,0.0,0.0
2025-10-13,1231241730.0,574688398.0,1050091781.0,475403383.0,130810307.0,811929694.0,505360853.0,534198736.0,257005015.0,130496235.0,40395986.0,533800.0,120700.0,14100.0,2100.0,42500.0,47500.0,10400.0,60500.0,13200.0,2200.0,10200.0,100.0
2025-10-14,1491009356.0,658847074.0,1284793941.0,625946867.0,152774688.0,1004233930.0,651738495.0,693865571.0,308239514.0,139928700.0,48445900.0,1003400.0,151600.0,14000.0,1000.0,20900.0,111600.0,6600.0,61900.0,148200.0,100.0,23700.0,200.0
2025-10-15,1107614674.0,520491865.0,966194769.0,445702904.0,112965574.0,764324068.0,514017970.0,549712648.0,291467920.0,89138000.0,37905300.0,198700.0,236800.0,20100.0,57500.0,11800.0,56800.0,11700.0,64900.0,12600.0,4300.0,500.0,300.0
2025-10-16,1087385525.0,416431447.0,924489992.0,508058545.0,115114600.0,692237593.0,402091559.0,438157232.0,212523744.0,100077100.0,35485500.0,160400.0,231000.0,5100.0,600.0,35800.0,31700.0,9200.0,80900.0,8500.0,600.0,9300.0,0.0
2025-10-17,1221045346.0,527122160.0,1048628852.0,521506692.0,118445226.0,810860851.0,510736042.0,543438385.0,256203033.0,100079000.0,70056900.0,1203700.0,278300.0,38600.0,300.0,15100.0,71200.0,11900.0,52900.0,110700.0,100300.0,20100.0,300.0
2025-10-18,0.0,0.0,0.0,0.0,0.0,0.0,0.0,0.0,0.0,0.0,0.0,0.0,0.0,0.0,0.0,0.0,0.0,0.0,0.0,0.0,0.0,0.0,0.0
2025-10-19,0.0,0.0,0.0,0.0,0.0,0.0,0.0,0.0,0.0,0.0,0.0,0.0,0.0,0.0,0.0,0.0,0.0,0.0,0.0,0.0,0.0,0.0,0.0
2025-10-20,1636108645.0,777472239.0,1388105369.0,610633130.0,145733329.0,1133400033.0,705946898.0,743984313.0,376847393.0,168713593.0,58635581.0,411900.0,1669900.0,9000.0,11900.0,27400.0,133600.0,5000.0,136900.0,21400.0,3700.0,28200.0,200.0
2025-10-21,1530032193.0,671677737.0,1318016562.0,646338825.0,152979442.0,1007074380.0,682647810.0,723409496.0,300192952.0,140740300.0,48154600.0,2020900.0,587400.0,111200.0,3200.0,32500.0,221000.0,13800.0,303600.0,15900.0,9500.0,38700.0,400.0
2025-10-22,910675007.0,379398253.0,748642334.0,369244081.0,91125393.0,578772534.0,364210741.0,385897018.0,175200691.0,107565985.0,31336672.0,901500.0,93300.0,6100.0,0.0,47100.0,52600.0,2900.0,468800.0,5900.0,1400.0,65800.0,100.0
2025-10-23,699304369.0,318038672.0,583038728.0,265000056.0,81589822.0,461681208.0,300604270.0,321214742.0,162694699.0,81233900.0,27476700.0,184500.0,314300.0,4000.0,1200.0,4800.0,34700.0,3500.0,89700.0,1900.0,100.0,11900.0,500.0
2025-10-24,916269054.0,437073766.0,794652088.0,357578322.0,80199676.0,638312860.0,467498053.0,484547255.0,197737967.0,104204500.0,46257400.0,248700.0,511900.0,8600.0,0.0,23300.0,90800.0,3800.0,88800.0,1300.0,100.0,800.0,400.0
2025-10-25,0.0,0.0,0.0,0.0,0.0,0.0,0.0,0.0,0.0,0.0,0.0,0.0,0.0,0.0,0.0,0.0,0.0,0.0,0.0,0.0,0.0,0.0,0.0
2025-10-26,0.0,0.0,0.0,0.0,0.0,0.0,0.0,0.0,0.0,0.0,0.0,0.0,0.0,0.0,0.0,0.0,0.0,0.0,0.0,0.0,0.0,0.0,0.0
2025-10-27,903493887.0,413946559.0,779803885.0,365857326.0,90162655.0,610471619.0,439446533.0,474439969.0,177376053.0,91193800.0,32600400.0,384900.0,594400.0,5800.0,600.0,10600.0,107500.0,3700.0,206400.0,4700.0,1000.0,4200.0,0.0
2025-10-28,876810299.0,393612715.0,721657073.0,328044358.0,95738984.0,572768344.0,359853861.0,386589249.0,206774524.0,100823765.0,29576926.0,244800.0,234000.0,7100.0,100.0,95900.0,23700.0,5700.0,195300.0,2200.0,6000.0,2500.0,500.0
2025-10-29,823542134.0,371883774.0,688910007.0,317026233.0,110234668.0,522329181.0,373459472.0,395156293.0,191891404.0,66788165.0,42375465.0,272800.0,150800.0,17300.0,0.0,6100.0,13900.0,8300.0,165500.0,11900.0,10400.0,15900.0,200.0
2025-10-30,763111948.0,292322476.0,619449539.0,327127063.0,106888843.0,442444426.0,333019011.0,351390439.0,149556203.0,79086799.0,37861791.0,210900.0,85100.0,6400.0,1400.0,22500.0,13500.0,2600.0,79900.0,4900.0,700.0,33400.0,200.0
2025-10-31,777803290.0,291311058.0,643970936.0,352659878.0,103205812.0,482884514.0,302946737.0,322761408.0,164275108.0,82228124.0,58360136.0,205200.0,43900.0,200.0,300.0,19200.0,25200.0,3400.0,36900.0,20500.0,1000.0,11500.0,200.0
2025-11-01,0.0,0.0,0.0,0.0,0.0,0.0,0.0,0.0,0.0,0.0,0.0,0.0,0.0,0.0,0.0,0.0,0.0,0.0,0.0,0.0,0.0,0.0,0.0
2025-11-02,0.0,0.0,0.0,0.0,0.0,0.0,0.0,0.0,0.0,0.0,0.0,0.0,0.0,0.0,0.0,0.0,0.0,0.0,0.0,0.0,0.0,0.0,0.0
2025-11-03,965233110.0,381043642.0,814175273.0,433131631.0,112758323.0,685718857.0,420390027.0,448578113.0,190881778.0,126503900.0,35279800.0,386200.0,45900.0,1800.0,2700.0,51600.0,49400.0,6100.0,147200.0,126500.0,1100.0,23600.0,100.0
2025-11-04,1131564973.0,459231368.0,948386820.0,489155452.0,136204448.0,786146007.0,495158151.0,526523694.0,223671593.0,112747200.0,41116600.0,386600.0,74200.0,3000.0,2900.0,36300.0,54400.0,3200.0,61800.0,2400.0,1900.0,4700.0,100.0
2025-11-05,614850900.0,234523664.0,524232424.0,289708760.0,60077344.0,450799295.0,223906646.0,235168081.0,98828672.0,84412800.0,25733200.0,203400.0,101900.0,11100.0,0.0,9200.0,40800.0,4200.0,27400.0,38700.0,0.0,900.0,0.0
2025-11-06,550189158.0,233036138.0,470692237.0,237656099.0,64297569.0,393077967.0,229339605.0,240386283.0,93461358.0,77304700.0,20475700.0,243300.0,540600.0,3400.0,400.0,12600.0,118300.0,1600.0,17200.0,103200.0,300.0,3000.0,0.0
2025-11-07,818296957.0,395069671.0,715083837.0,320014166.0,77377185.0,611362747.0,364708136.0,380703618.0,155283248.0,79149400.0,42600900.0,393300.0,451700.0,16600.0,0.0,36000.0,107900.0,5100.0,55700.0,14700.0,5900.0,200.0,600.0
2025-11-08,0.0,0.0,0.0,0.0,0.0,0.0,0.0,0.0,0.0,0.0,0.0,0.0,0.0,0.0,0.0,0.0,0.0,0.0,0.0,0.0,0.0,0.0,0.0
2025-11-09,0.0,0.0,0.0,0.0,0.0,0.0,0.0,0.0,0.0,0.0,0.0,0.0,0.0,0.0,0.0,0.0,0.0,0.0,0.0,0.0,0.0,0.0,0.0
2025-11-10,656338910.0,278148491.0,564500710.0,286352219.0,67155135.0,502805826.0,287349016.0,299643429.0,111431515.0,72753400.0,21088900.0,221800.0,519800.0,12700.0,700.0,21500.0,138700.0,15100.0,87700.0,27500.0,1000.0,11600.0,900.0
2025-11-11,596030348.0,280067197.0,512768825.0,232701628.0,60205415.0,447247061.0,269352439.0,279136918.0,99481970.0,53810000.0,20434000.0,226500.0,128300.0,11100.0,0.0,22300.0,48500.0,38100.0,34000.0,3100.0,300.0,1100.0,1200.0
2025-11-12,682207403.0,300638452.0,584494952.0,283856500.0,77288260.0,494026435.0,330758315.0,341998943.0,109689571.0,65901000.0,25842600.0,228900.0,229800.0,1000.0,0.0,19300.0,42900.0,3900.0,54900.0,6900.0,300.0,2000.0,5400.0
2025-11-13,629954183.0,253626970.0,539933720.0,286306750.0,67167137.0,458318937.0,255332838.0,263484611.0,99148540.0,70796500.0,36708000.0,193000.0,64900.0,200.0,100.0,77400.0,55900.0,16900.0,33600.0,5900.0,100.0,2100.0,0.0
2025-11-14,649838136.0,242427694.0,548469216.0,306041522.0,65702135.0,448023471.0,268692189.0,278629364.0,89119539.0,66812600.0,36275800.0,1099500.0,65700.0,900.0,300.0,9700.0,51900.0,7800.0,40800.0,25000.0,5100.0,3600.0,200.0
2025-11-15,0.0,0.0,0.0,0.0,0.0,0.0,0.0,0.0,0.0,0.0,0.0,0.0,0.0,0.0,0.0,0.0,0.0,0.0,0.0,0.0,0.0,0.0,0.0
2025-11-16,0.0,0.0,0.0,0.0,0.0,0.0,0.0,0.0,0.0,0.0,0.0,0.0,0.0,0.0,0.0,0.0,0.0,0.0,0.0,0.0,0.0,0.0,0.0
2025-11-17,661269040.0,248557589.0,551436595.0,302879006.0,75234022.0,444358736.0,247857395.0,257603414.0,95768117.0,68474500.0,39612600.0,186000.0,271100.0,7100.0,900.0,7800.0,51000.0,9100.0,40200.0,11300.0,2700.0,6300.0,100.0
2025-11-18,706237540.0,260081770.0,570971751.0,310889981.0,77061802.0,481968760.0,289093946.0,304603519.0,116712550.0,65910000.0,34960300.0,191700.0,76600.0,1000.0,100.0,15900.0,38800.0,2800.0,38900.0,900.0,300.0,1000.0,100.0
2025-11-19,741997320.0,287559848.0,640559656.0,352999808.0,68321788.0,507219608.0,287420722.0,298726429.0,106530977.0,71006228.0,31162376.0,159900.0,78300.0,900.0,100.0,7500.0,39000.0,3200.0,25700.0,2100.0,100000.0,700.0,0.0
2025-11-20,592496709.0,261844020.0,496213239.0,234369219.0,65944096.0,414183372.0,281520838.0,289558578.0,102644164.0,47957019.0,24048953.0,121600.0,82500.0,2500.0,600.0,900.0,18900.0,6600.0,20400.0,700.0,1700.0,12800.0,0.0
2025-11-21,666027161.0,254679634.0,542427010.0,287747376.0,95498101.0,460030232.0,298539594.0,311208355.0,122910147.0,61159300.0,42271800.0,178400.0,484800.0,1100.0,300.0,8500.0,61600.0,1200.0,34100.0,42400.0,1700.0,1000.0,0.0
2025-11-22,0.0,0.0,0.0,0.0,0.0,0.0,0.0,0.0,0.0,0.0,0.0,0.0,0.0,0.0,0.0,0.0,0.0,0.0,0.0,0.0,0.0,0.0,0.0
2025-11-23,0.0,0.0,0.0,0.0,0.0,0.0,0.0,0.0,0.0,0.0,0.0,0.0,0.0,0.0,0.0,0.0,0.0,0.0,0.0,0.0,0.0,0.0,0.0
2025-11-24,522154043.0,229501594.0,414622722.0,185121128.0,70964526.0,366054434.0,210376668.0,220651460.0,88942175.0,41087100.0,24311400.0,343700.0,166400.0,1200.0,0.0,24000.0,69000.0,11800.0,24000.0,34600.0,25700.0,26100.0,300.0
2025-11-25,778049790.0,311643894.0,660868262.0,349224368.0,88807555.0,542070216.0,349627072.0,363630849.0,118992598.0,72474000.0,31104100.0,1516000.0,69900.0,500.0,0.0,12100.0,50000.0,7800.0,36200.0,200.0,100400.0,10900.0,300.0
2025-11-26,682182877.0,291175344.0,588991187.0,297815843.0,69103815.0,504227731.0,339659600.0,350704606.0,110276403.0,54840800.0,24931500.0,2221100.0,77700.0,1000.0,0.0,8300.0,37000.0,12700.0,41600.0,6800.0,500.0,6500.0,0.0
2025-11-27,598407577.0,224184354.0,498747987.0,274563633.0,68703428.0,436522199.0,298048358.0,307691247.0,129419682.0,46985500.0,23390000.0,1535500.0,68100.0,2800.0,0.0,4900.0,146100.0,1600.0,32400.0,200.0,1600.0,700.0,0.0
2025-11-28,632979322.0,226282809.0,535317076.0,309034267.0,72542305.0,437158153.0,264766548.0,273447691.0,100135644.0,61746009.0,42687650.0,1088500.0,69700.0,1200.0,2700.0,6900.0,27100.0,7100.0,23500.0,10000.0,1100.0,2600.0,100.0
2025-11-29,0.0,0.0,0.0,0.0,0.0,0.0,0.0,0.0,0.0,0.0,0.0,0.0,0.0,0.0,0.0,0.0,0.0,0.0,0.0,0.0,0.0,0.0,0.0
2025-11-30,0.0,0.0,0.0,0.0,0.0,0.0,0.0,0.0,0.0,0.0,0.0,0.0,0.0,0.0,0.0,0.0,0.0,0.0,0.0,0.0,0.0,0.0,0.0
2025-12-01,519841839.0,226352402.0,428301489.0,201949087.0,70527327.0,363837981.0,222811122.0,235488044.0,74514789.0,50757300.0,22779600.0,1219500.0,71200.0,600.0,200.0,28700.0,32200.0,7200.0,43800.0,1300.0,1500.0,2600.0,0.0
2025-12-02,661265926.0,285653788.0,559777058.0,274123270.0,71734903.0,472952046.0,294419499.0,307468901.0,125154587.0,60363000.0,24740900.0,140100.0,179800.0,2200.0,7400.0,9900.0,54600.0,1300.0,27700.0,1100.0,700.0,6400.0,100.0
2025-12-03,720629160.0,397133423.0,623619208.0,226485785.0,78082101.0,536963789.0,387332073.0,399081956.0,215330417.0,59818281.0,28795922.0,172100.0,138700.0,5700.0,2000.0,30600.0,67500.0,6600.0,19500.0,7100.0,800.0,14400.0,100.0
2025-12-04,762188232.0,351815669.0,654708720.0,302893051.0,83573476.0,557489791.0,373105495.0,386426513.0,193097960.0,70745200.0,29733700.0,188800.0,715100.0,1100.0,9000.0,23300.0,45600.0,5900.0,44000.0,100.0,200.0,1800.0,300.0
2025-12-05,629671556.0,277947905.0,523955498.0,246007593.0,78753966.0,434295985.0,293912827.0,301617845.0,113236805.0,61384100.0,43851000.0,243300.0,60200.0,900.0,1700.0,10400.0,64600.0,7800.0,35500.0,9000.0,102800.0,400.0,2200.0
2025-12-06,0.0,0.0,0.0,0.0,0.0,0.0,0.0,0.0,0.0,0.0,0.0,0.0,0.0,0.0,0.0,0.0,0.0,0.0,0.0,0.0,0.0,0.0,0.0
2025-12-07,0.0,0.0,0.0,0.0,0.0,0.0,0.0,0.0,0.0,0.0,0.0,0.0,0.0,0.0,0.0,0.0,0.0,0.0,0.0,0.0,0.0,0.0,0.0
2025-12-08,609653976.0,248138160.0,472687722.0,224549562.0,106228424.0,392252699.0,237773324.0,256752142.0,93441981.0,52107900.0,27894500.0,387900.0,115000.0,6900.0,1300.0,4400.0,56300.0,4900.0,27600.0,2600.0,800.0,4200.0,2700.0
2025-12-09,895768193.0,395270697.0,740828072.0,345557375.0,119968002.0,640333321.0,403875366.0,422154693.0,168063024.0,70651600.0,32187400.0,242800.0,166200.0,3300.0,400.0,8800.0,142000.0,3800.0,37100.0,7500.0,1800.0,13600.0,100.0
2025-12-10,518373930.0,217823412.0,395638593.0,177815181.0,94324056.0,341867387.0,208041499.0,223694485.0,95838489.0,37582700.0,27122100.0,273900.0,56500.0,700.0,100.0,7200.0,24300.0,4400.0,25900.0,2400.0,2600.0,1300.0,1200.0
2025-12-11,497312893.0,202671566.0,377072762.0,174401196.0,95870295.0,313771634.0,198841523.0,209229016.0,77634304.0,43013500.0,31414400.0,205300.0,103400.0,300.0,700.0,8400.0,53900.0,2200.0,39600.0,800.0,1200.0,4200.0,1000.0
2025-12-12,830667261.0,327875304.0,673337113.0,345461809.0,113200983.0,556163780.0,325679947.0,348909129.0,145577126.0,81586300.0,70141500.0,510100.0,309700.0,1300.0,1100.0,18400.0,84100.0,14500.0,35800.0,33100.0,400.0,8700.0,800.0
2025-12-13,0.0,0.0,0.0,0.0,0.0,0.0,0.0,0.0,0.0,0.0,0.0,0.0,0.0,0.0,0.0,0.0,0.0,0.0,0.0,0.0,0.0,0.0,0.0
2025-12-14,0.0,0.0,0.0,0.0,0.0,0.0,0.0,0.0,0.0,0.0,0.0,0.0,0.0,0.0,0.0,0.0,0.0,0.0,0.0,0.0,0.0,0.0,0.0
2025-12-15,599602932.0,239066320.0,485799238.0,246732918.0,75869172.0,415793137.0,245823415.0,259609567.0,107232247.0,62154548.0,21324748.0,251400.0,374700.0,8900.0,500.0,18800.0,68600.0,5500.0,59000.0,11700.0,7200.0,15700.0,0.0
2025-12-16,751636809.0,313051956.0,626466300.0,313414344.0,79433594.0,541974522.0,316893486.0,331298200.0,132222166.0,75727100.0,26806300.0,320200.0,170400.0,6100.0,700.0,19500.0,90800.0,4400.0,49600.0,109400.0,5300.0,800.0,2200.0
2025-12-17,495753236.0,208202960.0,398556019.0,190353059.0,63393699.0,347273717.0,209695845.0,215836920.0,89683647.0,41346900.0,24790200.0,83000.0,78000.0,200.0,0.0,9000.0,28600.0,1400.0,15600.0,500.0,300.0,7900.0,200.0
2025-12-18,490167302.0,231387971.0,395328564.0,163940593.0,68412115.0,353887339.0,239675519.0,249017969.0,87633267.0,41414581.0,22201378.0,122000.0,60900.0,700.0,200.0,3100.0,13500.0,2000.0,28000.0,3700.0,4500.0,2600.0,100.0
2025-12-19,660580746.0,294003708.0,535305009.0,241301301.0,70784284.0,482315660.0,262417713.0,276361832.0,89405807.0,57505900.0,41240200.0,179300.0,115300.0,500.0,5500.0,4400.0,32700.0,5500.0,12100.0,43200.0,400.0,23200.0,2600.0
2025-12-20,0.0,0.0,0.0,0.0,0.0,0.0,0.0,0.0,0.0,0.0,0.0,0.0,0.0,0.0,0.0,0.0,0.0,0.0,0.0,0.0,0.0,0.0,0.0
2025-12-21,0.0,0.0,0.0,0.0,0.0,0.0,0.0,0.0,0.0,0.0,0.0,0.0,0.0,0.0,0.0,0.0,0.0,0.0,0.0,0.0,0.0,0.0,0.0
2025-12-22,755374637.0,368170460.0,641787338.0,273616878.0,79863780.0,591006474.0,373848291.0,388860129.0,162299766.0,59060400.0,37561800.0,1131100.0,185900.0,4700.0,100.0,29200.0,131800.0,12300.0,66200.0,7700.0,47300.0,1500.0,300.0
2025-12-23,732383695.0,343245767.0,613660433.0,270414666.0,83827696.0,546961873.0,340822286.0,352406665.0,148546719.0,65955200.0,36422700.0,939400.0,513700.0,1000.0,200.0,39300.0,73700.0,4000.0,52300.0,8400.0,1300.0,7000.0,0.0
2025-12-24,685897134.0,358925276.0,588625802.0,229700526.0,68846109.0,517823231.0,357586443.0,367635689.0,124851718.0,54263400.0,37626000.0,1099600.0,262000.0,7400.0,0.0,27100.0,75500.0,10100.0,22300.0,107300.0,500.0,1700.0,100.0
2025-12-25,633306718.0,291280921.0,534638984.0,243358063.0,68474879.0,459823185.0,277035192.0,289076992.0,115066195.0,56180500.0,45847400.0,415500.0,420000.0,4200.0,0.0,19600.0,82500.0,4700.0,43600.0,22000.0,19300.0,12700.0,9100.0
2025-12-26,920350846.0,477131977.0,794514017.0,317382040.0,85414628.0,706776109.0,399845363.0,417379139.0,147695641.0,75653286.0,71002771.0,445900.0,249100.0,1300.0,200.0,24200.0,81300.0,14300.0,87200.0,7500.0,1100.0,1800.0,100.0
2025-12-27,0.0,0.0,0.0,0.0,0.0,0.0,0.0,0.0,0.0,0.0,0.0,0.0,0.0,0.0,0.0,0.0,0.0,0.0,0.0,0.0,0.0,0.0,0.0
2025-12-28,0.0,0.0,0.0,0.0,0.0,0.0,0.0,0.0,0.0,0.0,0.0,0.0,0.0,0.0,0.0,0.0,0.0,0.0,0.0,0.0,0.0,0.0,0.0
2025-12-29,513330603.0,234922352.0,408518044.0,173595692.0,56687001.0,378752760.0,199322169.0,208948712.0,90240447.0,50648500.0,30131900.0,198200.0,66000.0,8100.0,100.0,9200.0,25900.0,4000.0,54900.0,300.0,600.0,16000.0,100.0
2025-12-30,554603881.0,289990662.0,468099281.0,178108619.0,55443648.0,408122940.0,260742802.0,268662163.0,123071394.0,35542600.0,26711800.0,300500.0,587000.0,2400.0,0.0,23800.0,54100.0,8600.0,25100.0,46000.0,2500.0,1500.0,0.0
2025-12-31,592835116.0,293316852.0,498096495.0,204779643.0,64170667.0,424924234.0,268463634.0,278768119.0,137590586.0,49772600.0,39978200.0,353800.0,84100.0,2900.0,3100.0,28700.0,41300.0,4200.0,56700.0,16300.0,8600.0,3100.0,100.0
2026-01-01,0.0,0.0,0.0,0.0,0.0,0.0,0.0,0.0,0.0,0.0,0.0,0.0,0.0,0.0,0.0,0.0,0.0,0.0,0.0,0.0,0.0,0.0,0.0
2026-01-02,0.0,0.0,0.0,0.0,0.0,0.0,0.0,0.0,0.0,0.0,0.0,0.0,0.0,0.0,0.0,0.0,0.0,0.0,0.0,0.0,0.0,0.0,0.0
2026-01-03,0.0,0.0,0.0,0.0,0.0,0.0,0.0,0.0,0.0,0.0,0.0,0.0,0.0,0.0,0.0,0.0,0.0,0.0,0.0,0.0,0.0,0.0,0.0
2026-01-04,0.0,0.0,0.0,0.0,0.0,0.0,0.0,0.0,0.0,0.0,0.0,0.0,0.0,0.0,0.0,0.0,0.0,0.0,0.0,0.0,0.0,0.0,0.0
2026-01-05,810900473.0,367412174.0,702106513.0,334694339.0,70305130.0,625235485.0,385969390.0,400163533.0,147615010.0,78438400.0,40455200.0,359800.0,328100.0,3100.0,200.0,36500.0,75700.0,12200.0,86600.0,106300.0,9300.0,2700.0,1400.0
2026-01-06,838989917.0,434748686.0,724704881.0,289956195.0,68435578.0,627150442.0,390526576.0,403386594.0,197338879.0,82817700.0,45548600.0,387200.0,303100.0,12100.0,500.0,19500.0,159000.0,31800.0,179700.0,6100.0,800.0,104800.0,100.0
2026-01-07,929077252.0,508919990.0,788956912.0,280036922.0,78988655.0,680971583.0,444874575.0,458503157.0,212358903.0,67310600.0,53469300.0,515600.0,278700.0,3700.0,2300.0,60600.0,80600.0,9700.0,220900.0,14900.0,4400.0,3700.0,700.0
2026-01-08,1172488005.0,612342619.0,1014371840.0,402029221.0,80312514.0,902799054.0,591587013.0,611188652.0,256198409.0,93902036.0,45908645.0,1446900.0,105100.0,4900.0,1300.0,14600.0,111500.0,37900.0,152800.0,3300.0,200.0,6700.0,2100.0
2026-01-09,1218660759.0,555461540.0,1031674974.0,476213434.0,104548739.0,864763281.0,538006814.0,554779624.0,291596255.0,108409101.0,77279194.0,242300.0,624800.0,5800.0,300.0,14200.0,35000.0,11900.0,101300.0,122500.0,50000.0,11700.0,1000.0
2026-01-10,0.0,0.0,0.0,0.0,0.0,0.0,0.0,0.0,0.0,0.0,0.0,0.0,0.0,0.0,0.0,0.0,0.0,0.0,0.0,0.0,0.0,0.0,0.0
2026-01-11,0.0,0.0,0.0,0.0,0.0,0.0,0.0,0.0,0.0,0.0,0.0,0.0,0.0,0.0,0.0,0.0,0.0,0.0,0.0,0.0,0.0,0.0,0.0
2026-01-12,1322446972.0,671696506.0,1139305676.0,467609170.0,107383021.0,1019136657.0,652024847.0,682749267.0,298183335.0,110468095.0,63802753.0,332000.0,132400.0,15900.0,500.0,18200.0,170900.0,9600.0,49600.0,51400.0,30800.0,2800.0,100.0
2026-01-13,1289021469.0,573615517.0,1116830899.0,543215382.0,99461475.0,994541304.0,674625285.0,697140027.0,252019877.0,108120167.0,73930740.0,346400.0,388200.0,1300.0,2100.0,17400.0,58200.0,7800.0,45500.0,52600.0,30300.0,11400.0,100.0
2026-01-14,1335130373.0,612853486.0,1132062834.0,519209348.0,130200715.0,961255329.0,599809792.0,625355363.0,258305345.0,122621700.0,88512500.0,352700.0,348400.0,4400.0,600.0,33200.0,85700.0,7300.0,55500.0,55600.0,43600.0,6700.0,0.0
2026-01-15,1198731055.0,589024735.0,1031326960.0,442302225.0,102885891.0,872314110.0,559429341.0,581257985.0,224501103.0,86010400.0,73275500.0,1429400.0,793800.0,3600.0,4300.0,19000.0,141300.0,6100.0,87700.0,10900.0,4600.0,1300.0,4700.0
2026-01-16,980958156.0,453210549.0,811289253.0,358078704.0,104746713.0,705489365.0,399055868.0,421152213.0,169425517.0,96520000.0,124594200.0,334700.0,517900.0,14200.0,200.0,18300.0,77100.0,7600.0,204000.0,10500.0,25800.0,4800.0,100.0
2026-01-17,0.0,0.0,0.0,0.0,0.0,0.0,0.0,0.0,0.0,0.0,0.0,0.0,0.0,0.0,0.0,0.0,0.0,0.0,0.0,0.0,0.0,0.0,0.0
2026-01-18,0.0,0.0,0.0,0.0,0.0,0.0,0.0,0.0,0.0,0.0,0.0,0.0,0.0,0.0,0.0,0.0,0.0,0.0,0.0,0.0,0.0,0.0,0.0
2026-01-19,832522475.0,358772506.0,693744038.0,334971532.0,84521012.0,586936053.0,358586304.0,373490984.0,152510551.0,69281061.0,62134256.0,2294900.0,178700.0,3000.0,300.0,31000.0,22600.0,5400.0,45300.0,2500.0,3700.0,4200.0,200.0
2026-01-20,987970727.0,467565032.0,827373832.0,359808800.0,107366114.0,696618579.0,441404367.0,459700193.0,211490679.0,86057913.0,63993071.0,4552100.0,336400.0,6100.0,100.0,32000.0,46100.0,3000.0,46700.0,26200.0,3700.0,2600.0,0.0
2026-01-21,1125596634.0,450281031.0,940120740.0,489839709.0,100118191.0,835556643.0,536359381.0,559059235.0,184628110.0,106884439.0,58310049.0,301000.0,276600.0,6000.0,400.0,17700.0,163400.0,10000.0,58900.0,30100.0,5300.0,6100.0,600.0
2026-01-22,945697108.0,357014589.0,754671665.0,397657076.0,121548603.0,616780135.0,333788103.0,354586843.0,145471142.0,106809100.0,56649000.0,611000.0,565600.0,11400.0,1000.0,17900.0,44400.0,6500.0,28100.0,17600.0,2200.0,700.0,0.0
2026-01-23,841053745.0,369571844.0,671772243.0,302200399.0,88524781.0,597642266.0,361571024.0,386941479.0,159637447.0,80159280.0,78465708.0,225700.0,185200.0,500.0,0.0,12100.0,19200.0,14700.0,20000.0,27800.0,2400.0,1600.0,100.0
2026-01-24,0.0,0.0,0.0,0.0,0.0,0.0,0.0,0.0,0.0,0.0,0.0,0.0,0.0,0.0,0.0,0.0,0.0,0.0,0.0,0.0,0.0,0.0,0.0
2026-01-25,0.0,0.0,0.0,0.0,0.0,0.0,0.0,0.0,0.0,0.0,0.0,0.0,0.0,0.0,0.0,0.0,0.0,0.0,0.0,0.0,0.0,0.0,0.0
2026-01-26,998240671.0,393809156.0,829417655.0,435608499.0,99636725.0,702961506.0,422664307.0,439315393.0,171068969.0,90578200.0,57733100.0,842600.0,696300.0,3700.0,2100.0,31000.0,108400.0,14500.0,142300.0,3000.0,1400.0,4500.0,100.0
2026-01-27,752074184.0,317605363.0,620417180.0,302811817.0,74003273.0,536394535.0,288632121.0,302608757.0,130965200.0,60083100.0,47212100.0,649700.0,282300.0,2300.0,200.0,80900.0,42900.0,24000.0,75200.0,8200.0,1800.0,1500.0,0.0
2026-01-28,863394661.0,391080042.0,715555299.0,324475257.0,79769126.0,635408081.0,337854172.0,353611601.0,162470328.0,101765400.0,71903300.0,587200.0,54200.0,1400.0,400.0,21700.0,65300.0,12200.0,161200.0,20200.0,1900.0,10900.0,100.0
2026-01-29,657114403.0,307748317.0,525960544.0,218212227.0,90806705.0,442847784.0,216407052.0,232239465.0,134642432.0,64862000.0,44095000.0,374900.0,820900.0,1000.0,400.0,22100.0,37800.0,15800.0,230600.0,500.0,400.0,9000.0,100.0
2026-01-30,827036508.0,375003821.0,675779436.0,300775615.0,90701249.0,586811795.0,316279504.0,332416661.0,182291312.0,95240500.0,97491100.0,151800.0,629200.0,1400.0,400.0,5200.0,25900.0,9100.0,95700.0,51200.0,67500.0,1100.0,100.0
2026-01-31,0.0,0.0,0.0,0.0,0.0,0.0,0.0,0.0,0.0,0.0,0.0,0.0,0.0,0.0,0.0,0.0,0.0,0.0,0.0,0.0,0.0,0.0,0.0
2026-02-01,0.0,0.0,0.0,0.0,0.0,0.0,0.0,0.0,0.0,0.0,0.0,0.0,0.0,0.0,0.0,0.0,0.0,0.0,0.0,0.0,0.0,0.0,0.0
2026-02-02,888369649.0,379359383.0,756956846.0,377597463.0,114671900.0,621438053.0,317163343.0,334724038.0,156261850.0,87659700.0,51541600.0,1155200.0,1664200.0,6500.0,900.0,15400.0,42400.0,4900.0,61400.0,6500.0,3400.0,10900.0,700.0
2026-02-03,916896859.0,399253269.0,784397971.0,385144702.0,117512625.0,636405936.0,362138514.0,384188701.0,200482211.0,88595588.0,52264065.0,174800.0,458800.0,900.0,600.0,8500.0,163400.0,2400.0,28800.0,3200.0,2600.0,1000.0,100.0
2026-02-04,969815852.0,469724738.0,840948221.0,371223483.0,115785942.0,690243532.0,315121984.0,338823399.0,155680229.0,85384400.0,49506700.0,580600.0,284400.0,3000.0,2200.0,13800.0,29700.0,1400.0,32700.0,51400.0,50600.0,3900.0,0.0
2026-02-05,703264966.0,327385182.0,603356852.0,275971670.0,89251034.0,486128364.0,252251749.0,267918247.0,136829446.0,70532461.0,45448488.0,333000.0,125100.0,2500.0,200.0,17200.0,16500.0,7100.0,33800.0,1200.0,1000.0,1500.0,900.0
2026-02-06,997365978.0,482225631.0,885458904.0,403233273.0,96480270.0,741012653.0,417699150.0,435581448.0,215446142.0,103411500.0,86070400.0,798500.0,480300.0,7100.0,500.0,4500.0,48000.0,4100.0,54200.0,13500.0,2300.0,1900.0,1200.0
2026-02-07,0.0,0.0,0.0,0.0,0.0,0.0,0.0,0.0,0.0,0.0,0.0,0.0,0.0,0.0,0.0,0.0,0.0,0.0,0.0,0.0,0.0,0.0,0.0
2026-02-08,0.0,0.0,0.0,0.0,0.0,0.0,0.0,0.0,0.0,0.0,0.0,0.0,0.0,0.0,0.0,0.0,0.0,0.0,0.0,0.0,0.0,0.0,0.0
2026-02-09,517575829.0,238176234.0,445556063.0,207379829.0,56917863.0,370960934.0,222483633.0,231070987.0,109804577.0,41978100.0,24213400.0,397800.0,180800.0,3500.0,400.0,49500.0,26700.0,4800.0,41200.0,3800.0,1100.0,1100.0,200.0
2026-02-10,719682136.0,359459426.0,644340180.0,284880754.0,64158041.0,525025559.0,312327664.0,322055434.0,148752595.0,61004600.0,41300500.0,178600.0,408600.0,2300.0,300.0,29700.0,46300.0,8900.0,33900.0,20000.0,1800.0,12100.0,100.0
2026-02-11,808848823.0,420591209.0,724076463.0,303485254.0,71714834.0,580200400.0,398640623.0,408198220.0,251466335.0,57435000.0,26316700.0,172100.0,1968900.0,83300.0,0.0,16400.0,48000.0,2600.0,201900.0,3400.0,500.0,400.0,900.0
2026-02-12,451674492.0,216181723.0,398879969.0,182698246.0,45004395.0,332553609.0,208315828.0,213153321.0,113977566.0,44093300.0,20375100.0,382900.0,2333600.0,15800.0,0.0,10300.0,7400.0,7700.0,28900.0,9000.0,7100.0,600.0,100.0
2026-02-13,576394307.0,259621089.0,508832817.0,249211728.0,54568765.0,408678229.0,242996001.0,259300857.0,119600865.0,49827200.0,43458300.0,823800.0,2572200.0,11600.0,1200.0,7900.0,82100.0,2400.0,47900.0,12900.0,3700.0,2200.0,200.0
2026-02-14,0.0,0.0,0.0,0.0,0.0,0.0,0.0,0.0,0.0,0.0,0.0,0.0,0.0,0.0,0.0,0.0,0.0,0.0,0.0,0.0,0.0,0.0,0.0
2026-02-15,0.0,0.0,0.0,0.0,0.0,0.0,0.0,0.0,0.0,0.0,0.0,0.0,0.0,0.0,0.0,0.0,0.0,0.0,0.0,0.0,0.0,0.0,0.0
2026-02-16,0.0,0.0,0.0,0.0,0.0,0.0,0.0,0.0,0.0,0.0,0.0,0.0,0.0,0.0,0.0,0.0,0.0,0.0,0.0,0.0,0.0,0.0,0.0
2026-02-17,0.0,0.0,0.0,0.0,0.0,0.0,0.0,0.0,0.0,0.0,0.0,0.0,0.0,0.0,0.0,0.0,0.0,0.0,0.0,0.0,0.0,0.0,0.0
2026-02-18,0.0,0.0,0.0,0.0,0.0,0.0,0.0,0.0,0.0,0.0,0.0,0.0,0.0,0.0,0.0,0.0,0.0,0.0,0.0,0.0,0.0,0.0,0.0
2026-02-19,0.0,0.0,0.0,0.0,0.0,0.0,0.0,0.0,0.0,0.0,0.0,0.0,0.0,0.0,0.0,0.0,0.0,0.0,0.0,0.0,0.0,0.0,0.0
2026-02-20,0.0,0.0,0.0,0.0,0.0,0.0,0.0,0.0,0.0,0.0,0.0,0.0,0.0,0.0,0.0,0.0,0.0,0.0,0.0,0.0,0.0,0.0,0.0
2026-02-21,0.0,0.0,0.0,0.0,0.0,0.0,0.0,0.0,0.0,0.0,0.0,0.0,0.0,0.0,0.0,0.0,0.0,0.0,0.0,0.0,0.0,0.0,0.0
2026-02-22,0.0,0.0,0.0,0.0,0.0,0.0,0.0,0.0,0.0,0.0,0.0,0.0,0.0,0.0,0.0,0.0,0.0,0.0,0.0,0.0,0.0,0.0,0.0
2026-02-23,732214189.0,307481583.0,628769381.0,321287798.0,76960188.0,500901152.0,299418339.0,331338149.0,150902958.0,60796847.0,34717740.0,666300.0,567100.0,6900.0,3400.0,15300.0,34700.0,12800.0,95400.0,2500.0,79200.0,900.0,1200.0
2026-02-24,967871763.0,464504808.0,847297341.0,382792533.0,91674201.0,726253043.0,387063301.0,409814137.0,195181042.0,77893045.0,33517226.0,217700.0,990600.0,2200.0,500.0,21500.0,12300.0,5000.0,70300.0,3000.0,21000.0,1500.0,400.0
2026-02-25,1084949538.0,618637247.0,974110438.0,355473191.0,90661589.0,835016189.0,445884194.0,464579038.0,236427333.0,77145100.0,58049300.0,786600.0,168200.0,13200.0,2300.0,34700.0,31000.0,5300.0,96500.0,5500.0,14600.0,1500.0,1100.0
2026-02-26,753927389.0,339488226.0,647530773.0,308042547.0,81589331.0,513446840.0,275590080.0,299842543.0,138666953.0,56035480.0,37508438.0,284900.0,94600.0,27700.0,400.0,38700.0,13000.0,27800.0,57500.0,20900.0,1500.0,4700.0,600.0
2026-02-27,858209995.0,319899912.0,732783320.0,412883408.0,91481836.0,563593733.0,287652426.0,305504316.0,138373707.0,91761050.0,76751343.0,463757.0,260262.0,4630.0,1300.0,37763.0,9129.0,6500.0,152998.0,2571.0,925.0,1449.0,100.0
2026-02-28,0.0,0.0,0.0,0.0,0.0,0.0,0.0,0.0,0.0,0.0,0.0,0.0,0.0,0.0,0.0,0.0,0.0,0.0,0.0,0.0,0.0,0.0,0.0
2026-03-01,0.0,0.0,0.0,0.0,0.0,0.0,0.0,0.0,0.0,0.0,0.0,0.0,0.0,0.0,0.0,0.0,0.0,0.0,0.0,0.0,0.0,0.0,0.0
2026-03-02,1418296837.0,624911462.0,1221864056.0,596952594.0,159972776.0,972630532.0,563791659.0,604413170.0,268385869.0,130535900.0,95774900.0,767300.0,460100.0,9500.0,900.0,60700.0,75200.0,12800.0,145100.0,69200.0,52800.0,5600.0,600.0
2026-03-03,1221025992.0,528768549.0,1062438881.0,533670332.0,126591740.0,871998389.0,439807128.0,461992291.0,216668026.0,112381766.0,86861223.0,772600.0,247400.0,22100.0,300.0,31100.0,224800.0,18300.0,189100.0,7700.0,1400.0,3800.0,505800.0
2026-03-04,1478621201.0,608871686.0,1272659853.0,663788167.0,165414023.0,1028199338.0,576968474.0,615088602.0,267576692.0,132419246.0,85738000.0,1665579.0,995756.0,10652.0,6000.0,62402.0,125991.0,9630.0,210464.0,21100.0,5708.0,17700.0,2000.0
2026-03-05,1097224844.0,434121468.0,957968436.0,523846968.0,107068891.0,844876681.0,476426796.0,513580819.0,161288024.0,149529129.0,57132609.0,328900.0,281300.0,2200.0,200.0,54700.0,26300.0,4900.0,38000.0,1700.0,50300.0,1500.0,200.0
2026-03-06,952770876.0,416876848.0,839668259.0,422791411.0,93088972.0,689795687.0,384109740.0,421190886.0,155330779.0,101868000.0,67365800.0,543400.0,469400.0,5100.0,13400.0,83700.0,40700.0,6200.0,48100.0,1400.0,1900.0,1400.0,400.0
2026-03-07,0.0,0.0,0.0,0.0,0.0,0.0,0.0,0.0,0.0,0.0,0.0,0.0,0.0,0.0,0.0,0.0,0.0,0.0,0.0,0.0,0.0,0.0,0.0
2026-03-08,0.0,0.0,0.0,0.0,0.0,0.0,0.0,0.0,0.0,0.0,0.0,0.0,0.0,0.0,0.0,0.0,0.0,0.0,0.0,0.0,0.0,0.0,0.0
2026-03-09,1278597856.0,736223069.0,1134390785.0,398167716.0,121777441.0,1026447612.0,589944239.0,614696989.0,300333102.0,138493100.0,119301700.0,1470100.0,765400.0,35400.0,2300.0,78200.0,112500.0,14200.0,205400.0,33300.0,7100.0,7800.0,2100.0
2026-03-10,1344747032.0,623618689.0,1180543852.0,556925163.0,133982089.0,1010286423.0,547710897.0,587791082.0,255007170.0,139500500.0,49821900.0,820900.0,428100.0,1900.0,0.0,28600.0,24300.0,7600.0,152200.0,109600.0,26300.0,18400.0,5600.0
2026-03-11,896281821.0,392464893.0,774574402.0,382109509.0,94843058.0,620477544.0,346751430.0,382536715.0,175765631.0,79817300.0,40300800.0,828600.0,155000.0,8400.0,1800.0,35600.0,13000.0,4400.0,68200.0,16000.0,400.0,30600.0,0.0
2026-03-12,857917482.0,380808184.0,761967728.0,381159544.0,77401614.0,636407774.0,338184740.0,371582884.0,142256519.0,80168000.0,34426900.0,562600.0,576000.0,3100.0,500.0,5600.0,107000.0,4300.0,185000.0,11100.0,1700.0,12300.0,300.0
2026-03-13,877875254.0,329393500.0,760253483.0,430859983.0,95337245.0,598301732.0,299046763.0,327859194.0,121412609.0,95462600.0,71844100.0,472800.0,144700.0,5400.0,300.0,6500.0,28800.0,2400.0,214000.0,9500.0,1500.0,10300.0,300.0
2026-03-14,0.0,0.0,0.0,0.0,0.0,0.0,0.0,0.0,0.0,0.0,0.0,0.0,0.0,0.0,0.0,0.0,0.0,0.0,0.0,0.0,0.0,0.0,0.0
2026-03-15,0.0,0.0,0.0,0.0,0.0,0.0,0.0,0.0,0.0,0.0,0.0,0.0,0.0,0.0,0.0,0.0,0.0,0.0,0.0,0.0,0.0,0.0,0.0
2026-03-16,746306319.0,279631333.0,649480763.0,369849430.0,69605784.0,513796177.0,256012744.0,284289367.0,88183110.0,81608748.0,40312200.0,783600.0,125600.0,6300.0,1300.0,33000.0,26500.0,3400.0,102800.0,49200.0,2900.0,1300.0,5600.0
2026-03-17,725273862.0,262441729.0,612420826.0,349979097.0,72826852.0,501290260.0,268179494.0,302912924.0,95336547.0,67056000.0,38743100.0,594100.0,139500.0,2800.0,200.0,26000.0,22900.0,9400.0,129400.0,7500.0,19600.0,20400.0,100.0
2026-03-18,699754878.0,296866243.0,605074083.0,308207840.0,59527221.0,501178516.0,298880941.0,317137469.0,97397164.0,74339800.0,34361500.0,677100.0,511900.0,4800.0,2000.0,40000.0,44900.0,4900.0,25500.0,8400.0,8900.0,6100.0,100.0
2026-03-19,821692120.0,374565926.0,725348364.0,350782438.0,76952219.0,602625320.0,359083932.0,385883584.0,146934856.0,72462100.0,31405800.0,1515000.0,2201100.0,5300.0,100.0,16600.0,38500.0,2500.0,117200.0,15000.0,1000.0,1500.0,30200.0
2026-03-20,856451948.0,366660485.0,737057758.0,370397273.0,75521259.0,606486832.0,269178316.0,293450136.0,125580006.0,74572400.0,50287800.0,885200.0,252600.0,1500.0,2400.0,53000.0,32400.0,4500.0,53200.0,5200.0,1400.0,2100.0,100.0
2026-03-21,0.0,0.0,0.0,0.0,0.0,0.0,0.0,0.0,0.0,0.0,0.0,0.0,0.0,0.0,0.0,0.0,0.0,0.0,0.0,0.0,0.0,0.0,0.0
2026-03-22,0.0,0.0,0.0,0.0,0.0,0.0,0.0,0.0,0.0,0.0,0.0,0.0,0.0,0.0,0.0,0.0,0.0,0.0,0.0,0.0,0.0,0.0,0.0
2026-03-23,986020339.0,430763980.0,866441816.0,435677836.0,92417661.0,714814385.0,422473718.0,451956427.0,181558198.0,85848800.0,41458200.0,989000.0,315200.0,3400.0,0.0,74400.0,56100.0,5500.0,66000.0,7800.0,3300.0,4500.0,300.0
2026-03-24,687078246.0,267818221.0,592412697.0,324594476.0,70440133.0,445203008.0,251169705.0,269549001.0,129339467.0,61941600.0,28202700.0,510800.0,280600.0,4800.0,600.0,28400.0,33600.0,7000.0,105500.0,118400.0,1500.0,4200.0,300.0
2026-03-25,796965260.0,304490184.0,687501953.0,383011769.0,88776435.0,539154684.0,317153321.0,340600468.0,128744683.0,84077100.0,31199300.0,522400.0,19779100.0,13300.0,500.0,11000.0,12100.0,4400.0,137400.0,300.0,200.0,4000.0,1500.0
2026-03-26,641307834.0,248802740.0,560847230.0,312044490.0,66454344.0,425359762.0,250722624.0,268093352.0,107385837.0,65428700.0,26948700.0,229900.0,10171100.0,7700.0,0.0,10900.0,21300.0,2400.0,174200.0,12800.0,1800.0,1200.0,1200.0
2026-03-27,814663981.0,280159239.0,703543617.0,423384378.0,93528396.0,537986478.0,288103973.0,306136024.0,116954140.0,98302600.0,40507400.0,224200.0,207700.0,10800.0,800.0,14200.0,11000.0,7500.0,177700.0,1700.0,900.0,10600.0,16500.0
2026-03-28,0.0,0.0,0.0,0.0,0.0,0.0,0.0,0.0,0.0,0.0,0.0,0.0,0.0,0.0,0.0,0.0,0.0,0.0,0.0,0.0,0.0,0.0,0.0
2026-03-29,0.0,0.0,0.0,0.0,0.0,0.0,0.0,0.0,0.0,0.0,0.0,0.0,0.0,0.0,0.0,0.0,0.0,0.0,0.0,0.0,0.0,0.0,0.0
2026-03-30,745194737.0,299904480.0,654864637.0,354960157.0,73440168.0,505659391.0,277889464.0,298170894.0,103160856.0,62851500.0,28107300.0,482600.0,183800.0,11000.0,500.0,5800.0,22000.0,2700.0,120400.0,12300.0,1000.0,800.0,0.0
2026-03-31,787839248.0,323364851.0,688199308.0,364834457.0,80397690.0,555432842.0,352804684.0,372762559.0,137368428.0,91508400.0,30253400.0,330500.0,14635000.0,13700.0,700.0,12700.0,17000.0,3200.0,85600.0,2200.0,1200.0,6300.0,200.0
2026-04-01,826834534.0,324883193.0,722365334.0,397482141.0,80733311.0,586043346.0,350261398.0,388803457.0,121361729.0,97727200.0,32744600.0,1029900.0,250800.0,30500.0,700.0,14600.0,46100.0,500.0,153500.0,2600.0,7100.0,700.0,7000.0
2026-04-02,730462121.0,349074165.0,640846758.0,291772593.0,63381420.0,531099737.0,318234583.0,339409740.0,112123926.0,66007418.0,27176037.0,244600.0,167200.0,3700.0,700.0,9000.0,31900.0,2600.0,87900.0,1000.0,1500.0,400.0,100.0
2026-04-03,696862532.0,269016021.0,615111917.0,346095896.0,61205724.0,488286804.0,284232489.0,307880131.0,114318448.0,62836812.0,35188762.0,203200.0,316400.0,5400.0,400.0,8600.0,12300.0,1200.0,85400.0,102300.0,100200.0,2000.0,100.0
2026-04-04,0.0,0.0,0.0,0.0,0.0,0.0,0.0,0.0,0.0,0.0,0.0,0.0,0.0,0.0,0.0,0.0,0.0,0.0,0.0,0.0,0.0,0.0,0.0
2026-04-05,0.0,0.0,0.0,0.0,0.0,0.0,0.0,0.0,0.0,0.0,0.0,0.0,0.0,0.0,0.0,0.0,0.0,0.0,0.0,0.0,0.0,0.0,0.0
2026-04-06,556779316.0,201398605.0,484696068.0,283297463.0,56742874.0,385603214.0,225528127.0,240697586.0,92607233.0,58013242.0,20075704.0,358700.0,140500.0,1900.0,1600.0,11200.0,23000.0,9100.0,126300.0,3200.0,6000.0,300.0,200.0
2026-04-07,514778977.0,215931535.0,448884143.0,232952608.0,50252947.0,374049163.0,246281885.0,259428313.0,104332793.0,52276366.0,21985700.0,388300.0,282000.0,2000.0,0.0,32900.0,10900.0,4200.0,98000.0,2500.0,2200.0,300.0,0.0
2026-04-08,1121941552.0,490373194.0,997489652.0,507116458.0,92080387.0,845423353.0,544679534.0,575522070.0,214483245.0,105902800.0,41056700.0,1223900.0,156800.0,17200.0,500.0,42200.0,42400.0,5200.0,187900.0,4400.0,800.0,1500.0,5800.0
2026-04-09,939896157.0,323451124.0,825784544.0,502333420.0,94183445.0,656326098.0,336094165.0,351870098.0,106844466.0,80202900.0,22740500.0,481800.0,106800.0,3100.0,1200.0,6000.0,13400.0,3200.0,46900.0,1300.0,900.0,2800.0,100.0
2026-04-10,855525196.0,367174905.0,764350930.0,397176025.0,73048498.0,645269796.0,423584398.0,440334394.0,169924429.0,82418600.0,40408900.0,365400.0,119500.0,5200.0,500.0,17700.0,20000.0,2000.0,67900.0,10100.0,100.0,11000.0,600.0
2026-04-11,0.0,0.0,0.0,0.0,0.0,0.0,0.0,0.0,0.0,0.0,0.0,0.0,0.0,0.0,0.0,0.0,0.0,0.0,0.0,0.0,0.0,0.0,0.0
2026-04-12,0.0,0.0,0.0,0.0,0.0,0.0,0.0,0.0,0.0,0.0,0.0,0.0,0.0,0.0,0.0,0.0,0.0,0.0,0.0,0.0,0.0,0.0,0.0
2026-04-13,767253461.0,313489099.0,678105532.0,364616433.0,73549076.0,555310786.0,343310401.0,357361686.0,106120541.0,74860900.0,22895300.0,335400.0,117900.0,36600.0,400.0,35300.0,9100.0,1700.0,70200.0,101600.0,1600.0,1800.0,500.0
2026-04-14,774460243.0,334442291.0,688579671.0,354137380.0,68524707.0,542408517.0,315032641.0,326521881.0,115539602.0,62194700.0,24027400.0,389300.0,88500.0,12700.0,200.0,11000.0,6100.0,2500.0,37400.0,61000.0,800.0,3200.0,100.0
2026-04-15,805513607.0,290769370.0,713670799.0,422901429.0,75395645.0,575001754.0,330971262.0,355971482.0,111350319.0,74562000.0,29076300.0,1013300.0,155100.0,41500.0,500.0,12300.0,10300.0,6200.0,505600.0,17100.0,3000.0,600.0,0.0
2026-04-16,819390678.0,351976099.0,736695742.0,384719643.0,61918838.0,613008841.0,370469159.0,385308168.0,105381593.0,67323700.0,21717600.0,385300.0,91000.0,11400.0,2300.0,20200.0,8400.0,4600.0,34500.0,53100.0,54800.0,10500.0,1000.0
2026-04-17,632349354.0,288422598.0,561368571.0,272945973.0,55267829.0,462501065.0,272153216.0,282852985.0,122431763.0,63054600.0,41495500.0,323200.0,156000.0,9900.0,200.0,27300.0,6800.0,1300.0,42900.0,16400.0,6800.0,2500.0,3100.0
2026-04-18,0.0,0.0,0.0,0.0,0.0,0.0,0.0,0.0,0.0,0.0,0.0,0.0,0.0,0.0,0.0,0.0,0.0,0.0,0.0,0.0,0.0,0.0,0.0
2026-04-19,0.0,0.0,0.0,0.0,0.0,0.0,0.0,0.0,0.0,0.0,0.0,0.0,0.0,0.0,0.0,0.0,0.0,0.0,0.0,0.0,0.0,0.0,0.0
2026-04-20,581405080.0,257233791.0,519744553.0,262510762.0,48363959.0,439605004.0,283128114.0,291083516.0,125351025.0,40828700.0,28119800.0,377300.0,105300.0,5500.0,300.0,42400.0,14600.0,5700.0,76100.0,45800.0,8100.0,3100.0,300.0
2026-04-21,751134492.0,330992261.0,670845404.0,339853143.0,66140572.0,565637826.0,268715231.0,280259166.0,100029770.0,65391298.0,28663526.0,458400.0,7824900.0,44600.0,500.0,10700.0,6500.0,1500.0,46200.0,2400.0,50800.0,2900.0,0.0
2026-04-22,562382244.0,240457019.0,496425161.0,255968142.0,55044601.0,411607487.0,221685090.0,232397421.0,108045008.0,42370600.0,25024900.0,433300.0,7622000.0,15900.0,500.0,18200.0,16600.0,9300.0,65500.0,2700.0,0.0,5500.0,0.0
2026-04-23,953432252.0,396528388.0,854828514.0,458300126.0,77052718.0,662698146.0,417240626.0,451140622.0,138901039.0,62440500.0,35608900.0,559400.0,208400.0,65000.0,0.0,28300.0,21800.0,8700.0,47500.0,13800.0,300.0,17900.0,0.0
2026-04-24,568682199.0,248427780.0,495232846.0,246805066.0,60227470.0,396442016.0,213191293.0,222932904.0,117213133.0,44388671.0,40899106.0,210600.0,92500.0,48200.0,300.0,31700.0,12900.0,4200.0,52800.0,3600.0,50200.0,1800.0,0.0
2026-04-25,0.0,0.0,0.0,0.0,0.0,0.0,0.0,0.0,0.0,0.0,0.0,0.0,0.0,0.0,0.0,0.0,0.0,0.0,0.0,0.0,0.0,0.0,0.0
2026-04-26,0.0,0.0,0.0,0.0,0.0,0.0,0.0,0.0,0.0,0.0,0.0,0.0,0.0,0.0,0.0,0.0,0.0,0.0,0.0,0.0,0.0,0.0,0.0
2026-04-27,0.0,0.0,0.0,0.0,0.0,0.0,0.0,0.0,0.0,0.0,0.0,0.0,0.0,0.0,0.0,0.0,0.0,0.0,0.0,0.0,0.0,0.0,0.0
2026-04-28,577907915.0,240477099.0,514607826.0,274130727.0,50542361.0,402759501.0,205993682.0,216658317.0,91777627.0,39761391.0,28736230.0,401400.0,117400.0,29400.0,0.0,15700.0,9600.0,2500.0,31200.0,8400.0,1000.0,1100.0,0.0
2026-04-29,626247808.0,239348913.0,560826418.0,321477505.0,54234015.0,398048987.0,212160967.0,219704052.0,112454530.0,57023288.0,25930010.0,190800.0,146000.0,16600.0,400.0,10700.0,23300.0,6100.0,36100.0,67800.0,61400.0,1200.0,100.0
2026-04-30,0.0,0.0,0.0,0.0,0.0,0.0,0.0,0.0,0.0,0.0,0.0,0.0,0.0,0.0,0.0,0.0,0.0,0.0,0.0,0.0,0.0,0.0,0.0
2026-05-01,0.0,0.0,0.0,0.0,0.0,0.0,0.0,0.0,0.0,0.0,0.0,0.0,0.0,0.0,0.0,0.0,0.0,0.0,0.0,0.0,0.0,0.0,0.0
2026-05-02,0.0,0.0,0.0,0.0,0.0,0.0,0.0,0.0,0.0,0.0,0.0,0.0,0.0,0.0,0.0,0.0,0.0,0.0,0.0,0.0,0.0,0.0,0.0
2026-05-03,0.0,0.0,0.0,0.0,0.0,0.0,0.0,0.0,0.0,0.0,0.0,0.0,0.0,0.0,0.0,0.0,0.0,0.0,0.0,0.0,0.0,0.0,0.0
2026-05-04,614072346.0,253208480.0,540293881.0,287085401.0,60455580.0,430015427.0,203620602.0,211656788.0,93120381.0,51748834.0,24962478.0,325400.0,108700.0,81700.0,900.0,25600.0,15200.0,15600.0,99900.0,34800.0,2300.0,18800.0,300.0
2026-05-05,701963400.0,308129232.0,638681699.0,330552467.0,52514244.0,518642994.0,271381423.0,279368451.0,137706615.0,49635602.0,24817927.0,292600.0,118700.0,46400.0,100.0,18100.0,49900.0,6700.0,39000.0,2600.0,6200.0,2700.0,700.0
2026-05-06,788372585.0,276510562.0,713460106.0,436949544.0,57153930.0,622514894.0,312165392.0,330298564.0,129662054.0,52163000.0,43199600.0,323300.0,250500.0,32600.0,400.0,15600.0,19000.0,2200.0,52400.0,5000.0,232900.0,1000.0,200.0
2026-05-07,852195767.0,319306921.0,771578293.0,452271372.0,66281396.0,648457069.0,331729501.0,343422851.0,176196201.0,45044800.0,28964000.0,497800.0,109900.0,29500.0,100.0,27900.0,26900.0,4800.0,51800.0,31100.0,300.0,600.0,100.0
2026-05-08,840759266.0,316958258.0,769866557.0,452908299.0,58013729.0,643531377.0,397876479.0,410037871.0,180816655.0,47046900.0,39812000.0,465800.0,252700.0,19000.0,200.0,10300.0,11100.0,2100.0,55700.0,4000.0,4500.0,900.0,200.0
2026-05-09,0.0,0.0,0.0,0.0,0.0,0.0,0.0,0.0,0.0,0.0,0.0,0.0,0.0,0.0,0.0,0.0,0.0,0.0,0.0,0.0,0.0,0.0,0.0
2026-05-10,0.0,0.0,0.0,0.0,0.0,0.0,0.0,0.0,0.0,0.0,0.0,0.0,0.0,0.0,0.0,0.0,0.0,0.0,0.0,0.0,0.0,0.0,0.0
2026-05-11,870568077.0,282203097.0,795253368.0,513050271.0,55178885.0,636486438.0,360287300.0,376530154.0,148278492.0,66049034.0,29806373.0,582200.0,167600.0,22600.0,100.0,52400.0,19800.0,6400.0,119600.0,8900.0,3900.0,3700.0,100.0
2026-05-12,646156258.0,244664096.0,583949754.0,339285658.0,46472520.0,470835477.0,239213601.0,247350140.0,116072932.0,42284185.0,20400651.0,839700.0,190000.0,14600.0,200.0,8700.0,6200.0,5700.0,66000.0,26000.0,1500.0,1700.0,100.0
2026-05-13,796945943.0,333389492.0,725144743.0,391755251.0,54561024.0,589944403.0,323946091.0,346862636.0,139613977.0,62195356.0,41737000.0,445000.0,498800.0,15800.0,700.0,8600.0,6500.0,1000.0,42000.0,4530900.0,700.0,1800.0,0.0
2026-05-14,580872676.0,270006592.0,519621034.0,249614442.0,46436278.0,432016754.0,246776469.0,258355823.0,153819085.0,36490300.0,23991500.0,387100.0,661500.0,5900.0,100.0,8900.0,16800.0,5800.0,57700.0,5500.0,100700.0,3300.0,100.0
2026-05-15,708757508.0,343531650.0,636959091.0,293427441.0,50893388.0,524634475.0,270541970.0,281831241.0,145681163.0,57385300.0,49775200.0,583100.0,541700.0,8400.0,3600.0,13300.0,12300.0,3300.0,82800.0,24900.0,2800.0,5700.0,0.0
2026-05-16,0.0,0.0,0.0,0.0,0.0,0.0,0.0,0.0,0.0,0.0,0.0,0.0,0.0,0.0,0.0,0.0,0.0,0.0,0.0,0.0,0.0,0.0,0.0
2026-05-17,0.0,0.0,0.0,0.0,0.0,0.0,0.0,0.0,0.0,0.0,0.0,0.0,0.0,0.0,0.0,0.0,0.0,0.0,0.0,0.0,0.0,0.0,0.0
2026-05-18,774679381.0,331873452.0,702227484.0,370354032.0,55384218.0,578186226.0,309483294.0,330663817.0,153531042.0,80461189.0,51276100.0,283800.0,569200.0,16000.0,2000.0,13800.0,9400.0,6100.0,55900.0,3900.0,4600.0,3600.0,300.0
2026-05-19,904325068.0,394418018.0,832555231.0,438137213.0,54108313.0,711987676.0,423917070.0,438565658.0,183635245.0,74720600.0,36373000.0,580600.0,505300.0,30100.0,2300.0,9500.0,9600.0,3400.0,36100.0,101000.0,100300.0,6800.0,800.0
2026-05-20,1078815114.0,485083410.0,988287913.0,503204503.0,66935812.0,806220657.0,453693522.0,473603088.0,231997468.0,83573100.0,36132800.0,572700.0,721600.0,22100.0,1600.0,36400.0,91500.0,1900.0,243100.0,4400.0,4200.0,51400.0,0.0
2026-05-21,562755083.0,264733401.0,507398930.0,242665529.0,42890806.0,419783632.0,254217958.0,263312032.0,119537269.0,38008900.0,19958000.0,224300.0,135600.0,7100.0,200.0,12200.0,16600.0,500.0,45000.0,1100.0,1300.0,5800.0,0.0
2026-05-22,650651924.0,245291759.0,587452838.0,342161079.0,46222724.0,505142339.0,309866947.0,324931662.0,107695583.0,63292800.0,47888400.0,421700.0,382900.0,6300.0,100.0,9600.0,30900.0,4800.0,46600.0,101800.0,1700.0,8700.0,0.0
2026-05-23,0.0,0.0,0.0,0.0,0.0,0.0,0.0,0.0,0.0,0.0,0.0,0.0,0.0,0.0,0.0,0.0,0.0,0.0,0.0,0.0,0.0,0.0,0.0
2026-05-24,0.0,0.0,0.0,0.0,0.0,0.0,0.0,0.0,0.0,0.0,0.0,0.0,0.0,0.0,0.0,0.0,0.0,0.0,0.0,0.0,0.0,0.0,0.0
2026-05-25,495245425.0,237878646.0,441192302.0,203313656.0,39361214.0,369394154.0,217723394.0,229321404.0,113346943.0,40835100.0,21024566.0,332200.0,98000.0,5600.0,0.0,17300.0,13200.0,5400.0,67000.0,103300.0,1100.0,7800.0,0.0
2026-05-26,598836621.0,277404442.0,539654278.0,262249836.0,42356677.0,489311608.0,310062831.0,320319619.0,157019032.0,75233700.0,22856600.0,151800.0,385000.0,4800.0,500.0,7200.0,18900.0,2100.0,38500.0,106200.0,7500.0,1700.0,200.0
2026-05-27,667675136.0,330388699.0,606982066.0,276593367.0,45036604.0,529874338.0,364115543.0,381881426.0,195263812.0,37432600.0,25826400.0,453500.0,171400.0,14100.0,100.0,8100.0,28500.0,3000.0,13000.0,4700.0,600.0,3700.0,0.0
2026-05-28,602798527.0,263224829.0,539256718.0,276031889.0,46314150.0,482761965.0,320217586.0,331656854.0,134501410.0,48288050.0,18828319.0,772000.0,137700.0,10200.0,6800.0,8200.0,17300.0,1100.0,25400.0,102300.0,700.0,11600.0,100.0
2026-05-29,556018675.0,237069254.0,494509902.0,257440648.0,47006173.0,424489340.0,277900894.0,288039503.0,130961522.0,47451105.0,38760000.0,221800.0,87200.0,4100.0,1500.0,11200.0,11500.0,1300.0,14300.0,104600.0,101100.0,3100.0,200.0
2026-05-30,0.0,0.0,0.0,0.0,0.0,0.0,0.0,0.0,0.0,0.0,0.0,0.0,0.0,0.0,0.0,0.0,0.0,0.0,0.0,0.0,0.0,0.0,0.0
2026-05-31,0.0,0.0,0.0,0.0,0.0,0.0,0.0,0.0,0.0,0.0,0.0,0.0,0.0,0.0,0.0,0.0,0.0,0.0,0.0,0.0,0.0,0.0,0.0
2026-06-01,431817093.0,181519100.0,374772335.0,193253235.0,40946247.0,331193308.0,228022664.0,239465058.0,97805748.0,45784245.0,18464310.0,753400.0,132500.0,3100.0,500.0,28600.0,16000.0,8700.0,27700.0,1800.0,2200.0,5700.0,300.0
2026-06-02,644649712.0,306996908.0,567270668.0,260273760.0,60027912.0,483446259.0,300142931.0,312332835.0,150096897.0,56431700.0,22558800.0,249500.0,134300.0,10100.0,2000.0,22100.0,65600.0,14400.0,24400.0,600.0,1200.0,7400.0,1000.0
2026-06-03,601720451.0,302542850.0,537541039.0,234998189.0,50915086.0,493842477.0,305334976.0,315383372.0,171150872.0,47790500.0,19951500.0,314800.0,100700.0,7300.0,600.0,15900.0,21500.0,500.0,29600.0,3200.0,3000.0,1500.0,0.0
2026-06-04,450907795.0,239706043.0,402090338.0,162384295.0,38177084.0,344973292.0,244834425.0,250439849.0,124648641.0,40287100.0,21634700.0,234300.0,390300.0,3000.0,16800.0,30700.0,35100.0,2800.0,118800.0,800.0,22500.0,2700.0,0.0
2026-06-05,444418387.0,237167234.0,396002966.0,158835732.0,37854324.0,344320698.0,234431598.0,241152212.0,119187961.0,51820338.0,28720382.0,276200.0,161900.0,11900.0,300.0,10000.0,2900.0,2200.0,50400.0,107300.0,101100.0,1100.0,0.0
2026-06-06,0.0,0.0,0.0,0.0,0.0,0.0,0.0,0.0,0.0,0.0,0.0,0.0,0.0,0.0,0.0,0.0,0.0,0.0,0.0,0.0,0.0,0.0,0.0
2026-06-07,0.0,0.0,0.0,0.0,0.0,0.0,0.0,0.0,0.0,0.0,0.0,0.0,0.0,0.0,0.0,0.0,0.0,0.0,0.0,0.0,0.0,0.0,0.0
2026-06-08,613416648.0,268822518.0,545509769.0,276687251.0,54579898.0,474501812.0,315325316.0,327640973.0,134524380.0,57175000.0,18822900.0,501100.0,341400.0,4600.0,300.0,23300.0,42700.0,9000.0,83200.0,103700.0,100500.0,3000.0,0.0
2026-06-09,423962378.0,213977816.0,372724550.0,158746734.0,37515142.0,331040507.0,229411354.0,235050716.0,120340683.0,42066300.0,18819500.0,310900.0,402700.0,7200.0,300.0,38700.0,33400.0,6400.0,148800.0,108500.0,57400.0,16800.0,200.0
2026-06-10,459074178.0,182436407.0,391153877.0,208717470.0,54735170.0,305584670.0,206570874.0,214518307.0,113580933.0,47831100.0,19818300.0,269800.0,104300.0,2000.0,3900.0,8500.0,20800.0,1200.0,56500.0,7700.0,34900.0,2600.0,200.0
2026-06-11,376827746.0,160904634.0,323062337.0,162157703.0,39699942.0,279449198.0,184594356.0,191632053.0,83440460.0,43388700.0,23296000.0,347000.0,964400.0,1000.0,1100.0,7900.0,18200.0,2700.0,90700.0,103800.0,57100.0,6400.0,0.0
2026-06-12,577651426.0,318103718.0,518325978.0,200222260.0,43026050.0,467111267.0,349294699.0,357053870.0,213896891.0,49472000.0,34425500.0,221400.0,1494700.0,1200.0,1000.0,11100.0,17300.0,2800.0,58600.0,2300.0,700.0,13300.0,0.0
2026-06-13,0.0,0.0,0.0,0.0,0.0,0.0,0.0,0.0,0.0,0.0,0.0,0.0,0.0,0.0,0.0,0.0,0.0,0.0,0.0,0.0,0.0,0.0,0.0
2026-06-14,0.0,0.0,0.0,0.0,0.0,0.0,0.0,0.0,0.0,0.0,0.0,0.0,0.0,0.0,0.0,0.0,0.0,0.0,0.0,0.0,0.0,0.0,0.0
2026-06-15,620696256.0,284820640.0,544797453.0,259976813.0,47523249.0,501103051.0,306634401.0,322757672.0,141645820.0,70729800.0,23581200.0,716700.0,1401800.0,5300.0,4300.0,8400.0,29800.0,1800.0,61600.0,9800.0,6000.0,11600.0,200.0
2026-06-16,573796720.0,217699310.0,495279609.0,277580299.0,48646635.0,419465514.0,262031544.0,285718981.0,116263814.0,59154800.0,20868800.0,159800.0,234500.0,6500.0,10700.0,3800.0,44200.0,1800.0,45900.0,1900.0,500.0,700.0,100.0
2026-06-17,626382635.0,287538928.0,558581960.0,271043032.0,49091880.0,471258217.0,307778900.0,330762405.0,155654681.0,52132500.0,23051900.0,306900.0,227300.0,5000.0,400.0,23800.0,32900.0,1900.0,58000.0,3100.0,500.0,4500.0,2900.0
2026-06-18,505768931.0,225331547.0,451628812.0,226297265.0,36612658.0,372911581.0,231144790.0,247140522.0,109557069.0,39654200.0,19316000.0,274800.0,149600.0,3400.0,0.0,12600.0,33500.0,2500.0,17500.0,300.0,1800.0,200.0,200.0
2026-06-19,526745031.0,220326687.0,460830428.0,240503741.0,40788123.0,377324364.0,219657748.0,235502434.0,103961894.0,50282500.0,34377400.0,205000.0,767600.0,600.0,0.0,10500.0,33900.0,2500.0,31300.0,102500.0,100500.0,500.0,0.0
2026-06-20,0.0,0.0,0.0,0.0,0.0,0.0,0.0,0.0,0.0,0.0,0.0,0.0,0.0,0.0,0.0,0.0,0.0,0.0,0.0,0.0,0.0,0.0,0.0
2026-06-21,0.0,0.0,0.0,0.0,0.0,0.0,0.0,0.0,0.0,0.0,0.0,0.0,0.0,0.0,0.0,0.0,0.0,0.0,0.0,0.0,0.0,0.0,0.0
2026-06-22,443165448.0,188087899.0,393546305.0,205458406.0,34697713.0,333497936.0,198845984.0,209105964.0,80926309.0,35030023.0,19165554.0,456800.0,194400.0,2000.0,500.0,45300.0,8900.0,2700.0,105500.0,900.0,1000.0,6100.0,0.0
2026-06-23,694888207.0,351785960.0,619028649.0,267242689.0,53690292.0,544125774.0,346020506.0,372616375.0,171896383.0,59202232.0,29074477.0,500900.0,228400.0,38700.0,200.0,96600.0,119700.0,3000.0,80800.0,4500.0,2300.0,6600.0,100.0
2026-06-24,494031560.0,221737112.0,434491954.0,212754842.0,44813684.0,370731770.0,228196635.0,249577678.0,105323806.0,43179135.0,21353242.0,597100.0,381600.0,3300.0,700.0,11100.0,14400.0,3400.0,48300.0,1600.0,1300.0,2600.0,0.0
2026-06-25,400816982.0,185262489.0,341605721.0,156343232.0,41412647.0,284085181.0,190933588.0,208511698.0,97363897.0,32002826.0,23901586.0,238000.0,194900.0,6500.0,1800.0,5700.0,7000.0,2200.0,64600.0,13100.0,500.0,3100.0,0.0
2026-06-26,408688231.0,191451480.0,354949979.0,163498499.0,36766248.0,305883212.0,187814451.0,200992229.0,82698257.0,34045526.0,23493452.0,455400.0,73100.0,6500.0,400.0,8700.0,8000.0,100.0,32300.0,102100.0,600.0,600.0,100.0
2026-06-27,0.0,0.0,0.0,0.0,0.0,0.0,0.0,0.0,0.0,0.0,0.0,0.0,0.0,0.0,0.0,0.0,0.0,0.0,0.0,0.0,0.0,0.0,0.0
2026-06-28,0.0,0.0,0.0,0.0,0.0,0.0,0.0,0.0,0.0,0.0,0.0,0.0,0.0,0.0,0.0,0.0,0.0,0.0,0.0,0.0,0.0,0.0,0.0
2026-06-29,444788551.0,222902923.0,395808697.0,172905774.0,35771751.0,327007962.0,220150740.0,230368885.0,116756310.0,33306140.0,17701519.0,558700.0,152900.0,5000.0,400.0,13300.0,44400.0,2600.0,114200.0,8700.0,2800.0,1600.0,400.0
2026-06-30,505116145.0,254498111.0,454415227.0,199917116.0,35440542.0,388912691.0,247741432.0,263828951.0,117463597.0,33609865.0,21355728.0,2653175.0,75938.0,17171.0,800.0,10190.0,17122.0,3725.0,35822.0,4642.0,1300.0,13700.0,0.0
2026-07-01,491315339.0,272420100.0,438696553.0,166276453.0,37245547.0,388547939.0,273659996.0,286749245.0,157706775.0,35511304.0,22818050.0,490000.0,218600.0,5700.0,8300.0,6500.0,22400.0,4800.0,61700.0,5000.0,800.0,16400.0,344300.0
2026-07-02,452764594.0,212046744.0,399022066.0,186975322.0,38112176.0,339185347.0,234910104.0,257895048.0,101558500.0,44732188.0,23337830.0,305400.0,148900.0,6400.0,11100.0,9900.0,30100.0,1800.0,24100.0,2400.0,600.0,3800.0,0.0
2026-07-03,538080668.0,211775134.0,446123901.0,234348767.0,69169238.0,397731823.0,252197543.0,299583544.0,114083755.0,86964800.0,34815007.0,349500.0,270100.0,6300.0,600.0,17200.0,37100.0,1700.0,36000.0,6200.0,1800.0,10300.0,100.0
2026-07-04,0.0,0.0,0.0,0.0,0.0,0.0,0.0,0.0,0.0,0.0,0.0,0.0,0.0,0.0,0.0,0.0,0.0,0.0,0.0,0.0,0.0,0.0,0.0
2026-07-05,0.0,0.0,0.0,0.0,0.0,0.0,0.0,0.0,0.0,0.0,0.0,0.0,0.0,0.0,0.0,0.0,0.0,0.0,0.0,0.0,0.0,0.0,0.0
2026-07-06,712579803.0,288642929.0,627563400.0,338920471.0,61357297.0,528138620.0,323288408.0,357846753.0,133169655.0,66149100.0,33760000.0,400200.0,532600.0,9700.0,1100.0,13000.0,206800.0,14100.0,47700.0,14600.0,2700.0,10100.0,700.0
2026-07-07,462997990.0,205024197.0,388430356.0,183406159.0,59045285.0,327407163.0,218532412.0,251602371.0,93079523.0,56796633.0,24278307.0,515700.0,265000.0,8800.0,300.0,18200.0,22400.0,4300.0,154300.0,3600.0,1600.0,13700.0,100.0
2026-07-08,550621594.0,237337082.0,482130818.0,244793736.0,50831715.0,435895747.0,250748801.0,275114903.0,139085109.0,68979800.0,31708100.0,265800.0,217200.0,16100.0,2800.0,15100.0,222200.0,4300.0,228300.0,3900.0,2500.0,4200.0,100.0
2026-07-09,459418630.0,188612227.0,402524242.0,213912015.0,42839515.0,347714794.0,211924516.0,233297187.0,90744831.0,53715638.0,21893876.0,217300.0,138300.0,3000.0,300.0,6600.0,14100.0,1000.0,29400.0,2300.0,600.0,600.0,100.0
2026-07-10,493196915.0,200502968.0,420304399.0,219801431.0,58744549.0,373911190.0,237339756.0,255890808.0,108141141.0,50956000.0,28677500.0,288400.0,403400.0,8600.0,500.0,5500.0,22500.0,1900.0,47200.0,2300.0,8200.0,9800.0,500.0
2026-07-11,0.0,0.0,0.0,0.0,0.0,0.0,0.0,0.0,0.0,0.0,0.0,0.0,0.0,0.0,0.0,0.0,0.0,0.0,0.0,0.0,0.0,0.0,0.0
2026-07-12,0.0,0.0,0.0,0.0,0.0,0.0,0.0,0.0,0.0,0.0,0.0,0.0,0.0,0.0,0.0,0.0,0.0,0.0,0.0,0.0,0.0,0.0,0.0
2026-07-13,728451859.0,348854779.0,647406570.0,298551791.0,60376758.0,583066289.0,392885540.0,422852721.0,166402654.0,89131800.0,32940100.0,482900.0,418600.0,11700.0,2600.0,18500.0,95200.0,5900.0,96900.0,108400.0,103900.0,8700.0,1400.0
2026-07-14,488594894.0,241224934.0,427751317.0,186526383.0,46658524.0,373752640.0,222434699.0,234151407.0,116802945.0,52637500.0,19274300.0,974500.0,693800.0,1200.0,100.0,12200.0,60900.0,6800.0,28200.0,8400.0,1000.0,16000.0,100.0
2026-07-15,508398737.0,224879590.0,450930657.0,226051067.0,43927359.0,395340158.0,249092141.0,262969218.0,128556770.0,47688500.0,17316900.0,589638.0,334236.0,26255.0,9000.0,24384.0,18140.0,7931.0,18657.0,9105.0,237500.0,20500.0,0.0
2026-07-16,716663694.0,318512692.0,645408973.0,326896281.0,53897669.0,573850422.0,366858239.0,389346451.0,192761293.0,72758531.0,21879965.0,559300.0,357100.0,14800.0,100.0,26800.0,158600.0,1500.0,153900.0,4700.0,1900.0,30300.0,300.0
2026-07-17,385810817.0,178259477.0,335549807.0,157290330.0,40643687.0,290774100.0,177658725.0,190616236.0,87021140.0,36660800.0,20932700.0,233300.0,159200.0,4900.0,0.0,5200.0,11000.0,2900.0,56400.0,1000.0,800.0,62300.0,0.0
2026-07-18,0.0,0.0,0.0,0.0,0.0,0.0,0.0,0.0,0.0,0.0,0.0,0.0,0.0,0.0,0.0,0.0,0.0,0.0,0.0,0.0,0.0,0.0,0.0
2026-07-19,0.0,0.0,0.0,0.0,0.0,0.0,0.0,0.0,0.0,0.0,0.0,0.0,0.0,0.0,0.0,0.0,0.0,0.0,0.0,0.0,0.0,0.0,0.0
2026-07-20,789163854.0,370941097.0,709465073.0,338523976.0,59036993.0,616694265.0,383645218.0,405738199.0,164672982.0,80439000.0,22300300.0,631700.0,549400.0,14300.0,0.0,11100.0,71700.0,900.0,120900.0,3100.0,1800.0,44600.0,100.0
2026-07-21,573145977.0,274129806.0,516526370.0,242396564.0,44775130.0,448928446.0,271967522.0,286985075.0,110150410.0,67107200.0,21817300.0,746800.0,209700.0,4300.0,0.0,33900.0,63900.0,19200.0,117900.0,8900.0,3100.0,3300.0,0.0
2026-07-22,847743499.0,417387717.0,776694959.0,359307242.0,50216922.0,695002946.0,454416270.0,471011466.0,221899581.0,66456900.0,26740000.0,1095700.0,958500.0,5000.0,3200.0,45600.0,288200.0,3000.0,113200.0,445100.0,1600.0,148200.0,0.0
2026-07-23,767199044.0,369982531.0,695118921.0,325136390.0,51215763.0,613683863.0,406423722.0,424874071.0,161882995.0,65858300.0,31209100.0,1509300.0,736700.0,22800.0,600.0,17600.0,87300.0,5100.0,158200.0,231900.0,4300.0,57800.0,0.0
2026-07-24,497795740.0,218192835.0,447802019.0,229609184.0,38359735.0,401822830.0,226091826.0,236322871.0,137738214.0,45727400.0,25537500.0,484000.0,398700.0,11700.0,0.0,10500.0,49000.0,800.0,60100.0,214800.0,4500.0,2000.0,0.0
2026-07-25,0.0,0.0,0.0,0.0,0.0,0.0,0.0,0.0,0.0,0.0,0.0,0.0,0.0,0.0,0.0,0.0,0.0,0.0,0.0,0.0,0.0,0.0,0.0
2026-07-26,0.0,0.0,0.0,0.0,0.0,0.0,0.0,0.0,0.0,0.0,0.0,0.0,0.0,0.0,0.0,0.0,0.0,0.0,0.0,0.0,0.0,0.0,0.0
2026-07-27,542734230.0,222325825.0,488025438.0,265699613.0,42239663.0,409068512.0,248374978.0,265041983.0,117938089.0,55330400.0,16769700.0,606600.0,377900.0,2200.0,200.0,8000.0,128500.0,2200.0,81100.0,6100.0,8400.0,25600.0,200.0
2026-07-28,634234923.0,281596066.0,573951892.0,292355826.0,44403659.0,503534061.0,315454406.0,327986623.0,129021294.0,62612700.0,17294700.0,409900.0,391600.0,2600.0,0.0,14800.0,26300.0,11200.0,40800.0,4700.0,900.0,3100.0,600.0
2026-07-29,457457780.0,239039375.0,404453991.0,165414616.0,43336523.0,352347841.0,203577412.0,213537460.0,94717098.0,32485000.0,16690100.0,460500.0,292900.0,700.0,500.0,3700.0,21400.0,3400.0,22100.0,1900.0,1300.0,10500.0,100.0
2026-07-30,704381924.0,304171721.0,620943630.0,316771909.0,63037173.0,535213623.0,340550440.0,363437962.0,127326313.0,58990700.0,22840300.0,220400.0,303200.0,4600.0,0.0,6400.0,652500.0,800.0,12200.0,4000.0,500.0,2300.0,300.0
2026-07-31,607287517.0,270033751.0,551175329.0,281141578.0,40175321.0,475621036.0,280430281.0,291795824.0,138361734.0,46461300.0,32585900.0,333900.0,358600.0,1800.0,200.0,7600.0,17000.0,1400.0,18600.0,1300.0,1400.0,2200.0,30000.0
2026-08-01,0.0,0.0,0.0,0.0,0.0,0.0,0.0,0.0,0.0,0.0,0.0,0.0,0.0,0.0,0.0,0.0,0.0,0.0,0.0,0.0,0.0,0.0,0.0
2026-08-02,0.0,0.0,0.0,0.0,0.0,0.0,0.0,0.0,0.0,0.0,0.0,0.0,0.0,0.0,0.0,0.0,0.0,0.0,0.0,0.0,0.0,0.0,0.0
2026-08-03,652314888.0,295253284.0,589063882.0,293810598.0,55801245.0,496680005.0,290825667.0,300303968.0,146778450.0,54273600.0,29161900.0,232400.0,166100.0,3000.0,0.0,13900.0,185700.0,9000.0,30600.0,8600.0,4900.0,5400.0,2100.0
2026-08-04,533722479.0,232528773.0,473283296.0,240754523.0,49599684.0,405678491.0,246363874.0,256105134.0,110083775.0,41376000.0,17698600.0,271100.0,280400.0,4400.0,100.0,17300.0,123000.0,3900.0,80500.0,3900.0,14600.0,50800.0,18000.0
2026-08-05,630678743.0,256526132.0,557932724.0,301406592.0,60871035.0,477737326.0,280426203.0,290074718.0,131336358.0,47930000.0,24352600.0,567800.0,147300.0,1100.0,2400.0,4900.0,7800.0,500.0,14500.0,4800.0,1300.0,22500.0,0.0
2026-08-06,470876516.0,195022762.0,422339331.0,227316569.0,39056567.0,363495262.0,207366362.0,214874542.0,94855448.0,30527400.0,17768000.0,293200.0,194600.0,3100.0,200.0,10200.0,22700.0,700.0,38400.0,900.0,1000.0,1500.0,11300.0
2026-08-07,529722667.0,268480686.0,472919360.0,204438674.0,47366648.0,410303078.0,248363208.0,257732637.0,120430986.0,37482582.0,33900065.0,347000.0,142900.0,5200.0,100.0,66600.0,113000.0,1000.0,13100.0,20600.0,800.0,2800.0,3300.0
2026-08-08,0.0,0.0,0.0,0.0,0.0,0.0,0.0,0.0,0.0,0.0,0.0,0.0,0.0,0.0,0.0,0.0,0.0,0.0,0.0,0.0,0.0,0.0,0.0
2026-08-09,0.0,0.0,0.0,0.0,0.0,0.0,0.0,0.0,0.0,0.0,0.0,0.0,0.0,0.0,0.0,0.0,0.0,0.0,0.0,0.0,0.0,0.0,0.0
2026-08-10,622931255.0,305649738.0,558675970.0,253026232.0,54420867.0,474766983.0,318219380.0,327895292.0,154982975.0,40561100.0,19571100.0,302900.0,564700.0,5900.0,200.0,7700.0,73000.0,1300.0,39400.0,6100.0,4300.0,2500.0,0.0
2026-08-11,553915398.0,217020374.0,477557312.0,260536938.0,66409314.0,403494121.0,265215961.0,283983614.0,112320967.0,44697630.0,17608125.0,340802.0,114192.0,3571.0,0.0,115992.0,186486.0,1411.0,46986.0,7570.0,3900.0,23713.0,100.0
2026-08-12,452560911.0,192702926.0,395017572.0,202314646.0,48286702.0,319877386.0,197187254.0,206752595.0,88365365.0,30895127.0,15156584.0,104200.0,152100.0,1100.0,200.0,24200.0,27100.0,1000.0,17900.0,3700.0,100.0,5200.0,0.0
2026-08-13,640346210.0,289858008.0,577025738.0,287167730.0,52336344.0,498145509.0,320752557.0,335197418.0,133034507.0,55133245.0,20159700.0,249800.0,99000.0,3500.0,0.0,12400.0,103600.0,2700.0,38000.0,3600.0,1800.0,7200.0,0.0
2026-08-14,635802237.0,265895343.0,577727357.0,311832014.0,48537692.0,503145119.0,291684066.0,302055262.0,108076539.0,55307800.0,29464300.0,418300.0,149400.0,30400.0,300.0,19500.0,26800.0,2600.0,36600.0,3600.0,2100.0,8000.0,100.0
2026-08-15,0.0,0.0,0.0,0.0,0.0,0.0,0.0,0.0,0.0,0.0,0.0,0.0,0.0,0.0,0.0,0.0,0.0,0.0,0.0,0.0,0.0,0.0,0.0
2026-08-16,0.0,0.0,0.0,0.0,0.0,0.0,0.0,0.0,0.0,0.0,0.0,0.0,0.0,0.0,0.0,0.0,0.0,0.0,0.0,0.0,0.0,0.0,0.0
2026-08-17,396771648.0,187118946.0,355892823.0,168773877.0,34961695.0,292621069.0,174302572.0,183362566.0,80028101.0,31247900.0,15194000.0,265700.0,109800.0,11900.0,4400.0,108500.0,169500.0,2400.0,35200.0,5400.0,2600.0,5700.0,0.0
2026-08-18,450739454.0,215330975.0,408345896.0,193014921.0,37190661.0,352895410.0,215222239.0,222464069.0,86415800.0,43435100.0,19350800.0,286400.0,168700.0,1100.0,200.0,4500.0,44300.0,900.0,49000.0,800.0,700.0,2500.0,100.0
2026-08-19,390828453.0,170760161.0,343766840.0,173006679.0,39587316.0,286135304.0,180291900.0,185206994.0,71855695.0,32472000.0,16011800.0,126700.0,104800.0,1200.0,1100.0,122500.0,4700.0,1300.0,46200.0,1100.0,900.0,2800.0,3500.0
2026-08-20,339514782.0,161633435.0,303091943.0,141458508.0,31275554.0,256942441.0,144315274.0,149218267.0,77808886.0,26797600.0,15563700.0,207500.0,227600.0,3600.0,0.0,2500.0,26500.0,3300.0,41100.0,2100.0,300.0,6500.0,100.0
2026-08-21,667783227.0,283752696.0,590132486.0,306379790.0,67546181.0,502309538.0,319983878.0,340826758.0,114569763.0,68410000.0,30382695.0,316300.0,167500.0,36700.0,500.0,11500.0,52400.0,2200.0,50800.0,1400.0,900.0,12400.0,0.0
2026-08-22,0.0,0.0,0.0,0.0,0.0,0.0,0.0,0.0,0.0,0.0,0.0,0.0,0.0,0.0,0.0,0.0,0.0,0.0,0.0,0.0,0.0,0.0,0.0
2026-08-23,0.0,0.0,0.0,0.0,0.0,0.0,0.0,0.0,0.0,0.0,0.0,0.0,0.0,0.0,0.0,0.0,0.0,0.0,0.0,0.0,0.0,0.0,0.0
2026-08-24,669160018.0,256440735.0,590164718.0,333723983.0,67826181.0,482538797.0,292703945.0,310752006.0,113534277.0,65579900.0,21910600.0,234800.0,207900.0,5000.0,0.0,10200.0,34600.0,4900.0,51700.0,3500.0,2800.0,17000.0,600.0
2026-08-25,643465330.0,260516349.0,578301674.0,317785325.0,55073596.0,482087894.0,301432168.0,312853776.0,120904659.0,50317400.0,21006200.0,247200.0,234400.0,2800.0,100.0,17800.0,13700.0,4500.0,35400.0,1500.0,600.0,20200.0,0.0
2026-08-26,587417275.0,292355104.0,537559108.0,245204004.0,43822228.0,460386152.0,311215593.0,318805273.0,152819479.0,43456400.0,15643100.0,392100.0,265000.0,4300.0,500.0,9200.0,45700.0,700.0,29000.0,1800.0,3500.0,2000.0,0.0
2026-08-27,484230398.0,231380275.0,440232037.0,208851762.0,38173457.0,368467558.0,242985325.0,248517954.0,133701655.0,30773500.0,13430500.0,414900.0,259900.0,5200.0,0.0,29800.0,43500.0,3000.0,37500.0,4400.0,300.0,6100.0,100.0
2026-08-28,562184482.0,285273354.0,517625172.0,232351818.0,36850860.0,446608667.0,308764571.0,319124399.0,128056091.0,54282000.0,30014200.0,526300.0,222800.0,2600.0,0.0,25600.0,155900.0,5800.0,42600.0,9000.0,1900.0,8800.0,100.0
2026-08-29,0.0,0.0,0.0,0.0,0.0,0.0,0.0,0.0,0.0,0.0,0.0,0.0,0.0,0.0,0.0,0.0,0.0,0.0,0.0,0.0,0.0,0.0,0.0
2026-08-30,0.0,0.0,0.0,0.0,0.0,0.0,0.0,0.0,0.0,0.0,0.0,0.0,0.0,0.0,0.0,0.0,0.0,0.0,0.0,0.0,0.0,0.0,0.0
2026-08-31,0.0,0.0,0.0,0.0,0.0,0.0,0.0,0.0,0.0,0.0,0.0,0.0,0.0,0.0,0.0,0.0,0.0,0.0,0.0,0.0,0.0,0.0,0.0
2026-09-01,0.0,0.0,0.0,0.0,0.0,0.0,0.0,0.0,0.0,0.0,0.0,0.0,0.0,0.0,0.0,0.0,0.0,0.0,0.0,0.0,0.0,0.0,0.0
2026-09-02,0.0,0.0,0.0,0.0,0.0,0.0,0.0,0.0,0.0,0.0,0.0,0.0,0.0,0.0,0.0,0.0,0.0,0.0,0.0,0.0,0.0,0.0,0.0
2026-09-03,520015604.0,245347502.0,475163524.0,229816022.0,38089573.0,407260074.0,231453584.0,237524180.0,120165793.0,43352000.0,18120400.0,588300.0,234300.0,8200.0,700.0,27900.0,43900.0,30800.0,79600.0,4800.0,2200.0,4300.0,200.0
2026-09-04,0.0,0.0,0.0,0.0,0.0,0.0,0.0,0.0,0.0,0.0,0.0,0.0,0.0,0.0,0.0,0.0,0.0,0.0,0.0,0.0,0.0,0.0,0.0
